// AUTOGENERATED by tools/gen_sprites.py — do not edit by hand.
// Run `python3 tools/gen_sprites.py` to regenerate.
//
// Sabrina sprites — Chibilunatchi-inspired Tamagotchi character.
// Each sprite is 64x64 RGB565A8 (8192 RGB + 4096 alpha = 12288 bytes).
#pragma once

#include "lvgl.h"

static const uint8_t sabrina_idle_a_map[] = {
    0x00, 0x00, 0x00, 0x00, 0x00, 0x00, 0x00, 0x00, 0x00, 0x00, 0x00, 0x00, 0x00, 0x00, 0x00, 0x00, 0x00, 0x00, 0x00, 0x00, 0x00, 0x00, 0x00, 0x00, 0x00, 0x00, 0x00, 0x00, 0x00, 0x00, 0x00, 0x00,
    0x00, 0x00, 0x00, 0x00, 0x4a, 0x59, 0x00, 0x00, 0x00, 0x00, 0x00, 0x00, 0x00, 0x00, 0x00, 0x00, 0x00, 0x00, 0x00, 0x00, 0x00, 0x00, 0x00, 0x00, 0x00, 0x00, 0x00, 0x00, 0x00, 0x00, 0x00, 0x00,
    0x00, 0x00, 0x00, 0x00, 0x00, 0x00, 0x00, 0x00, 0x00, 0x00, 0x00, 0x00, 0x00, 0x00, 0x00, 0x00, 0x00, 0x00, 0x00, 0x00, 0x00, 0x00, 0x00, 0x00, 0x00, 0x00, 0x00, 0x00, 0x4a, 0x59, 0x00, 0x00,
    0x00, 0x00, 0x00, 0x00, 0x00, 0x00, 0x00, 0x00, 0x00, 0x00, 0x00, 0x00, 0x00, 0x00, 0x00, 0x00, 0x00, 0x00, 0x00, 0x00, 0x00, 0x00, 0x00, 0x00, 0x00, 0x00, 0x00, 0x00, 0x00, 0x00, 0x00, 0x00,
    0x00, 0x00, 0x00, 0x00, 0x00, 0x00, 0x00, 0x00, 0x00, 0x00, 0x00, 0x00, 0x00, 0x00, 0x00, 0x00, 0x00, 0x00, 0x00, 0x00, 0x00, 0x00, 0x00, 0x00, 0x00, 0x00, 0x00, 0x00, 0x00, 0x00, 0x00, 0x00,
    0x00, 0x00, 0x00, 0x00, 0x4a, 0x59, 0x00, 0x00, 0x00, 0x00, 0x00, 0x00, 0x00, 0x00, 0x00, 0x00, 0x00, 0x00, 0x00, 0x00, 0x00, 0x00, 0x00, 0x00, 0x00, 0x00, 0x00, 0x00, 0x00, 0x00, 0x00, 0x00,
    0x00, 0x00, 0x00, 0x00, 0x00, 0x00, 0x00, 0x00, 0x00, 0x00, 0x00, 0x00, 0x00, 0x00, 0x00, 0x00, 0x00, 0x00, 0x00, 0x00, 0x00, 0x00, 0x00, 0x00, 0x00, 0x00, 0x4a, 0x59, 0x4a, 0x59, 0x00, 0x00,
    0x00, 0x00, 0x00, 0x00, 0x00, 0x00, 0x00, 0x00, 0x00, 0x00, 0x00, 0x00, 0x00, 0x00, 0x00, 0x00, 0x00, 0x00, 0x00, 0x00, 0x00, 0x00, 0x00, 0x00, 0x00, 0x00, 0x00, 0x00, 0x00, 0x00, 0x00, 0x00,
    0x00, 0x00, 0x00, 0x00, 0x00, 0x00, 0x00, 0x00, 0x00, 0x00, 0x00, 0x00, 0x00, 0x00, 0x00, 0x00, 0x00, 0x00, 0x00, 0x00, 0x00, 0x00, 0x00, 0x00, 0x00, 0x00, 0x00, 0x00, 0x00, 0x00, 0x00, 0x00,
    0x00, 0x00, 0x4a, 0x59, 0x7a, 0xfd, 0x4a, 0x59, 0x00, 0x00, 0x00, 0x00, 0x00, 0x00, 0x00, 0x00, 0x00, 0x00, 0x00, 0x00, 0x00, 0x00, 0x00, 0x00, 0x00, 0x00, 0x00, 0x00, 0x00, 0x00, 0x00, 0x00,
    0x00, 0x00, 0x00, 0x00, 0x00, 0x00, 0x00, 0x00, 0x00, 0x00, 0x00, 0x00, 0x00, 0x00, 0x00, 0x00, 0x00, 0x00, 0x00, 0x00, 0x00, 0x00, 0x00, 0x00, 0x00, 0x00, 0x4a, 0x59, 0x4a, 0x59, 0x00, 0x00,
    0x00, 0x00, 0x00, 0x00, 0x00, 0x00, 0x00, 0x00, 0x00, 0x00, 0x00, 0x00, 0x00, 0x00, 0x00, 0x00, 0x00, 0x00, 0x00, 0x00, 0x00, 0x00, 0x00, 0x00, 0x00, 0x00, 0x00, 0x00, 0x00, 0x00, 0x00, 0x00,
    0x00, 0x00, 0x00, 0x00, 0x00, 0x00, 0x00, 0x00, 0x00, 0x00, 0x00, 0x00, 0x00, 0x00, 0x00, 0x00, 0x00, 0x00, 0x00, 0x00, 0x00, 0x00, 0x00, 0x00, 0x00, 0x00, 0x00, 0x00, 0x00, 0x00, 0x00, 0x00,
    0x00, 0x00, 0x4a, 0x59, 0x7a, 0xfd, 0x4a, 0x59, 0x00, 0x00, 0x00, 0x00, 0x00, 0x00, 0x00, 0x00, 0x00, 0x00, 0x00, 0x00, 0x00, 0x00, 0x00, 0x00, 0x00, 0x00, 0x00, 0x00, 0x00, 0x00, 0x00, 0x00,
    0x00, 0x00, 0x00, 0x00, 0x00, 0x00, 0x00, 0x00, 0x00, 0x00, 0x00, 0x00, 0x00, 0x00, 0x00, 0x00, 0x00, 0x00, 0x00, 0x00, 0x00, 0x00, 0x00, 0x00, 0x4a, 0x59, 0x7a, 0xfd, 0x7a, 0xfd, 0x4a, 0x59,
    0x00, 0x00, 0x00, 0x00, 0x00, 0x00, 0x00, 0x00, 0x00, 0x00, 0x00, 0x00, 0x00, 0x00, 0x00, 0x00, 0x00, 0x00, 0x00, 0x00, 0x00, 0x00, 0x00, 0x00, 0x00, 0x00, 0x00, 0x00, 0x00, 0x00, 0x00, 0x00,
    0x00, 0x00, 0x00, 0x00, 0x00, 0x00, 0x00, 0x00, 0x00, 0x00, 0x00, 0x00, 0x00, 0x00, 0x00, 0x00, 0x00, 0x00, 0x00, 0x00, 0x00, 0x00, 0x00, 0x00, 0x00, 0x00, 0x00, 0x00, 0x00, 0x00, 0x00, 0x00,
    0x00, 0x00, 0x4a, 0x59, 0x7a, 0xfd, 0x7a, 0xfd, 0x32, 0xfb, 0x00, 0x00, 0x00, 0x00, 0x00, 0x00, 0x4a, 0x59, 0x4a, 0x59, 0x4a, 0x59, 0x00, 0x00, 0x00, 0x00, 0x00, 0x00, 0x00, 0x00, 0x00, 0x00,
    0x00, 0x00, 0x00, 0x00, 0x00, 0x00, 0x00, 0x00, 0x00, 0x00, 0x00, 0x00, 0x4a, 0x59, 0x4a, 0x59, 0x4a, 0x59, 0x00, 0x00, 0x00, 0x00, 0x00, 0x00, 0x32, 0xfb, 0x7a, 0xfd, 0x7a, 0xfd, 0x4a, 0x59,
    0x00, 0x00, 0x00, 0x00, 0x00, 0x00, 0x00, 0x00, 0x00, 0x00, 0x00, 0x00, 0x00, 0x00, 0x00, 0x00, 0x00, 0x00, 0x00, 0x00, 0x00, 0x00, 0x00, 0x00, 0x00, 0x00, 0x00, 0x00, 0x00, 0x00, 0x00, 0x00,
    0x00, 0x00, 0x00, 0x00, 0x00, 0x00, 0x00, 0x00, 0x00, 0x00, 0x00, 0x00, 0x00, 0x00, 0x00, 0x00, 0x00, 0x00, 0x00, 0x00, 0x00, 0x00, 0x00, 0x00, 0x00, 0x00, 0x00, 0x00, 0x00, 0x00, 0x00, 0x00,
    0x00, 0x00, 0x4a, 0x59, 0x7a, 0xfd, 0x7a, 0xfd, 0x32, 0xfb, 0x00, 0x00, 0x4a, 0x59, 0x4a, 0x59, 0x32, 0xfb, 0x32, 0xfb, 0x32, 0xfb, 0x4a, 0x59, 0x4a, 0x59, 0x00, 0x00, 0x00, 0x00, 0x00, 0x00,
    0x00, 0x00, 0x00, 0x00, 0x00, 0x00, 0x00, 0x00, 0x4a, 0x59, 0x4a, 0x59, 0x32, 0xfb, 0x32, 0xfb, 0x32, 0xfb, 0x4a, 0x59, 0x4a, 0x59, 0x4a, 0x59, 0x32, 0xfb, 0x7a, 0xfd, 0x7a, 0xfd, 0x4a, 0x59,
    0x00, 0x00, 0x00, 0x00, 0x00, 0x00, 0x00, 0x00, 0x00, 0x00, 0x00, 0x00, 0x00, 0x00, 0x00, 0x00, 0x00, 0x00, 0x00, 0x00, 0x00, 0x00, 0x00, 0x00, 0x00, 0x00, 0x00, 0x00, 0x00, 0x00, 0x00, 0x00,
    0x00, 0x00, 0x00, 0x00, 0x00, 0x00, 0x00, 0x00, 0x00, 0x00, 0x00, 0x00, 0x00, 0x00, 0x00, 0x00, 0x00, 0x00, 0x00, 0x00, 0x00, 0x00, 0x00, 0x00, 0x00, 0x00, 0x00, 0x00, 0x00, 0x00, 0x00, 0x00,
    0x4a, 0x59, 0x7a, 0xfd, 0x7a, 0xfd, 0x32, 0xfb, 0xed, 0xc9, 0x4a, 0x59, 0x32, 0xfb, 0x32, 0xfb, 0x32, 0xfb, 0x32, 0xfb, 0x32, 0xfb, 0x32, 0xfb, 0x32, 0xfb, 0x4a, 0x59, 0x4a, 0x59, 0x4a, 0x59,
    0x4a, 0x59, 0x4a, 0x59, 0x4a, 0x59, 0x4a, 0x59, 0x32, 0xfb, 0x32, 0xfb, 0x32, 0xfb, 0x32, 0xfb, 0x32, 0xfb, 0x32, 0xfb, 0x32, 0xfb, 0x4a, 0x59, 0xed, 0xc9, 0x32, 0xfb, 0x7a, 0xfd, 0x4a, 0x59,
    0x00, 0x00, 0x00, 0x00, 0x00, 0x00, 0x00, 0x00, 0x00, 0x00, 0x00, 0x00, 0x00, 0x00, 0x00, 0x00, 0x00, 0x00, 0x00, 0x00, 0x00, 0x00, 0x00, 0x00, 0x00, 0x00, 0x00, 0x00, 0x00, 0x00, 0x00, 0x00,
    0x00, 0x00, 0x00, 0x00, 0x00, 0x00, 0x00, 0x00, 0x00, 0x00, 0x00, 0x00, 0x00, 0x00, 0x00, 0x00, 0x00, 0x00, 0x00, 0x00, 0x00, 0x00, 0x00, 0x00, 0x00, 0x00, 0x00, 0x00, 0x00, 0x00, 0x00, 0x00,
    0x4a, 0x59, 0x7a, 0xfd, 0x7a, 0xfd, 0x32, 0xfb, 0xed, 0xc9, 0x4a, 0x59, 0x32, 0xfb, 0x32, 0xfb, 0x32, 0xfb, 0x32, 0xfb, 0x32, 0xfb, 0x32, 0xfb, 0x32, 0xfb, 0x4a, 0x59, 0xed, 0xc9, 0xed, 0xc9,
    0xed, 0xc9, 0xed, 0xc9, 0xed, 0xc9, 0x4a, 0x59, 0x32, 0xfb, 0x32, 0xfb, 0x32, 0xfb, 0x32, 0xfb, 0x32, 0xfb, 0x32, 0xfb, 0x32, 0xfb, 0x4a, 0x59, 0xed, 0xc9, 0x32, 0xfb, 0x7a, 0xfd, 0x7a, 0xfd,
    0x4a, 0x59, 0x00, 0x00, 0x00, 0x00, 0x00, 0x00, 0x00, 0x00, 0x00, 0x00, 0x00, 0x00, 0x00, 0x00, 0x00, 0x00, 0x00, 0x00, 0x00, 0x00, 0x00, 0x00, 0x00, 0x00, 0x00, 0x00, 0x00, 0x00, 0x00, 0x00,
    0x00, 0x00, 0x00, 0x00, 0x00, 0x00, 0x00, 0x00, 0x00, 0x00, 0x00, 0x00, 0x00, 0x00, 0x00, 0x00, 0x00, 0x00, 0x00, 0x00, 0x00, 0x00, 0x00, 0x00, 0x00, 0x00, 0x00, 0x00, 0x00, 0x00, 0x00, 0x00,
    0x4a, 0x59, 0x7a, 0xfd, 0x7a, 0xfd, 0x32, 0xfb, 0x4a, 0x59, 0x32, 0xfb, 0x32, 0xfb, 0x32, 0xfb, 0x32, 0xfb, 0x32, 0xfb, 0x32, 0xfb, 0x32, 0xfb, 0x32, 0xfb, 0x4a, 0x59, 0xff, 0xff, 0xec, 0xf1,
    0xed, 0xc9, 0xec, 0xf1, 0xec, 0xf1, 0x4a, 0x59, 0x32, 0xfb, 0x32, 0xfb, 0x32, 0xfb, 0x32, 0xfb, 0x32, 0xfb, 0x32, 0xfb, 0x32, 0xfb, 0x32, 0xfb, 0x4a, 0x59, 0x32, 0xfb, 0x7a, 0xfd, 0x7a, 0xfd,
    0x4a, 0x59, 0x00, 0x00, 0x00, 0x00, 0x00, 0x00, 0x00, 0x00, 0x00, 0x00, 0x00, 0x00, 0x00, 0x00, 0x00, 0x00, 0x00, 0x00, 0x00, 0x00, 0x00, 0x00, 0x00, 0x00, 0x00, 0x00, 0x00, 0x00, 0x00, 0x00,
    0x00, 0x00, 0x00, 0x00, 0x00, 0x00, 0x00, 0x00, 0x00, 0x00, 0x00, 0x00, 0x00, 0x00, 0x00, 0x00, 0x00, 0x00, 0x00, 0x00, 0x00, 0x00, 0x00, 0x00, 0x00, 0x00, 0x00, 0x00, 0x00, 0x00, 0x00, 0x00,
    0x4a, 0x59, 0x7a, 0xfd, 0x7a, 0xfd, 0x32, 0xfb, 0x4a, 0x59, 0x32, 0xfb, 0x32, 0xfb, 0x32, 0xfb, 0x32, 0xfb, 0x32, 0xfb, 0x32, 0xfb, 0x32, 0xfb, 0x32, 0xfb, 0x4a, 0x59, 0xec, 0xf1, 0xec, 0xf1,
    0xec, 0xf1, 0xec, 0xf1, 0xec, 0xf1, 0x4a, 0x59, 0x32, 0xfb, 0x32, 0xfb, 0x32, 0xfb, 0x32, 0xfb, 0x32, 0xfb, 0x32, 0xfb, 0x32, 0xfb, 0x32, 0xfb, 0x4a, 0x59, 0x32, 0xfb, 0x7a, 0xfd, 0x7a, 0xfd,
    0x4a, 0x59, 0x00, 0x00, 0x00, 0x00, 0x00, 0x00, 0x00, 0x00, 0x00, 0x00, 0x00, 0x00, 0x00, 0x00, 0x00, 0x00, 0x00, 0x00, 0x00, 0x00, 0x00, 0x00, 0x00, 0x00, 0x00, 0x00, 0x00, 0x00, 0x00, 0x00,
    0x00, 0x00, 0x00, 0x00, 0x00, 0x00, 0x00, 0x00, 0x00, 0x00, 0x00, 0x00, 0x00, 0x00, 0x00, 0x00, 0x00, 0x00, 0x00, 0x00, 0x00, 0x00, 0x00, 0x00, 0x00, 0x00, 0x00, 0x00, 0x00, 0x00, 0x4a, 0x59,
    0x7a, 0xfd, 0x7a, 0xfd, 0x32, 0xfb, 0x32, 0xfb, 0x4a, 0x59, 0x32, 0xfb, 0x32, 0xfb, 0x32, 0xfb, 0x32, 0xfb, 0x32, 0xfb, 0x32, 0xfb, 0x32, 0xfb, 0x32, 0xfb, 0x4a, 0x59, 0xed, 0xc9, 0xec, 0xf1,
    0xec, 0xf1, 0xec, 0xf1, 0xed, 0xc9, 0x4a, 0x59, 0x32, 0xfb, 0x32, 0xfb, 0x32, 0xfb, 0x32, 0xfb, 0x32, 0xfb, 0x32, 0xfb, 0x32, 0xfb, 0x32, 0xfb, 0x4a, 0x59, 0x32, 0xfb, 0x32, 0xfb, 0x7a, 0xfd,
    0x4a, 0x59, 0x00, 0x00, 0x00, 0x00, 0x00, 0x00, 0x00, 0x00, 0x00, 0x00, 0x00, 0x00, 0x00, 0x00, 0x00, 0x00, 0x00, 0x00, 0x00, 0x00, 0x00, 0x00, 0x00, 0x00, 0x00, 0x00, 0x00, 0x00, 0x00, 0x00,
    0x00, 0x00, 0x00, 0x00, 0x00, 0x00, 0x00, 0x00, 0x00, 0x00, 0x00, 0x00, 0x00, 0x00, 0x00, 0x00, 0x00, 0x00, 0x00, 0x00, 0x00, 0x00, 0x00, 0x00, 0x00, 0x00, 0x00, 0x00, 0x00, 0x00, 0x4a, 0x59,
    0x7a, 0xfd, 0x7a, 0xfd, 0x32, 0xfb, 0x32, 0xfb, 0x4a, 0x59, 0x32, 0xfb, 0x32, 0xfb, 0x32, 0xfb, 0x32, 0xfb, 0x32, 0xfb, 0x32, 0xfb, 0x32, 0xfb, 0x32, 0xfb, 0x4a, 0x59, 0xed, 0xc9, 0xed, 0xc9,
    0xec, 0xf1, 0xed, 0xc9, 0xed, 0xc9, 0x4a, 0x59, 0x32, 0xfb, 0x32, 0xfb, 0x32, 0xfb, 0x32, 0xfb, 0x32, 0xfb, 0x32, 0xfb, 0x32, 0xfb, 0x32, 0xfb, 0x4a, 0x59, 0x32, 0xfb, 0x32, 0xfb, 0x7a, 0xfd,
    0x7a, 0xfd, 0x4a, 0x59, 0x00, 0x00, 0x00, 0x00, 0x00, 0x00, 0x00, 0x00, 0x00, 0x00, 0x00, 0x00, 0x00, 0x00, 0x00, 0x00, 0x00, 0x00, 0x00, 0x00, 0x00, 0x00, 0x00, 0x00, 0x00, 0x00, 0x00, 0x00,
    0x00, 0x00, 0x00, 0x00, 0x00, 0x00, 0x00, 0x00, 0x00, 0x00, 0x00, 0x00, 0x00, 0x00, 0x00, 0x00, 0x00, 0x00, 0x00, 0x00, 0x00, 0x00, 0x00, 0x00, 0x00, 0x00, 0x00, 0x00, 0x00, 0x00, 0x4a, 0x59,
    0x7a, 0xfd, 0x7a, 0xfd, 0x32, 0xfb, 0x32, 0xfb, 0x4a, 0x59, 0x32, 0xfb, 0x32, 0xfb, 0x32, 0xfb, 0x32, 0xfb, 0x32, 0xfb, 0x32, 0xfb, 0x32, 0xfb, 0x32, 0xfb, 0x4a, 0x59, 0xed, 0xc9, 0xed, 0xc9,
    0xed, 0xc9, 0xed, 0xc9, 0xed, 0xc9, 0x4a, 0x59, 0x32, 0xfb, 0x32, 0xfb, 0x32, 0xfb, 0x32, 0xfb, 0x32, 0xfb, 0x32, 0xfb, 0x32, 0xfb, 0x32, 0xfb, 0x4a, 0x59, 0x32, 0xfb, 0x32, 0xfb, 0x7a, 0xfd,
    0x7a, 0xfd, 0x4a, 0x59, 0x00, 0x00, 0x00, 0x00, 0x00, 0x00, 0x00, 0x00, 0x00, 0x00, 0x00, 0x00, 0x00, 0x00, 0x00, 0x00, 0x00, 0x00, 0x00, 0x00, 0x00, 0x00, 0x00, 0x00, 0x00, 0x00, 0x00, 0x00,
    0x00, 0x00, 0x00, 0x00, 0x00, 0x00, 0x00, 0x00, 0x00, 0x00, 0x00, 0x00, 0x00, 0x00, 0x00, 0x00, 0x00, 0x00, 0x00, 0x00, 0x00, 0x00, 0x00, 0x00, 0x00, 0x00, 0x00, 0x00, 0x00, 0x00, 0x4a, 0x59,
    0x7a, 0xfd, 0x32, 0xfb, 0x32, 0xfb, 0x32, 0xfb, 0x32, 0xfb, 0x4a, 0x59, 0x32, 0xfb, 0x32, 0xfb, 0x32, 0xfb, 0x32, 0xfb, 0x32, 0xfb, 0x32, 0xfb, 0x32, 0xfb, 0x4a, 0x59, 0xed, 0xc9, 0xed, 0xc9,
    0xed, 0xc9, 0xed, 0xc9, 0xed, 0xc9, 0x4a, 0x59, 0x32, 0xfb, 0x32, 0xfb, 0x32, 0xfb, 0x32, 0xfb, 0x32, 0xfb, 0x32, 0xfb, 0x32, 0xfb, 0x4a, 0x59, 0x32, 0xfb, 0x32, 0xfb, 0x32, 0xfb, 0x32, 0xfb,
    0x7a, 0xfd, 0x4a, 0x59, 0x00, 0x00, 0x00, 0x00, 0x00, 0x00, 0x00, 0x00, 0x00, 0x00, 0x00, 0x00, 0x00, 0x00, 0x00, 0x00, 0x00, 0x00, 0x00, 0x00, 0x00, 0x00, 0x00, 0x00, 0x00, 0x00, 0x00, 0x00,
    0x00, 0x00, 0x00, 0x00, 0x00, 0x00, 0x00, 0x00, 0x00, 0x00, 0x00, 0x00, 0x00, 0x00, 0x00, 0x00, 0x00, 0x00, 0x00, 0x00, 0x00, 0x00, 0x00, 0x00, 0x00, 0x00, 0x00, 0x00, 0x4a, 0x59, 0x7a, 0xfd,
    0x7a, 0xfd, 0x32, 0xfb, 0x32, 0xfb, 0x32, 0xfb, 0x32, 0xfb, 0x4a, 0x59, 0x32, 0xfb, 0x32, 0xfb, 0x32, 0xfb, 0x32, 0xfb, 0x32, 0xfb, 0x32, 0xfb, 0x4a, 0x59, 0x4a, 0x59, 0x4a, 0x59, 0x4a, 0x59,
    0x4a, 0x59, 0x4a, 0x59, 0x4a, 0x59, 0x4a, 0x59, 0x4a, 0x59, 0x32, 0xfb, 0x32, 0xfb, 0x32, 0xfb, 0x32, 0xfb, 0x32, 0xfb, 0x32, 0xfb, 0x4a, 0x59, 0x32, 0xfb, 0x32, 0xfb, 0x32, 0xfb, 0x32, 0xfb,
    0x7a, 0xfd, 0x4a, 0x59, 0x00, 0x00, 0x00, 0x00, 0x00, 0x00, 0x00, 0x00, 0x00, 0x00, 0x00, 0x00, 0x00, 0x00, 0x00, 0x00, 0x00, 0x00, 0x00, 0x00, 0x00, 0x00, 0x00, 0x00, 0x00, 0x00, 0x00, 0x00,
    0x00, 0x00, 0x00, 0x00, 0x00, 0x00, 0x00, 0x00, 0x00, 0x00, 0x00, 0x00, 0x00, 0x00, 0x00, 0x00, 0x00, 0x00, 0x00, 0x00, 0x00, 0x00, 0x00, 0x00, 0x00, 0x00, 0x00, 0x00, 0x4a, 0x59, 0x7a, 0xfd,
    0x7a, 0xfd, 0x7a, 0xfd, 0x7a, 0xfd, 0x7a, 0xfd, 0x7a, 0xfd, 0x7a, 0xfd, 0x4a, 0x59, 0x4a, 0x59, 0x32, 0xfb, 0x4a, 0x59, 0x4a, 0x59, 0x4a, 0x59, 0x7a, 0xfd, 0x7a, 0xfd, 0x7a, 0xfd, 0x7a, 0xfd,
    0x7a, 0xfd, 0x7a, 0xfd, 0x7a, 0xfd, 0x7a, 0xfd, 0x7a, 0xfd, 0x4a, 0x59, 0x4a, 0x59, 0x4a, 0x59, 0x32, 0xfb, 0x4a, 0x59, 0x4a, 0x59, 0x7a, 0xfd, 0x7a, 0xfd, 0x7a, 0xfd, 0x7a, 0xfd, 0x7a, 0xfd,
    0x7a, 0xfd, 0x7a, 0xfd, 0x4a, 0x59, 0x00, 0x00, 0x00, 0x00, 0x00, 0x00, 0x00, 0x00, 0x00, 0x00, 0x00, 0x00, 0x00, 0x00, 0x00, 0x00, 0x00, 0x00, 0x00, 0x00, 0x00, 0x00, 0x00, 0x00, 0x00, 0x00,
    0x00, 0x00, 0x00, 0x00, 0x00, 0x00, 0x00, 0x00, 0x00, 0x00, 0x00, 0x00, 0x00, 0x00, 0x00, 0x00, 0x00, 0x00, 0x00, 0x00, 0x00, 0x00, 0x00, 0x00, 0x00, 0x00, 0x00, 0x00, 0x4a, 0x59, 0x4a, 0x59,
    0x4a, 0x59, 0x4a, 0x59, 0x4a, 0x59, 0x4a, 0x59, 0x4a, 0x59, 0x4a, 0x59, 0x4a, 0x59, 0x4a, 0x59, 0x4a, 0x59, 0x4a, 0x59, 0x4a, 0x59, 0x4a, 0x59, 0x4a, 0x59, 0x4a, 0x59, 0x4a, 0x59, 0x4a, 0x59,
    0x4a, 0x59, 0x4a, 0x59, 0x4a, 0x59, 0x4a, 0x59, 0x4a, 0x59, 0x7a, 0xfd, 0x7a, 0xfd, 0x7a, 0xfd, 0x4a, 0x59, 0x4a, 0x59, 0x4a, 0x59, 0x4a, 0x59, 0x4a, 0x59, 0x4a, 0x59, 0x4a, 0x59, 0x4a, 0x59,
    0x4a, 0x59, 0x4a, 0x59, 0x4a, 0x59, 0x00, 0x00, 0x00, 0x00, 0x00, 0x00, 0x00, 0x00, 0x00, 0x00, 0x00, 0x00, 0x00, 0x00, 0x00, 0x00, 0x00, 0x00, 0x00, 0x00, 0x00, 0x00, 0x00, 0x00, 0x00, 0x00,
    0x00, 0x00, 0x00, 0x00, 0x00, 0x00, 0x00, 0x00, 0x00, 0x00, 0x00, 0x00, 0x00, 0x00, 0x00, 0x00, 0x00, 0x00, 0x00, 0x00, 0x00, 0x00, 0x00, 0x00, 0x00, 0x00, 0x00, 0x00, 0x00, 0x00, 0x00, 0x00,
    0x00, 0x00, 0x00, 0x00, 0x00, 0x00, 0x00, 0x00, 0x00, 0x00, 0x00, 0x00, 0x4a, 0x59, 0x7a, 0xfd, 0x4a, 0x59, 0x32, 0xfb, 0x32, 0xfb, 0x32, 0xfb, 0x4a, 0x59, 0xed, 0xc9, 0xed, 0xc9, 0xed, 0xc9,
    0x4a, 0x59, 0x32, 0xfb, 0x32, 0xfb, 0x32, 0xfb, 0x4a, 0x59, 0x7a, 0xfd, 0x7a, 0xfd, 0x7a, 0xfd, 0x7a, 0xfd, 0x7a, 0xfd, 0x4a, 0x59, 0x00, 0x00, 0x00, 0x00, 0x00, 0x00, 0x00, 0x00, 0x00, 0x00,
    0x00, 0x00, 0x00, 0x00, 0x00, 0x00, 0x00, 0x00, 0x00, 0x00, 0x00, 0x00, 0x00, 0x00, 0x00, 0x00, 0x00, 0x00, 0x00, 0x00, 0x00, 0x00, 0x00, 0x00, 0x00, 0x00, 0x00, 0x00, 0x00, 0x00, 0x00, 0x00,
    0x00, 0x00, 0x00, 0x00, 0x00, 0x00, 0x00, 0x00, 0x00, 0x00, 0x00, 0x00, 0x00, 0x00, 0x00, 0x00, 0x00, 0x00, 0x00, 0x00, 0x00, 0x00, 0x00, 0x00, 0x00, 0x00, 0x00, 0x00, 0x00, 0x00, 0x00, 0x00,
    0x00, 0x00, 0x00, 0x00, 0x00, 0x00, 0x00, 0x00, 0x00, 0x00, 0x4a, 0x59, 0x7a, 0xfd, 0x7a, 0xfd, 0x7a, 0xfd, 0x4a, 0x59, 0x32, 0xfb, 0x4a, 0x59, 0x4a, 0x59, 0xed, 0xc9, 0xed, 0xc9, 0x4a, 0x59,
    0x7a, 0xfd, 0x4a, 0x59, 0x32, 0xfb, 0x4a, 0x59, 0x7a, 0xfd, 0x7a, 0xfd, 0x7a, 0xfd, 0x7a, 0xfd, 0x7a, 0xfd, 0x7a, 0xfd, 0x7a, 0xfd, 0x4a, 0x59, 0x00, 0x00, 0x00, 0x00, 0x00, 0x00, 0x00, 0x00,
    0x00, 0x00, 0x00, 0x00, 0x00, 0x00, 0x00, 0x00, 0x00, 0x00, 0x00, 0x00, 0x00, 0x00, 0x00, 0x00, 0x00, 0x00, 0x00, 0x00, 0x00, 0x00, 0x00, 0x00, 0x00, 0x00, 0x00, 0x00, 0x00, 0x00, 0x00, 0x00,
    0x00, 0x00, 0x00, 0x00, 0x00, 0x00, 0x00, 0x00, 0x00, 0x00, 0x00, 0x00, 0x00, 0x00, 0x00, 0x00, 0x00, 0x00, 0x00, 0x00, 0x00, 0x00, 0x00, 0x00, 0x00, 0x00, 0x00, 0x00, 0x00, 0x00, 0x00, 0x00,
    0x00, 0x00, 0x00, 0x00, 0x00, 0x00, 0x00, 0x00, 0x4a, 0x59, 0x7a, 0xfd, 0x5c, 0xfe, 0x5c, 0xfe, 0x7a, 0xfd, 0x4a, 0x59, 0x32, 0xfb, 0x4a, 0x59, 0x7a, 0xfd, 0x4a, 0x59, 0xed, 0xc9, 0x4a, 0x59,
    0x7a, 0xfd, 0x4a, 0x59, 0x32, 0xfb, 0x4a, 0x59, 0x7a, 0xfd, 0x7a, 0xfd, 0x7a, 0xfd, 0x7a, 0xfd, 0x7a, 0xfd, 0x7a, 0xfd, 0x7a, 0xfd, 0x7a, 0xfd, 0x4a, 0x59, 0x00, 0x00, 0x00, 0x00, 0x00, 0x00,
    0x00, 0x00, 0x00, 0x00, 0x00, 0x00, 0x00, 0x00, 0x00, 0x00, 0x00, 0x00, 0x00, 0x00, 0x00, 0x00, 0x00, 0x00, 0x00, 0x00, 0x00, 0x00, 0x00, 0x00, 0x00, 0x00, 0x00, 0x00, 0x00, 0x00, 0x00, 0x00,
    0x00, 0x00, 0x00, 0x00, 0x00, 0x00, 0x00, 0x00, 0x00, 0x00, 0x00, 0x00, 0x00, 0x00, 0x00, 0x00, 0x00, 0x00, 0x00, 0x00, 0x00, 0x00, 0x00, 0x00, 0x00, 0x00, 0x00, 0x00, 0x00, 0x00, 0x00, 0x00,
    0x00, 0x00, 0x00, 0x00, 0x00, 0x00, 0x4a, 0x59, 0x7a, 0xfd, 0x7a, 0xfd, 0x5c, 0xfe, 0x7a, 0xfd, 0x7a, 0xfd, 0x4a, 0x59, 0x32, 0xfb, 0x4a, 0x59, 0x7a, 0xfd, 0x4a, 0x59, 0xed, 0xc9, 0x4a, 0x59,
    0x7a, 0xfd, 0x4a, 0x59, 0x32, 0xfb, 0x4a, 0x59, 0x7a, 0xfd, 0x7a, 0xfd, 0x7a, 0xfd, 0x7a, 0xfd, 0x7a, 0xfd, 0x7a, 0xfd, 0x7a, 0xfd, 0x7a, 0xfd, 0x7a, 0xfd, 0x4a, 0x59, 0x00, 0x00, 0x00, 0x00,
    0x00, 0x00, 0x00, 0x00, 0x00, 0x00, 0x00, 0x00, 0x00, 0x00, 0x00, 0x00, 0x00, 0x00, 0x00, 0x00, 0x00, 0x00, 0x00, 0x00, 0x00, 0x00, 0x00, 0x00, 0x00, 0x00, 0x00, 0x00, 0x00, 0x00, 0x00, 0x00,
    0x00, 0x00, 0x00, 0x00, 0x00, 0x00, 0x00, 0x00, 0x00, 0x00, 0x00, 0x00, 0x00, 0x00, 0x00, 0x00, 0x00, 0x00, 0x00, 0x00, 0x00, 0x00, 0x00, 0x00, 0x00, 0x00, 0x00, 0x00, 0x00, 0x00, 0x00, 0x00,
    0x00, 0x00, 0x00, 0x00, 0x4a, 0x59, 0x7a, 0xfd, 0x7a, 0xfd, 0x7a, 0xfd, 0x7a, 0xfd, 0x7a, 0xfd, 0x7a, 0xfd, 0x7a, 0xfd, 0x4a, 0x59, 0x7a, 0xfd, 0x7a, 0xfd, 0x4a, 0x59, 0xed, 0xc9, 0x4a, 0x59,
    0x7a, 0xfd, 0x7a, 0xfd, 0x4a, 0x59, 0x7a, 0xfd, 0x7a, 0xfd, 0x7a, 0xfd, 0x7a, 0xfd, 0x7a, 0xfd, 0x7a, 0xfd, 0x7a, 0xfd, 0x7a, 0xfd, 0x7a, 0xfd, 0x7a, 0xfd, 0x7a, 0xfd, 0x4a, 0x59, 0x00, 0x00,
    0x00, 0x00, 0x00, 0x00, 0x00, 0x00, 0x00, 0x00, 0x00, 0x00, 0x00, 0x00, 0x00, 0x00, 0x00, 0x00, 0x00, 0x00, 0x00, 0x00, 0x00, 0x00, 0x00, 0x00, 0x00, 0x00, 0x00, 0x00, 0x00, 0x00, 0x00, 0x00,
    0x00, 0x00, 0x00, 0x00, 0x00, 0x00, 0x00, 0x00, 0x00, 0x00, 0x00, 0x00, 0x00, 0x00, 0x00, 0x00, 0x00, 0x00, 0x00, 0x00, 0x00, 0x00, 0x00, 0x00, 0x00, 0x00, 0x00, 0x00, 0x00, 0x00, 0x00, 0x00,
    0x00, 0x00, 0x00, 0x00, 0x42, 0x08, 0x7a, 0xfd, 0x7a, 0xfd, 0x7a, 0xfd, 0x7a, 0xfd, 0x7a, 0xfd, 0x7a, 0xfd, 0x7a, 0xfd, 0x4a, 0x59, 0x7a, 0xfd, 0x7a, 0xfd, 0x4a, 0x59, 0x4a, 0x59, 0x7a, 0xfd,
    0x7a, 0xfd, 0x7a, 0xfd, 0x4a, 0x59, 0x7a, 0xfd, 0x7a, 0xfd, 0x7a, 0xfd, 0x7a, 0xfd, 0x7a, 0xfd, 0x7a, 0xfd, 0x7a, 0xfd, 0x7a, 0xfd, 0x7a, 0xfd, 0x7a, 0xfd, 0x7a, 0xfd, 0x42, 0x08, 0x00, 0x00,
    0x00, 0x00, 0x00, 0x00, 0x00, 0x00, 0x00, 0x00, 0x00, 0x00, 0x00, 0x00, 0x00, 0x00, 0x00, 0x00, 0x00, 0x00, 0x00, 0x00, 0x00, 0x00, 0x00, 0x00, 0x00, 0x00, 0x00, 0x00, 0x00, 0x00, 0x00, 0x00,
    0x00, 0x00, 0x00, 0x00, 0x00, 0x00, 0x00, 0x00, 0x00, 0x00, 0x00, 0x00, 0x00, 0x00, 0x00, 0x00, 0x00, 0x00, 0x00, 0x00, 0x00, 0x00, 0x00, 0x00, 0x00, 0x00, 0x00, 0x00, 0x00, 0x00, 0x00, 0x00,
    0x00, 0x00, 0x4a, 0x59, 0x7a, 0xfd, 0x42, 0x08, 0x7a, 0xfd, 0x7a, 0xfd, 0x7a, 0xfd, 0x7a, 0xfd, 0x7a, 0xfd, 0x7a, 0xfd, 0x7a, 0xfd, 0x7a, 0xfd, 0x7a, 0xfd, 0x7a, 0xfd, 0x4a, 0x59, 0x7a, 0xfd,
    0x7a, 0xfd, 0x7a, 0xfd, 0x7a, 0xfd, 0x7a, 0xfd, 0x7a, 0xfd, 0x7a, 0xfd, 0x7a, 0xfd, 0x7a, 0xfd, 0x7a, 0xfd, 0x7a, 0xfd, 0x7a, 0xfd, 0x7a, 0xfd, 0x7a, 0xfd, 0x42, 0x08, 0x7a, 0xfd, 0x4a, 0x59,
    0x00, 0x00, 0x00, 0x00, 0x00, 0x00, 0x00, 0x00, 0x00, 0x00, 0x00, 0x00, 0x00, 0x00, 0x00, 0x00, 0x00, 0x00, 0x00, 0x00, 0x00, 0x00, 0x00, 0x00, 0x00, 0x00, 0x00, 0x00, 0x00, 0x00, 0x00, 0x00,
    0x00, 0x00, 0x00, 0x00, 0x00, 0x00, 0x00, 0x00, 0x00, 0x00, 0x00, 0x00, 0x00, 0x00, 0x00, 0x00, 0x00, 0x00, 0x00, 0x00, 0x00, 0x00, 0x00, 0x00, 0x00, 0x00, 0x00, 0x00, 0x00, 0x00, 0x00, 0x00,
    0x00, 0x00, 0x4a, 0x59, 0x42, 0x08, 0x42, 0x08, 0x42, 0x08, 0x7a, 0xfd, 0x7a, 0xfd, 0x42, 0x08, 0x42, 0x08, 0x42, 0x08, 0x7a, 0xfd, 0x7a, 0xfd, 0x7a, 0xfd, 0x7a, 0xfd, 0x4a, 0x59, 0x7a, 0xfd,
    0x7a, 0xfd, 0x7a, 0xfd, 0x7a, 0xfd, 0x7a, 0xfd, 0x7a, 0xfd, 0x7a, 0xfd, 0x7a, 0xfd, 0x42, 0x08, 0x42, 0x08, 0x42, 0x08, 0x7a, 0xfd, 0x7a, 0xfd, 0x42, 0x08, 0x42, 0x08, 0x42, 0x08, 0x4a, 0x59,
    0x00, 0x00, 0x00, 0x00, 0x00, 0x00, 0x00, 0x00, 0x00, 0x00, 0x00, 0x00, 0x00, 0x00, 0x00, 0x00, 0x00, 0x00, 0x00, 0x00, 0x00, 0x00, 0x00, 0x00, 0x00, 0x00, 0x00, 0x00, 0x00, 0x00, 0x00, 0x00,
    0x00, 0x00, 0x00, 0x00, 0x00, 0x00, 0x00, 0x00, 0x00, 0x00, 0x00, 0x00, 0x00, 0x00, 0x00, 0x00, 0x00, 0x00, 0x00, 0x00, 0x00, 0x00, 0x00, 0x00, 0x00, 0x00, 0x00, 0x00, 0x00, 0x00, 0x00, 0x00,
    0x4a, 0x59, 0x7a, 0xfd, 0x7a, 0xfd, 0x7a, 0xfd, 0x42, 0x08, 0x42, 0x08, 0x42, 0x08, 0xff, 0xff, 0xa5, 0x88, 0xa5, 0x88, 0x42, 0x08, 0x42, 0x08, 0x7a, 0xfd, 0x7a, 0xfd, 0x7a, 0xfd, 0x7a, 0xfd,
    0x7a, 0xfd, 0x7a, 0xfd, 0x7a, 0xfd, 0x7a, 0xfd, 0x7a, 0xfd, 0x42, 0x08, 0x42, 0x08, 0xff, 0xff, 0xa5, 0x88, 0xa5, 0x88, 0x42, 0x08, 0x42, 0x08, 0x42, 0x08, 0x7a, 0xfd, 0x7a, 0xfd, 0x7a, 0xfd,
    0x4a, 0x59, 0x00, 0x00, 0x00, 0x00, 0x00, 0x00, 0x00, 0x00, 0x00, 0x00, 0x00, 0x00, 0x00, 0x00, 0x00, 0x00, 0x00, 0x00, 0x00, 0x00, 0x00, 0x00, 0x00, 0x00, 0x00, 0x00, 0x00, 0x00, 0x00, 0x00,
    0x00, 0x00, 0x00, 0x00, 0x00, 0x00, 0x00, 0x00, 0x00, 0x00, 0x00, 0x00, 0x00, 0x00, 0x00, 0x00, 0x00, 0x00, 0x00, 0x00, 0x00, 0x00, 0x00, 0x00, 0x00, 0x00, 0x00, 0x00, 0x00, 0x00, 0x00, 0x00,
    0x4a, 0x59, 0x7a, 0xfd, 0x7a, 0xfd, 0x7a, 0xfd, 0x7a, 0xfd, 0x42, 0x08, 0xff, 0xff, 0xa5, 0x88, 0xff, 0xff, 0x48, 0xd9, 0xa5, 0x88, 0x42, 0x08, 0x7a, 0xfd, 0x7a, 0xfd, 0x7a, 0xfd, 0x7a, 0xfd,
    0x7a, 0xfd, 0x7a, 0xfd, 0x7a, 0xfd, 0x7a, 0xfd, 0x7a, 0xfd, 0x42, 0x08, 0xff, 0xff, 0xa5, 0x88, 0xff, 0xff, 0x48, 0xd9, 0xa5, 0x88, 0x42, 0x08, 0x7a, 0xfd, 0x7a, 0xfd, 0x7a, 0xfd, 0x7a, 0xfd,
    0x4a, 0x59, 0x00, 0x00, 0x00, 0x00, 0x00, 0x00, 0x00, 0x00, 0x00, 0x00, 0x00, 0x00, 0x00, 0x00, 0x00, 0x00, 0x00, 0x00, 0x00, 0x00, 0x00, 0x00, 0x00, 0x00, 0x00, 0x00, 0x00, 0x00, 0x00, 0x00,
    0x00, 0x00, 0x00, 0x00, 0x00, 0x00, 0x00, 0x00, 0x00, 0x00, 0x00, 0x00, 0x00, 0x00, 0x00, 0x00, 0x00, 0x00, 0x00, 0x00, 0x00, 0x00, 0x00, 0x00, 0x00, 0x00, 0x00, 0x00, 0x00, 0x00, 0x00, 0x00,
    0x4a, 0x59, 0x7a, 0xfd, 0x7a, 0xfd, 0x7a, 0xfd, 0x42, 0x08, 0xff, 0xff, 0xa5, 0x88, 0x42, 0x08, 0x42, 0x08, 0x42, 0x08, 0x48, 0xd9, 0xa5, 0x88, 0x42, 0x08, 0x7a, 0xfd, 0x7a, 0xfd, 0x7a, 0xfd,
    0x7a, 0xfd, 0x7a, 0xfd, 0x7a, 0xfd, 0x7a, 0xfd, 0x42, 0x08, 0xff, 0xff, 0xa5, 0x88, 0x42, 0x08, 0x42, 0x08, 0x42, 0x08, 0x48, 0xd9, 0xa5, 0x88, 0x42, 0x08, 0x7a, 0xfd, 0x7a, 0xfd, 0x7a, 0xfd,
    0x4a, 0x59, 0x00, 0x00, 0x00, 0x00, 0x00, 0x00, 0x00, 0x00, 0x00, 0x00, 0x00, 0x00, 0x00, 0x00, 0x00, 0x00, 0x00, 0x00, 0x00, 0x00, 0x00, 0x00, 0x00, 0x00, 0x00, 0x00, 0x00, 0x00, 0x00, 0x00,
    0x00, 0x00, 0x00, 0x00, 0x00, 0x00, 0x00, 0x00, 0x00, 0x00, 0x00, 0x00, 0x00, 0x00, 0x00, 0x00, 0x00, 0x00, 0x00, 0x00, 0x00, 0x00, 0x00, 0x00, 0x00, 0x00, 0x00, 0x00, 0x00, 0x00, 0x00, 0x00,
    0x4a, 0x59, 0x7a, 0xfd, 0x7a, 0xfd, 0x7a, 0xfd, 0x42, 0x08, 0xff, 0xff, 0xa5, 0x88, 0x42, 0x08, 0x42, 0x08, 0x42, 0x08, 0x48, 0xd9, 0xa5, 0x88, 0x42, 0x08, 0x7a, 0xfd, 0x7a, 0xfd, 0x7a, 0xfd,
    0x7a, 0xfd, 0x7a, 0xfd, 0x7a, 0xfd, 0x7a, 0xfd, 0x42, 0x08, 0xff, 0xff, 0xa5, 0x88, 0x42, 0x08, 0x42, 0x08, 0x42, 0x08, 0x48, 0xd9, 0xa5, 0x88, 0x42, 0x08, 0x7a, 0xfd, 0x7a, 0xfd, 0x7a, 0xfd,
    0x4a, 0x59, 0x00, 0x00, 0x00, 0x00, 0x00, 0x00, 0x00, 0x00, 0x00, 0x00, 0x00, 0x00, 0x00, 0x00, 0x00, 0x00, 0x00, 0x00, 0x00, 0x00, 0x00, 0x00, 0x00, 0x00, 0x00, 0x00, 0x00, 0x00, 0x00, 0x00,
    0x00, 0x00, 0x00, 0x00, 0x00, 0x00, 0x00, 0x00, 0x00, 0x00, 0x00, 0x00, 0x00, 0x00, 0x00, 0x00, 0x00, 0x00, 0x00, 0x00, 0x00, 0x00, 0x00, 0x00, 0x00, 0x00, 0x00, 0x00, 0x00, 0x00, 0x00, 0x00,
    0x4a, 0x59, 0x7a, 0xfd, 0x7a, 0xfd, 0x7a, 0xfd, 0x42, 0x08, 0xff, 0xff, 0xa5, 0x88, 0x48, 0xd9, 0x42, 0x08, 0x48, 0xd9, 0x48, 0xd9, 0xa5, 0x88, 0x42, 0x08, 0x7a, 0xfd, 0x7a, 0xfd, 0x7a, 0xfd,
    0x7a, 0xfd, 0x7a, 0xfd, 0x7a, 0xfd, 0x7a, 0xfd, 0x42, 0x08, 0xff, 0xff, 0xa5, 0x88, 0x48, 0xd9, 0x42, 0x08, 0x48, 0xd9, 0x48, 0xd9, 0xa5, 0x88, 0x42, 0x08, 0x7a, 0xfd, 0x7a, 0xfd, 0x7a, 0xfd,
    0x4a, 0x59, 0x00, 0x00, 0x00, 0x00, 0x00, 0x00, 0x00, 0x00, 0x00, 0x00, 0x00, 0x00, 0x00, 0x00, 0x00, 0x00, 0x00, 0x00, 0x00, 0x00, 0x00, 0x00, 0x00, 0x00, 0x00, 0x00, 0x00, 0x00, 0x00, 0x00,
    0x00, 0x00, 0x00, 0x00, 0x00, 0x00, 0x00, 0x00, 0x00, 0x00, 0x00, 0x00, 0x00, 0x00, 0x00, 0x00, 0x00, 0x00, 0x00, 0x00, 0x00, 0x00, 0x00, 0x00, 0x00, 0x00, 0x00, 0x00, 0x00, 0x00, 0x00, 0x00,
    0x4a, 0x59, 0x7a, 0xfd, 0x7a, 0xfd, 0x7a, 0xfd, 0x7a, 0xfd, 0x42, 0x08, 0xff, 0xff, 0xa5, 0x88, 0x48, 0xd9, 0xff, 0xff, 0xa5, 0x88, 0x42, 0x08, 0x7a, 0xfd, 0x7a, 0xfd, 0x7a, 0xfd, 0x7a, 0xfd,
    0x7a, 0xfd, 0x7a, 0xfd, 0x7a, 0xfd, 0x7a, 0xfd, 0x7a, 0xfd, 0x42, 0x08, 0xff, 0xff, 0xa5, 0x88, 0x48, 0xd9, 0xff, 0xff, 0xa5, 0x88, 0x42, 0x08, 0x7a, 0xfd, 0x7a, 0xfd, 0x7a, 0xfd, 0x7a, 0xfd,
    0x4a, 0x59, 0x00, 0x00, 0x00, 0x00, 0x00, 0x00, 0x00, 0x00, 0x00, 0x00, 0x00, 0x00, 0x00, 0x00, 0x00, 0x00, 0x00, 0x00, 0x00, 0x00, 0x00, 0x00, 0x00, 0x00, 0x00, 0x00, 0x00, 0x00, 0x00, 0x00,
    0x00, 0x00, 0x00, 0x00, 0x00, 0x00, 0x00, 0x00, 0x00, 0x00, 0x00, 0x00, 0x00, 0x00, 0x00, 0x00, 0x00, 0x00, 0x00, 0x00, 0x00, 0x00, 0x00, 0x00, 0x00, 0x00, 0x00, 0x00, 0x00, 0x00, 0x00, 0x00,
    0x4a, 0x59, 0x7a, 0xfd, 0x7a, 0xfd, 0x7a, 0xfd, 0x7a, 0xfd, 0x42, 0x08, 0x42, 0x08, 0xff, 0xff, 0xa5, 0x88, 0xa5, 0x88, 0x42, 0x08, 0x42, 0x08, 0x7a, 0xfd, 0x7a, 0xfd, 0x7a, 0xfd, 0x7a, 0xfd,
    0x7a, 0xfd, 0x7a, 0xfd, 0x7a, 0xfd, 0x7a, 0xfd, 0x15, 0xd4, 0x42, 0x08, 0x42, 0x08, 0xff, 0xff, 0xa5, 0x88, 0xa5, 0x88, 0x42, 0x08, 0x42, 0x08, 0x15, 0xd4, 0x7a, 0xfd, 0x7a, 0xfd, 0x7a, 0xfd,
    0x4a, 0x59, 0x00, 0x00, 0x00, 0x00, 0x00, 0x00, 0x00, 0x00, 0x00, 0x00, 0x00, 0x00, 0x00, 0x00, 0x00, 0x00, 0x00, 0x00, 0x00, 0x00, 0x00, 0x00, 0x00, 0x00, 0x00, 0x00, 0x00, 0x00, 0x00, 0x00,
    0x00, 0x00, 0x00, 0x00, 0x00, 0x00, 0x00, 0x00, 0x00, 0x00, 0x00, 0x00, 0x00, 0x00, 0x00, 0x00, 0x00, 0x00, 0x00, 0x00, 0x00, 0x00, 0x00, 0x00, 0x00, 0x00, 0x00, 0x00, 0x00, 0x00, 0x00, 0x00,
    0x00, 0x00, 0x4a, 0x59, 0x7a, 0xfd, 0x74, 0xfb, 0x74, 0xfb, 0x7a, 0xfd, 0x7a, 0xfd, 0x42, 0x08, 0x42, 0x08, 0x42, 0x08, 0x7a, 0xfd, 0x7a, 0xfd, 0x7a, 0xfd, 0x7a, 0xfd, 0x7a, 0xfd, 0x7a, 0xfd,
    0x7a, 0xfd, 0x7a, 0xfd, 0x7a, 0xfd, 0x15, 0xd4, 0x15, 0xd4, 0x15, 0xd4, 0x15, 0xd4, 0x42, 0x08, 0x42, 0x08, 0x42, 0x08, 0x15, 0xd4, 0x15, 0xd4, 0x74, 0xfb, 0x74, 0xfb, 0x7a, 0xfd, 0x4a, 0x59,
    0x00, 0x00, 0x00, 0x00, 0x00, 0x00, 0x00, 0x00, 0x00, 0x00, 0x00, 0x00, 0x00, 0x00, 0x00, 0x00, 0x00, 0x00, 0x00, 0x00, 0x00, 0x00, 0x00, 0x00, 0x00, 0x00, 0x00, 0x00, 0x00, 0x00, 0x00, 0x00,
    0x00, 0x00, 0x00, 0x00, 0x00, 0x00, 0x00, 0x00, 0x00, 0x00, 0x00, 0x00, 0x00, 0x00, 0x00, 0x00, 0x00, 0x00, 0x00, 0x00, 0x00, 0x00, 0x00, 0x00, 0x00, 0x00, 0x00, 0x00, 0x00, 0x00, 0x00, 0x00,
    0x00, 0x00, 0x4a, 0x59, 0x74, 0xfb, 0x74, 0xfb, 0x74, 0xfb, 0x74, 0xfb, 0x7a, 0xfd, 0x7a, 0xfd, 0x7a, 0xfd, 0x7a, 0xfd, 0x7a, 0xfd, 0x7a, 0xfd, 0x7a, 0xfd, 0x7a, 0xfd, 0x7a, 0xfd, 0x7a, 0xfd,
    0x7a, 0xfd, 0x7a, 0xfd, 0x7a, 0xfd, 0x15, 0xd4, 0x15, 0xd4, 0x15, 0xd4, 0x15, 0xd4, 0x15, 0xd4, 0x15, 0xd4, 0x15, 0xd4, 0x15, 0xd4, 0x74, 0xfb, 0x74, 0xfb, 0x74, 0xfb, 0x74, 0xfb, 0x4a, 0x59,
    0x00, 0x00, 0x00, 0x00, 0x00, 0x00, 0x00, 0x00, 0x00, 0x00, 0x00, 0x00, 0x00, 0x00, 0x00, 0x00, 0x00, 0x00, 0x00, 0x00, 0x00, 0x00, 0x00, 0x00, 0x00, 0x00, 0x00, 0x00, 0x00, 0x00, 0x00, 0x00,
    0x00, 0x00, 0x00, 0x00, 0x00, 0x00, 0x00, 0x00, 0x00, 0x00, 0x00, 0x00, 0x00, 0x00, 0x00, 0x00, 0x00, 0x00, 0x00, 0x00, 0x00, 0x00, 0x00, 0x00, 0x00, 0x00, 0x00, 0x00, 0x00, 0x00, 0x00, 0x00,
    0x00, 0x00, 0x00, 0x00, 0x74, 0xfb, 0x74, 0xfb, 0x74, 0xfb, 0x74, 0xfb, 0x7a, 0xfd, 0x7a, 0xfd, 0x7a, 0xfd, 0x7a, 0xfd, 0x7a, 0xfd, 0x7a, 0xfd, 0x7a, 0xfd, 0x7a, 0xfd, 0x7a, 0xfd, 0x7a, 0xfd,
    0x7a, 0xfd, 0x7a, 0xfd, 0x15, 0xd4, 0x15, 0xd4, 0x15, 0xd4, 0x15, 0xd4, 0x15, 0xd4, 0x15, 0xd4, 0x15, 0xd4, 0x15, 0xd4, 0x15, 0xd4, 0x74, 0xfb, 0x74, 0xfb, 0x74, 0xfb, 0x74, 0xfb, 0x00, 0x00,
    0x00, 0x00, 0x00, 0x00, 0x00, 0x00, 0x00, 0x00, 0x00, 0x00, 0x00, 0x00, 0x00, 0x00, 0x00, 0x00, 0x00, 0x00, 0x00, 0x00, 0x00, 0x00, 0x00, 0x00, 0x00, 0x00, 0x00, 0x00, 0x00, 0x00, 0x00, 0x00,
    0x00, 0x00, 0x00, 0x00, 0x00, 0x00, 0x00, 0x00, 0x00, 0x00, 0x00, 0x00, 0x00, 0x00, 0x00, 0x00, 0x00, 0x00, 0x00, 0x00, 0x00, 0x00, 0x00, 0x00, 0x00, 0x00, 0x00, 0x00, 0x00, 0x00, 0x00, 0x00,
    0x00, 0x00, 0x00, 0x00, 0x4a, 0x59, 0x74, 0xfb, 0x74, 0xfb, 0x7a, 0xfd, 0x7a, 0xfd, 0x7a, 0xfd, 0x7a, 0xfd, 0x7a, 0xfd, 0x7a, 0xfd, 0x7a, 0xfd, 0x7a, 0xfd, 0x7a, 0xfd, 0x7a, 0xfd, 0x7a, 0xfd,
    0x7a, 0xfd, 0x7a, 0xfd, 0x15, 0xd4, 0x15, 0xd4, 0x15, 0xd4, 0x15, 0xd4, 0x15, 0xd4, 0x15, 0xd4, 0x15, 0xd4, 0x15, 0xd4, 0x15, 0xd4, 0x15, 0xd4, 0x74, 0xfb, 0x74, 0xfb, 0x4a, 0x59, 0x00, 0x00,
    0x00, 0x00, 0x00, 0x00, 0x00, 0x00, 0x00, 0x00, 0x00, 0x00, 0x00, 0x00, 0x00, 0x00, 0x00, 0x00, 0x00, 0x00, 0x00, 0x00, 0x00, 0x00, 0x00, 0x00, 0x00, 0x00, 0x00, 0x00, 0x00, 0x00, 0x00, 0x00,
    0x00, 0x00, 0x00, 0x00, 0x00, 0x00, 0x00, 0x00, 0x00, 0x00, 0x00, 0x00, 0x00, 0x00, 0x00, 0x00, 0x00, 0x00, 0x00, 0x00, 0x00, 0x00, 0x00, 0x00, 0x00, 0x00, 0x00, 0x00, 0x00, 0x00, 0x00, 0x00,
    0x00, 0x00, 0x00, 0x00, 0x00, 0x00, 0x4a, 0x59, 0x7a, 0xfd, 0x7a, 0xfd, 0x7a, 0xfd, 0x7a, 0xfd, 0x7a, 0xfd, 0x7a, 0xfd, 0x7a, 0xfd, 0x7a, 0xfd, 0x4a, 0x59, 0x7a, 0xfd, 0x7a, 0xfd, 0x7a, 0xfd,
    0x7a, 0xfd, 0x7a, 0xfd, 0x15, 0xd4, 0x15, 0xd4, 0x4a, 0x59, 0x15, 0xd4, 0x15, 0xd4, 0x15, 0xd4, 0x15, 0xd4, 0x15, 0xd4, 0x15, 0xd4, 0x15, 0xd4, 0x15, 0xd4, 0x4a, 0x59, 0x15, 0xd4, 0x00, 0x00,
    0x00, 0x00, 0x00, 0x00, 0x00, 0x00, 0x00, 0x00, 0x00, 0x00, 0x00, 0x00, 0x00, 0x00, 0x00, 0x00, 0x00, 0x00, 0x00, 0x00, 0x00, 0x00, 0x00, 0x00, 0x00, 0x00, 0x00, 0x00, 0x00, 0x00, 0x00, 0x00,
    0x00, 0x00, 0x00, 0x00, 0x00, 0x00, 0x00, 0x00, 0x00, 0x00, 0x00, 0x00, 0x00, 0x00, 0x00, 0x00, 0x00, 0x00, 0x00, 0x00, 0x00, 0x00, 0x00, 0x00, 0x00, 0x00, 0x00, 0x00, 0x00, 0x00, 0x00, 0x00,
    0x00, 0x00, 0x00, 0x00, 0x00, 0x00, 0x00, 0x00, 0x4a, 0x59, 0x7a, 0xfd, 0x7a, 0xfd, 0x7a, 0xfd, 0x7a, 0xfd, 0x7a, 0xfd, 0x7a, 0xfd, 0x7a, 0xfd, 0x7a, 0xfd, 0x4a, 0x59, 0x7a, 0xfd, 0x7a, 0xfd,
    0x7a, 0xfd, 0x7a, 0xfd, 0x7a, 0xfd, 0x4a, 0x59, 0x15, 0xd4, 0x15, 0xd4, 0x15, 0xd4, 0x15, 0xd4, 0x15, 0xd4, 0x15, 0xd4, 0x15, 0xd4, 0x15, 0xd4, 0x4a, 0x59, 0x15, 0xd4, 0x00, 0x00, 0x00, 0x00,
    0x00, 0x00, 0x00, 0x00, 0x00, 0x00, 0x00, 0x00, 0x00, 0x00, 0x00, 0x00, 0x00, 0x00, 0x00, 0x00, 0x00, 0x00, 0x00, 0x00, 0x00, 0x00, 0x00, 0x00, 0x00, 0x00, 0x00, 0x00, 0x00, 0x00, 0x00, 0x00,
    0x00, 0x00, 0x00, 0x00, 0x00, 0x00, 0x00, 0x00, 0x00, 0x00, 0x00, 0x00, 0x00, 0x00, 0x00, 0x00, 0x00, 0x00, 0x00, 0x00, 0x00, 0x00, 0x00, 0x00, 0x00, 0x00, 0x00, 0x00, 0x00, 0x00, 0x00, 0x00,
    0x00, 0x00, 0x00, 0x00, 0x00, 0x00, 0x00, 0x00, 0x00, 0x00, 0x4a, 0x59, 0x7a, 0xfd, 0x7a, 0xfd, 0x7a, 0xfd, 0x7a, 0xfd, 0x7a, 0xfd, 0x7a, 0xfd, 0x7a, 0xfd, 0x7a, 0xfd, 0x4a, 0x59, 0x4a, 0x59,
    0x4a, 0x59, 0x4a, 0x59, 0x4a, 0x59, 0x15, 0xd4, 0x15, 0xd4, 0x15, 0xd4, 0x15, 0xd4, 0x15, 0xd4, 0x15, 0xd4, 0x15, 0xd4, 0x15, 0xd4, 0x4a, 0x59, 0x15, 0xd4, 0x15, 0xd4, 0x00, 0x00, 0x00, 0x00,
    0x00, 0x00, 0x00, 0x00, 0x00, 0x00, 0x00, 0x00, 0x00, 0x00, 0x00, 0x00, 0x00, 0x00, 0x00, 0x00, 0x00, 0x00, 0x00, 0x00, 0x00, 0x00, 0x00, 0x00, 0x00, 0x00, 0x00, 0x00, 0x00, 0x00, 0x00, 0x00,
    0x00, 0x00, 0x00, 0x00, 0x00, 0x00, 0x00, 0x00, 0x00, 0x00, 0x00, 0x00, 0x00, 0x00, 0x00, 0x00, 0x00, 0x00, 0x00, 0x00, 0x00, 0x00, 0x00, 0x00, 0x00, 0x00, 0x00, 0x00, 0x00, 0x00, 0x00, 0x00,
    0x00, 0x00, 0x00, 0x00, 0x00, 0x00, 0x00, 0x00, 0x00, 0x00, 0x00, 0x00, 0x4a, 0x59, 0x7a, 0xfd, 0x7a, 0xfd, 0x7a, 0xfd, 0x7a, 0xfd, 0x7a, 0xfd, 0x7a, 0xfd, 0x7a, 0xfd, 0x7a, 0xfd, 0x7a, 0xfd,
    0x7a, 0xfd, 0x7a, 0xfd, 0x7a, 0xfd, 0x7a, 0xfd, 0x15, 0xd4, 0x15, 0xd4, 0x15, 0xd4, 0x15, 0xd4, 0x15, 0xd4, 0x15, 0xd4, 0x4a, 0x59, 0x15, 0xd4, 0x15, 0xd4, 0x00, 0x00, 0x00, 0x00, 0x00, 0x00,
    0x00, 0x00, 0x00, 0x00, 0x00, 0x00, 0x00, 0x00, 0x00, 0x00, 0x00, 0x00, 0x00, 0x00, 0x00, 0x00, 0x00, 0x00, 0x00, 0x00, 0x00, 0x00, 0x00, 0x00, 0x00, 0x00, 0x00, 0x00, 0x00, 0x00, 0x00, 0x00,
    0x00, 0x00, 0x00, 0x00, 0x00, 0x00, 0x00, 0x00, 0x00, 0x00, 0x00, 0x00, 0x00, 0x00, 0x00, 0x00, 0x00, 0x00, 0x00, 0x00, 0x00, 0x00, 0x00, 0x00, 0x00, 0x00, 0x00, 0x00, 0x00, 0x00, 0x00, 0x00,
    0x00, 0x00, 0x00, 0x00, 0x00, 0x00, 0x00, 0x00, 0x4a, 0x59, 0x4a, 0x59, 0x4a, 0x59, 0x4a, 0x59, 0x4a, 0x59, 0x7a, 0xfd, 0x7a, 0xfd, 0x7a, 0xfd, 0x7a, 0xfd, 0x7a, 0xfd, 0x7a, 0xfd, 0x7a, 0xfd,
    0x7a, 0xfd, 0x7a, 0xfd, 0x7a, 0xfd, 0x7a, 0xfd, 0x7a, 0xfd, 0x7a, 0xfd, 0x15, 0xd4, 0x15, 0xd4, 0x4a, 0x59, 0x4a, 0x59, 0x15, 0xd4, 0x4a, 0x59, 0x4a, 0x59, 0x00, 0x00, 0x00, 0x00, 0x00, 0x00,
    0x00, 0x00, 0x00, 0x00, 0x00, 0x00, 0x00, 0x00, 0x00, 0x00, 0x00, 0x00, 0x00, 0x00, 0x00, 0x00, 0x00, 0x00, 0x00, 0x00, 0x00, 0x00, 0x00, 0x00, 0x00, 0x00, 0x00, 0x00, 0x00, 0x00, 0x00, 0x00,
    0x00, 0x00, 0x00, 0x00, 0x00, 0x00, 0x00, 0x00, 0x00, 0x00, 0x00, 0x00, 0x00, 0x00, 0x00, 0x00, 0x00, 0x00, 0x00, 0x00, 0x00, 0x00, 0x00, 0x00, 0x00, 0x00, 0x00, 0x00, 0x00, 0x00, 0x00, 0x00,
    0x00, 0x00, 0x00, 0x00, 0x00, 0x00, 0x4a, 0x59, 0x1b, 0x6d, 0x1b, 0x6d, 0x1b, 0x6d, 0x1b, 0x6d, 0x1b, 0x6d, 0x4a, 0x59, 0x4a, 0x59, 0x4a, 0x59, 0x7a, 0xfd, 0x7a, 0xfd, 0x7a, 0xfd, 0x7a, 0xfd,
    0x7a, 0xfd, 0x7a, 0xfd, 0x7a, 0xfd, 0x7a, 0xfd, 0x7a, 0xfd, 0x4a, 0x59, 0x4a, 0x59, 0x4a, 0x59, 0x1b, 0x6d, 0x1b, 0x6d, 0x1b, 0x6d, 0x1b, 0x6d, 0x1b, 0x6d, 0x4a, 0x59, 0x00, 0x00, 0x00, 0x00,
    0x00, 0x00, 0x00, 0x00, 0x00, 0x00, 0x00, 0x00, 0x00, 0x00, 0x00, 0x00, 0x00, 0x00, 0x00, 0x00, 0x00, 0x00, 0x00, 0x00, 0x00, 0x00, 0x00, 0x00, 0x00, 0x00, 0x00, 0x00, 0x00, 0x00, 0x00, 0x00,
    0x00, 0x00, 0x00, 0x00, 0x00, 0x00, 0x00, 0x00, 0x00, 0x00, 0x00, 0x00, 0x00, 0x00, 0x00, 0x00, 0x00, 0x00, 0x00, 0x00, 0x00, 0x00, 0x00, 0x00, 0x00, 0x00, 0x00, 0x00, 0x00, 0x00, 0x00, 0x00,
    0x00, 0x00, 0x00, 0x00, 0x00, 0x00, 0x4a, 0x59, 0x1b, 0x6d, 0x1b, 0x6d, 0x1b, 0x6d, 0x1b, 0x6d, 0x1b, 0x6d, 0x1b, 0x6d, 0x5e, 0xa6, 0x1b, 0x6d, 0x4a, 0x59, 0x4a, 0x59, 0x4a, 0x59, 0x4a, 0x59,
    0x4a, 0x59, 0x4a, 0x59, 0x4a, 0x59, 0x4a, 0x59, 0x4a, 0x59, 0x1b, 0x6d, 0x5e, 0xa6, 0x1b, 0x6d, 0x1b, 0x6d, 0x1b, 0x6d, 0x1b, 0x6d, 0x1b, 0x6d, 0x1b, 0x6d, 0x4a, 0x59, 0x00, 0x00, 0x00, 0x00,
    0x00, 0x00, 0x00, 0x00, 0x00, 0x00, 0x00, 0x00, 0x00, 0x00, 0x00, 0x00, 0x00, 0x00, 0x00, 0x00, 0x00, 0x00, 0x00, 0x00, 0x00, 0x00, 0x00, 0x00, 0x00, 0x00, 0x00, 0x00, 0x00, 0x00, 0x00, 0x00,
    0x00, 0x00, 0x00, 0x00, 0x00, 0x00, 0x00, 0x00, 0x00, 0x00, 0x00, 0x00, 0x00, 0x00, 0x00, 0x00, 0x00, 0x00, 0x00, 0x00, 0x00, 0x00, 0x00, 0x00, 0x00, 0x00, 0x00, 0x00, 0x00, 0x00, 0x00, 0x00,
    0x00, 0x00, 0x00, 0x00, 0x4a, 0x59, 0x1b, 0x6d, 0x1b, 0x6d, 0x1b, 0x6d, 0x1b, 0x6d, 0x1b, 0x6d, 0x1b, 0x6d, 0x5e, 0xa6, 0x1b, 0x6d, 0x1b, 0x6d, 0x1b, 0x6d, 0x1b, 0x6d, 0x1b, 0x6d, 0x1b, 0x6d,
    0x5e, 0xa6, 0x1b, 0x6d, 0x1b, 0x6d, 0x1b, 0x6d, 0x1b, 0x6d, 0x1b, 0x6d, 0x1b, 0x6d, 0x5e, 0xa6, 0x1b, 0x6d, 0x1b, 0x6d, 0x1b, 0x6d, 0x1b, 0x6d, 0x1b, 0x6d, 0x1b, 0x6d, 0x4a, 0x59, 0x00, 0x00,
    0x00, 0x00, 0x00, 0x00, 0x00, 0x00, 0x00, 0x00, 0x00, 0x00, 0x00, 0x00, 0x00, 0x00, 0x00, 0x00, 0x00, 0x00, 0x00, 0x00, 0x00, 0x00, 0x00, 0x00, 0x00, 0x00, 0x00, 0x00, 0x00, 0x00, 0x00, 0x00,
    0x00, 0x00, 0x00, 0x00, 0x00, 0x00, 0x00, 0x00, 0x00, 0x00, 0x00, 0x00, 0x00, 0x00, 0x00, 0x00, 0x00, 0x00, 0x00, 0x00, 0x00, 0x00, 0x00, 0x00, 0x00, 0x00, 0x00, 0x00, 0x00, 0x00, 0x00, 0x00,
    0x00, 0x00, 0x00, 0x00, 0x4a, 0x59, 0x1b, 0x6d, 0x1b, 0x6d, 0x1b, 0x6d, 0x1b, 0x6d, 0x1b, 0x6d, 0x1b, 0x6d, 0x5e, 0xa6, 0x1b, 0x6d, 0x1b, 0x6d, 0x1b, 0x6d, 0x1b, 0x6d, 0x1b, 0x6d, 0x1b, 0x6d,
    0x5e, 0xa6, 0x1b, 0x6d, 0x1b, 0x6d, 0x1b, 0x6d, 0x1b, 0x6d, 0x1b, 0x6d, 0x1b, 0x6d, 0x5e, 0xa6, 0x1b, 0x6d, 0x1b, 0x6d, 0x1b, 0x6d, 0x1b, 0x6d, 0x1b, 0x6d, 0x1b, 0x6d, 0x4a, 0x59, 0x00, 0x00,
    0x00, 0x00, 0x00, 0x00, 0x00, 0x00, 0x00, 0x00, 0x00, 0x00, 0x00, 0x00, 0x00, 0x00, 0x00, 0x00, 0x00, 0x00, 0x00, 0x00, 0x00, 0x00, 0x00, 0x00, 0x00, 0x00, 0x00, 0x00, 0x00, 0x00, 0x00, 0x00,
    0x00, 0x00, 0x00, 0x00, 0x00, 0x00, 0x00, 0x00, 0x00, 0x00, 0x00, 0x00, 0x00, 0x00, 0x00, 0x00, 0x00, 0x00, 0x00, 0x00, 0x00, 0x00, 0x00, 0x00, 0x00, 0x00, 0x00, 0x00, 0x00, 0x00, 0x00, 0x00,
    0x00, 0x00, 0x4a, 0x59, 0x1b, 0x6d, 0x1b, 0x6d, 0x1b, 0x6d, 0x1b, 0x6d, 0x1b, 0x6d, 0x1b, 0x6d, 0x5e, 0xa6, 0x1b, 0x6d, 0x1b, 0x6d, 0x1b, 0x6d, 0x1b, 0x6d, 0x1b, 0x6d, 0x1b, 0x6d, 0x1b, 0x6d,
    0x5e, 0xa6, 0x1b, 0x6d, 0x1b, 0x6d, 0x1b, 0x6d, 0x1b, 0x6d, 0x1b, 0x6d, 0x1b, 0x6d, 0x1b, 0x6d, 0x5e, 0xa6, 0x1b, 0x6d, 0x1b, 0x6d, 0x1b, 0x6d, 0x1b, 0x6d, 0x1b, 0x6d, 0x1b, 0x6d, 0x4a, 0x59,
    0x00, 0x00, 0x00, 0x00, 0x00, 0x00, 0x00, 0x00, 0x00, 0x00, 0x00, 0x00, 0x00, 0x00, 0x00, 0x00, 0x00, 0x00, 0x00, 0x00, 0x00, 0x00, 0x00, 0x00, 0x00, 0x00, 0x00, 0x00, 0x00, 0x00, 0x00, 0x00,
    0x00, 0x00, 0x00, 0x00, 0x00, 0x00, 0x00, 0x00, 0x00, 0x00, 0x00, 0x00, 0x00, 0x00, 0x00, 0x00, 0x00, 0x00, 0x00, 0x00, 0x00, 0x00, 0x00, 0x00, 0x00, 0x00, 0x00, 0x00, 0x00, 0x00, 0x00, 0x00,
    0x00, 0x00, 0x4a, 0x59, 0x1b, 0x6d, 0x1b, 0x6d, 0x1b, 0x6d, 0x1b, 0x6d, 0x1b, 0x6d, 0x1b, 0x6d, 0x5e, 0xa6, 0x1b, 0x6d, 0x1b, 0x6d, 0x1b, 0x6d, 0x1b, 0x6d, 0x1b, 0x6d, 0x1b, 0x6d, 0x1b, 0x6d,
    0x5e, 0xa6, 0x1b, 0x6d, 0x1b, 0x6d, 0x1b, 0x6d, 0x1b, 0x6d, 0x1b, 0x6d, 0x1b, 0x6d, 0x1b, 0x6d, 0x5e, 0xa6, 0x1b, 0x6d, 0x1b, 0x6d, 0x1b, 0x6d, 0x1b, 0x6d, 0x1b, 0x6d, 0x1b, 0x6d, 0x4a, 0x59,
    0x00, 0x00, 0x00, 0x00, 0x00, 0x00, 0x00, 0x00, 0x00, 0x00, 0x00, 0x00, 0x00, 0x00, 0x00, 0x00, 0x00, 0x00, 0x00, 0x00, 0x00, 0x00, 0x00, 0x00, 0x00, 0x00, 0x00, 0x00, 0x00, 0x00, 0x00, 0x00,
    0x00, 0x00, 0x00, 0x00, 0x00, 0x00, 0x00, 0x00, 0x00, 0x00, 0x00, 0x00, 0x00, 0x00, 0x00, 0x00, 0x00, 0x00, 0x00, 0x00, 0x00, 0x00, 0x00, 0x00, 0x00, 0x00, 0x00, 0x00, 0x00, 0x00, 0x00, 0x00,
    0x4a, 0x59, 0x1b, 0x6d, 0x1b, 0x6d, 0x1b, 0x6d, 0x1b, 0x6d, 0x1b, 0x6d, 0x1b, 0x6d, 0x5e, 0xa6, 0x1b, 0x6d, 0x1b, 0x6d, 0x1b, 0x6d, 0x1b, 0x6d, 0x1b, 0x6d, 0x1b, 0x6d, 0x1b, 0x6d, 0x1b, 0x6d,
    0x5e, 0xa6, 0x1b, 0x6d, 0x1b, 0x6d, 0x1b, 0x6d, 0x1b, 0x6d, 0x1b, 0x6d, 0x1b, 0x6d, 0x1b, 0x6d, 0x1b, 0x6d, 0x5e, 0xa6, 0x1b, 0x6d, 0x1b, 0x6d, 0x1b, 0x6d, 0x1b, 0x6d, 0x1b, 0x6d, 0x1b, 0x6d,
    0x4a, 0x59, 0x00, 0x00, 0x00, 0x00, 0x00, 0x00, 0x00, 0x00, 0x00, 0x00, 0x00, 0x00, 0x00, 0x00, 0x00, 0x00, 0x00, 0x00, 0x00, 0x00, 0x00, 0x00, 0x00, 0x00, 0x00, 0x00, 0x00, 0x00, 0x00, 0x00,
    0x00, 0x00, 0x00, 0x00, 0x00, 0x00, 0x00, 0x00, 0x00, 0x00, 0x00, 0x00, 0x00, 0x00, 0x00, 0x00, 0x00, 0x00, 0x00, 0x00, 0x00, 0x00, 0x00, 0x00, 0x00, 0x00, 0x00, 0x00, 0x00, 0x00, 0x00, 0x00,
    0x4a, 0x59, 0x1b, 0x6d, 0x1b, 0x6d, 0x1b, 0x6d, 0x1b, 0x6d, 0x1b, 0x6d, 0x1b, 0x6d, 0x5e, 0xa6, 0x1b, 0x6d, 0x1b, 0x6d, 0x1b, 0x6d, 0x1b, 0x6d, 0x1b, 0x6d, 0x1b, 0x6d, 0x1b, 0x6d, 0x1b, 0x6d,
    0x5e, 0xa6, 0x1b, 0x6d, 0x1b, 0x6d, 0x1b, 0x6d, 0x1b, 0x6d, 0x1b, 0x6d, 0x1b, 0x6d, 0x1b, 0x6d, 0x1b, 0x6d, 0x5e, 0xa6, 0x1b, 0x6d, 0x1b, 0x6d, 0x1b, 0x6d, 0x1b, 0x6d, 0x1b, 0x6d, 0x1b, 0x6d,
    0x4a, 0x59, 0x00, 0x00, 0x00, 0x00, 0x00, 0x00, 0x00, 0x00, 0x00, 0x00, 0x00, 0x00, 0x00, 0x00, 0x00, 0x00, 0x00, 0x00, 0x00, 0x00, 0x00, 0x00, 0x00, 0x00, 0x00, 0x00, 0x00, 0x00, 0x00, 0x00,
    0x00, 0x00, 0x00, 0x00, 0x00, 0x00, 0x00, 0x00, 0x00, 0x00, 0x00, 0x00, 0x00, 0x00, 0x00, 0x00, 0x00, 0x00, 0x00, 0x00, 0x00, 0x00, 0x00, 0x00, 0x00, 0x00, 0x00, 0x00, 0x00, 0x00, 0x4a, 0x59,
    0x1b, 0x6d, 0x1b, 0x6d, 0x1b, 0x6d, 0x1b, 0x6d, 0x1b, 0x6d, 0x1b, 0x6d, 0x5e, 0xa6, 0x1b, 0x6d, 0x1b, 0x6d, 0x1b, 0x6d, 0x1b, 0x6d, 0x1b, 0x6d, 0x1b, 0x6d, 0x1b, 0x6d, 0x1b, 0x6d, 0x1b, 0x6d,
    0x5e, 0xa6, 0x1b, 0x6d, 0x1b, 0x6d, 0x1b, 0x6d, 0x1b, 0x6d, 0x1b, 0x6d, 0x1b, 0x6d, 0x1b, 0x6d, 0x1b, 0x6d, 0x1b, 0x6d, 0x5e, 0xa6, 0x1b, 0x6d, 0x1b, 0x6d, 0x1b, 0x6d, 0x1b, 0x6d, 0x1b, 0x6d,
    0x1b, 0x6d, 0x4a, 0x59, 0x00, 0x00, 0x00, 0x00, 0x00, 0x00, 0x00, 0x00, 0x00, 0x00, 0x00, 0x00, 0x00, 0x00, 0x00, 0x00, 0x00, 0x00, 0x00, 0x00, 0x00, 0x00, 0x00, 0x00, 0x00, 0x00, 0x00, 0x00,
    0x00, 0x00, 0x00, 0x00, 0x00, 0x00, 0x00, 0x00, 0x00, 0x00, 0x00, 0x00, 0x00, 0x00, 0x00, 0x00, 0x00, 0x00, 0x00, 0x00, 0x00, 0x00, 0x00, 0x00, 0x00, 0x00, 0x00, 0x00, 0x4a, 0x59, 0x1b, 0x6d,
    0x1b, 0x6d, 0x1b, 0x6d, 0x1b, 0x6d, 0x1b, 0x6d, 0x1b, 0x6d, 0x1b, 0x6d, 0x5e, 0xa6, 0x1b, 0x6d, 0x1b, 0x6d, 0x1b, 0x6d, 0x1b, 0x6d, 0x1b, 0x6d, 0x1b, 0x6d, 0x1b, 0x6d, 0x1b, 0x6d, 0x1b, 0x6d,
    0x5e, 0xa6, 0x1b, 0x6d, 0x1b, 0x6d, 0x1b, 0x6d, 0x1b, 0x6d, 0x1b, 0x6d, 0x1b, 0x6d, 0x1b, 0x6d, 0x1b, 0x6d, 0x1b, 0x6d, 0x5e, 0xa6, 0x1b, 0x6d, 0x1b, 0x6d, 0x1b, 0x6d, 0x1b, 0x6d, 0x1b, 0x6d,
    0x1b, 0x6d, 0x1b, 0x6d, 0x4a, 0x59, 0x00, 0x00, 0x00, 0x00, 0x00, 0x00, 0x00, 0x00, 0x00, 0x00, 0x00, 0x00, 0x00, 0x00, 0x00, 0x00, 0x00, 0x00, 0x00, 0x00, 0x00, 0x00, 0x00, 0x00, 0x00, 0x00,
    0x00, 0x00, 0x00, 0x00, 0x00, 0x00, 0x00, 0x00, 0x00, 0x00, 0x00, 0x00, 0x00, 0x00, 0x00, 0x00, 0x00, 0x00, 0x00, 0x00, 0x00, 0x00, 0x00, 0x00, 0x00, 0x00, 0x00, 0x00, 0x4a, 0x59, 0x1b, 0x6d,
    0x1b, 0x6d, 0x1b, 0x6d, 0x1b, 0x6d, 0x1b, 0x6d, 0x1b, 0x6d, 0x5e, 0xa6, 0x1b, 0x6d, 0x1b, 0x6d, 0x1b, 0x6d, 0x1b, 0x6d, 0x1b, 0x6d, 0x1b, 0x6d, 0x1b, 0x6d, 0x1b, 0x6d, 0x1b, 0x6d, 0x1b, 0x6d,
    0x5e, 0xa6, 0x1b, 0x6d, 0x1b, 0x6d, 0x1b, 0x6d, 0x1b, 0x6d, 0x1b, 0x6d, 0x1b, 0x6d, 0x1b, 0x6d, 0x1b, 0x6d, 0x1b, 0x6d, 0x1b, 0x6d, 0x5e, 0xa6, 0x1b, 0x6d, 0x1b, 0x6d, 0x1b, 0x6d, 0x1b, 0x6d,
    0x1b, 0x6d, 0x1b, 0x6d, 0x4a, 0x59, 0x00, 0x00, 0x00, 0x00, 0x00, 0x00, 0x00, 0x00, 0x00, 0x00, 0x00, 0x00, 0x00, 0x00, 0x00, 0x00, 0x00, 0x00, 0x00, 0x00, 0x00, 0x00, 0x00, 0x00, 0x00, 0x00,
    0x00, 0x00, 0x00, 0x00, 0x00, 0x00, 0x00, 0x00, 0x00, 0x00, 0x00, 0x00, 0x00, 0x00, 0x00, 0x00, 0x00, 0x00, 0x00, 0x00, 0x00, 0x00, 0x00, 0x00, 0x00, 0x00, 0x4a, 0x59, 0x1b, 0x6d, 0x1b, 0x6d,
    0x1b, 0x6d, 0x1b, 0x6d, 0x1b, 0x6d, 0x1b, 0x6d, 0x1b, 0x6d, 0x5e, 0xa6, 0x1b, 0x6d, 0x1b, 0x6d, 0x1b, 0x6d, 0x1b, 0x6d, 0x1b, 0x6d, 0x1b, 0x6d, 0x1b, 0x6d, 0x1b, 0x6d, 0x1b, 0x6d, 0x1b, 0x6d,
    0x5e, 0xa6, 0x1b, 0x6d, 0x1b, 0x6d, 0x1b, 0x6d, 0x1b, 0x6d, 0x1b, 0x6d, 0x1b, 0x6d, 0x1b, 0x6d, 0x1b, 0x6d, 0x1b, 0x6d, 0x1b, 0x6d, 0x5e, 0xa6, 0x1b, 0x6d, 0x1b, 0x6d, 0x1b, 0x6d, 0x1b, 0x6d,
    0x1b, 0x6d, 0x1b, 0x6d, 0x1b, 0x6d, 0x4a, 0x59, 0x00, 0x00, 0x00, 0x00, 0x00, 0x00, 0x00, 0x00, 0x00, 0x00, 0x00, 0x00, 0x00, 0x00, 0x00, 0x00, 0x00, 0x00, 0x00, 0x00, 0x00, 0x00, 0x00, 0x00,
    0x00, 0x00, 0x00, 0x00, 0x00, 0x00, 0x00, 0x00, 0x00, 0x00, 0x00, 0x00, 0x00, 0x00, 0x00, 0x00, 0x00, 0x00, 0x00, 0x00, 0x00, 0x00, 0x00, 0x00, 0x00, 0x00, 0x4a, 0x59, 0x1b, 0x6d, 0x1b, 0x6d,
    0x1b, 0x6d, 0x1b, 0x6d, 0x1b, 0x6d, 0x1b, 0x6d, 0x5e, 0xa6, 0x1b, 0x6d, 0x1b, 0x6d, 0x1b, 0x6d, 0x1b, 0x6d, 0x1b, 0x6d, 0x1b, 0x6d, 0x1b, 0x6d, 0x1b, 0x6d, 0x1b, 0x6d, 0x1b, 0x6d, 0x1b, 0x6d,
    0x5e, 0xa6, 0x1b, 0x6d, 0x1b, 0x6d, 0x1b, 0x6d, 0x1b, 0x6d, 0x1b, 0x6d, 0x1b, 0x6d, 0x1b, 0x6d, 0x1b, 0x6d, 0x1b, 0x6d, 0x1b, 0x6d, 0x1b, 0x6d, 0x5e, 0xa6, 0x1b, 0x6d, 0x1b, 0x6d, 0x1b, 0x6d,
    0x1b, 0x6d, 0x1b, 0x6d, 0x1b, 0x6d, 0x4a, 0x59, 0x00, 0x00, 0x00, 0x00, 0x00, 0x00, 0x00, 0x00, 0x00, 0x00, 0x00, 0x00, 0x00, 0x00, 0x00, 0x00, 0x00, 0x00, 0x00, 0x00, 0x00, 0x00, 0x00, 0x00,
    0x00, 0x00, 0x00, 0x00, 0x00, 0x00, 0x00, 0x00, 0x00, 0x00, 0x00, 0x00, 0x00, 0x00, 0x00, 0x00, 0x00, 0x00, 0x00, 0x00, 0x00, 0x00, 0x00, 0x00, 0x4a, 0x59, 0x1b, 0x6d, 0x1b, 0x6d, 0x1b, 0x6d,
    0x1b, 0x6d, 0x1b, 0x6d, 0x1b, 0x6d, 0x1b, 0x6d, 0x5e, 0xa6, 0x1b, 0x6d, 0x1b, 0x6d, 0x1b, 0x6d, 0x1b, 0x6d, 0x1b, 0x6d, 0x1b, 0x6d, 0x1b, 0x6d, 0x1b, 0x6d, 0x1b, 0x6d, 0x1b, 0x6d, 0x1b, 0x6d,
    0x5e, 0xa6, 0x1b, 0x6d, 0x1b, 0x6d, 0x1b, 0x6d, 0x1b, 0x6d, 0x1b, 0x6d, 0x1b, 0x6d, 0x1b, 0x6d, 0x1b, 0x6d, 0x1b, 0x6d, 0x1b, 0x6d, 0x1b, 0x6d, 0x5e, 0xa6, 0x1b, 0x6d, 0x1b, 0x6d, 0x1b, 0x6d,
    0x1b, 0x6d, 0x1b, 0x6d, 0x1b, 0x6d, 0x1b, 0x6d, 0x4a, 0x59, 0x00, 0x00, 0x00, 0x00, 0x00, 0x00, 0x00, 0x00, 0x00, 0x00, 0x00, 0x00, 0x00, 0x00, 0x00, 0x00, 0x00, 0x00, 0x00, 0x00, 0x00, 0x00,
    0x00, 0x00, 0x00, 0x00, 0x00, 0x00, 0x00, 0x00, 0x00, 0x00, 0x00, 0x00, 0x00, 0x00, 0x00, 0x00, 0x00, 0x00, 0x00, 0x00, 0x00, 0x00, 0x00, 0x00, 0x4a, 0x59, 0x1b, 0x6d, 0x1b, 0x6d, 0x1b, 0x6d,
    0x1b, 0x6d, 0x1b, 0x6d, 0x1b, 0x6d, 0x5e, 0xa6, 0x1b, 0x6d, 0x1b, 0x6d, 0x1b, 0x6d, 0x1b, 0x6d, 0x1b, 0x6d, 0x1b, 0x6d, 0x1b, 0x6d, 0x1b, 0x6d, 0x1b, 0x6d, 0x1b, 0x6d, 0x1b, 0x6d, 0x1b, 0x6d,
    0x5e, 0xa6, 0x1b, 0x6d, 0x1b, 0x6d, 0x1b, 0x6d, 0x1b, 0x6d, 0x1b, 0x6d, 0x1b, 0x6d, 0x1b, 0x6d, 0x1b, 0x6d, 0x1b, 0x6d, 0x1b, 0x6d, 0x1b, 0x6d, 0x1b, 0x6d, 0x5e, 0xa6, 0x1b, 0x6d, 0x1b, 0x6d,
    0x1b, 0x6d, 0x1b, 0x6d, 0x1b, 0x6d, 0x1b, 0x6d, 0x4a, 0x59, 0x00, 0x00, 0x00, 0x00, 0x00, 0x00, 0x00, 0x00, 0x00, 0x00, 0x00, 0x00, 0x00, 0x00, 0x00, 0x00, 0x00, 0x00, 0x00, 0x00, 0x00, 0x00,
    0x00, 0x00, 0x00, 0x00, 0x00, 0x00, 0x00, 0x00, 0x00, 0x00, 0x00, 0x00, 0x00, 0x00, 0x00, 0x00, 0x00, 0x00, 0x00, 0x00, 0x00, 0x00, 0x4a, 0x59, 0x35, 0x3b, 0x35, 0x3b, 0x35, 0x3b, 0x35, 0x3b,
    0x35, 0x3b, 0x35, 0x3b, 0x35, 0x3b, 0x35, 0x3b, 0x35, 0x3b, 0x35, 0x3b, 0xe5, 0x88, 0xe5, 0x88, 0xe5, 0x88, 0xe5, 0x88, 0xe5, 0x88, 0x35, 0x3b, 0x35, 0x3b, 0x35, 0x3b, 0x35, 0x3b, 0x35, 0x3b,
    0x35, 0x3b, 0x35, 0x3b, 0x35, 0x3b, 0x35, 0x3b, 0x35, 0x3b, 0x35, 0x3b, 0xe5, 0x88, 0xe5, 0x88, 0xe5, 0x88, 0xe5, 0x88, 0xe5, 0x88, 0x35, 0x3b, 0x35, 0x3b, 0x35, 0x3b, 0x35, 0x3b, 0x35, 0x3b,
    0x35, 0x3b, 0x35, 0x3b, 0x35, 0x3b, 0x35, 0x3b, 0x35, 0x3b, 0x4a, 0x59, 0x00, 0x00, 0x00, 0x00, 0x00, 0x00, 0x00, 0x00, 0x00, 0x00, 0x00, 0x00, 0x00, 0x00, 0x00, 0x00, 0x00, 0x00, 0x00, 0x00,
    0x00, 0x00, 0x00, 0x00, 0x00, 0x00, 0x00, 0x00, 0x00, 0x00, 0x00, 0x00, 0x00, 0x00, 0x00, 0x00, 0x00, 0x00, 0x00, 0x00, 0x00, 0x00, 0x4a, 0x59, 0x1b, 0x6d, 0x1b, 0x6d, 0x1b, 0x6d, 0x1b, 0x6d,
    0x1b, 0x6d, 0x1b, 0x6d, 0x5e, 0xa6, 0x1b, 0x6d, 0x1b, 0x6d, 0x1b, 0x6d, 0xe5, 0x88, 0x87, 0xd1, 0x87, 0xd1, 0x87, 0xd1, 0xe5, 0x88, 0x1b, 0x6d, 0x1b, 0x6d, 0x1b, 0x6d, 0x1b, 0x6d, 0x1b, 0x6d,
    0x5e, 0xa6, 0x1b, 0x6d, 0x1b, 0x6d, 0x1b, 0x6d, 0x1b, 0x6d, 0x1b, 0x6d, 0xe5, 0x88, 0x87, 0xd1, 0x87, 0xd1, 0x87, 0xd1, 0xe5, 0x88, 0x1b, 0x6d, 0x1b, 0x6d, 0x1b, 0x6d, 0x5e, 0xa6, 0x1b, 0x6d,
    0x1b, 0x6d, 0x1b, 0x6d, 0x1b, 0x6d, 0x1b, 0x6d, 0x1b, 0x6d, 0x4a, 0x59, 0x00, 0x00, 0x00, 0x00, 0x00, 0x00, 0x00, 0x00, 0x00, 0x00, 0x00, 0x00, 0x00, 0x00, 0x00, 0x00, 0x00, 0x00, 0x00, 0x00,
    0x00, 0x00, 0x00, 0x00, 0x00, 0x00, 0x00, 0x00, 0x00, 0x00, 0x00, 0x00, 0x00, 0x00, 0x00, 0x00, 0x00, 0x00, 0x00, 0x00, 0x4a, 0x59, 0x4a, 0x59, 0x4a, 0x59, 0x4a, 0x59, 0x4a, 0x59, 0x4a, 0x59,
    0x4a, 0x59, 0x4a, 0x59, 0x5e, 0xa6, 0x4a, 0x59, 0x4a, 0x59, 0x4a, 0x59, 0xe5, 0x88, 0x87, 0xd1, 0x87, 0xd1, 0x87, 0xd1, 0xe5, 0x88, 0x4a, 0x59, 0x4a, 0x59, 0x4a, 0x59, 0x4a, 0x59, 0x4a, 0x59,
    0x5e, 0xa6, 0x4a, 0x59, 0x4a, 0x59, 0x4a, 0x59, 0x4a, 0x59, 0x4a, 0x59, 0xe5, 0x88, 0x87, 0xd1, 0x87, 0xd1, 0x87, 0xd1, 0xe5, 0x88, 0x4a, 0x59, 0x4a, 0x59, 0x4a, 0x59, 0x5e, 0xa6, 0x4a, 0x59,
    0x4a, 0x59, 0x4a, 0x59, 0x4a, 0x59, 0x4a, 0x59, 0x4a, 0x59, 0x4a, 0x59, 0x4a, 0x59, 0x00, 0x00, 0x00, 0x00, 0x00, 0x00, 0x00, 0x00, 0x00, 0x00, 0x00, 0x00, 0x00, 0x00, 0x00, 0x00, 0x00, 0x00,
    0x00, 0x00, 0x00, 0x00, 0x00, 0x00, 0x00, 0x00, 0x00, 0x00, 0x00, 0x00, 0x00, 0x00, 0x00, 0x00, 0x00, 0x00, 0x00, 0x00, 0x00, 0x00, 0x00, 0x00, 0x00, 0x00, 0x00, 0x00, 0x00, 0x00, 0x00, 0x00,
    0x00, 0x00, 0x00, 0x00, 0x00, 0x00, 0x00, 0x00, 0x00, 0x00, 0x00, 0x00, 0xe5, 0x88, 0x87, 0xd1, 0x87, 0xd1, 0x87, 0xd1, 0xe5, 0x88, 0x00, 0x00, 0x00, 0x00, 0x00, 0x00, 0x00, 0x00, 0x00, 0x00,
    0x00, 0x00, 0x00, 0x00, 0x00, 0x00, 0x00, 0x00, 0x00, 0x00, 0x00, 0x00, 0xe5, 0x88, 0x87, 0xd1, 0x87, 0xd1, 0x87, 0xd1, 0xe5, 0x88, 0x00, 0x00, 0x00, 0x00, 0x00, 0x00, 0x00, 0x00, 0x00, 0x00,
    0x00, 0x00, 0x00, 0x00, 0x00, 0x00, 0x00, 0x00, 0x00, 0x00, 0x00, 0x00, 0x00, 0x00, 0x00, 0x00, 0x00, 0x00, 0x00, 0x00, 0x00, 0x00, 0x00, 0x00, 0x00, 0x00, 0x00, 0x00, 0x00, 0x00, 0x00, 0x00,
    0x00, 0x00, 0x00, 0x00, 0x00, 0x00, 0x00, 0x00, 0x00, 0x00, 0x00, 0x00, 0x00, 0x00, 0x00, 0x00, 0x00, 0x00, 0x00, 0x00, 0x00, 0x00, 0x00, 0x00, 0x00, 0x00, 0x00, 0x00, 0x00, 0x00, 0x00, 0x00,
    0x00, 0x00, 0x00, 0x00, 0x00, 0x00, 0x00, 0x00, 0x00, 0x00, 0x4a, 0x59, 0x4a, 0x59, 0x4a, 0x59, 0x4a, 0x59, 0x4a, 0x59, 0x4a, 0x59, 0x4a, 0x59, 0x00, 0x00, 0x00, 0x00, 0x00, 0x00, 0x00, 0x00,
    0x00, 0x00, 0x00, 0x00, 0x00, 0x00, 0x00, 0x00, 0x00, 0x00, 0x4a, 0x59, 0x4a, 0x59, 0x4a, 0x59, 0x4a, 0x59, 0x4a, 0x59, 0x4a, 0x59, 0x4a, 0x59, 0x00, 0x00, 0x00, 0x00, 0x00, 0x00, 0x00, 0x00,
    0x00, 0x00, 0x00, 0x00, 0x00, 0x00, 0x00, 0x00, 0x00, 0x00, 0x00, 0x00, 0x00, 0x00, 0x00, 0x00, 0x00, 0x00, 0x00, 0x00, 0x00, 0x00, 0x00, 0x00, 0x00, 0x00, 0x00, 0x00, 0x00, 0x00, 0x00, 0x00,
    0x00, 0x00, 0x00, 0x00, 0x00, 0x00, 0x00, 0x00, 0x00, 0x00, 0x00, 0x00, 0x00, 0x00, 0x00, 0x00, 0x00, 0x00, 0x00, 0x00, 0x00, 0x00, 0x00, 0x00, 0x00, 0x00, 0x00, 0x00, 0x00, 0x00, 0x00, 0x00,
    0x00, 0x00, 0x00, 0x00, 0x00, 0x00, 0x00, 0x00, 0x00, 0x00, 0x4a, 0x59, 0x4a, 0x59, 0x4a, 0x59, 0x4a, 0x59, 0x4a, 0x59, 0x4a, 0x59, 0x4a, 0x59, 0x00, 0x00, 0x00, 0x00, 0x00, 0x00, 0x00, 0x00,
    0x00, 0x00, 0x00, 0x00, 0x00, 0x00, 0x00, 0x00, 0x00, 0x00, 0x4a, 0x59, 0x4a, 0x59, 0x4a, 0x59, 0x4a, 0x59, 0x4a, 0x59, 0x4a, 0x59, 0x4a, 0x59, 0x00, 0x00, 0x00, 0x00, 0x00, 0x00, 0x00, 0x00,
    0x00, 0x00, 0x00, 0x00, 0x00, 0x00, 0x00, 0x00, 0x00, 0x00, 0x00, 0x00, 0x00, 0x00, 0x00, 0x00, 0x00, 0x00, 0x00, 0x00, 0x00, 0x00, 0x00, 0x00, 0x00, 0x00, 0x00, 0x00, 0x00, 0x00, 0x00, 0x00,
    0x00, 0x00, 0x00, 0x00, 0x00, 0x00, 0x00, 0x00, 0x00, 0x00, 0x00, 0x00, 0x00, 0x00, 0x00, 0x00, 0x00, 0x00, 0x00, 0x00, 0x00, 0x00, 0x00, 0x00, 0x00, 0x00, 0x00, 0x00, 0x00, 0x00, 0x00, 0x00,
    0x00, 0x00, 0x00, 0x00, 0x00, 0x00, 0x00, 0x00, 0x00, 0x00, 0x00, 0x00, 0x00, 0x00, 0x00, 0x00, 0x00, 0x00, 0x00, 0x00, 0x00, 0x00, 0x00, 0x00, 0x00, 0x00, 0x00, 0x00, 0x00, 0x00, 0x00, 0x00,
    0x00, 0x00, 0x00, 0x00, 0x00, 0x00, 0x00, 0x00, 0x00, 0x00, 0x00, 0x00, 0x00, 0x00, 0x00, 0x00, 0x00, 0x00, 0x00, 0x00, 0x00, 0x00, 0x00, 0x00, 0x00, 0x00, 0x00, 0x00, 0x00, 0x00, 0x00, 0x00,
    0x00, 0x00, 0x00, 0x00, 0x00, 0x00, 0x00, 0x00, 0x00, 0x00, 0x00, 0x00, 0x00, 0x00, 0x00, 0x00, 0x00, 0x00, 0x00, 0x00, 0x00, 0x00, 0x00, 0x00, 0x00, 0x00, 0x00, 0x00, 0x00, 0x00, 0x00, 0x00,
    0x00, 0x00, 0x00, 0x00, 0x00, 0x00, 0x00, 0x00, 0x00, 0x00, 0x00, 0x00, 0x00, 0x00, 0x00, 0x00, 0x00, 0x00, 0x00, 0x00, 0x00, 0x00, 0x00, 0x00, 0x00, 0x00, 0x00, 0x00, 0x00, 0x00, 0x00, 0x00,
    0x00, 0x00, 0x00, 0x00, 0x00, 0x00, 0x00, 0x00, 0x00, 0x00, 0x00, 0x00, 0x00, 0x00, 0x00, 0x00, 0x00, 0x00, 0x00, 0x00, 0x00, 0x00, 0x00, 0x00, 0x00, 0x00, 0x00, 0x00, 0x00, 0x00, 0x00, 0x00,
    0x00, 0x00, 0x00, 0x00, 0x00, 0x00, 0x00, 0x00, 0x00, 0x00, 0x00, 0x00, 0x00, 0x00, 0x00, 0x00, 0x00, 0x00, 0x00, 0x00, 0x00, 0x00, 0x00, 0x00, 0x00, 0x00, 0x00, 0x00, 0x00, 0x00, 0x00, 0x00,
    0x00, 0x00, 0x00, 0x00, 0x00, 0x00, 0x00, 0x00, 0x00, 0x00, 0x00, 0x00, 0x00, 0x00, 0x00, 0x00, 0x00, 0x00, 0x00, 0x00, 0x00, 0x00, 0x00, 0x00, 0x00, 0x00, 0x00, 0x00, 0x00, 0x00, 0x00, 0x00,
    0x00, 0x00, 0x00, 0x00, 0x00, 0x00, 0x00, 0x00, 0x00, 0x00, 0x00, 0x00, 0x00, 0x00, 0x00, 0x00, 0x00, 0x00, 0xff, 0x00, 0x00, 0x00, 0x00, 0x00, 0x00, 0x00, 0x00, 0x00, 0x00, 0x00, 0x00, 0x00,
    0x00, 0x00, 0x00, 0x00, 0x00, 0x00, 0x00, 0x00, 0x00, 0x00, 0x00, 0x00, 0x00, 0x00, 0xff, 0x00, 0x00, 0x00, 0x00, 0x00, 0x00, 0x00, 0x00, 0x00, 0x00, 0x00, 0x00, 0x00, 0x00, 0x00, 0x00, 0x00,
    0x00, 0x00, 0x00, 0x00, 0x00, 0x00, 0x00, 0x00, 0x00, 0x00, 0x00, 0x00, 0x00, 0x00, 0x00, 0x00, 0x00, 0x00, 0xff, 0x00, 0x00, 0x00, 0x00, 0x00, 0x00, 0x00, 0x00, 0x00, 0x00, 0x00, 0x00, 0x00,
    0x00, 0x00, 0x00, 0x00, 0x00, 0x00, 0x00, 0x00, 0x00, 0x00, 0x00, 0x00, 0x00, 0xff, 0xff, 0x00, 0x00, 0x00, 0x00, 0x00, 0x00, 0x00, 0x00, 0x00, 0x00, 0x00, 0x00, 0x00, 0x00, 0x00, 0x00, 0x00,
    0x00, 0x00, 0x00, 0x00, 0x00, 0x00, 0x00, 0x00, 0x00, 0x00, 0x00, 0x00, 0x00, 0x00, 0x00, 0x00, 0x00, 0xff, 0xff, 0xff, 0x00, 0x00, 0x00, 0x00, 0x00, 0x00, 0x00, 0x00, 0x00, 0x00, 0x00, 0x00,
    0x00, 0x00, 0x00, 0x00, 0x00, 0x00, 0x00, 0x00, 0x00, 0x00, 0x00, 0x00, 0x00, 0xff, 0xff, 0x00, 0x00, 0x00, 0x00, 0x00, 0x00, 0x00, 0x00, 0x00, 0x00, 0x00, 0x00, 0x00, 0x00, 0x00, 0x00, 0x00,
    0x00, 0x00, 0x00, 0x00, 0x00, 0x00, 0x00, 0x00, 0x00, 0x00, 0x00, 0x00, 0x00, 0x00, 0x00, 0x00, 0x00, 0xff, 0xff, 0xff, 0x00, 0x00, 0x00, 0x00, 0x00, 0x00, 0x00, 0x00, 0x00, 0x00, 0x00, 0x00,
    0x00, 0x00, 0x00, 0x00, 0x00, 0x00, 0x00, 0x00, 0x00, 0x00, 0x00, 0x00, 0xff, 0xff, 0xff, 0xff, 0x00, 0x00, 0x00, 0x00, 0x00, 0x00, 0x00, 0x00, 0x00, 0x00, 0x00, 0x00, 0x00, 0x00, 0x00, 0x00,
    0x00, 0x00, 0x00, 0x00, 0x00, 0x00, 0x00, 0x00, 0x00, 0x00, 0x00, 0x00, 0x00, 0x00, 0x00, 0x00, 0x00, 0xff, 0xff, 0xff, 0xff, 0x00, 0x00, 0x00, 0xff, 0xff, 0xff, 0x00, 0x00, 0x00, 0x00, 0x00,
    0x00, 0x00, 0x00, 0x00, 0x00, 0x00, 0xff, 0xff, 0xff, 0x00, 0x00, 0x00, 0xff, 0xff, 0xff, 0xff, 0x00, 0x00, 0x00, 0x00, 0x00, 0x00, 0x00, 0x00, 0x00, 0x00, 0x00, 0x00, 0x00, 0x00, 0x00, 0x00,
    0x00, 0x00, 0x00, 0x00, 0x00, 0x00, 0x00, 0x00, 0x00, 0x00, 0x00, 0x00, 0x00, 0x00, 0x00, 0x00, 0x00, 0xff, 0xff, 0xff, 0xff, 0x00, 0xff, 0xff, 0xff, 0xff, 0xff, 0xff, 0xff, 0x00, 0x00, 0x00,
    0x00, 0x00, 0x00, 0x00, 0xff, 0xff, 0xff, 0xff, 0xff, 0xff, 0xff, 0xff, 0xff, 0xff, 0xff, 0xff, 0x00, 0x00, 0x00, 0x00, 0x00, 0x00, 0x00, 0x00, 0x00, 0x00, 0x00, 0x00, 0x00, 0x00, 0x00, 0x00,
    0x00, 0x00, 0x00, 0x00, 0x00, 0x00, 0x00, 0x00, 0x00, 0x00, 0x00, 0x00, 0x00, 0x00, 0x00, 0x00, 0xff, 0xff, 0xff, 0xff, 0xff, 0xff, 0xff, 0xff, 0xff, 0xff, 0xff, 0xff, 0xff, 0xff, 0xff, 0xff,
    0xff, 0xff, 0xff, 0xff, 0xff, 0xff, 0xff, 0xff, 0xff, 0xff, 0xff, 0xff, 0xff, 0xff, 0xff, 0xff, 0x00, 0x00, 0x00, 0x00, 0x00, 0x00, 0x00, 0x00, 0x00, 0x00, 0x00, 0x00, 0x00, 0x00, 0x00, 0x00,
    0x00, 0x00, 0x00, 0x00, 0x00, 0x00, 0x00, 0x00, 0x00, 0x00, 0x00, 0x00, 0x00, 0x00, 0x00, 0x00, 0xff, 0xff, 0xff, 0xff, 0xff, 0xff, 0xff, 0xff, 0xff, 0xff, 0xff, 0xff, 0xff, 0xff, 0xff, 0xff,
    0xff, 0xff, 0xff, 0xff, 0xff, 0xff, 0xff, 0xff, 0xff, 0xff, 0xff, 0xff, 0xff, 0xff, 0xff, 0xff, 0xff, 0x00, 0x00, 0x00, 0x00, 0x00, 0x00, 0x00, 0x00, 0x00, 0x00, 0x00, 0x00, 0x00, 0x00, 0x00,
    0x00, 0x00, 0x00, 0x00, 0x00, 0x00, 0x00, 0x00, 0x00, 0x00, 0x00, 0x00, 0x00, 0x00, 0x00, 0x00, 0xff, 0xff, 0xff, 0xff, 0xff, 0xff, 0xff, 0xff, 0xff, 0xff, 0xff, 0xff, 0xff, 0xff, 0xff, 0xff,
    0xff, 0xff, 0xff, 0xff, 0xff, 0xff, 0xff, 0xff, 0xff, 0xff, 0xff, 0xff, 0xff, 0xff, 0xff, 0xff, 0xff, 0x00, 0x00, 0x00, 0x00, 0x00, 0x00, 0x00, 0x00, 0x00, 0x00, 0x00, 0x00, 0x00, 0x00, 0x00,
    0x00, 0x00, 0x00, 0x00, 0x00, 0x00, 0x00, 0x00, 0x00, 0x00, 0x00, 0x00, 0x00, 0x00, 0x00, 0x00, 0xff, 0xff, 0xff, 0xff, 0xff, 0xff, 0xff, 0xff, 0xff, 0xff, 0xff, 0xff, 0xff, 0xff, 0xff, 0xff,
    0xff, 0xff, 0xff, 0xff, 0xff, 0xff, 0xff, 0xff, 0xff, 0xff, 0xff, 0xff, 0xff, 0xff, 0xff, 0xff, 0xff, 0x00, 0x00, 0x00, 0x00, 0x00, 0x00, 0x00, 0x00, 0x00, 0x00, 0x00, 0x00, 0x00, 0x00, 0x00,
    0x00, 0x00, 0x00, 0x00, 0x00, 0x00, 0x00, 0x00, 0x00, 0x00, 0x00, 0x00, 0x00, 0x00, 0x00, 0xff, 0xff, 0xff, 0xff, 0xff, 0xff, 0xff, 0xff, 0xff, 0xff, 0xff, 0xff, 0xff, 0xff, 0xff, 0xff, 0xff,
    0xff, 0xff, 0xff, 0xff, 0xff, 0xff, 0xff, 0xff, 0xff, 0xff, 0xff, 0xff, 0xff, 0xff, 0xff, 0xff, 0xff, 0x00, 0x00, 0x00, 0x00, 0x00, 0x00, 0x00, 0x00, 0x00, 0x00, 0x00, 0x00, 0x00, 0x00, 0x00,
    0x00, 0x00, 0x00, 0x00, 0x00, 0x00, 0x00, 0x00, 0x00, 0x00, 0x00, 0x00, 0x00, 0x00, 0x00, 0xff, 0xff, 0xff, 0xff, 0xff, 0xff, 0xff, 0xff, 0xff, 0xff, 0xff, 0xff, 0xff, 0xff, 0xff, 0xff, 0xff,
    0xff, 0xff, 0xff, 0xff, 0xff, 0xff, 0xff, 0xff, 0xff, 0xff, 0xff, 0xff, 0xff, 0xff, 0xff, 0xff, 0xff, 0xff, 0x00, 0x00, 0x00, 0x00, 0x00, 0x00, 0x00, 0x00, 0x00, 0x00, 0x00, 0x00, 0x00, 0x00,
    0x00, 0x00, 0x00, 0x00, 0x00, 0x00, 0x00, 0x00, 0x00, 0x00, 0x00, 0x00, 0x00, 0x00, 0x00, 0xff, 0xff, 0xff, 0xff, 0xff, 0xff, 0xff, 0xff, 0xff, 0xff, 0xff, 0xff, 0xff, 0xff, 0xff, 0xff, 0xff,
    0xff, 0xff, 0xff, 0xff, 0xff, 0xff, 0xff, 0xff, 0xff, 0xff, 0xff, 0xff, 0xff, 0xff, 0xff, 0xff, 0xff, 0xff, 0x00, 0x00, 0x00, 0x00, 0x00, 0x00, 0x00, 0x00, 0x00, 0x00, 0x00, 0x00, 0x00, 0x00,
    0x00, 0x00, 0x00, 0x00, 0x00, 0x00, 0x00, 0x00, 0x00, 0x00, 0x00, 0x00, 0x00, 0x00, 0x00, 0xff, 0xff, 0xff, 0xff, 0xff, 0xff, 0xff, 0xff, 0xff, 0xff, 0xff, 0xff, 0xff, 0xff, 0xff, 0xff, 0xff,
    0xff, 0xff, 0xff, 0xff, 0xff, 0xff, 0xff, 0xff, 0xff, 0xff, 0xff, 0xff, 0xff, 0xff, 0xff, 0xff, 0xff, 0xff, 0x00, 0x00, 0x00, 0x00, 0x00, 0x00, 0x00, 0x00, 0x00, 0x00, 0x00, 0x00, 0x00, 0x00,
    0x00, 0x00, 0x00, 0x00, 0x00, 0x00, 0x00, 0x00, 0x00, 0x00, 0x00, 0x00, 0x00, 0x00, 0xff, 0xff, 0xff, 0xff, 0xff, 0xff, 0xff, 0xff, 0xff, 0xff, 0xff, 0xff, 0xff, 0xff, 0xff, 0xff, 0xff, 0xff,
    0xff, 0xff, 0xff, 0xff, 0xff, 0xff, 0xff, 0xff, 0xff, 0xff, 0xff, 0xff, 0xff, 0xff, 0xff, 0xff, 0xff, 0xff, 0x00, 0x00, 0x00, 0x00, 0x00, 0x00, 0x00, 0x00, 0x00, 0x00, 0x00, 0x00, 0x00, 0x00,
    0x00, 0x00, 0x00, 0x00, 0x00, 0x00, 0x00, 0x00, 0x00, 0x00, 0x00, 0x00, 0x00, 0x00, 0xff, 0xff, 0xff, 0xff, 0xff, 0xff, 0xff, 0xff, 0xff, 0xff, 0xff, 0xff, 0xff, 0xff, 0xff, 0xff, 0xff, 0xff,
    0xff, 0xff, 0xff, 0xff, 0xff, 0xff, 0xff, 0xff, 0xff, 0xff, 0xff, 0xff, 0xff, 0xff, 0xff, 0xff, 0xff, 0xff, 0xff, 0x00, 0x00, 0x00, 0x00, 0x00, 0x00, 0x00, 0x00, 0x00, 0x00, 0x00, 0x00, 0x00,
    0x00, 0x00, 0x00, 0x00, 0x00, 0x00, 0x00, 0x00, 0x00, 0x00, 0x00, 0x00, 0x00, 0x00, 0xff, 0xff, 0xff, 0xff, 0xff, 0xff, 0xff, 0xff, 0xff, 0xff, 0xff, 0xff, 0xff, 0xff, 0xff, 0xff, 0xff, 0xff,
    0xff, 0xff, 0xff, 0xff, 0xff, 0xff, 0xff, 0xff, 0xff, 0xff, 0xff, 0xff, 0xff, 0xff, 0xff, 0xff, 0xff, 0xff, 0xff, 0x00, 0x00, 0x00, 0x00, 0x00, 0x00, 0x00, 0x00, 0x00, 0x00, 0x00, 0x00, 0x00,
    0x00, 0x00, 0x00, 0x00, 0x00, 0x00, 0x00, 0x00, 0x00, 0x00, 0x00, 0x00, 0x00, 0x00, 0x00, 0x00, 0x00, 0x00, 0x00, 0x00, 0x00, 0x00, 0xff, 0xff, 0xff, 0xff, 0xff, 0xff, 0xff, 0xff, 0xff, 0xff,
    0xff, 0xff, 0xff, 0xff, 0xff, 0xff, 0xff, 0xff, 0xff, 0xff, 0xff, 0x00, 0x00, 0x00, 0x00, 0x00, 0x00, 0x00, 0x00, 0x00, 0x00, 0x00, 0x00, 0x00, 0x00, 0x00, 0x00, 0x00, 0x00, 0x00, 0x00, 0x00,
    0x00, 0x00, 0x00, 0x00, 0x00, 0x00, 0x00, 0x00, 0x00, 0x00, 0x00, 0x00, 0x00, 0x00, 0x00, 0x00, 0x00, 0x00, 0x00, 0x00, 0x00, 0xff, 0xff, 0xff, 0xff, 0xff, 0xff, 0xff, 0xff, 0xff, 0xff, 0xff,
    0xff, 0xff, 0xff, 0xff, 0xff, 0xff, 0xff, 0xff, 0xff, 0xff, 0xff, 0xff, 0x00, 0x00, 0x00, 0x00, 0x00, 0x00, 0x00, 0x00, 0x00, 0x00, 0x00, 0x00, 0x00, 0x00, 0x00, 0x00, 0x00, 0x00, 0x00, 0x00,
    0x00, 0x00, 0x00, 0x00, 0x00, 0x00, 0x00, 0x00, 0x00, 0x00, 0x00, 0x00, 0x00, 0x00, 0x00, 0x00, 0x00, 0x00, 0x00, 0x00, 0xff, 0xff, 0xff, 0xff, 0xff, 0xff, 0xff, 0xff, 0xff, 0xff, 0xff, 0xff,
    0xff, 0xff, 0xff, 0xff, 0xff, 0xff, 0xff, 0xff, 0xff, 0xff, 0xff, 0xff, 0xff, 0x00, 0x00, 0x00, 0x00, 0x00, 0x00, 0x00, 0x00, 0x00, 0x00, 0x00, 0x00, 0x00, 0x00, 0x00, 0x00, 0x00, 0x00, 0x00,
    0x00, 0x00, 0x00, 0x00, 0x00, 0x00, 0x00, 0x00, 0x00, 0x00, 0x00, 0x00, 0x00, 0x00, 0x00, 0x00, 0x00, 0x00, 0x00, 0xff, 0xff, 0xff, 0xff, 0xff, 0xff, 0xff, 0xff, 0xff, 0xff, 0xff, 0xff, 0xff,
    0xff, 0xff, 0xff, 0xff, 0xff, 0xff, 0xff, 0xff, 0xff, 0xff, 0xff, 0xff, 0xff, 0xff, 0x00, 0x00, 0x00, 0x00, 0x00, 0x00, 0x00, 0x00, 0x00, 0x00, 0x00, 0x00, 0x00, 0x00, 0x00, 0x00, 0x00, 0x00,
    0x00, 0x00, 0x00, 0x00, 0x00, 0x00, 0x00, 0x00, 0x00, 0x00, 0x00, 0x00, 0x00, 0x00, 0x00, 0x00, 0x00, 0x00, 0xff, 0xff, 0xff, 0xff, 0xff, 0xff, 0xff, 0xff, 0xff, 0xff, 0xff, 0xff, 0xff, 0xff,
    0xff, 0xff, 0xff, 0xff, 0xff, 0xff, 0xff, 0xff, 0xff, 0xff, 0xff, 0xff, 0xff, 0xff, 0xff, 0x00, 0x00, 0x00, 0x00, 0x00, 0x00, 0x00, 0x00, 0x00, 0x00, 0x00, 0x00, 0x00, 0x00, 0x00, 0x00, 0x00,
    0x00, 0x00, 0x00, 0x00, 0x00, 0x00, 0x00, 0x00, 0x00, 0x00, 0x00, 0x00, 0x00, 0x00, 0x00, 0x00, 0x00, 0x00, 0xff, 0xff, 0xff, 0xff, 0xff, 0xff, 0xff, 0xff, 0xff, 0xff, 0xff, 0xff, 0xff, 0xff,
    0xff, 0xff, 0xff, 0xff, 0xff, 0xff, 0xff, 0xff, 0xff, 0xff, 0xff, 0xff, 0xff, 0xff, 0xff, 0x00, 0x00, 0x00, 0x00, 0x00, 0x00, 0x00, 0x00, 0x00, 0x00, 0x00, 0x00, 0x00, 0x00, 0x00, 0x00, 0x00,
    0x00, 0x00, 0x00, 0x00, 0x00, 0x00, 0x00, 0x00, 0x00, 0x00, 0x00, 0x00, 0x00, 0x00, 0x00, 0x00, 0x00, 0xff, 0xff, 0xff, 0xff, 0xff, 0xff, 0xff, 0xff, 0xff, 0xff, 0xff, 0xff, 0xff, 0xff, 0xff,
    0xff, 0xff, 0xff, 0xff, 0xff, 0xff, 0xff, 0xff, 0xff, 0xff, 0xff, 0xff, 0xff, 0xff, 0xff, 0xff, 0x00, 0x00, 0x00, 0x00, 0x00, 0x00, 0x00, 0x00, 0x00, 0x00, 0x00, 0x00, 0x00, 0x00, 0x00, 0x00,
    0x00, 0x00, 0x00, 0x00, 0x00, 0x00, 0x00, 0x00, 0x00, 0x00, 0x00, 0x00, 0x00, 0x00, 0x00, 0x00, 0x00, 0xff, 0xff, 0xff, 0xff, 0xff, 0xff, 0xff, 0xff, 0xff, 0xff, 0xff, 0xff, 0xff, 0xff, 0xff,
    0xff, 0xff, 0xff, 0xff, 0xff, 0xff, 0xff, 0xff, 0xff, 0xff, 0xff, 0xff, 0xff, 0xff, 0xff, 0xff, 0x00, 0x00, 0x00, 0x00, 0x00, 0x00, 0x00, 0x00, 0x00, 0x00, 0x00, 0x00, 0x00, 0x00, 0x00, 0x00,
    0x00, 0x00, 0x00, 0x00, 0x00, 0x00, 0x00, 0x00, 0x00, 0x00, 0x00, 0x00, 0x00, 0x00, 0x00, 0x00, 0xff, 0xff, 0xff, 0xff, 0xff, 0xff, 0xff, 0xff, 0xff, 0xff, 0xff, 0xff, 0xff, 0xff, 0xff, 0xff,
    0xff, 0xff, 0xff, 0xff, 0xff, 0xff, 0xff, 0xff, 0xff, 0xff, 0xff, 0xff, 0xff, 0xff, 0xff, 0xff, 0xff, 0x00, 0x00, 0x00, 0x00, 0x00, 0x00, 0x00, 0x00, 0x00, 0x00, 0x00, 0x00, 0x00, 0x00, 0x00,
    0x00, 0x00, 0x00, 0x00, 0x00, 0x00, 0x00, 0x00, 0x00, 0x00, 0x00, 0x00, 0x00, 0x00, 0x00, 0x00, 0xff, 0xff, 0xff, 0xff, 0xff, 0xff, 0xff, 0xff, 0xff, 0xff, 0xff, 0xff, 0xff, 0xff, 0xff, 0xff,
    0xff, 0xff, 0xff, 0xff, 0xff, 0xff, 0xff, 0xff, 0xff, 0xff, 0xff, 0xff, 0xff, 0xff, 0xff, 0xff, 0xff, 0x00, 0x00, 0x00, 0x00, 0x00, 0x00, 0x00, 0x00, 0x00, 0x00, 0x00, 0x00, 0x00, 0x00, 0x00,
    0x00, 0x00, 0x00, 0x00, 0x00, 0x00, 0x00, 0x00, 0x00, 0x00, 0x00, 0x00, 0x00, 0x00, 0x00, 0x00, 0xff, 0xff, 0xff, 0xff, 0xff, 0xff, 0xff, 0xff, 0xff, 0xff, 0xff, 0xff, 0xff, 0xff, 0xff, 0xff,
    0xff, 0xff, 0xff, 0xff, 0xff, 0xff, 0xff, 0xff, 0xff, 0xff, 0xff, 0xff, 0xff, 0xff, 0xff, 0xff, 0xff, 0x00, 0x00, 0x00, 0x00, 0x00, 0x00, 0x00, 0x00, 0x00, 0x00, 0x00, 0x00, 0x00, 0x00, 0x00,
    0x00, 0x00, 0x00, 0x00, 0x00, 0x00, 0x00, 0x00, 0x00, 0x00, 0x00, 0x00, 0x00, 0x00, 0x00, 0x00, 0xff, 0xff, 0xff, 0xff, 0xff, 0xff, 0xff, 0xff, 0xff, 0xff, 0xff, 0xff, 0xff, 0xff, 0xff, 0xff,
    0xff, 0xff, 0xff, 0xff, 0xff, 0xff, 0xff, 0xff, 0xff, 0xff, 0xff, 0xff, 0xff, 0xff, 0xff, 0xff, 0xff, 0x00, 0x00, 0x00, 0x00, 0x00, 0x00, 0x00, 0x00, 0x00, 0x00, 0x00, 0x00, 0x00, 0x00, 0x00,
    0x00, 0x00, 0x00, 0x00, 0x00, 0x00, 0x00, 0x00, 0x00, 0x00, 0x00, 0x00, 0x00, 0x00, 0x00, 0x00, 0xff, 0xff, 0xff, 0xff, 0xff, 0xff, 0xff, 0xff, 0xff, 0xff, 0xff, 0xff, 0xff, 0xff, 0xff, 0xff,
    0xff, 0xff, 0xff, 0xff, 0xff, 0xff, 0xff, 0xff, 0xff, 0xff, 0xff, 0xff, 0xff, 0xff, 0xff, 0xff, 0xff, 0x00, 0x00, 0x00, 0x00, 0x00, 0x00, 0x00, 0x00, 0x00, 0x00, 0x00, 0x00, 0x00, 0x00, 0x00,
    0x00, 0x00, 0x00, 0x00, 0x00, 0x00, 0x00, 0x00, 0x00, 0x00, 0x00, 0x00, 0x00, 0x00, 0x00, 0x00, 0xff, 0xff, 0xff, 0xff, 0xff, 0xff, 0xff, 0xff, 0xff, 0xff, 0xff, 0xff, 0xff, 0xff, 0xff, 0xff,
    0xff, 0xff, 0xff, 0xff, 0xff, 0xff, 0xff, 0xff, 0xff, 0xff, 0xff, 0xff, 0xff, 0xff, 0xff, 0xff, 0xff, 0x00, 0x00, 0x00, 0x00, 0x00, 0x00, 0x00, 0x00, 0x00, 0x00, 0x00, 0x00, 0x00, 0x00, 0x00,
    0x00, 0x00, 0x00, 0x00, 0x00, 0x00, 0x00, 0x00, 0x00, 0x00, 0x00, 0x00, 0x00, 0x00, 0x00, 0x00, 0xff, 0xff, 0xff, 0xff, 0xff, 0xff, 0xff, 0xff, 0xff, 0xff, 0xff, 0xff, 0xff, 0xff, 0xff, 0xff,
    0xff, 0xff, 0xff, 0xff, 0xff, 0xff, 0xff, 0xff, 0xff, 0xff, 0xff, 0xff, 0xff, 0xff, 0xff, 0xff, 0xff, 0x00, 0x00, 0x00, 0x00, 0x00, 0x00, 0x00, 0x00, 0x00, 0x00, 0x00, 0x00, 0x00, 0x00, 0x00,
    0x00, 0x00, 0x00, 0x00, 0x00, 0x00, 0x00, 0x00, 0x00, 0x00, 0x00, 0x00, 0x00, 0x00, 0x00, 0x00, 0x00, 0xff, 0xff, 0xff, 0xff, 0xff, 0xff, 0xff, 0xff, 0xff, 0xff, 0xff, 0xff, 0xff, 0xff, 0xff,
    0xff, 0xff, 0xff, 0xff, 0xff, 0xff, 0xff, 0xff, 0xff, 0xff, 0xff, 0xff, 0xff, 0xff, 0xff, 0xff, 0x00, 0x00, 0x00, 0x00, 0x00, 0x00, 0x00, 0x00, 0x00, 0x00, 0x00, 0x00, 0x00, 0x00, 0x00, 0x00,
    0x00, 0x00, 0x00, 0x00, 0x00, 0x00, 0x00, 0x00, 0x00, 0x00, 0x00, 0x00, 0x00, 0x00, 0x00, 0x00, 0x00, 0xff, 0xff, 0xff, 0xff, 0xff, 0xff, 0xff, 0xff, 0xff, 0xff, 0xff, 0xff, 0xff, 0xff, 0xff,
    0xff, 0xff, 0xff, 0xff, 0xff, 0xff, 0xff, 0xff, 0xff, 0xff, 0xff, 0xff, 0xff, 0xff, 0xff, 0xff, 0x00, 0x00, 0x00, 0x00, 0x00, 0x00, 0x00, 0x00, 0x00, 0x00, 0x00, 0x00, 0x00, 0x00, 0x00, 0x00,
    0x00, 0x00, 0x00, 0x00, 0x00, 0x00, 0x00, 0x00, 0x00, 0x00, 0x00, 0x00, 0x00, 0x00, 0x00, 0x00, 0x00, 0x00, 0xff, 0xff, 0xff, 0xff, 0xff, 0xff, 0xff, 0xff, 0xff, 0xff, 0xff, 0xff, 0xff, 0xff,
    0xff, 0xff, 0xff, 0xff, 0xff, 0xff, 0xff, 0xff, 0xff, 0xff, 0xff, 0xff, 0xff, 0xff, 0xff, 0x00, 0x00, 0x00, 0x00, 0x00, 0x00, 0x00, 0x00, 0x00, 0x00, 0x00, 0x00, 0x00, 0x00, 0x00, 0x00, 0x00,
    0x00, 0x00, 0x00, 0x00, 0x00, 0x00, 0x00, 0x00, 0x00, 0x00, 0x00, 0x00, 0x00, 0x00, 0x00, 0x00, 0x00, 0x00, 0xff, 0xff, 0xff, 0xff, 0xff, 0xff, 0xff, 0xff, 0xff, 0xff, 0xff, 0xff, 0xff, 0xff,
    0xff, 0xff, 0xff, 0xff, 0xff, 0xff, 0xff, 0xff, 0xff, 0xff, 0xff, 0xff, 0xff, 0xff, 0xff, 0x00, 0x00, 0x00, 0x00, 0x00, 0x00, 0x00, 0x00, 0x00, 0x00, 0x00, 0x00, 0x00, 0x00, 0x00, 0x00, 0x00,
    0x00, 0x00, 0x00, 0x00, 0x00, 0x00, 0x00, 0x00, 0x00, 0x00, 0x00, 0x00, 0x00, 0x00, 0x00, 0x00, 0x00, 0x00, 0x00, 0xff, 0xff, 0xff, 0xff, 0xff, 0xff, 0xff, 0xff, 0xff, 0xff, 0xff, 0xff, 0xff,
    0xff, 0xff, 0xff, 0xff, 0xff, 0xff, 0xff, 0xff, 0xff, 0xff, 0xff, 0xff, 0xff, 0xff, 0xff, 0x00, 0x00, 0x00, 0x00, 0x00, 0x00, 0x00, 0x00, 0x00, 0x00, 0x00, 0x00, 0x00, 0x00, 0x00, 0x00, 0x00,
    0x00, 0x00, 0x00, 0x00, 0x00, 0x00, 0x00, 0x00, 0x00, 0x00, 0x00, 0x00, 0x00, 0x00, 0x00, 0x00, 0x00, 0x00, 0x00, 0x00, 0xff, 0xff, 0xff, 0xff, 0xff, 0xff, 0xff, 0xff, 0xff, 0xff, 0xff, 0xff,
    0xff, 0xff, 0xff, 0xff, 0xff, 0xff, 0xff, 0xff, 0xff, 0xff, 0xff, 0xff, 0xff, 0xff, 0x00, 0x00, 0x00, 0x00, 0x00, 0x00, 0x00, 0x00, 0x00, 0x00, 0x00, 0x00, 0x00, 0x00, 0x00, 0x00, 0x00, 0x00,
    0x00, 0x00, 0x00, 0x00, 0x00, 0x00, 0x00, 0x00, 0x00, 0x00, 0x00, 0x00, 0x00, 0x00, 0x00, 0x00, 0x00, 0x00, 0x00, 0x00, 0x00, 0xff, 0xff, 0xff, 0xff, 0xff, 0xff, 0xff, 0xff, 0xff, 0xff, 0xff,
    0xff, 0xff, 0xff, 0xff, 0xff, 0xff, 0xff, 0xff, 0xff, 0xff, 0xff, 0xff, 0xff, 0xff, 0x00, 0x00, 0x00, 0x00, 0x00, 0x00, 0x00, 0x00, 0x00, 0x00, 0x00, 0x00, 0x00, 0x00, 0x00, 0x00, 0x00, 0x00,
    0x00, 0x00, 0x00, 0x00, 0x00, 0x00, 0x00, 0x00, 0x00, 0x00, 0x00, 0x00, 0x00, 0x00, 0x00, 0x00, 0x00, 0x00, 0x00, 0x00, 0x00, 0x00, 0xff, 0xff, 0xff, 0xff, 0xff, 0xff, 0xff, 0xff, 0xff, 0xff,
    0xff, 0xff, 0xff, 0xff, 0xff, 0xff, 0xff, 0xff, 0xff, 0xff, 0xff, 0xff, 0xff, 0x00, 0x00, 0x00, 0x00, 0x00, 0x00, 0x00, 0x00, 0x00, 0x00, 0x00, 0x00, 0x00, 0x00, 0x00, 0x00, 0x00, 0x00, 0x00,
    0x00, 0x00, 0x00, 0x00, 0x00, 0x00, 0x00, 0x00, 0x00, 0x00, 0x00, 0x00, 0x00, 0x00, 0x00, 0x00, 0x00, 0x00, 0x00, 0x00, 0xff, 0xff, 0xff, 0xff, 0xff, 0xff, 0xff, 0xff, 0xff, 0xff, 0xff, 0xff,
    0xff, 0xff, 0xff, 0xff, 0xff, 0xff, 0xff, 0xff, 0xff, 0xff, 0xff, 0xff, 0xff, 0x00, 0x00, 0x00, 0x00, 0x00, 0x00, 0x00, 0x00, 0x00, 0x00, 0x00, 0x00, 0x00, 0x00, 0x00, 0x00, 0x00, 0x00, 0x00,
    0x00, 0x00, 0x00, 0x00, 0x00, 0x00, 0x00, 0x00, 0x00, 0x00, 0x00, 0x00, 0x00, 0x00, 0x00, 0x00, 0x00, 0x00, 0x00, 0xff, 0xff, 0xff, 0xff, 0xff, 0xff, 0xff, 0xff, 0xff, 0xff, 0xff, 0xff, 0xff,
    0xff, 0xff, 0xff, 0xff, 0xff, 0xff, 0xff, 0xff, 0xff, 0xff, 0xff, 0xff, 0xff, 0xff, 0x00, 0x00, 0x00, 0x00, 0x00, 0x00, 0x00, 0x00, 0x00, 0x00, 0x00, 0x00, 0x00, 0x00, 0x00, 0x00, 0x00, 0x00,
    0x00, 0x00, 0x00, 0x00, 0x00, 0x00, 0x00, 0x00, 0x00, 0x00, 0x00, 0x00, 0x00, 0x00, 0x00, 0x00, 0x00, 0x00, 0x00, 0xff, 0xff, 0xff, 0xff, 0xff, 0xff, 0xff, 0xff, 0xff, 0xff, 0xff, 0xff, 0xff,
    0xff, 0xff, 0xff, 0xff, 0xff, 0xff, 0xff, 0xff, 0xff, 0xff, 0xff, 0xff, 0xff, 0xff, 0x00, 0x00, 0x00, 0x00, 0x00, 0x00, 0x00, 0x00, 0x00, 0x00, 0x00, 0x00, 0x00, 0x00, 0x00, 0x00, 0x00, 0x00,
    0x00, 0x00, 0x00, 0x00, 0x00, 0x00, 0x00, 0x00, 0x00, 0x00, 0x00, 0x00, 0x00, 0x00, 0x00, 0x00, 0x00, 0x00, 0xff, 0xff, 0xff, 0xff, 0xff, 0xff, 0xff, 0xff, 0xff, 0xff, 0xff, 0xff, 0xff, 0xff,
    0xff, 0xff, 0xff, 0xff, 0xff, 0xff, 0xff, 0xff, 0xff, 0xff, 0xff, 0xff, 0xff, 0xff, 0xff, 0x00, 0x00, 0x00, 0x00, 0x00, 0x00, 0x00, 0x00, 0x00, 0x00, 0x00, 0x00, 0x00, 0x00, 0x00, 0x00, 0x00,
    0x00, 0x00, 0x00, 0x00, 0x00, 0x00, 0x00, 0x00, 0x00, 0x00, 0x00, 0x00, 0x00, 0x00, 0x00, 0x00, 0x00, 0x00, 0xff, 0xff, 0xff, 0xff, 0xff, 0xff, 0xff, 0xff, 0xff, 0xff, 0xff, 0xff, 0xff, 0xff,
    0xff, 0xff, 0xff, 0xff, 0xff, 0xff, 0xff, 0xff, 0xff, 0xff, 0xff, 0xff, 0xff, 0xff, 0xff, 0x00, 0x00, 0x00, 0x00, 0x00, 0x00, 0x00, 0x00, 0x00, 0x00, 0x00, 0x00, 0x00, 0x00, 0x00, 0x00, 0x00,
    0x00, 0x00, 0x00, 0x00, 0x00, 0x00, 0x00, 0x00, 0x00, 0x00, 0x00, 0x00, 0x00, 0x00, 0x00, 0x00, 0x00, 0xff, 0xff, 0xff, 0xff, 0xff, 0xff, 0xff, 0xff, 0xff, 0xff, 0xff, 0xff, 0xff, 0xff, 0xff,
    0xff, 0xff, 0xff, 0xff, 0xff, 0xff, 0xff, 0xff, 0xff, 0xff, 0xff, 0xff, 0xff, 0xff, 0xff, 0xff, 0x00, 0x00, 0x00, 0x00, 0x00, 0x00, 0x00, 0x00, 0x00, 0x00, 0x00, 0x00, 0x00, 0x00, 0x00, 0x00,
    0x00, 0x00, 0x00, 0x00, 0x00, 0x00, 0x00, 0x00, 0x00, 0x00, 0x00, 0x00, 0x00, 0x00, 0x00, 0x00, 0x00, 0xff, 0xff, 0xff, 0xff, 0xff, 0xff, 0xff, 0xff, 0xff, 0xff, 0xff, 0xff, 0xff, 0xff, 0xff,
    0xff, 0xff, 0xff, 0xff, 0xff, 0xff, 0xff, 0xff, 0xff, 0xff, 0xff, 0xff, 0xff, 0xff, 0xff, 0xff, 0x00, 0x00, 0x00, 0x00, 0x00, 0x00, 0x00, 0x00, 0x00, 0x00, 0x00, 0x00, 0x00, 0x00, 0x00, 0x00,
    0x00, 0x00, 0x00, 0x00, 0x00, 0x00, 0x00, 0x00, 0x00, 0x00, 0x00, 0x00, 0x00, 0x00, 0x00, 0x00, 0xff, 0xff, 0xff, 0xff, 0xff, 0xff, 0xff, 0xff, 0xff, 0xff, 0xff, 0xff, 0xff, 0xff, 0xff, 0xff,
    0xff, 0xff, 0xff, 0xff, 0xff, 0xff, 0xff, 0xff, 0xff, 0xff, 0xff, 0xff, 0xff, 0xff, 0xff, 0xff, 0xff, 0x00, 0x00, 0x00, 0x00, 0x00, 0x00, 0x00, 0x00, 0x00, 0x00, 0x00, 0x00, 0x00, 0x00, 0x00,
    0x00, 0x00, 0x00, 0x00, 0x00, 0x00, 0x00, 0x00, 0x00, 0x00, 0x00, 0x00, 0x00, 0x00, 0x00, 0x00, 0xff, 0xff, 0xff, 0xff, 0xff, 0xff, 0xff, 0xff, 0xff, 0xff, 0xff, 0xff, 0xff, 0xff, 0xff, 0xff,
    0xff, 0xff, 0xff, 0xff, 0xff, 0xff, 0xff, 0xff, 0xff, 0xff, 0xff, 0xff, 0xff, 0xff, 0xff, 0xff, 0xff, 0x00, 0x00, 0x00, 0x00, 0x00, 0x00, 0x00, 0x00, 0x00, 0x00, 0x00, 0x00, 0x00, 0x00, 0x00,
    0x00, 0x00, 0x00, 0x00, 0x00, 0x00, 0x00, 0x00, 0x00, 0x00, 0x00, 0x00, 0x00, 0x00, 0x00, 0xff, 0xff, 0xff, 0xff, 0xff, 0xff, 0xff, 0xff, 0xff, 0xff, 0xff, 0xff, 0xff, 0xff, 0xff, 0xff, 0xff,
    0xff, 0xff, 0xff, 0xff, 0xff, 0xff, 0xff, 0xff, 0xff, 0xff, 0xff, 0xff, 0xff, 0xff, 0xff, 0xff, 0xff, 0xff, 0x00, 0x00, 0x00, 0x00, 0x00, 0x00, 0x00, 0x00, 0x00, 0x00, 0x00, 0x00, 0x00, 0x00,
    0x00, 0x00, 0x00, 0x00, 0x00, 0x00, 0x00, 0x00, 0x00, 0x00, 0x00, 0x00, 0x00, 0x00, 0xff, 0xff, 0xff, 0xff, 0xff, 0xff, 0xff, 0xff, 0xff, 0xff, 0xff, 0xff, 0xff, 0xff, 0xff, 0xff, 0xff, 0xff,
    0xff, 0xff, 0xff, 0xff, 0xff, 0xff, 0xff, 0xff, 0xff, 0xff, 0xff, 0xff, 0xff, 0xff, 0xff, 0xff, 0xff, 0xff, 0xff, 0x00, 0x00, 0x00, 0x00, 0x00, 0x00, 0x00, 0x00, 0x00, 0x00, 0x00, 0x00, 0x00,
    0x00, 0x00, 0x00, 0x00, 0x00, 0x00, 0x00, 0x00, 0x00, 0x00, 0x00, 0x00, 0x00, 0x00, 0xff, 0xff, 0xff, 0xff, 0xff, 0xff, 0xff, 0xff, 0xff, 0xff, 0xff, 0xff, 0xff, 0xff, 0xff, 0xff, 0xff, 0xff,
    0xff, 0xff, 0xff, 0xff, 0xff, 0xff, 0xff, 0xff, 0xff, 0xff, 0xff, 0xff, 0xff, 0xff, 0xff, 0xff, 0xff, 0xff, 0xff, 0x00, 0x00, 0x00, 0x00, 0x00, 0x00, 0x00, 0x00, 0x00, 0x00, 0x00, 0x00, 0x00,
    0x00, 0x00, 0x00, 0x00, 0x00, 0x00, 0x00, 0x00, 0x00, 0x00, 0x00, 0x00, 0x00, 0xff, 0xff, 0xff, 0xff, 0xff, 0xff, 0xff, 0xff, 0xff, 0xff, 0xff, 0xff, 0xff, 0xff, 0xff, 0xff, 0xff, 0xff, 0xff,
    0xff, 0xff, 0xff, 0xff, 0xff, 0xff, 0xff, 0xff, 0xff, 0xff, 0xff, 0xff, 0xff, 0xff, 0xff, 0xff, 0xff, 0xff, 0xff, 0xff, 0x00, 0x00, 0x00, 0x00, 0x00, 0x00, 0x00, 0x00, 0x00, 0x00, 0x00, 0x00,
    0x00, 0x00, 0x00, 0x00, 0x00, 0x00, 0x00, 0x00, 0x00, 0x00, 0x00, 0x00, 0x00, 0xff, 0xff, 0xff, 0xff, 0xff, 0xff, 0xff, 0xff, 0xff, 0xff, 0xff, 0xff, 0xff, 0xff, 0xff, 0xff, 0xff, 0xff, 0xff,
    0xff, 0xff, 0xff, 0xff, 0xff, 0xff, 0xff, 0xff, 0xff, 0xff, 0xff, 0xff, 0xff, 0xff, 0xff, 0xff, 0xff, 0xff, 0xff, 0xff, 0x00, 0x00, 0x00, 0x00, 0x00, 0x00, 0x00, 0x00, 0x00, 0x00, 0x00, 0x00,
    0x00, 0x00, 0x00, 0x00, 0x00, 0x00, 0x00, 0x00, 0x00, 0x00, 0x00, 0x00, 0xff, 0xff, 0xff, 0xff, 0xff, 0xff, 0xff, 0xff, 0xff, 0xff, 0xff, 0xff, 0xff, 0xff, 0xff, 0xff, 0xff, 0xff, 0xff, 0xff,
    0xff, 0xff, 0xff, 0xff, 0xff, 0xff, 0xff, 0xff, 0xff, 0xff, 0xff, 0xff, 0xff, 0xff, 0xff, 0xff, 0xff, 0xff, 0xff, 0xff, 0xff, 0x00, 0x00, 0x00, 0x00, 0x00, 0x00, 0x00, 0x00, 0x00, 0x00, 0x00,
    0x00, 0x00, 0x00, 0x00, 0x00, 0x00, 0x00, 0x00, 0x00, 0x00, 0x00, 0x00, 0xff, 0xff, 0xff, 0xff, 0xff, 0xff, 0xff, 0xff, 0xff, 0xff, 0xff, 0xff, 0xff, 0xff, 0xff, 0xff, 0xff, 0xff, 0xff, 0xff,
    0xff, 0xff, 0xff, 0xff, 0xff, 0xff, 0xff, 0xff, 0xff, 0xff, 0xff, 0xff, 0xff, 0xff, 0xff, 0xff, 0xff, 0xff, 0xff, 0xff, 0xff, 0x00, 0x00, 0x00, 0x00, 0x00, 0x00, 0x00, 0x00, 0x00, 0x00, 0x00,
    0x00, 0x00, 0x00, 0x00, 0x00, 0x00, 0x00, 0x00, 0x00, 0x00, 0x00, 0xff, 0xff, 0xff, 0xff, 0xff, 0xff, 0xff, 0xff, 0xff, 0xff, 0xff, 0xff, 0xff, 0xff, 0xff, 0xff, 0xff, 0xff, 0xff, 0xff, 0xff,
    0xff, 0xff, 0xff, 0xff, 0xff, 0xff, 0xff, 0xff, 0xff, 0xff, 0xff, 0xff, 0xff, 0xff, 0xff, 0xff, 0xff, 0xff, 0xff, 0xff, 0xff, 0xff, 0x00, 0x00, 0x00, 0x00, 0x00, 0x00, 0x00, 0x00, 0x00, 0x00,
    0x00, 0x00, 0x00, 0x00, 0x00, 0x00, 0x00, 0x00, 0x00, 0x00, 0x00, 0xff, 0xff, 0xff, 0xff, 0xff, 0xff, 0xff, 0xff, 0xff, 0xff, 0xff, 0xff, 0xff, 0xff, 0xff, 0xff, 0xff, 0xff, 0xff, 0xff, 0xff,
    0xff, 0xff, 0xff, 0xff, 0xff, 0xff, 0xff, 0xff, 0xff, 0xff, 0xff, 0xff, 0xff, 0xff, 0xff, 0xff, 0xff, 0xff, 0xff, 0xff, 0xff, 0xff, 0x00, 0x00, 0x00, 0x00, 0x00, 0x00, 0x00, 0x00, 0x00, 0x00,
    0x00, 0x00, 0x00, 0x00, 0x00, 0x00, 0x00, 0x00, 0x00, 0x00, 0xff, 0xff, 0xff, 0xff, 0xff, 0xff, 0xff, 0xff, 0xff, 0xff, 0xff, 0xff, 0xff, 0xff, 0xff, 0xff, 0xff, 0xff, 0xff, 0xff, 0xff, 0xff,
    0xff, 0xff, 0xff, 0xff, 0xff, 0xff, 0xff, 0xff, 0xff, 0xff, 0xff, 0xff, 0xff, 0xff, 0xff, 0xff, 0xff, 0xff, 0xff, 0xff, 0xff, 0xff, 0xff, 0x00, 0x00, 0x00, 0x00, 0x00, 0x00, 0x00, 0x00, 0x00,
    0x00, 0x00, 0x00, 0x00, 0x00, 0x00, 0x00, 0x00, 0x00, 0x00, 0x00, 0x00, 0x00, 0x00, 0x00, 0x00, 0x00, 0x00, 0x00, 0x00, 0x00, 0x00, 0xff, 0xff, 0xff, 0xff, 0xff, 0x00, 0x00, 0x00, 0x00, 0x00,
    0x00, 0x00, 0x00, 0x00, 0x00, 0x00, 0xff, 0xff, 0xff, 0xff, 0xff, 0x00, 0x00, 0x00, 0x00, 0x00, 0x00, 0x00, 0x00, 0x00, 0x00, 0x00, 0x00, 0x00, 0x00, 0x00, 0x00, 0x00, 0x00, 0x00, 0x00, 0x00,
    0x00, 0x00, 0x00, 0x00, 0x00, 0x00, 0x00, 0x00, 0x00, 0x00, 0x00, 0x00, 0x00, 0x00, 0x00, 0x00, 0x00, 0x00, 0x00, 0x00, 0x00, 0xff, 0xff, 0xff, 0xff, 0xff, 0xff, 0xff, 0x00, 0x00, 0x00, 0x00,
    0x00, 0x00, 0x00, 0x00, 0x00, 0xff, 0xff, 0xff, 0xff, 0xff, 0xff, 0xff, 0x00, 0x00, 0x00, 0x00, 0x00, 0x00, 0x00, 0x00, 0x00, 0x00, 0x00, 0x00, 0x00, 0x00, 0x00, 0x00, 0x00, 0x00, 0x00, 0x00,
    0x00, 0x00, 0x00, 0x00, 0x00, 0x00, 0x00, 0x00, 0x00, 0x00, 0x00, 0x00, 0x00, 0x00, 0x00, 0x00, 0x00, 0x00, 0x00, 0x00, 0x00, 0xff, 0xff, 0xff, 0xff, 0xff, 0xff, 0xff, 0x00, 0x00, 0x00, 0x00,
    0x00, 0x00, 0x00, 0x00, 0x00, 0xff, 0xff, 0xff, 0xff, 0xff, 0xff, 0xff, 0x00, 0x00, 0x00, 0x00, 0x00, 0x00, 0x00, 0x00, 0x00, 0x00, 0x00, 0x00, 0x00, 0x00, 0x00, 0x00, 0x00, 0x00, 0x00, 0x00,
    0x00, 0x00, 0x00, 0x00, 0x00, 0x00, 0x00, 0x00, 0x00, 0x00, 0x00, 0x00, 0x00, 0x00, 0x00, 0x00, 0x00, 0x00, 0x00, 0x00, 0x00, 0x00, 0x00, 0x00, 0x00, 0x00, 0x00, 0x00, 0x00, 0x00, 0x00, 0x00,
    0x00, 0x00, 0x00, 0x00, 0x00, 0x00, 0x00, 0x00, 0x00, 0x00, 0x00, 0x00, 0x00, 0x00, 0x00, 0x00, 0x00, 0x00, 0x00, 0x00, 0x00, 0x00, 0x00, 0x00, 0x00, 0x00, 0x00, 0x00, 0x00, 0x00, 0x00, 0x00,
    0x00, 0x00, 0x00, 0x00, 0x00, 0x00, 0x00, 0x00, 0x00, 0x00, 0x00, 0x00, 0x00, 0x00, 0x00, 0x00, 0x00, 0x00, 0x00, 0x00, 0x00, 0x00, 0x00, 0x00, 0x00, 0x00, 0x00, 0x00, 0x00, 0x00, 0x00, 0x00,
    0x00, 0x00, 0x00, 0x00, 0x00, 0x00, 0x00, 0x00, 0x00, 0x00, 0x00, 0x00, 0x00, 0x00, 0x00, 0x00, 0x00, 0x00, 0x00, 0x00, 0x00, 0x00, 0x00, 0x00, 0x00, 0x00, 0x00, 0x00, 0x00, 0x00, 0x00, 0x00,
};

const lv_image_dsc_t sabrina_idle_a = {
    .header = {
        .magic = LV_IMAGE_HEADER_MAGIC,
        .cf = LV_COLOR_FORMAT_RGB565A8,
        .flags = 0,
        .w = 64,
        .h = 64,
        .stride = 128,
    },
    .data_size = sizeof(sabrina_idle_a_map),
    .data = sabrina_idle_a_map,
};

static const uint8_t sabrina_idle_b_map[] = {
    0x00, 0x00, 0x00, 0x00, 0x00, 0x00, 0x00, 0x00, 0x00, 0x00, 0x00, 0x00, 0x00, 0x00, 0x00, 0x00, 0x00, 0x00, 0x00, 0x00, 0x00, 0x00, 0x00, 0x00, 0x00, 0x00, 0x00, 0x00, 0x00, 0x00, 0x00, 0x00,
    0x00, 0x00, 0x00, 0x00, 0x00, 0x00, 0x00, 0x00, 0x00, 0x00, 0x00, 0x00, 0x00, 0x00, 0x00, 0x00, 0x00, 0x00, 0x00, 0x00, 0x00, 0x00, 0x00, 0x00, 0x00, 0x00, 0x00, 0x00, 0x00, 0x00, 0x00, 0x00,
    0x00, 0x00, 0x00, 0x00, 0x00, 0x00, 0x00, 0x00, 0x00, 0x00, 0x00, 0x00, 0x00, 0x00, 0x00, 0x00, 0x00, 0x00, 0x00, 0x00, 0x00, 0x00, 0x00, 0x00, 0x00, 0x00, 0x00, 0x00, 0x00, 0x00, 0x00, 0x00,
    0x00, 0x00, 0x00, 0x00, 0x00, 0x00, 0x00, 0x00, 0x00, 0x00, 0x00, 0x00, 0x00, 0x00, 0x00, 0x00, 0x00, 0x00, 0x00, 0x00, 0x00, 0x00, 0x00, 0x00, 0x00, 0x00, 0x00, 0x00, 0x00, 0x00, 0x00, 0x00,
    0x00, 0x00, 0x00, 0x00, 0x00, 0x00, 0x00, 0x00, 0x00, 0x00, 0x00, 0x00, 0x00, 0x00, 0x00, 0x00, 0x00, 0x00, 0x00, 0x00, 0x00, 0x00, 0x00, 0x00, 0x00, 0x00, 0x00, 0x00, 0x00, 0x00, 0x00, 0x00,
    0x00, 0x00, 0x00, 0x00, 0x4a, 0x59, 0x00, 0x00, 0x00, 0x00, 0x00, 0x00, 0x00, 0x00, 0x00, 0x00, 0x00, 0x00, 0x00, 0x00, 0x00, 0x00, 0x00, 0x00, 0x00, 0x00, 0x00, 0x00, 0x00, 0x00, 0x00, 0x00,
    0x00, 0x00, 0x00, 0x00, 0x00, 0x00, 0x00, 0x00, 0x00, 0x00, 0x00, 0x00, 0x00, 0x00, 0x00, 0x00, 0x00, 0x00, 0x00, 0x00, 0x00, 0x00, 0x00, 0x00, 0x00, 0x00, 0x00, 0x00, 0x4a, 0x59, 0x00, 0x00,
    0x00, 0x00, 0x00, 0x00, 0x00, 0x00, 0x00, 0x00, 0x00, 0x00, 0x00, 0x00, 0x00, 0x00, 0x00, 0x00, 0x00, 0x00, 0x00, 0x00, 0x00, 0x00, 0x00, 0x00, 0x00, 0x00, 0x00, 0x00, 0x00, 0x00, 0x00, 0x00,
    0x00, 0x00, 0x00, 0x00, 0x00, 0x00, 0x00, 0x00, 0x00, 0x00, 0x00, 0x00, 0x00, 0x00, 0x00, 0x00, 0x00, 0x00, 0x00, 0x00, 0x00, 0x00, 0x00, 0x00, 0x00, 0x00, 0x00, 0x00, 0x00, 0x00, 0x00, 0x00,
    0x00, 0x00, 0x00, 0x00, 0x4a, 0x59, 0x00, 0x00, 0x00, 0x00, 0x00, 0x00, 0x00, 0x00, 0x00, 0x00, 0x00, 0x00, 0x00, 0x00, 0x00, 0x00, 0x00, 0x00, 0x00, 0x00, 0x00, 0x00, 0x00, 0x00, 0x00, 0x00,
    0x00, 0x00, 0x00, 0x00, 0x00, 0x00, 0x00, 0x00, 0x00, 0x00, 0x00, 0x00, 0x00, 0x00, 0x00, 0x00, 0x00, 0x00, 0x00, 0x00, 0x00, 0x00, 0x00, 0x00, 0x00, 0x00, 0x4a, 0x59, 0x4a, 0x59, 0x00, 0x00,
    0x00, 0x00, 0x00, 0x00, 0x00, 0x00, 0x00, 0x00, 0x00, 0x00, 0x00, 0x00, 0x00, 0x00, 0x00, 0x00, 0x00, 0x00, 0x00, 0x00, 0x00, 0x00, 0x00, 0x00, 0x00, 0x00, 0x00, 0x00, 0x00, 0x00, 0x00, 0x00,
    0x00, 0x00, 0x00, 0x00, 0x00, 0x00, 0x00, 0x00, 0x00, 0x00, 0x00, 0x00, 0x00, 0x00, 0x00, 0x00, 0x00, 0x00, 0x00, 0x00, 0x00, 0x00, 0x00, 0x00, 0x00, 0x00, 0x00, 0x00, 0x00, 0x00, 0x00, 0x00,
    0x00, 0x00, 0x4a, 0x59, 0x7a, 0xfd, 0x4a, 0x59, 0x00, 0x00, 0x00, 0x00, 0x00, 0x00, 0x00, 0x00, 0x00, 0x00, 0x00, 0x00, 0x00, 0x00, 0x00, 0x00, 0x00, 0x00, 0x00, 0x00, 0x00, 0x00, 0x00, 0x00,
    0x00, 0x00, 0x00, 0x00, 0x00, 0x00, 0x00, 0x00, 0x00, 0x00, 0x00, 0x00, 0x00, 0x00, 0x00, 0x00, 0x00, 0x00, 0x00, 0x00, 0x00, 0x00, 0x00, 0x00, 0x00, 0x00, 0x4a, 0x59, 0x4a, 0x59, 0x00, 0x00,
    0x00, 0x00, 0x00, 0x00, 0x00, 0x00, 0x00, 0x00, 0x00, 0x00, 0x00, 0x00, 0x00, 0x00, 0x00, 0x00, 0x00, 0x00, 0x00, 0x00, 0x00, 0x00, 0x00, 0x00, 0x00, 0x00, 0x00, 0x00, 0x00, 0x00, 0x00, 0x00,
    0x00, 0x00, 0x00, 0x00, 0x00, 0x00, 0x00, 0x00, 0x00, 0x00, 0x00, 0x00, 0x00, 0x00, 0x00, 0x00, 0x00, 0x00, 0x00, 0x00, 0x00, 0x00, 0x00, 0x00, 0x00, 0x00, 0x00, 0x00, 0x00, 0x00, 0x00, 0x00,
    0x00, 0x00, 0x4a, 0x59, 0x7a, 0xfd, 0x4a, 0x59, 0x00, 0x00, 0x00, 0x00, 0x00, 0x00, 0x00, 0x00, 0x00, 0x00, 0x00, 0x00, 0x00, 0x00, 0x00, 0x00, 0x00, 0x00, 0x00, 0x00, 0x00, 0x00, 0x00, 0x00,
    0x00, 0x00, 0x00, 0x00, 0x00, 0x00, 0x00, 0x00, 0x00, 0x00, 0x00, 0x00, 0x00, 0x00, 0x00, 0x00, 0x00, 0x00, 0x00, 0x00, 0x00, 0x00, 0x00, 0x00, 0x4a, 0x59, 0x7a, 0xfd, 0x7a, 0xfd, 0x4a, 0x59,
    0x00, 0x00, 0x00, 0x00, 0x00, 0x00, 0x00, 0x00, 0x00, 0x00, 0x00, 0x00, 0x00, 0x00, 0x00, 0x00, 0x00, 0x00, 0x00, 0x00, 0x00, 0x00, 0x00, 0x00, 0x00, 0x00, 0x00, 0x00, 0x00, 0x00, 0x00, 0x00,
    0x00, 0x00, 0x00, 0x00, 0x00, 0x00, 0x00, 0x00, 0x00, 0x00, 0x00, 0x00, 0x00, 0x00, 0x00, 0x00, 0x00, 0x00, 0x00, 0x00, 0x00, 0x00, 0x00, 0x00, 0x00, 0x00, 0x00, 0x00, 0x00, 0x00, 0x00, 0x00,
    0x00, 0x00, 0x4a, 0x59, 0x7a, 0xfd, 0x7a, 0xfd, 0x32, 0xfb, 0x00, 0x00, 0x00, 0x00, 0x00, 0x00, 0x4a, 0x59, 0x4a, 0x59, 0x4a, 0x59, 0x00, 0x00, 0x00, 0x00, 0x00, 0x00, 0x00, 0x00, 0x00, 0x00,
    0x00, 0x00, 0x00, 0x00, 0x00, 0x00, 0x00, 0x00, 0x00, 0x00, 0x00, 0x00, 0x4a, 0x59, 0x4a, 0x59, 0x4a, 0x59, 0x00, 0x00, 0x00, 0x00, 0x00, 0x00, 0x32, 0xfb, 0x7a, 0xfd, 0x7a, 0xfd, 0x4a, 0x59,
    0x00, 0x00, 0x00, 0x00, 0x00, 0x00, 0x00, 0x00, 0x00, 0x00, 0x00, 0x00, 0x00, 0x00, 0x00, 0x00, 0x00, 0x00, 0x00, 0x00, 0x00, 0x00, 0x00, 0x00, 0x00, 0x00, 0x00, 0x00, 0x00, 0x00, 0x00, 0x00,
    0x00, 0x00, 0x00, 0x00, 0x00, 0x00, 0x00, 0x00, 0x00, 0x00, 0x00, 0x00, 0x00, 0x00, 0x00, 0x00, 0x00, 0x00, 0x00, 0x00, 0x00, 0x00, 0x00, 0x00, 0x00, 0x00, 0x00, 0x00, 0x00, 0x00, 0x00, 0x00,
    0x00, 0x00, 0x4a, 0x59, 0x7a, 0xfd, 0x7a, 0xfd, 0x32, 0xfb, 0x00, 0x00, 0x4a, 0x59, 0x4a, 0x59, 0x32, 0xfb, 0x32, 0xfb, 0x32, 0xfb, 0x4a, 0x59, 0x4a, 0x59, 0x00, 0x00, 0x00, 0x00, 0x00, 0x00,
    0x00, 0x00, 0x00, 0x00, 0x00, 0x00, 0x00, 0x00, 0x4a, 0x59, 0x4a, 0x59, 0x32, 0xfb, 0x32, 0xfb, 0x32, 0xfb, 0x4a, 0x59, 0x4a, 0x59, 0x4a, 0x59, 0x32, 0xfb, 0x7a, 0xfd, 0x7a, 0xfd, 0x4a, 0x59,
    0x00, 0x00, 0x00, 0x00, 0x00, 0x00, 0x00, 0x00, 0x00, 0x00, 0x00, 0x00, 0x00, 0x00, 0x00, 0x00, 0x00, 0x00, 0x00, 0x00, 0x00, 0x00, 0x00, 0x00, 0x00, 0x00, 0x00, 0x00, 0x00, 0x00, 0x00, 0x00,
    0x00, 0x00, 0x00, 0x00, 0x00, 0x00, 0x00, 0x00, 0x00, 0x00, 0x00, 0x00, 0x00, 0x00, 0x00, 0x00, 0x00, 0x00, 0x00, 0x00, 0x00, 0x00, 0x00, 0x00, 0x00, 0x00, 0x00, 0x00, 0x00, 0x00, 0x00, 0x00,
    0x4a, 0x59, 0x7a, 0xfd, 0x7a, 0xfd, 0x32, 0xfb, 0xed, 0xc9, 0x4a, 0x59, 0x32, 0xfb, 0x32, 0xfb, 0x32, 0xfb, 0x32, 0xfb, 0x32, 0xfb, 0x32, 0xfb, 0x32, 0xfb, 0x4a, 0x59, 0x4a, 0x59, 0x4a, 0x59,
    0x4a, 0x59, 0x4a, 0x59, 0x4a, 0x59, 0x4a, 0x59, 0x32, 0xfb, 0x32, 0xfb, 0x32, 0xfb, 0x32, 0xfb, 0x32, 0xfb, 0x32, 0xfb, 0x32, 0xfb, 0x4a, 0x59, 0xed, 0xc9, 0x32, 0xfb, 0x7a, 0xfd, 0x4a, 0x59,
    0x00, 0x00, 0x00, 0x00, 0x00, 0x00, 0x00, 0x00, 0x00, 0x00, 0x00, 0x00, 0x00, 0x00, 0x00, 0x00, 0x00, 0x00, 0x00, 0x00, 0x00, 0x00, 0x00, 0x00, 0x00, 0x00, 0x00, 0x00, 0x00, 0x00, 0x00, 0x00,
    0x00, 0x00, 0x00, 0x00, 0x00, 0x00, 0x00, 0x00, 0x00, 0x00, 0x00, 0x00, 0x00, 0x00, 0x00, 0x00, 0x00, 0x00, 0x00, 0x00, 0x00, 0x00, 0x00, 0x00, 0x00, 0x00, 0x00, 0x00, 0x00, 0x00, 0x00, 0x00,
    0x4a, 0x59, 0x7a, 0xfd, 0x7a, 0xfd, 0x32, 0xfb, 0xed, 0xc9, 0x4a, 0x59, 0x32, 0xfb, 0x32, 0xfb, 0x32, 0xfb, 0x32, 0xfb, 0x32, 0xfb, 0x32, 0xfb, 0x32, 0xfb, 0x4a, 0x59, 0xed, 0xc9, 0xed, 0xc9,
    0xed, 0xc9, 0xed, 0xc9, 0xed, 0xc9, 0x4a, 0x59, 0x32, 0xfb, 0x32, 0xfb, 0x32, 0xfb, 0x32, 0xfb, 0x32, 0xfb, 0x32, 0xfb, 0x32, 0xfb, 0x4a, 0x59, 0xed, 0xc9, 0x32, 0xfb, 0x7a, 0xfd, 0x7a, 0xfd,
    0x4a, 0x59, 0x00, 0x00, 0x00, 0x00, 0x00, 0x00, 0x00, 0x00, 0x00, 0x00, 0x00, 0x00, 0x00, 0x00, 0x00, 0x00, 0x00, 0x00, 0x00, 0x00, 0x00, 0x00, 0x00, 0x00, 0x00, 0x00, 0x00, 0x00, 0x00, 0x00,
    0x00, 0x00, 0x00, 0x00, 0x00, 0x00, 0x00, 0x00, 0x00, 0x00, 0x00, 0x00, 0x00, 0x00, 0x00, 0x00, 0x00, 0x00, 0x00, 0x00, 0x00, 0x00, 0x00, 0x00, 0x00, 0x00, 0x00, 0x00, 0x00, 0x00, 0x00, 0x00,
    0x4a, 0x59, 0x7a, 0xfd, 0x7a, 0xfd, 0x32, 0xfb, 0x4a, 0x59, 0x32, 0xfb, 0x32, 0xfb, 0x32, 0xfb, 0x32, 0xfb, 0x32, 0xfb, 0x32, 0xfb, 0x32, 0xfb, 0x32, 0xfb, 0x4a, 0x59, 0xff, 0xff, 0xec, 0xf1,
    0xed, 0xc9, 0xec, 0xf1, 0xec, 0xf1, 0x4a, 0x59, 0x32, 0xfb, 0x32, 0xfb, 0x32, 0xfb, 0x32, 0xfb, 0x32, 0xfb, 0x32, 0xfb, 0x32, 0xfb, 0x32, 0xfb, 0x4a, 0x59, 0x32, 0xfb, 0x7a, 0xfd, 0x7a, 0xfd,
    0x4a, 0x59, 0x00, 0x00, 0x00, 0x00, 0x00, 0x00, 0x00, 0x00, 0x00, 0x00, 0x00, 0x00, 0x00, 0x00, 0x00, 0x00, 0x00, 0x00, 0x00, 0x00, 0x00, 0x00, 0x00, 0x00, 0x00, 0x00, 0x00, 0x00, 0x00, 0x00,
    0x00, 0x00, 0x00, 0x00, 0x00, 0x00, 0x00, 0x00, 0x00, 0x00, 0x00, 0x00, 0x00, 0x00, 0x00, 0x00, 0x00, 0x00, 0x00, 0x00, 0x00, 0x00, 0x00, 0x00, 0x00, 0x00, 0x00, 0x00, 0x00, 0x00, 0x00, 0x00,
    0x4a, 0x59, 0x7a, 0xfd, 0x7a, 0xfd, 0x32, 0xfb, 0x4a, 0x59, 0x32, 0xfb, 0x32, 0xfb, 0x32, 0xfb, 0x32, 0xfb, 0x32, 0xfb, 0x32, 0xfb, 0x32, 0xfb, 0x32, 0xfb, 0x4a, 0x59, 0xec, 0xf1, 0xec, 0xf1,
    0xec, 0xf1, 0xec, 0xf1, 0xec, 0xf1, 0x4a, 0x59, 0x32, 0xfb, 0x32, 0xfb, 0x32, 0xfb, 0x32, 0xfb, 0x32, 0xfb, 0x32, 0xfb, 0x32, 0xfb, 0x32, 0xfb, 0x4a, 0x59, 0x32, 0xfb, 0x7a, 0xfd, 0x7a, 0xfd,
    0x4a, 0x59, 0x00, 0x00, 0x00, 0x00, 0x00, 0x00, 0x00, 0x00, 0x00, 0x00, 0x00, 0x00, 0x00, 0x00, 0x00, 0x00, 0x00, 0x00, 0x00, 0x00, 0x00, 0x00, 0x00, 0x00, 0x00, 0x00, 0x00, 0x00, 0x00, 0x00,
    0x00, 0x00, 0x00, 0x00, 0x00, 0x00, 0x00, 0x00, 0x00, 0x00, 0x00, 0x00, 0x00, 0x00, 0x00, 0x00, 0x00, 0x00, 0x00, 0x00, 0x00, 0x00, 0x00, 0x00, 0x00, 0x00, 0x00, 0x00, 0x00, 0x00, 0x4a, 0x59,
    0x7a, 0xfd, 0x7a, 0xfd, 0x32, 0xfb, 0x32, 0xfb, 0x4a, 0x59, 0x32, 0xfb, 0x32, 0xfb, 0x32, 0xfb, 0x32, 0xfb, 0x32, 0xfb, 0x32, 0xfb, 0x32, 0xfb, 0x32, 0xfb, 0x4a, 0x59, 0xed, 0xc9, 0xec, 0xf1,
    0xec, 0xf1, 0xec, 0xf1, 0xed, 0xc9, 0x4a, 0x59, 0x32, 0xfb, 0x32, 0xfb, 0x32, 0xfb, 0x32, 0xfb, 0x32, 0xfb, 0x32, 0xfb, 0x32, 0xfb, 0x32, 0xfb, 0x4a, 0x59, 0x32, 0xfb, 0x32, 0xfb, 0x7a, 0xfd,
    0x4a, 0x59, 0x00, 0x00, 0x00, 0x00, 0x00, 0x00, 0x00, 0x00, 0x00, 0x00, 0x00, 0x00, 0x00, 0x00, 0x00, 0x00, 0x00, 0x00, 0x00, 0x00, 0x00, 0x00, 0x00, 0x00, 0x00, 0x00, 0x00, 0x00, 0x00, 0x00,
    0x00, 0x00, 0x00, 0x00, 0x00, 0x00, 0x00, 0x00, 0x00, 0x00, 0x00, 0x00, 0x00, 0x00, 0x00, 0x00, 0x00, 0x00, 0x00, 0x00, 0x00, 0x00, 0x00, 0x00, 0x00, 0x00, 0x00, 0x00, 0x00, 0x00, 0x4a, 0x59,
    0x7a, 0xfd, 0x7a, 0xfd, 0x32, 0xfb, 0x32, 0xfb, 0x4a, 0x59, 0x32, 0xfb, 0x32, 0xfb, 0x32, 0xfb, 0x32, 0xfb, 0x32, 0xfb, 0x32, 0xfb, 0x32, 0xfb, 0x32, 0xfb, 0x4a, 0x59, 0xed, 0xc9, 0xed, 0xc9,
    0xec, 0xf1, 0xed, 0xc9, 0xed, 0xc9, 0x4a, 0x59, 0x32, 0xfb, 0x32, 0xfb, 0x32, 0xfb, 0x32, 0xfb, 0x32, 0xfb, 0x32, 0xfb, 0x32, 0xfb, 0x32, 0xfb, 0x4a, 0x59, 0x32, 0xfb, 0x32, 0xfb, 0x7a, 0xfd,
    0x7a, 0xfd, 0x4a, 0x59, 0x00, 0x00, 0x00, 0x00, 0x00, 0x00, 0x00, 0x00, 0x00, 0x00, 0x00, 0x00, 0x00, 0x00, 0x00, 0x00, 0x00, 0x00, 0x00, 0x00, 0x00, 0x00, 0x00, 0x00, 0x00, 0x00, 0x00, 0x00,
    0x00, 0x00, 0x00, 0x00, 0x00, 0x00, 0x00, 0x00, 0x00, 0x00, 0x00, 0x00, 0x00, 0x00, 0x00, 0x00, 0x00, 0x00, 0x00, 0x00, 0x00, 0x00, 0x00, 0x00, 0x00, 0x00, 0x00, 0x00, 0x00, 0x00, 0x4a, 0x59,
    0x7a, 0xfd, 0x7a, 0xfd, 0x32, 0xfb, 0x32, 0xfb, 0x4a, 0x59, 0x32, 0xfb, 0x32, 0xfb, 0x32, 0xfb, 0x32, 0xfb, 0x32, 0xfb, 0x32, 0xfb, 0x32, 0xfb, 0x32, 0xfb, 0x4a, 0x59, 0xed, 0xc9, 0xed, 0xc9,
    0xed, 0xc9, 0xed, 0xc9, 0xed, 0xc9, 0x4a, 0x59, 0x32, 0xfb, 0x32, 0xfb, 0x32, 0xfb, 0x32, 0xfb, 0x32, 0xfb, 0x32, 0xfb, 0x32, 0xfb, 0x32, 0xfb, 0x4a, 0x59, 0x32, 0xfb, 0x32, 0xfb, 0x7a, 0xfd,
    0x7a, 0xfd, 0x4a, 0x59, 0x00, 0x00, 0x00, 0x00, 0x00, 0x00, 0x00, 0x00, 0x00, 0x00, 0x00, 0x00, 0x00, 0x00, 0x00, 0x00, 0x00, 0x00, 0x00, 0x00, 0x00, 0x00, 0x00, 0x00, 0x00, 0x00, 0x00, 0x00,
    0x00, 0x00, 0x00, 0x00, 0x00, 0x00, 0x00, 0x00, 0x00, 0x00, 0x00, 0x00, 0x00, 0x00, 0x00, 0x00, 0x00, 0x00, 0x00, 0x00, 0x00, 0x00, 0x00, 0x00, 0x00, 0x00, 0x00, 0x00, 0x00, 0x00, 0x4a, 0x59,
    0x7a, 0xfd, 0x32, 0xfb, 0x32, 0xfb, 0x32, 0xfb, 0x32, 0xfb, 0x4a, 0x59, 0x32, 0xfb, 0x32, 0xfb, 0x32, 0xfb, 0x32, 0xfb, 0x32, 0xfb, 0x32, 0xfb, 0x32, 0xfb, 0x4a, 0x59, 0xed, 0xc9, 0xed, 0xc9,
    0xed, 0xc9, 0xed, 0xc9, 0xed, 0xc9, 0x4a, 0x59, 0x32, 0xfb, 0x32, 0xfb, 0x32, 0xfb, 0x32, 0xfb, 0x32, 0xfb, 0x32, 0xfb, 0x32, 0xfb, 0x4a, 0x59, 0x32, 0xfb, 0x32, 0xfb, 0x32, 0xfb, 0x32, 0xfb,
    0x7a, 0xfd, 0x4a, 0x59, 0x00, 0x00, 0x00, 0x00, 0x00, 0x00, 0x00, 0x00, 0x00, 0x00, 0x00, 0x00, 0x00, 0x00, 0x00, 0x00, 0x00, 0x00, 0x00, 0x00, 0x00, 0x00, 0x00, 0x00, 0x00, 0x00, 0x00, 0x00,
    0x00, 0x00, 0x00, 0x00, 0x00, 0x00, 0x00, 0x00, 0x00, 0x00, 0x00, 0x00, 0x00, 0x00, 0x00, 0x00, 0x00, 0x00, 0x00, 0x00, 0x00, 0x00, 0x00, 0x00, 0x00, 0x00, 0x00, 0x00, 0x4a, 0x59, 0x7a, 0xfd,
    0x7a, 0xfd, 0x32, 0xfb, 0x32, 0xfb, 0x32, 0xfb, 0x32, 0xfb, 0x4a, 0x59, 0x32, 0xfb, 0x32, 0xfb, 0x32, 0xfb, 0x32, 0xfb, 0x32, 0xfb, 0x32, 0xfb, 0x4a, 0x59, 0x4a, 0x59, 0x4a, 0x59, 0x4a, 0x59,
    0x4a, 0x59, 0x4a, 0x59, 0x4a, 0x59, 0x4a, 0x59, 0x4a, 0x59, 0x32, 0xfb, 0x32, 0xfb, 0x32, 0xfb, 0x32, 0xfb, 0x32, 0xfb, 0x32, 0xfb, 0x4a, 0x59, 0x32, 0xfb, 0x32, 0xfb, 0x32, 0xfb, 0x32, 0xfb,
    0x7a, 0xfd, 0x4a, 0x59, 0x00, 0x00, 0x00, 0x00, 0x00, 0x00, 0x00, 0x00, 0x00, 0x00, 0x00, 0x00, 0x00, 0x00, 0x00, 0x00, 0x00, 0x00, 0x00, 0x00, 0x00, 0x00, 0x00, 0x00, 0x00, 0x00, 0x00, 0x00,
    0x00, 0x00, 0x00, 0x00, 0x00, 0x00, 0x00, 0x00, 0x00, 0x00, 0x00, 0x00, 0x00, 0x00, 0x00, 0x00, 0x00, 0x00, 0x00, 0x00, 0x00, 0x00, 0x00, 0x00, 0x00, 0x00, 0x00, 0x00, 0x4a, 0x59, 0x7a, 0xfd,
    0x7a, 0xfd, 0x7a, 0xfd, 0x7a, 0xfd, 0x7a, 0xfd, 0x7a, 0xfd, 0x7a, 0xfd, 0x4a, 0x59, 0x4a, 0x59, 0x32, 0xfb, 0x4a, 0x59, 0x4a, 0x59, 0x4a, 0x59, 0x7a, 0xfd, 0x7a, 0xfd, 0x7a, 0xfd, 0x7a, 0xfd,
    0x7a, 0xfd, 0x7a, 0xfd, 0x7a, 0xfd, 0x7a, 0xfd, 0x7a, 0xfd, 0x4a, 0x59, 0x4a, 0x59, 0x4a, 0x59, 0x32, 0xfb, 0x4a, 0x59, 0x4a, 0x59, 0x7a, 0xfd, 0x7a, 0xfd, 0x7a, 0xfd, 0x7a, 0xfd, 0x7a, 0xfd,
    0x7a, 0xfd, 0x7a, 0xfd, 0x4a, 0x59, 0x00, 0x00, 0x00, 0x00, 0x00, 0x00, 0x00, 0x00, 0x00, 0x00, 0x00, 0x00, 0x00, 0x00, 0x00, 0x00, 0x00, 0x00, 0x00, 0x00, 0x00, 0x00, 0x00, 0x00, 0x00, 0x00,
    0x00, 0x00, 0x00, 0x00, 0x00, 0x00, 0x00, 0x00, 0x00, 0x00, 0x00, 0x00, 0x00, 0x00, 0x00, 0x00, 0x00, 0x00, 0x00, 0x00, 0x00, 0x00, 0x00, 0x00, 0x00, 0x00, 0x00, 0x00, 0x4a, 0x59, 0x4a, 0x59,
    0x4a, 0x59, 0x4a, 0x59, 0x4a, 0x59, 0x4a, 0x59, 0x4a, 0x59, 0x4a, 0x59, 0x4a, 0x59, 0x4a, 0x59, 0x4a, 0x59, 0x4a, 0x59, 0x4a, 0x59, 0x4a, 0x59, 0x4a, 0x59, 0x4a, 0x59, 0x4a, 0x59, 0x4a, 0x59,
    0x4a, 0x59, 0x4a, 0x59, 0x4a, 0x59, 0x4a, 0x59, 0x4a, 0x59, 0x7a, 0xfd, 0x7a, 0xfd, 0x7a, 0xfd, 0x4a, 0x59, 0x4a, 0x59, 0x4a, 0x59, 0x4a, 0x59, 0x4a, 0x59, 0x4a, 0x59, 0x4a, 0x59, 0x4a, 0x59,
    0x4a, 0x59, 0x4a, 0x59, 0x4a, 0x59, 0x00, 0x00, 0x00, 0x00, 0x00, 0x00, 0x00, 0x00, 0x00, 0x00, 0x00, 0x00, 0x00, 0x00, 0x00, 0x00, 0x00, 0x00, 0x00, 0x00, 0x00, 0x00, 0x00, 0x00, 0x00, 0x00,
    0x00, 0x00, 0x00, 0x00, 0x00, 0x00, 0x00, 0x00, 0x00, 0x00, 0x00, 0x00, 0x00, 0x00, 0x00, 0x00, 0x00, 0x00, 0x00, 0x00, 0x00, 0x00, 0x00, 0x00, 0x00, 0x00, 0x00, 0x00, 0x00, 0x00, 0x00, 0x00,
    0x00, 0x00, 0x00, 0x00, 0x00, 0x00, 0x00, 0x00, 0x00, 0x00, 0x00, 0x00, 0x4a, 0x59, 0x7a, 0xfd, 0x4a, 0x59, 0x32, 0xfb, 0x32, 0xfb, 0x32, 0xfb, 0x4a, 0x59, 0xed, 0xc9, 0xed, 0xc9, 0xed, 0xc9,
    0x4a, 0x59, 0x32, 0xfb, 0x32, 0xfb, 0x32, 0xfb, 0x4a, 0x59, 0x7a, 0xfd, 0x7a, 0xfd, 0x7a, 0xfd, 0x7a, 0xfd, 0x7a, 0xfd, 0x4a, 0x59, 0x00, 0x00, 0x00, 0x00, 0x00, 0x00, 0x00, 0x00, 0x00, 0x00,
    0x00, 0x00, 0x00, 0x00, 0x00, 0x00, 0x00, 0x00, 0x00, 0x00, 0x00, 0x00, 0x00, 0x00, 0x00, 0x00, 0x00, 0x00, 0x00, 0x00, 0x00, 0x00, 0x00, 0x00, 0x00, 0x00, 0x00, 0x00, 0x00, 0x00, 0x00, 0x00,
    0x00, 0x00, 0x00, 0x00, 0x00, 0x00, 0x00, 0x00, 0x00, 0x00, 0x00, 0x00, 0x00, 0x00, 0x00, 0x00, 0x00, 0x00, 0x00, 0x00, 0x00, 0x00, 0x00, 0x00, 0x00, 0x00, 0x00, 0x00, 0x00, 0x00, 0x00, 0x00,
    0x00, 0x00, 0x00, 0x00, 0x00, 0x00, 0x00, 0x00, 0x00, 0x00, 0x4a, 0x59, 0x7a, 0xfd, 0x7a, 0xfd, 0x7a, 0xfd, 0x4a, 0x59, 0x32, 0xfb, 0x4a, 0x59, 0x4a, 0x59, 0xed, 0xc9, 0xed, 0xc9, 0x4a, 0x59,
    0x7a, 0xfd, 0x4a, 0x59, 0x32, 0xfb, 0x4a, 0x59, 0x7a, 0xfd, 0x7a, 0xfd, 0x7a, 0xfd, 0x7a, 0xfd, 0x7a, 0xfd, 0x7a, 0xfd, 0x7a, 0xfd, 0x4a, 0x59, 0x00, 0x00, 0x00, 0x00, 0x00, 0x00, 0x00, 0x00,
    0x00, 0x00, 0x00, 0x00, 0x00, 0x00, 0x00, 0x00, 0x00, 0x00, 0x00, 0x00, 0x00, 0x00, 0x00, 0x00, 0x00, 0x00, 0x00, 0x00, 0x00, 0x00, 0x00, 0x00, 0x00, 0x00, 0x00, 0x00, 0x00, 0x00, 0x00, 0x00,
    0x00, 0x00, 0x00, 0x00, 0x00, 0x00, 0x00, 0x00, 0x00, 0x00, 0x00, 0x00, 0x00, 0x00, 0x00, 0x00, 0x00, 0x00, 0x00, 0x00, 0x00, 0x00, 0x00, 0x00, 0x00, 0x00, 0x00, 0x00, 0x00, 0x00, 0x00, 0x00,
    0x00, 0x00, 0x00, 0x00, 0x00, 0x00, 0x00, 0x00, 0x4a, 0x59, 0x7a, 0xfd, 0x5c, 0xfe, 0x5c, 0xfe, 0x7a, 0xfd, 0x4a, 0x59, 0x32, 0xfb, 0x4a, 0x59, 0x7a, 0xfd, 0x4a, 0x59, 0xed, 0xc9, 0x4a, 0x59,
    0x7a, 0xfd, 0x4a, 0x59, 0x32, 0xfb, 0x4a, 0x59, 0x7a, 0xfd, 0x7a, 0xfd, 0x7a, 0xfd, 0x7a, 0xfd, 0x7a, 0xfd, 0x7a, 0xfd, 0x7a, 0xfd, 0x7a, 0xfd, 0x4a, 0x59, 0x00, 0x00, 0x00, 0x00, 0x00, 0x00,
    0x00, 0x00, 0x00, 0x00, 0x00, 0x00, 0x00, 0x00, 0x00, 0x00, 0x00, 0x00, 0x00, 0x00, 0x00, 0x00, 0x00, 0x00, 0x00, 0x00, 0x00, 0x00, 0x00, 0x00, 0x00, 0x00, 0x00, 0x00, 0x00, 0x00, 0x00, 0x00,
    0x00, 0x00, 0x00, 0x00, 0x00, 0x00, 0x00, 0x00, 0x00, 0x00, 0x00, 0x00, 0x00, 0x00, 0x00, 0x00, 0x00, 0x00, 0x00, 0x00, 0x00, 0x00, 0x00, 0x00, 0x00, 0x00, 0x00, 0x00, 0x00, 0x00, 0x00, 0x00,
    0x00, 0x00, 0x00, 0x00, 0x00, 0x00, 0x4a, 0x59, 0x7a, 0xfd, 0x7a, 0xfd, 0x5c, 0xfe, 0x7a, 0xfd, 0x7a, 0xfd, 0x4a, 0x59, 0x32, 0xfb, 0x4a, 0x59, 0x7a, 0xfd, 0x4a, 0x59, 0xed, 0xc9, 0x4a, 0x59,
    0x7a, 0xfd, 0x4a, 0x59, 0x32, 0xfb, 0x4a, 0x59, 0x7a, 0xfd, 0x7a, 0xfd, 0x7a, 0xfd, 0x7a, 0xfd, 0x7a, 0xfd, 0x7a, 0xfd, 0x7a, 0xfd, 0x7a, 0xfd, 0x7a, 0xfd, 0x4a, 0x59, 0x00, 0x00, 0x00, 0x00,
    0x00, 0x00, 0x00, 0x00, 0x00, 0x00, 0x00, 0x00, 0x00, 0x00, 0x00, 0x00, 0x00, 0x00, 0x00, 0x00, 0x00, 0x00, 0x00, 0x00, 0x00, 0x00, 0x00, 0x00, 0x00, 0x00, 0x00, 0x00, 0x00, 0x00, 0x00, 0x00,
    0x00, 0x00, 0x00, 0x00, 0x00, 0x00, 0x00, 0x00, 0x00, 0x00, 0x00, 0x00, 0x00, 0x00, 0x00, 0x00, 0x00, 0x00, 0x00, 0x00, 0x00, 0x00, 0x00, 0x00, 0x00, 0x00, 0x00, 0x00, 0x00, 0x00, 0x00, 0x00,
    0x00, 0x00, 0x00, 0x00, 0x4a, 0x59, 0x7a, 0xfd, 0x7a, 0xfd, 0x7a, 0xfd, 0x7a, 0xfd, 0x7a, 0xfd, 0x7a, 0xfd, 0x7a, 0xfd, 0x4a, 0x59, 0x7a, 0xfd, 0x7a, 0xfd, 0x4a, 0x59, 0xed, 0xc9, 0x4a, 0x59,
    0x7a, 0xfd, 0x7a, 0xfd, 0x4a, 0x59, 0x7a, 0xfd, 0x7a, 0xfd, 0x7a, 0xfd, 0x7a, 0xfd, 0x7a, 0xfd, 0x7a, 0xfd, 0x7a, 0xfd, 0x7a, 0xfd, 0x7a, 0xfd, 0x7a, 0xfd, 0x7a, 0xfd, 0x4a, 0x59, 0x00, 0x00,
    0x00, 0x00, 0x00, 0x00, 0x00, 0x00, 0x00, 0x00, 0x00, 0x00, 0x00, 0x00, 0x00, 0x00, 0x00, 0x00, 0x00, 0x00, 0x00, 0x00, 0x00, 0x00, 0x00, 0x00, 0x00, 0x00, 0x00, 0x00, 0x00, 0x00, 0x00, 0x00,
    0x00, 0x00, 0x00, 0x00, 0x00, 0x00, 0x00, 0x00, 0x00, 0x00, 0x00, 0x00, 0x00, 0x00, 0x00, 0x00, 0x00, 0x00, 0x00, 0x00, 0x00, 0x00, 0x00, 0x00, 0x00, 0x00, 0x00, 0x00, 0x00, 0x00, 0x00, 0x00,
    0x00, 0x00, 0x00, 0x00, 0x42, 0x08, 0x7a, 0xfd, 0x7a, 0xfd, 0x7a, 0xfd, 0x7a, 0xfd, 0x7a, 0xfd, 0x7a, 0xfd, 0x7a, 0xfd, 0x4a, 0x59, 0x7a, 0xfd, 0x7a, 0xfd, 0x4a, 0x59, 0x4a, 0x59, 0x7a, 0xfd,
    0x7a, 0xfd, 0x7a, 0xfd, 0x4a, 0x59, 0x7a, 0xfd, 0x7a, 0xfd, 0x7a, 0xfd, 0x7a, 0xfd, 0x7a, 0xfd, 0x7a, 0xfd, 0x7a, 0xfd, 0x7a, 0xfd, 0x7a, 0xfd, 0x7a, 0xfd, 0x7a, 0xfd, 0x42, 0x08, 0x00, 0x00,
    0x00, 0x00, 0x00, 0x00, 0x00, 0x00, 0x00, 0x00, 0x00, 0x00, 0x00, 0x00, 0x00, 0x00, 0x00, 0x00, 0x00, 0x00, 0x00, 0x00, 0x00, 0x00, 0x00, 0x00, 0x00, 0x00, 0x00, 0x00, 0x00, 0x00, 0x00, 0x00,
    0x00, 0x00, 0x00, 0x00, 0x00, 0x00, 0x00, 0x00, 0x00, 0x00, 0x00, 0x00, 0x00, 0x00, 0x00, 0x00, 0x00, 0x00, 0x00, 0x00, 0x00, 0x00, 0x00, 0x00, 0x00, 0x00, 0x00, 0x00, 0x00, 0x00, 0x00, 0x00,
    0x00, 0x00, 0x4a, 0x59, 0x7a, 0xfd, 0x42, 0x08, 0x7a, 0xfd, 0x7a, 0xfd, 0x7a, 0xfd, 0x7a, 0xfd, 0x7a, 0xfd, 0x7a, 0xfd, 0x7a, 0xfd, 0x7a, 0xfd, 0x7a, 0xfd, 0x7a, 0xfd, 0x4a, 0x59, 0x7a, 0xfd,
    0x7a, 0xfd, 0x7a, 0xfd, 0x7a, 0xfd, 0x7a, 0xfd, 0x7a, 0xfd, 0x7a, 0xfd, 0x7a, 0xfd, 0x7a, 0xfd, 0x7a, 0xfd, 0x7a, 0xfd, 0x7a, 0xfd, 0x7a, 0xfd, 0x7a, 0xfd, 0x42, 0x08, 0x7a, 0xfd, 0x4a, 0x59,
    0x00, 0x00, 0x00, 0x00, 0x00, 0x00, 0x00, 0x00, 0x00, 0x00, 0x00, 0x00, 0x00, 0x00, 0x00, 0x00, 0x00, 0x00, 0x00, 0x00, 0x00, 0x00, 0x00, 0x00, 0x00, 0x00, 0x00, 0x00, 0x00, 0x00, 0x00, 0x00,
    0x00, 0x00, 0x00, 0x00, 0x00, 0x00, 0x00, 0x00, 0x00, 0x00, 0x00, 0x00, 0x00, 0x00, 0x00, 0x00, 0x00, 0x00, 0x00, 0x00, 0x00, 0x00, 0x00, 0x00, 0x00, 0x00, 0x00, 0x00, 0x00, 0x00, 0x00, 0x00,
    0x00, 0x00, 0x4a, 0x59, 0x42, 0x08, 0x42, 0x08, 0x42, 0x08, 0x7a, 0xfd, 0x7a, 0xfd, 0x42, 0x08, 0x42, 0x08, 0x42, 0x08, 0x7a, 0xfd, 0x7a, 0xfd, 0x7a, 0xfd, 0x7a, 0xfd, 0x4a, 0x59, 0x7a, 0xfd,
    0x7a, 0xfd, 0x7a, 0xfd, 0x7a, 0xfd, 0x7a, 0xfd, 0x7a, 0xfd, 0x7a, 0xfd, 0x7a, 0xfd, 0x42, 0x08, 0x42, 0x08, 0x42, 0x08, 0x7a, 0xfd, 0x7a, 0xfd, 0x42, 0x08, 0x42, 0x08, 0x42, 0x08, 0x4a, 0x59,
    0x00, 0x00, 0x00, 0x00, 0x00, 0x00, 0x00, 0x00, 0x00, 0x00, 0x00, 0x00, 0x00, 0x00, 0x00, 0x00, 0x00, 0x00, 0x00, 0x00, 0x00, 0x00, 0x00, 0x00, 0x00, 0x00, 0x00, 0x00, 0x00, 0x00, 0x00, 0x00,
    0x00, 0x00, 0x00, 0x00, 0x00, 0x00, 0x00, 0x00, 0x00, 0x00, 0x00, 0x00, 0x00, 0x00, 0x00, 0x00, 0x00, 0x00, 0x00, 0x00, 0x00, 0x00, 0x00, 0x00, 0x00, 0x00, 0x00, 0x00, 0x00, 0x00, 0x00, 0x00,
    0x4a, 0x59, 0x7a, 0xfd, 0x7a, 0xfd, 0x7a, 0xfd, 0x42, 0x08, 0x42, 0x08, 0x42, 0x08, 0xff, 0xff, 0xa5, 0x88, 0xa5, 0x88, 0x42, 0x08, 0x42, 0x08, 0x7a, 0xfd, 0x7a, 0xfd, 0x7a, 0xfd, 0x7a, 0xfd,
    0x7a, 0xfd, 0x7a, 0xfd, 0x7a, 0xfd, 0x7a, 0xfd, 0x7a, 0xfd, 0x42, 0x08, 0x42, 0x08, 0xff, 0xff, 0xa5, 0x88, 0xa5, 0x88, 0x42, 0x08, 0x42, 0x08, 0x42, 0x08, 0x7a, 0xfd, 0x7a, 0xfd, 0x7a, 0xfd,
    0x4a, 0x59, 0x00, 0x00, 0x00, 0x00, 0x00, 0x00, 0x00, 0x00, 0x00, 0x00, 0x00, 0x00, 0x00, 0x00, 0x00, 0x00, 0x00, 0x00, 0x00, 0x00, 0x00, 0x00, 0x00, 0x00, 0x00, 0x00, 0x00, 0x00, 0x00, 0x00,
    0x00, 0x00, 0x00, 0x00, 0x00, 0x00, 0x00, 0x00, 0x00, 0x00, 0x00, 0x00, 0x00, 0x00, 0x00, 0x00, 0x00, 0x00, 0x00, 0x00, 0x00, 0x00, 0x00, 0x00, 0x00, 0x00, 0x00, 0x00, 0x00, 0x00, 0x00, 0x00,
    0x4a, 0x59, 0x7a, 0xfd, 0x7a, 0xfd, 0x7a, 0xfd, 0x7a, 0xfd, 0x42, 0x08, 0xff, 0xff, 0xa5, 0x88, 0xff, 0xff, 0x48, 0xd9, 0xa5, 0x88, 0x42, 0x08, 0x7a, 0xfd, 0x7a, 0xfd, 0x7a, 0xfd, 0x7a, 0xfd,
    0x7a, 0xfd, 0x7a, 0xfd, 0x7a, 0xfd, 0x7a, 0xfd, 0x7a, 0xfd, 0x42, 0x08, 0xff, 0xff, 0xa5, 0x88, 0xff, 0xff, 0x48, 0xd9, 0xa5, 0x88, 0x42, 0x08, 0x7a, 0xfd, 0x7a, 0xfd, 0x7a, 0xfd, 0x7a, 0xfd,
    0x4a, 0x59, 0x00, 0x00, 0x00, 0x00, 0x00, 0x00, 0x00, 0x00, 0x00, 0x00, 0x00, 0x00, 0x00, 0x00, 0x00, 0x00, 0x00, 0x00, 0x00, 0x00, 0x00, 0x00, 0x00, 0x00, 0x00, 0x00, 0x00, 0x00, 0x00, 0x00,
    0x00, 0x00, 0x00, 0x00, 0x00, 0x00, 0x00, 0x00, 0x00, 0x00, 0x00, 0x00, 0x00, 0x00, 0x00, 0x00, 0x00, 0x00, 0x00, 0x00, 0x00, 0x00, 0x00, 0x00, 0x00, 0x00, 0x00, 0x00, 0x00, 0x00, 0x00, 0x00,
    0x4a, 0x59, 0x7a, 0xfd, 0x7a, 0xfd, 0x7a, 0xfd, 0x42, 0x08, 0xff, 0xff, 0xa5, 0x88, 0x42, 0x08, 0x42, 0x08, 0x42, 0x08, 0x48, 0xd9, 0xa5, 0x88, 0x42, 0x08, 0x7a, 0xfd, 0x7a, 0xfd, 0x7a, 0xfd,
    0x7a, 0xfd, 0x7a, 0xfd, 0x7a, 0xfd, 0x7a, 0xfd, 0x42, 0x08, 0xff, 0xff, 0xa5, 0x88, 0x42, 0x08, 0x42, 0x08, 0x42, 0x08, 0x48, 0xd9, 0xa5, 0x88, 0x42, 0x08, 0x7a, 0xfd, 0x7a, 0xfd, 0x7a, 0xfd,
    0x4a, 0x59, 0x00, 0x00, 0x00, 0x00, 0x00, 0x00, 0x00, 0x00, 0x00, 0x00, 0x00, 0x00, 0x00, 0x00, 0x00, 0x00, 0x00, 0x00, 0x00, 0x00, 0x00, 0x00, 0x00, 0x00, 0x00, 0x00, 0x00, 0x00, 0x00, 0x00,
    0x00, 0x00, 0x00, 0x00, 0x00, 0x00, 0x00, 0x00, 0x00, 0x00, 0x00, 0x00, 0x00, 0x00, 0x00, 0x00, 0x00, 0x00, 0x00, 0x00, 0x00, 0x00, 0x00, 0x00, 0x00, 0x00, 0x00, 0x00, 0x00, 0x00, 0x00, 0x00,
    0x4a, 0x59, 0x7a, 0xfd, 0x7a, 0xfd, 0x7a, 0xfd, 0x42, 0x08, 0xff, 0xff, 0xa5, 0x88, 0x42, 0x08, 0x42, 0x08, 0x42, 0x08, 0x48, 0xd9, 0xa5, 0x88, 0x42, 0x08, 0x7a, 0xfd, 0x7a, 0xfd, 0x7a, 0xfd,
    0x7a, 0xfd, 0x7a, 0xfd, 0x7a, 0xfd, 0x7a, 0xfd, 0x42, 0x08, 0xff, 0xff, 0xa5, 0x88, 0x42, 0x08, 0x42, 0x08, 0x42, 0x08, 0x48, 0xd9, 0xa5, 0x88, 0x42, 0x08, 0x7a, 0xfd, 0x7a, 0xfd, 0x7a, 0xfd,
    0x4a, 0x59, 0x00, 0x00, 0x00, 0x00, 0x00, 0x00, 0x00, 0x00, 0x00, 0x00, 0x00, 0x00, 0x00, 0x00, 0x00, 0x00, 0x00, 0x00, 0x00, 0x00, 0x00, 0x00, 0x00, 0x00, 0x00, 0x00, 0x00, 0x00, 0x00, 0x00,
    0x00, 0x00, 0x00, 0x00, 0x00, 0x00, 0x00, 0x00, 0x00, 0x00, 0x00, 0x00, 0x00, 0x00, 0x00, 0x00, 0x00, 0x00, 0x00, 0x00, 0x00, 0x00, 0x00, 0x00, 0x00, 0x00, 0x00, 0x00, 0x00, 0x00, 0x00, 0x00,
    0x4a, 0x59, 0x7a, 0xfd, 0x7a, 0xfd, 0x7a, 0xfd, 0x42, 0x08, 0xff, 0xff, 0xa5, 0x88, 0x48, 0xd9, 0x42, 0x08, 0x48, 0xd9, 0x48, 0xd9, 0xa5, 0x88, 0x42, 0x08, 0x7a, 0xfd, 0x7a, 0xfd, 0x7a, 0xfd,
    0x7a, 0xfd, 0x7a, 0xfd, 0x7a, 0xfd, 0x7a, 0xfd, 0x42, 0x08, 0xff, 0xff, 0xa5, 0x88, 0x48, 0xd9, 0x42, 0x08, 0x48, 0xd9, 0x48, 0xd9, 0xa5, 0x88, 0x42, 0x08, 0x7a, 0xfd, 0x7a, 0xfd, 0x7a, 0xfd,
    0x4a, 0x59, 0x00, 0x00, 0x00, 0x00, 0x00, 0x00, 0x00, 0x00, 0x00, 0x00, 0x00, 0x00, 0x00, 0x00, 0x00, 0x00, 0x00, 0x00, 0x00, 0x00, 0x00, 0x00, 0x00, 0x00, 0x00, 0x00, 0x00, 0x00, 0x00, 0x00,
    0x00, 0x00, 0x00, 0x00, 0x00, 0x00, 0x00, 0x00, 0x00, 0x00, 0x00, 0x00, 0x00, 0x00, 0x00, 0x00, 0x00, 0x00, 0x00, 0x00, 0x00, 0x00, 0x00, 0x00, 0x00, 0x00, 0x00, 0x00, 0x00, 0x00, 0x00, 0x00,
    0x4a, 0x59, 0x7a, 0xfd, 0x7a, 0xfd, 0x7a, 0xfd, 0x7a, 0xfd, 0x42, 0x08, 0xff, 0xff, 0xa5, 0x88, 0x48, 0xd9, 0xff, 0xff, 0xa5, 0x88, 0x42, 0x08, 0x7a, 0xfd, 0x7a, 0xfd, 0x7a, 0xfd, 0x7a, 0xfd,
    0x7a, 0xfd, 0x7a, 0xfd, 0x7a, 0xfd, 0x7a, 0xfd, 0x7a, 0xfd, 0x42, 0x08, 0xff, 0xff, 0xa5, 0x88, 0x48, 0xd9, 0xff, 0xff, 0xa5, 0x88, 0x42, 0x08, 0x7a, 0xfd, 0x7a, 0xfd, 0x7a, 0xfd, 0x7a, 0xfd,
    0x4a, 0x59, 0x00, 0x00, 0x00, 0x00, 0x00, 0x00, 0x00, 0x00, 0x00, 0x00, 0x00, 0x00, 0x00, 0x00, 0x00, 0x00, 0x00, 0x00, 0x00, 0x00, 0x00, 0x00, 0x00, 0x00, 0x00, 0x00, 0x00, 0x00, 0x00, 0x00,
    0x00, 0x00, 0x00, 0x00, 0x00, 0x00, 0x00, 0x00, 0x00, 0x00, 0x00, 0x00, 0x00, 0x00, 0x00, 0x00, 0x00, 0x00, 0x00, 0x00, 0x00, 0x00, 0x00, 0x00, 0x00, 0x00, 0x00, 0x00, 0x00, 0x00, 0x00, 0x00,
    0x4a, 0x59, 0x7a, 0xfd, 0x7a, 0xfd, 0x7a, 0xfd, 0x7a, 0xfd, 0x42, 0x08, 0x42, 0x08, 0xff, 0xff, 0xa5, 0x88, 0xa5, 0x88, 0x42, 0x08, 0x42, 0x08, 0x7a, 0xfd, 0x7a, 0xfd, 0x7a, 0xfd, 0x7a, 0xfd,
    0x7a, 0xfd, 0x7a, 0xfd, 0x7a, 0xfd, 0x7a, 0xfd, 0x15, 0xd4, 0x42, 0x08, 0x42, 0x08, 0xff, 0xff, 0xa5, 0x88, 0xa5, 0x88, 0x42, 0x08, 0x42, 0x08, 0x15, 0xd4, 0x7a, 0xfd, 0x7a, 0xfd, 0x7a, 0xfd,
    0x4a, 0x59, 0x00, 0x00, 0x00, 0x00, 0x00, 0x00, 0x00, 0x00, 0x00, 0x00, 0x00, 0x00, 0x00, 0x00, 0x00, 0x00, 0x00, 0x00, 0x00, 0x00, 0x00, 0x00, 0x00, 0x00, 0x00, 0x00, 0x00, 0x00, 0x00, 0x00,
    0x00, 0x00, 0x00, 0x00, 0x00, 0x00, 0x00, 0x00, 0x00, 0x00, 0x00, 0x00, 0x00, 0x00, 0x00, 0x00, 0x00, 0x00, 0x00, 0x00, 0x00, 0x00, 0x00, 0x00, 0x00, 0x00, 0x00, 0x00, 0x00, 0x00, 0x00, 0x00,
    0x00, 0x00, 0x4a, 0x59, 0x7a, 0xfd, 0x74, 0xfb, 0x74, 0xfb, 0x7a, 0xfd, 0x7a, 0xfd, 0x42, 0x08, 0x42, 0x08, 0x42, 0x08, 0x7a, 0xfd, 0x7a, 0xfd, 0x7a, 0xfd, 0x7a, 0xfd, 0x7a, 0xfd, 0x7a, 0xfd,
    0x7a, 0xfd, 0x7a, 0xfd, 0x7a, 0xfd, 0x15, 0xd4, 0x15, 0xd4, 0x15, 0xd4, 0x15, 0xd4, 0x42, 0x08, 0x42, 0x08, 0x42, 0x08, 0x15, 0xd4, 0x15, 0xd4, 0x74, 0xfb, 0x74, 0xfb, 0x7a, 0xfd, 0x4a, 0x59,
    0x00, 0x00, 0x00, 0x00, 0x00, 0x00, 0x00, 0x00, 0x00, 0x00, 0x00, 0x00, 0x00, 0x00, 0x00, 0x00, 0x00, 0x00, 0x00, 0x00, 0x00, 0x00, 0x00, 0x00, 0x00, 0x00, 0x00, 0x00, 0x00, 0x00, 0x00, 0x00,
    0x00, 0x00, 0x00, 0x00, 0x00, 0x00, 0x00, 0x00, 0x00, 0x00, 0x00, 0x00, 0x00, 0x00, 0x00, 0x00, 0x00, 0x00, 0x00, 0x00, 0x00, 0x00, 0x00, 0x00, 0x00, 0x00, 0x00, 0x00, 0x00, 0x00, 0x00, 0x00,
    0x00, 0x00, 0x4a, 0x59, 0x74, 0xfb, 0x74, 0xfb, 0x74, 0xfb, 0x74, 0xfb, 0x7a, 0xfd, 0x7a, 0xfd, 0x7a, 0xfd, 0x7a, 0xfd, 0x7a, 0xfd, 0x7a, 0xfd, 0x7a, 0xfd, 0x7a, 0xfd, 0x7a, 0xfd, 0x7a, 0xfd,
    0x7a, 0xfd, 0x7a, 0xfd, 0x7a, 0xfd, 0x15, 0xd4, 0x15, 0xd4, 0x15, 0xd4, 0x15, 0xd4, 0x15, 0xd4, 0x15, 0xd4, 0x15, 0xd4, 0x15, 0xd4, 0x74, 0xfb, 0x74, 0xfb, 0x74, 0xfb, 0x74, 0xfb, 0x4a, 0x59,
    0x00, 0x00, 0x00, 0x00, 0x00, 0x00, 0x00, 0x00, 0x00, 0x00, 0x00, 0x00, 0x00, 0x00, 0x00, 0x00, 0x00, 0x00, 0x00, 0x00, 0x00, 0x00, 0x00, 0x00, 0x00, 0x00, 0x00, 0x00, 0x00, 0x00, 0x00, 0x00,
    0x00, 0x00, 0x00, 0x00, 0x00, 0x00, 0x00, 0x00, 0x00, 0x00, 0x00, 0x00, 0x00, 0x00, 0x00, 0x00, 0x00, 0x00, 0x00, 0x00, 0x00, 0x00, 0x00, 0x00, 0x00, 0x00, 0x00, 0x00, 0x00, 0x00, 0x00, 0x00,
    0x00, 0x00, 0x00, 0x00, 0x74, 0xfb, 0x74, 0xfb, 0x74, 0xfb, 0x74, 0xfb, 0x7a, 0xfd, 0x7a, 0xfd, 0x7a, 0xfd, 0x7a, 0xfd, 0x7a, 0xfd, 0x7a, 0xfd, 0x7a, 0xfd, 0x7a, 0xfd, 0x7a, 0xfd, 0x7a, 0xfd,
    0x7a, 0xfd, 0x7a, 0xfd, 0x15, 0xd4, 0x15, 0xd4, 0x15, 0xd4, 0x15, 0xd4, 0x15, 0xd4, 0x15, 0xd4, 0x15, 0xd4, 0x15, 0xd4, 0x15, 0xd4, 0x74, 0xfb, 0x74, 0xfb, 0x74, 0xfb, 0x74, 0xfb, 0x00, 0x00,
    0x00, 0x00, 0x00, 0x00, 0x00, 0x00, 0x00, 0x00, 0x00, 0x00, 0x00, 0x00, 0x00, 0x00, 0x00, 0x00, 0x00, 0x00, 0x00, 0x00, 0x00, 0x00, 0x00, 0x00, 0x00, 0x00, 0x00, 0x00, 0x00, 0x00, 0x00, 0x00,
    0x00, 0x00, 0x00, 0x00, 0x00, 0x00, 0x00, 0x00, 0x00, 0x00, 0x00, 0x00, 0x00, 0x00, 0x00, 0x00, 0x00, 0x00, 0x00, 0x00, 0x00, 0x00, 0x00, 0x00, 0x00, 0x00, 0x00, 0x00, 0x00, 0x00, 0x00, 0x00,
    0x00, 0x00, 0x00, 0x00, 0x4a, 0x59, 0x74, 0xfb, 0x74, 0xfb, 0x7a, 0xfd, 0x7a, 0xfd, 0x7a, 0xfd, 0x7a, 0xfd, 0x7a, 0xfd, 0x7a, 0xfd, 0x7a, 0xfd, 0x7a, 0xfd, 0x7a, 0xfd, 0x7a, 0xfd, 0x7a, 0xfd,
    0x7a, 0xfd, 0x7a, 0xfd, 0x15, 0xd4, 0x15, 0xd4, 0x15, 0xd4, 0x15, 0xd4, 0x15, 0xd4, 0x15, 0xd4, 0x15, 0xd4, 0x15, 0xd4, 0x15, 0xd4, 0x15, 0xd4, 0x74, 0xfb, 0x74, 0xfb, 0x4a, 0x59, 0x00, 0x00,
    0x00, 0x00, 0x00, 0x00, 0x00, 0x00, 0x00, 0x00, 0x00, 0x00, 0x00, 0x00, 0x00, 0x00, 0x00, 0x00, 0x00, 0x00, 0x00, 0x00, 0x00, 0x00, 0x00, 0x00, 0x00, 0x00, 0x00, 0x00, 0x00, 0x00, 0x00, 0x00,
    0x00, 0x00, 0x00, 0x00, 0x00, 0x00, 0x00, 0x00, 0x00, 0x00, 0x00, 0x00, 0x00, 0x00, 0x00, 0x00, 0x00, 0x00, 0x00, 0x00, 0x00, 0x00, 0x00, 0x00, 0x00, 0x00, 0x00, 0x00, 0x00, 0x00, 0x00, 0x00,
    0x00, 0x00, 0x00, 0x00, 0x00, 0x00, 0x4a, 0x59, 0x7a, 0xfd, 0x7a, 0xfd, 0x7a, 0xfd, 0x7a, 0xfd, 0x7a, 0xfd, 0x7a, 0xfd, 0x7a, 0xfd, 0x7a, 0xfd, 0x4a, 0x59, 0x7a, 0xfd, 0x7a, 0xfd, 0x7a, 0xfd,
    0x7a, 0xfd, 0x7a, 0xfd, 0x15, 0xd4, 0x15, 0xd4, 0x4a, 0x59, 0x15, 0xd4, 0x15, 0xd4, 0x15, 0xd4, 0x15, 0xd4, 0x15, 0xd4, 0x15, 0xd4, 0x15, 0xd4, 0x15, 0xd4, 0x4a, 0x59, 0x15, 0xd4, 0x00, 0x00,
    0x00, 0x00, 0x00, 0x00, 0x00, 0x00, 0x00, 0x00, 0x00, 0x00, 0x00, 0x00, 0x00, 0x00, 0x00, 0x00, 0x00, 0x00, 0x00, 0x00, 0x00, 0x00, 0x00, 0x00, 0x00, 0x00, 0x00, 0x00, 0x00, 0x00, 0x00, 0x00,
    0x00, 0x00, 0x00, 0x00, 0x00, 0x00, 0x00, 0x00, 0x00, 0x00, 0x00, 0x00, 0x00, 0x00, 0x00, 0x00, 0x00, 0x00, 0x00, 0x00, 0x00, 0x00, 0x00, 0x00, 0x00, 0x00, 0x00, 0x00, 0x00, 0x00, 0x00, 0x00,
    0x00, 0x00, 0x00, 0x00, 0x00, 0x00, 0x00, 0x00, 0x4a, 0x59, 0x7a, 0xfd, 0x7a, 0xfd, 0x7a, 0xfd, 0x7a, 0xfd, 0x7a, 0xfd, 0x7a, 0xfd, 0x7a, 0xfd, 0x7a, 0xfd, 0x4a, 0x59, 0x7a, 0xfd, 0x7a, 0xfd,
    0x7a, 0xfd, 0x7a, 0xfd, 0x7a, 0xfd, 0x4a, 0x59, 0x15, 0xd4, 0x15, 0xd4, 0x15, 0xd4, 0x15, 0xd4, 0x15, 0xd4, 0x15, 0xd4, 0x15, 0xd4, 0x15, 0xd4, 0x4a, 0x59, 0x15, 0xd4, 0x00, 0x00, 0x00, 0x00,
    0x00, 0x00, 0x00, 0x00, 0x00, 0x00, 0x00, 0x00, 0x00, 0x00, 0x00, 0x00, 0x00, 0x00, 0x00, 0x00, 0x00, 0x00, 0x00, 0x00, 0x00, 0x00, 0x00, 0x00, 0x00, 0x00, 0x00, 0x00, 0x00, 0x00, 0x00, 0x00,
    0x00, 0x00, 0x00, 0x00, 0x00, 0x00, 0x00, 0x00, 0x00, 0x00, 0x00, 0x00, 0x00, 0x00, 0x00, 0x00, 0x00, 0x00, 0x00, 0x00, 0x00, 0x00, 0x00, 0x00, 0x00, 0x00, 0x00, 0x00, 0x00, 0x00, 0x00, 0x00,
    0x00, 0x00, 0x00, 0x00, 0x00, 0x00, 0x00, 0x00, 0x00, 0x00, 0x4a, 0x59, 0x7a, 0xfd, 0x7a, 0xfd, 0x7a, 0xfd, 0x7a, 0xfd, 0x7a, 0xfd, 0x7a, 0xfd, 0x7a, 0xfd, 0x7a, 0xfd, 0x4a, 0x59, 0x4a, 0x59,
    0x4a, 0x59, 0x4a, 0x59, 0x4a, 0x59, 0x15, 0xd4, 0x15, 0xd4, 0x15, 0xd4, 0x15, 0xd4, 0x15, 0xd4, 0x15, 0xd4, 0x15, 0xd4, 0x15, 0xd4, 0x4a, 0x59, 0x15, 0xd4, 0x15, 0xd4, 0x00, 0x00, 0x00, 0x00,
    0x00, 0x00, 0x00, 0x00, 0x00, 0x00, 0x00, 0x00, 0x00, 0x00, 0x00, 0x00, 0x00, 0x00, 0x00, 0x00, 0x00, 0x00, 0x00, 0x00, 0x00, 0x00, 0x00, 0x00, 0x00, 0x00, 0x00, 0x00, 0x00, 0x00, 0x00, 0x00,
    0x00, 0x00, 0x00, 0x00, 0x00, 0x00, 0x00, 0x00, 0x00, 0x00, 0x00, 0x00, 0x00, 0x00, 0x00, 0x00, 0x00, 0x00, 0x00, 0x00, 0x00, 0x00, 0x00, 0x00, 0x00, 0x00, 0x00, 0x00, 0x00, 0x00, 0x00, 0x00,
    0x00, 0x00, 0x00, 0x00, 0x00, 0x00, 0x00, 0x00, 0x4a, 0x59, 0x4a, 0x59, 0x4a, 0x59, 0x7a, 0xfd, 0x7a, 0xfd, 0x7a, 0xfd, 0x7a, 0xfd, 0x7a, 0xfd, 0x7a, 0xfd, 0x7a, 0xfd, 0x7a, 0xfd, 0x7a, 0xfd,
    0x7a, 0xfd, 0x7a, 0xfd, 0x7a, 0xfd, 0x7a, 0xfd, 0x15, 0xd4, 0x15, 0xd4, 0x15, 0xd4, 0x15, 0xd4, 0x15, 0xd4, 0x15, 0xd4, 0x4a, 0x59, 0x15, 0xd4, 0x15, 0xd4, 0x00, 0x00, 0x00, 0x00, 0x00, 0x00,
    0x00, 0x00, 0x00, 0x00, 0x00, 0x00, 0x00, 0x00, 0x00, 0x00, 0x00, 0x00, 0x00, 0x00, 0x00, 0x00, 0x00, 0x00, 0x00, 0x00, 0x00, 0x00, 0x00, 0x00, 0x00, 0x00, 0x00, 0x00, 0x00, 0x00, 0x00, 0x00,
    0x00, 0x00, 0x00, 0x00, 0x00, 0x00, 0x00, 0x00, 0x00, 0x00, 0x00, 0x00, 0x00, 0x00, 0x00, 0x00, 0x00, 0x00, 0x00, 0x00, 0x00, 0x00, 0x00, 0x00, 0x00, 0x00, 0x00, 0x00, 0x00, 0x00, 0x00, 0x00,
    0x00, 0x00, 0x00, 0x00, 0x00, 0x00, 0x4a, 0x59, 0x1b, 0x6d, 0x1b, 0x6d, 0x1b, 0x6d, 0x4a, 0x59, 0x4a, 0x59, 0x7a, 0xfd, 0x7a, 0xfd, 0x7a, 0xfd, 0x7a, 0xfd, 0x7a, 0xfd, 0x7a, 0xfd, 0x7a, 0xfd,
    0x7a, 0xfd, 0x7a, 0xfd, 0x7a, 0xfd, 0x7a, 0xfd, 0x7a, 0xfd, 0x7a, 0xfd, 0x15, 0xd4, 0x15, 0xd4, 0x4a, 0x59, 0x4a, 0x59, 0x15, 0xd4, 0x1b, 0x6d, 0x1b, 0x6d, 0x4a, 0x59, 0x00, 0x00, 0x00, 0x00,
    0x00, 0x00, 0x00, 0x00, 0x00, 0x00, 0x00, 0x00, 0x00, 0x00, 0x00, 0x00, 0x00, 0x00, 0x00, 0x00, 0x00, 0x00, 0x00, 0x00, 0x00, 0x00, 0x00, 0x00, 0x00, 0x00, 0x00, 0x00, 0x00, 0x00, 0x00, 0x00,
    0x00, 0x00, 0x00, 0x00, 0x00, 0x00, 0x00, 0x00, 0x00, 0x00, 0x00, 0x00, 0x00, 0x00, 0x00, 0x00, 0x00, 0x00, 0x00, 0x00, 0x00, 0x00, 0x00, 0x00, 0x00, 0x00, 0x00, 0x00, 0x00, 0x00, 0x00, 0x00,
    0x00, 0x00, 0x00, 0x00, 0x00, 0x00, 0x4a, 0x59, 0x1b, 0x6d, 0x1b, 0x6d, 0x1b, 0x6d, 0x1b, 0x6d, 0x1b, 0x6d, 0x4a, 0x59, 0x4a, 0x59, 0x4a, 0x59, 0x7a, 0xfd, 0x7a, 0xfd, 0x7a, 0xfd, 0x7a, 0xfd,
    0x7a, 0xfd, 0x7a, 0xfd, 0x7a, 0xfd, 0x7a, 0xfd, 0x7a, 0xfd, 0x4a, 0x59, 0x4a, 0x59, 0x4a, 0x59, 0x1b, 0x6d, 0x1b, 0x6d, 0x1b, 0x6d, 0x1b, 0x6d, 0x1b, 0x6d, 0x4a, 0x59, 0x00, 0x00, 0x00, 0x00,
    0x00, 0x00, 0x00, 0x00, 0x00, 0x00, 0x00, 0x00, 0x00, 0x00, 0x00, 0x00, 0x00, 0x00, 0x00, 0x00, 0x00, 0x00, 0x00, 0x00, 0x00, 0x00, 0x00, 0x00, 0x00, 0x00, 0x00, 0x00, 0x00, 0x00, 0x00, 0x00,
    0x00, 0x00, 0x00, 0x00, 0x00, 0x00, 0x00, 0x00, 0x00, 0x00, 0x00, 0x00, 0x00, 0x00, 0x00, 0x00, 0x00, 0x00, 0x00, 0x00, 0x00, 0x00, 0x00, 0x00, 0x00, 0x00, 0x00, 0x00, 0x00, 0x00, 0x00, 0x00,
    0x00, 0x00, 0x00, 0x00, 0x4a, 0x59, 0x1b, 0x6d, 0x1b, 0x6d, 0x1b, 0x6d, 0x1b, 0x6d, 0x1b, 0x6d, 0x1b, 0x6d, 0x5e, 0xa6, 0x1b, 0x6d, 0x1b, 0x6d, 0x4a, 0x59, 0x4a, 0x59, 0x4a, 0x59, 0x4a, 0x59,
    0x4a, 0x59, 0x4a, 0x59, 0x4a, 0x59, 0x4a, 0x59, 0x4a, 0x59, 0x1b, 0x6d, 0x1b, 0x6d, 0x5e, 0xa6, 0x1b, 0x6d, 0x1b, 0x6d, 0x1b, 0x6d, 0x1b, 0x6d, 0x1b, 0x6d, 0x1b, 0x6d, 0x4a, 0x59, 0x00, 0x00,
    0x00, 0x00, 0x00, 0x00, 0x00, 0x00, 0x00, 0x00, 0x00, 0x00, 0x00, 0x00, 0x00, 0x00, 0x00, 0x00, 0x00, 0x00, 0x00, 0x00, 0x00, 0x00, 0x00, 0x00, 0x00, 0x00, 0x00, 0x00, 0x00, 0x00, 0x00, 0x00,
    0x00, 0x00, 0x00, 0x00, 0x00, 0x00, 0x00, 0x00, 0x00, 0x00, 0x00, 0x00, 0x00, 0x00, 0x00, 0x00, 0x00, 0x00, 0x00, 0x00, 0x00, 0x00, 0x00, 0x00, 0x00, 0x00, 0x00, 0x00, 0x00, 0x00, 0x00, 0x00,
    0x00, 0x00, 0x00, 0x00, 0x4a, 0x59, 0x1b, 0x6d, 0x1b, 0x6d, 0x1b, 0x6d, 0x1b, 0x6d, 0x1b, 0x6d, 0x1b, 0x6d, 0x5e, 0xa6, 0x1b, 0x6d, 0x1b, 0x6d, 0x1b, 0x6d, 0x1b, 0x6d, 0x1b, 0x6d, 0x1b, 0x6d,
    0x5e, 0xa6, 0x1b, 0x6d, 0x1b, 0x6d, 0x1b, 0x6d, 0x1b, 0x6d, 0x1b, 0x6d, 0x1b, 0x6d, 0x5e, 0xa6, 0x1b, 0x6d, 0x1b, 0x6d, 0x1b, 0x6d, 0x1b, 0x6d, 0x1b, 0x6d, 0x1b, 0x6d, 0x4a, 0x59, 0x00, 0x00,
    0x00, 0x00, 0x00, 0x00, 0x00, 0x00, 0x00, 0x00, 0x00, 0x00, 0x00, 0x00, 0x00, 0x00, 0x00, 0x00, 0x00, 0x00, 0x00, 0x00, 0x00, 0x00, 0x00, 0x00, 0x00, 0x00, 0x00, 0x00, 0x00, 0x00, 0x00, 0x00,
    0x00, 0x00, 0x00, 0x00, 0x00, 0x00, 0x00, 0x00, 0x00, 0x00, 0x00, 0x00, 0x00, 0x00, 0x00, 0x00, 0x00, 0x00, 0x00, 0x00, 0x00, 0x00, 0x00, 0x00, 0x00, 0x00, 0x00, 0x00, 0x00, 0x00, 0x00, 0x00,
    0x00, 0x00, 0x4a, 0x59, 0x1b, 0x6d, 0x1b, 0x6d, 0x1b, 0x6d, 0x1b, 0x6d, 0x1b, 0x6d, 0x1b, 0x6d, 0x5e, 0xa6, 0x1b, 0x6d, 0x1b, 0x6d, 0x1b, 0x6d, 0x1b, 0x6d, 0x1b, 0x6d, 0x1b, 0x6d, 0x1b, 0x6d,
    0x5e, 0xa6, 0x1b, 0x6d, 0x1b, 0x6d, 0x1b, 0x6d, 0x1b, 0x6d, 0x1b, 0x6d, 0x1b, 0x6d, 0x1b, 0x6d, 0x5e, 0xa6, 0x1b, 0x6d, 0x1b, 0x6d, 0x1b, 0x6d, 0x1b, 0x6d, 0x1b, 0x6d, 0x1b, 0x6d, 0x4a, 0x59,
    0x00, 0x00, 0x00, 0x00, 0x00, 0x00, 0x00, 0x00, 0x00, 0x00, 0x00, 0x00, 0x00, 0x00, 0x00, 0x00, 0x00, 0x00, 0x00, 0x00, 0x00, 0x00, 0x00, 0x00, 0x00, 0x00, 0x00, 0x00, 0x00, 0x00, 0x00, 0x00,
    0x00, 0x00, 0x00, 0x00, 0x00, 0x00, 0x00, 0x00, 0x00, 0x00, 0x00, 0x00, 0x00, 0x00, 0x00, 0x00, 0x00, 0x00, 0x00, 0x00, 0x00, 0x00, 0x00, 0x00, 0x00, 0x00, 0x00, 0x00, 0x00, 0x00, 0x00, 0x00,
    0x00, 0x00, 0x4a, 0x59, 0x1b, 0x6d, 0x1b, 0x6d, 0x1b, 0x6d, 0x1b, 0x6d, 0x1b, 0x6d, 0x1b, 0x6d, 0x5e, 0xa6, 0x1b, 0x6d, 0x1b, 0x6d, 0x1b, 0x6d, 0x1b, 0x6d, 0x1b, 0x6d, 0x1b, 0x6d, 0x1b, 0x6d,
    0x5e, 0xa6, 0x1b, 0x6d, 0x1b, 0x6d, 0x1b, 0x6d, 0x1b, 0x6d, 0x1b, 0x6d, 0x1b, 0x6d, 0x1b, 0x6d, 0x5e, 0xa6, 0x1b, 0x6d, 0x1b, 0x6d, 0x1b, 0x6d, 0x1b, 0x6d, 0x1b, 0x6d, 0x1b, 0x6d, 0x4a, 0x59,
    0x00, 0x00, 0x00, 0x00, 0x00, 0x00, 0x00, 0x00, 0x00, 0x00, 0x00, 0x00, 0x00, 0x00, 0x00, 0x00, 0x00, 0x00, 0x00, 0x00, 0x00, 0x00, 0x00, 0x00, 0x00, 0x00, 0x00, 0x00, 0x00, 0x00, 0x00, 0x00,
    0x00, 0x00, 0x00, 0x00, 0x00, 0x00, 0x00, 0x00, 0x00, 0x00, 0x00, 0x00, 0x00, 0x00, 0x00, 0x00, 0x00, 0x00, 0x00, 0x00, 0x00, 0x00, 0x00, 0x00, 0x00, 0x00, 0x00, 0x00, 0x00, 0x00, 0x00, 0x00,
    0x4a, 0x59, 0x1b, 0x6d, 0x1b, 0x6d, 0x1b, 0x6d, 0x1b, 0x6d, 0x1b, 0x6d, 0x1b, 0x6d, 0x5e, 0xa6, 0x1b, 0x6d, 0x1b, 0x6d, 0x1b, 0x6d, 0x1b, 0x6d, 0x1b, 0x6d, 0x1b, 0x6d, 0x1b, 0x6d, 0x1b, 0x6d,
    0x5e, 0xa6, 0x1b, 0x6d, 0x1b, 0x6d, 0x1b, 0x6d, 0x1b, 0x6d, 0x1b, 0x6d, 0x1b, 0x6d, 0x1b, 0x6d, 0x1b, 0x6d, 0x5e, 0xa6, 0x1b, 0x6d, 0x1b, 0x6d, 0x1b, 0x6d, 0x1b, 0x6d, 0x1b, 0x6d, 0x1b, 0x6d,
    0x4a, 0x59, 0x00, 0x00, 0x00, 0x00, 0x00, 0x00, 0x00, 0x00, 0x00, 0x00, 0x00, 0x00, 0x00, 0x00, 0x00, 0x00, 0x00, 0x00, 0x00, 0x00, 0x00, 0x00, 0x00, 0x00, 0x00, 0x00, 0x00, 0x00, 0x00, 0x00,
    0x00, 0x00, 0x00, 0x00, 0x00, 0x00, 0x00, 0x00, 0x00, 0x00, 0x00, 0x00, 0x00, 0x00, 0x00, 0x00, 0x00, 0x00, 0x00, 0x00, 0x00, 0x00, 0x00, 0x00, 0x00, 0x00, 0x00, 0x00, 0x00, 0x00, 0x00, 0x00,
    0x4a, 0x59, 0x1b, 0x6d, 0x1b, 0x6d, 0x1b, 0x6d, 0x1b, 0x6d, 0x1b, 0x6d, 0x1b, 0x6d, 0x5e, 0xa6, 0x1b, 0x6d, 0x1b, 0x6d, 0x1b, 0x6d, 0x1b, 0x6d, 0x1b, 0x6d, 0x1b, 0x6d, 0x1b, 0x6d, 0x1b, 0x6d,
    0x5e, 0xa6, 0x1b, 0x6d, 0x1b, 0x6d, 0x1b, 0x6d, 0x1b, 0x6d, 0x1b, 0x6d, 0x1b, 0x6d, 0x1b, 0x6d, 0x1b, 0x6d, 0x5e, 0xa6, 0x1b, 0x6d, 0x1b, 0x6d, 0x1b, 0x6d, 0x1b, 0x6d, 0x1b, 0x6d, 0x1b, 0x6d,
    0x4a, 0x59, 0x00, 0x00, 0x00, 0x00, 0x00, 0x00, 0x00, 0x00, 0x00, 0x00, 0x00, 0x00, 0x00, 0x00, 0x00, 0x00, 0x00, 0x00, 0x00, 0x00, 0x00, 0x00, 0x00, 0x00, 0x00, 0x00, 0x00, 0x00, 0x00, 0x00,
    0x00, 0x00, 0x00, 0x00, 0x00, 0x00, 0x00, 0x00, 0x00, 0x00, 0x00, 0x00, 0x00, 0x00, 0x00, 0x00, 0x00, 0x00, 0x00, 0x00, 0x00, 0x00, 0x00, 0x00, 0x00, 0x00, 0x00, 0x00, 0x00, 0x00, 0x4a, 0x59,
    0x1b, 0x6d, 0x1b, 0x6d, 0x1b, 0x6d, 0x1b, 0x6d, 0x1b, 0x6d, 0x1b, 0x6d, 0x5e, 0xa6, 0x1b, 0x6d, 0x1b, 0x6d, 0x1b, 0x6d, 0x1b, 0x6d, 0x1b, 0x6d, 0x1b, 0x6d, 0x1b, 0x6d, 0x1b, 0x6d, 0x1b, 0x6d,
    0x5e, 0xa6, 0x1b, 0x6d, 0x1b, 0x6d, 0x1b, 0x6d, 0x1b, 0x6d, 0x1b, 0x6d, 0x1b, 0x6d, 0x1b, 0x6d, 0x1b, 0x6d, 0x1b, 0x6d, 0x5e, 0xa6, 0x1b, 0x6d, 0x1b, 0x6d, 0x1b, 0x6d, 0x1b, 0x6d, 0x1b, 0x6d,
    0x1b, 0x6d, 0x4a, 0x59, 0x00, 0x00, 0x00, 0x00, 0x00, 0x00, 0x00, 0x00, 0x00, 0x00, 0x00, 0x00, 0x00, 0x00, 0x00, 0x00, 0x00, 0x00, 0x00, 0x00, 0x00, 0x00, 0x00, 0x00, 0x00, 0x00, 0x00, 0x00,
    0x00, 0x00, 0x00, 0x00, 0x00, 0x00, 0x00, 0x00, 0x00, 0x00, 0x00, 0x00, 0x00, 0x00, 0x00, 0x00, 0x00, 0x00, 0x00, 0x00, 0x00, 0x00, 0x00, 0x00, 0x00, 0x00, 0x00, 0x00, 0x4a, 0x59, 0x1b, 0x6d,
    0x1b, 0x6d, 0x1b, 0x6d, 0x1b, 0x6d, 0x1b, 0x6d, 0x1b, 0x6d, 0x1b, 0x6d, 0x5e, 0xa6, 0x1b, 0x6d, 0x1b, 0x6d, 0x1b, 0x6d, 0x1b, 0x6d, 0x1b, 0x6d, 0x1b, 0x6d, 0x1b, 0x6d, 0x1b, 0x6d, 0x1b, 0x6d,
    0x5e, 0xa6, 0x1b, 0x6d, 0x1b, 0x6d, 0x1b, 0x6d, 0x1b, 0x6d, 0x1b, 0x6d, 0x1b, 0x6d, 0x1b, 0x6d, 0x1b, 0x6d, 0x1b, 0x6d, 0x5e, 0xa6, 0x1b, 0x6d, 0x1b, 0x6d, 0x1b, 0x6d, 0x1b, 0x6d, 0x1b, 0x6d,
    0x1b, 0x6d, 0x1b, 0x6d, 0x4a, 0x59, 0x00, 0x00, 0x00, 0x00, 0x00, 0x00, 0x00, 0x00, 0x00, 0x00, 0x00, 0x00, 0x00, 0x00, 0x00, 0x00, 0x00, 0x00, 0x00, 0x00, 0x00, 0x00, 0x00, 0x00, 0x00, 0x00,
    0x00, 0x00, 0x00, 0x00, 0x00, 0x00, 0x00, 0x00, 0x00, 0x00, 0x00, 0x00, 0x00, 0x00, 0x00, 0x00, 0x00, 0x00, 0x00, 0x00, 0x00, 0x00, 0x00, 0x00, 0x00, 0x00, 0x00, 0x00, 0x4a, 0x59, 0x1b, 0x6d,
    0x1b, 0x6d, 0x1b, 0x6d, 0x1b, 0x6d, 0x1b, 0x6d, 0x1b, 0x6d, 0x5e, 0xa6, 0x1b, 0x6d, 0x1b, 0x6d, 0x1b, 0x6d, 0x1b, 0x6d, 0x1b, 0x6d, 0x1b, 0x6d, 0x1b, 0x6d, 0x1b, 0x6d, 0x1b, 0x6d, 0x1b, 0x6d,
    0x5e, 0xa6, 0x1b, 0x6d, 0x1b, 0x6d, 0x1b, 0x6d, 0x1b, 0x6d, 0x1b, 0x6d, 0x1b, 0x6d, 0x1b, 0x6d, 0x1b, 0x6d, 0x1b, 0x6d, 0x1b, 0x6d, 0x5e, 0xa6, 0x1b, 0x6d, 0x1b, 0x6d, 0x1b, 0x6d, 0x1b, 0x6d,
    0x1b, 0x6d, 0x1b, 0x6d, 0x4a, 0x59, 0x00, 0x00, 0x00, 0x00, 0x00, 0x00, 0x00, 0x00, 0x00, 0x00, 0x00, 0x00, 0x00, 0x00, 0x00, 0x00, 0x00, 0x00, 0x00, 0x00, 0x00, 0x00, 0x00, 0x00, 0x00, 0x00,
    0x00, 0x00, 0x00, 0x00, 0x00, 0x00, 0x00, 0x00, 0x00, 0x00, 0x00, 0x00, 0x00, 0x00, 0x00, 0x00, 0x00, 0x00, 0x00, 0x00, 0x00, 0x00, 0x00, 0x00, 0x00, 0x00, 0x4a, 0x59, 0x1b, 0x6d, 0x1b, 0x6d,
    0x1b, 0x6d, 0x1b, 0x6d, 0x1b, 0x6d, 0x1b, 0x6d, 0x1b, 0x6d, 0x5e, 0xa6, 0x1b, 0x6d, 0x1b, 0x6d, 0x1b, 0x6d, 0x1b, 0x6d, 0x1b, 0x6d, 0x1b, 0x6d, 0x1b, 0x6d, 0x1b, 0x6d, 0x1b, 0x6d, 0x1b, 0x6d,
    0x5e, 0xa6, 0x1b, 0x6d, 0x1b, 0x6d, 0x1b, 0x6d, 0x1b, 0x6d, 0x1b, 0x6d, 0x1b, 0x6d, 0x1b, 0x6d, 0x1b, 0x6d, 0x1b, 0x6d, 0x1b, 0x6d, 0x5e, 0xa6, 0x1b, 0x6d, 0x1b, 0x6d, 0x1b, 0x6d, 0x1b, 0x6d,
    0x1b, 0x6d, 0x1b, 0x6d, 0x1b, 0x6d, 0x4a, 0x59, 0x00, 0x00, 0x00, 0x00, 0x00, 0x00, 0x00, 0x00, 0x00, 0x00, 0x00, 0x00, 0x00, 0x00, 0x00, 0x00, 0x00, 0x00, 0x00, 0x00, 0x00, 0x00, 0x00, 0x00,
    0x00, 0x00, 0x00, 0x00, 0x00, 0x00, 0x00, 0x00, 0x00, 0x00, 0x00, 0x00, 0x00, 0x00, 0x00, 0x00, 0x00, 0x00, 0x00, 0x00, 0x00, 0x00, 0x00, 0x00, 0x00, 0x00, 0x4a, 0x59, 0x1b, 0x6d, 0x1b, 0x6d,
    0x1b, 0x6d, 0x1b, 0x6d, 0x1b, 0x6d, 0x1b, 0x6d, 0x5e, 0xa6, 0x1b, 0x6d, 0x1b, 0x6d, 0x1b, 0x6d, 0x1b, 0x6d, 0x1b, 0x6d, 0x1b, 0x6d, 0x1b, 0x6d, 0x1b, 0x6d, 0x1b, 0x6d, 0x1b, 0x6d, 0x1b, 0x6d,
    0x5e, 0xa6, 0x1b, 0x6d, 0x1b, 0x6d, 0x1b, 0x6d, 0x1b, 0x6d, 0x1b, 0x6d, 0x1b, 0x6d, 0x1b, 0x6d, 0x1b, 0x6d, 0x1b, 0x6d, 0x1b, 0x6d, 0x1b, 0x6d, 0x5e, 0xa6, 0x1b, 0x6d, 0x1b, 0x6d, 0x1b, 0x6d,
    0x1b, 0x6d, 0x1b, 0x6d, 0x1b, 0x6d, 0x4a, 0x59, 0x00, 0x00, 0x00, 0x00, 0x00, 0x00, 0x00, 0x00, 0x00, 0x00, 0x00, 0x00, 0x00, 0x00, 0x00, 0x00, 0x00, 0x00, 0x00, 0x00, 0x00, 0x00, 0x00, 0x00,
    0x00, 0x00, 0x00, 0x00, 0x00, 0x00, 0x00, 0x00, 0x00, 0x00, 0x00, 0x00, 0x00, 0x00, 0x00, 0x00, 0x00, 0x00, 0x00, 0x00, 0x00, 0x00, 0x00, 0x00, 0x4a, 0x59, 0x1b, 0x6d, 0x1b, 0x6d, 0x1b, 0x6d,
    0x1b, 0x6d, 0x1b, 0x6d, 0x1b, 0x6d, 0x1b, 0x6d, 0x5e, 0xa6, 0x1b, 0x6d, 0x1b, 0x6d, 0x1b, 0x6d, 0x1b, 0x6d, 0x1b, 0x6d, 0x1b, 0x6d, 0x1b, 0x6d, 0x1b, 0x6d, 0x1b, 0x6d, 0x1b, 0x6d, 0x1b, 0x6d,
    0x5e, 0xa6, 0x1b, 0x6d, 0x1b, 0x6d, 0x1b, 0x6d, 0x1b, 0x6d, 0x1b, 0x6d, 0x1b, 0x6d, 0x1b, 0x6d, 0x1b, 0x6d, 0x1b, 0x6d, 0x1b, 0x6d, 0x1b, 0x6d, 0x5e, 0xa6, 0x1b, 0x6d, 0x1b, 0x6d, 0x1b, 0x6d,
    0x1b, 0x6d, 0x1b, 0x6d, 0x1b, 0x6d, 0x1b, 0x6d, 0x4a, 0x59, 0x00, 0x00, 0x00, 0x00, 0x00, 0x00, 0x00, 0x00, 0x00, 0x00, 0x00, 0x00, 0x00, 0x00, 0x00, 0x00, 0x00, 0x00, 0x00, 0x00, 0x00, 0x00,
    0x00, 0x00, 0x00, 0x00, 0x00, 0x00, 0x00, 0x00, 0x00, 0x00, 0x00, 0x00, 0x00, 0x00, 0x00, 0x00, 0x00, 0x00, 0x00, 0x00, 0x00, 0x00, 0x00, 0x00, 0x4a, 0x59, 0x1b, 0x6d, 0x1b, 0x6d, 0x1b, 0x6d,
    0x1b, 0x6d, 0x1b, 0x6d, 0x1b, 0x6d, 0x5e, 0xa6, 0x1b, 0x6d, 0x1b, 0x6d, 0x1b, 0x6d, 0x1b, 0x6d, 0x1b, 0x6d, 0x1b, 0x6d, 0x1b, 0x6d, 0x1b, 0x6d, 0x1b, 0x6d, 0x1b, 0x6d, 0x1b, 0x6d, 0x1b, 0x6d,
    0x5e, 0xa6, 0x1b, 0x6d, 0x1b, 0x6d, 0x1b, 0x6d, 0x1b, 0x6d, 0x1b, 0x6d, 0x1b, 0x6d, 0x1b, 0x6d, 0x1b, 0x6d, 0x1b, 0x6d, 0x1b, 0x6d, 0x1b, 0x6d, 0x1b, 0x6d, 0x5e, 0xa6, 0x1b, 0x6d, 0x1b, 0x6d,
    0x1b, 0x6d, 0x1b, 0x6d, 0x1b, 0x6d, 0x1b, 0x6d, 0x4a, 0x59, 0x00, 0x00, 0x00, 0x00, 0x00, 0x00, 0x00, 0x00, 0x00, 0x00, 0x00, 0x00, 0x00, 0x00, 0x00, 0x00, 0x00, 0x00, 0x00, 0x00, 0x00, 0x00,
    0x00, 0x00, 0x00, 0x00, 0x00, 0x00, 0x00, 0x00, 0x00, 0x00, 0x00, 0x00, 0x00, 0x00, 0x00, 0x00, 0x00, 0x00, 0x00, 0x00, 0x00, 0x00, 0x4a, 0x59, 0x35, 0x3b, 0x35, 0x3b, 0x35, 0x3b, 0x35, 0x3b,
    0x35, 0x3b, 0x35, 0x3b, 0x35, 0x3b, 0x35, 0x3b, 0x35, 0x3b, 0x35, 0x3b, 0xe5, 0x88, 0xe5, 0x88, 0xe5, 0x88, 0xe5, 0x88, 0xe5, 0x88, 0x35, 0x3b, 0x35, 0x3b, 0x35, 0x3b, 0x35, 0x3b, 0x35, 0x3b,
    0x35, 0x3b, 0x35, 0x3b, 0x35, 0x3b, 0x35, 0x3b, 0x35, 0x3b, 0x35, 0x3b, 0xe5, 0x88, 0xe5, 0x88, 0xe5, 0x88, 0xe5, 0x88, 0xe5, 0x88, 0x35, 0x3b, 0x35, 0x3b, 0x35, 0x3b, 0x35, 0x3b, 0x35, 0x3b,
    0x35, 0x3b, 0x35, 0x3b, 0x35, 0x3b, 0x35, 0x3b, 0x35, 0x3b, 0x4a, 0x59, 0x00, 0x00, 0x00, 0x00, 0x00, 0x00, 0x00, 0x00, 0x00, 0x00, 0x00, 0x00, 0x00, 0x00, 0x00, 0x00, 0x00, 0x00, 0x00, 0x00,
    0x00, 0x00, 0x00, 0x00, 0x00, 0x00, 0x00, 0x00, 0x00, 0x00, 0x00, 0x00, 0x00, 0x00, 0x00, 0x00, 0x00, 0x00, 0x00, 0x00, 0x00, 0x00, 0x4a, 0x59, 0x1b, 0x6d, 0x1b, 0x6d, 0x1b, 0x6d, 0x1b, 0x6d,
    0x1b, 0x6d, 0x1b, 0x6d, 0x5e, 0xa6, 0x1b, 0x6d, 0x1b, 0x6d, 0x1b, 0x6d, 0xe5, 0x88, 0x87, 0xd1, 0x87, 0xd1, 0x87, 0xd1, 0xe5, 0x88, 0x1b, 0x6d, 0x1b, 0x6d, 0x1b, 0x6d, 0x1b, 0x6d, 0x1b, 0x6d,
    0x5e, 0xa6, 0x1b, 0x6d, 0x1b, 0x6d, 0x1b, 0x6d, 0x1b, 0x6d, 0x1b, 0x6d, 0xe5, 0x88, 0x87, 0xd1, 0x87, 0xd1, 0x87, 0xd1, 0xe5, 0x88, 0x1b, 0x6d, 0x1b, 0x6d, 0x1b, 0x6d, 0x5e, 0xa6, 0x1b, 0x6d,
    0x1b, 0x6d, 0x1b, 0x6d, 0x1b, 0x6d, 0x1b, 0x6d, 0x1b, 0x6d, 0x4a, 0x59, 0x00, 0x00, 0x00, 0x00, 0x00, 0x00, 0x00, 0x00, 0x00, 0x00, 0x00, 0x00, 0x00, 0x00, 0x00, 0x00, 0x00, 0x00, 0x00, 0x00,
    0x00, 0x00, 0x00, 0x00, 0x00, 0x00, 0x00, 0x00, 0x00, 0x00, 0x00, 0x00, 0x00, 0x00, 0x00, 0x00, 0x00, 0x00, 0x00, 0x00, 0x4a, 0x59, 0x4a, 0x59, 0x4a, 0x59, 0x4a, 0x59, 0x4a, 0x59, 0x4a, 0x59,
    0x4a, 0x59, 0x4a, 0x59, 0x5e, 0xa6, 0x4a, 0x59, 0x4a, 0x59, 0x4a, 0x59, 0xe5, 0x88, 0x87, 0xd1, 0x87, 0xd1, 0x87, 0xd1, 0xe5, 0x88, 0x4a, 0x59, 0x4a, 0x59, 0x4a, 0x59, 0x4a, 0x59, 0x4a, 0x59,
    0x5e, 0xa6, 0x4a, 0x59, 0x4a, 0x59, 0x4a, 0x59, 0x4a, 0x59, 0x4a, 0x59, 0xe5, 0x88, 0x87, 0xd1, 0x87, 0xd1, 0x87, 0xd1, 0xe5, 0x88, 0x4a, 0x59, 0x4a, 0x59, 0x4a, 0x59, 0x5e, 0xa6, 0x4a, 0x59,
    0x4a, 0x59, 0x4a, 0x59, 0x4a, 0x59, 0x4a, 0x59, 0x4a, 0x59, 0x4a, 0x59, 0x4a, 0x59, 0x00, 0x00, 0x00, 0x00, 0x00, 0x00, 0x00, 0x00, 0x00, 0x00, 0x00, 0x00, 0x00, 0x00, 0x00, 0x00, 0x00, 0x00,
    0x00, 0x00, 0x00, 0x00, 0x00, 0x00, 0x00, 0x00, 0x00, 0x00, 0x00, 0x00, 0x00, 0x00, 0x00, 0x00, 0x00, 0x00, 0x00, 0x00, 0x00, 0x00, 0x00, 0x00, 0x00, 0x00, 0x00, 0x00, 0x00, 0x00, 0x00, 0x00,
    0x00, 0x00, 0x00, 0x00, 0x00, 0x00, 0x00, 0x00, 0x00, 0x00, 0x00, 0x00, 0xe5, 0x88, 0x87, 0xd1, 0x87, 0xd1, 0x87, 0xd1, 0xe5, 0x88, 0x00, 0x00, 0x00, 0x00, 0x00, 0x00, 0x00, 0x00, 0x00, 0x00,
    0x00, 0x00, 0x00, 0x00, 0x00, 0x00, 0x00, 0x00, 0x00, 0x00, 0x00, 0x00, 0xe5, 0x88, 0x87, 0xd1, 0x87, 0xd1, 0x87, 0xd1, 0xe5, 0x88, 0x00, 0x00, 0x00, 0x00, 0x00, 0x00, 0x00, 0x00, 0x00, 0x00,
    0x00, 0x00, 0x00, 0x00, 0x00, 0x00, 0x00, 0x00, 0x00, 0x00, 0x00, 0x00, 0x00, 0x00, 0x00, 0x00, 0x00, 0x00, 0x00, 0x00, 0x00, 0x00, 0x00, 0x00, 0x00, 0x00, 0x00, 0x00, 0x00, 0x00, 0x00, 0x00,
    0x00, 0x00, 0x00, 0x00, 0x00, 0x00, 0x00, 0x00, 0x00, 0x00, 0x00, 0x00, 0x00, 0x00, 0x00, 0x00, 0x00, 0x00, 0x00, 0x00, 0x00, 0x00, 0x00, 0x00, 0x00, 0x00, 0x00, 0x00, 0x00, 0x00, 0x00, 0x00,
    0x00, 0x00, 0x00, 0x00, 0x00, 0x00, 0x00, 0x00, 0x00, 0x00, 0x4a, 0x59, 0x4a, 0x59, 0x4a, 0x59, 0x4a, 0x59, 0x4a, 0x59, 0x4a, 0x59, 0x4a, 0x59, 0x00, 0x00, 0x00, 0x00, 0x00, 0x00, 0x00, 0x00,
    0x00, 0x00, 0x00, 0x00, 0x00, 0x00, 0x00, 0x00, 0x00, 0x00, 0x4a, 0x59, 0x4a, 0x59, 0x4a, 0x59, 0x4a, 0x59, 0x4a, 0x59, 0x4a, 0x59, 0x4a, 0x59, 0x00, 0x00, 0x00, 0x00, 0x00, 0x00, 0x00, 0x00,
    0x00, 0x00, 0x00, 0x00, 0x00, 0x00, 0x00, 0x00, 0x00, 0x00, 0x00, 0x00, 0x00, 0x00, 0x00, 0x00, 0x00, 0x00, 0x00, 0x00, 0x00, 0x00, 0x00, 0x00, 0x00, 0x00, 0x00, 0x00, 0x00, 0x00, 0x00, 0x00,
    0x00, 0x00, 0x00, 0x00, 0x00, 0x00, 0x00, 0x00, 0x00, 0x00, 0x00, 0x00, 0x00, 0x00, 0x00, 0x00, 0x00, 0x00, 0x00, 0x00, 0x00, 0x00, 0x00, 0x00, 0x00, 0x00, 0x00, 0x00, 0x00, 0x00, 0x00, 0x00,
    0x00, 0x00, 0x00, 0x00, 0x00, 0x00, 0x00, 0x00, 0x00, 0x00, 0x4a, 0x59, 0x4a, 0x59, 0x4a, 0x59, 0x4a, 0x59, 0x4a, 0x59, 0x4a, 0x59, 0x4a, 0x59, 0x00, 0x00, 0x00, 0x00, 0x00, 0x00, 0x00, 0x00,
    0x00, 0x00, 0x00, 0x00, 0x00, 0x00, 0x00, 0x00, 0x00, 0x00, 0x4a, 0x59, 0x4a, 0x59, 0x4a, 0x59, 0x4a, 0x59, 0x4a, 0x59, 0x4a, 0x59, 0x4a, 0x59, 0x00, 0x00, 0x00, 0x00, 0x00, 0x00, 0x00, 0x00,
    0x00, 0x00, 0x00, 0x00, 0x00, 0x00, 0x00, 0x00, 0x00, 0x00, 0x00, 0x00, 0x00, 0x00, 0x00, 0x00, 0x00, 0x00, 0x00, 0x00, 0x00, 0x00, 0x00, 0x00, 0x00, 0x00, 0x00, 0x00, 0x00, 0x00, 0x00, 0x00,
    0x00, 0x00, 0x00, 0x00, 0x00, 0x00, 0x00, 0x00, 0x00, 0x00, 0x00, 0x00, 0x00, 0x00, 0x00, 0x00, 0x00, 0x00, 0x00, 0x00, 0x00, 0x00, 0x00, 0x00, 0x00, 0x00, 0x00, 0x00, 0x00, 0x00, 0x00, 0x00,
    0x00, 0x00, 0x00, 0x00, 0x00, 0x00, 0x00, 0x00, 0x00, 0x00, 0x00, 0x00, 0x00, 0x00, 0x00, 0x00, 0x00, 0x00, 0x00, 0x00, 0x00, 0x00, 0x00, 0x00, 0x00, 0x00, 0x00, 0x00, 0x00, 0x00, 0x00, 0x00,
    0x00, 0x00, 0x00, 0x00, 0x00, 0x00, 0x00, 0x00, 0x00, 0x00, 0x00, 0x00, 0x00, 0x00, 0x00, 0x00, 0x00, 0x00, 0x00, 0x00, 0x00, 0x00, 0x00, 0x00, 0x00, 0x00, 0x00, 0x00, 0x00, 0x00, 0x00, 0x00,
    0x00, 0x00, 0x00, 0x00, 0x00, 0x00, 0x00, 0x00, 0x00, 0x00, 0x00, 0x00, 0x00, 0x00, 0x00, 0x00, 0x00, 0x00, 0x00, 0x00, 0x00, 0x00, 0x00, 0x00, 0x00, 0x00, 0x00, 0x00, 0x00, 0x00, 0x00, 0x00,
    0x00, 0x00, 0x00, 0x00, 0x00, 0x00, 0x00, 0x00, 0x00, 0x00, 0x00, 0x00, 0x00, 0x00, 0x00, 0x00, 0x00, 0x00, 0x00, 0x00, 0x00, 0x00, 0x00, 0x00, 0x00, 0x00, 0x00, 0x00, 0x00, 0x00, 0x00, 0x00,
    0x00, 0x00, 0x00, 0x00, 0x00, 0x00, 0x00, 0x00, 0x00, 0x00, 0x00, 0x00, 0x00, 0x00, 0x00, 0x00, 0x00, 0x00, 0x00, 0x00, 0x00, 0x00, 0x00, 0x00, 0x00, 0x00, 0x00, 0x00, 0x00, 0x00, 0x00, 0x00,
    0x00, 0x00, 0x00, 0x00, 0x00, 0x00, 0x00, 0x00, 0x00, 0x00, 0x00, 0x00, 0x00, 0x00, 0x00, 0x00, 0x00, 0x00, 0x00, 0x00, 0x00, 0x00, 0x00, 0x00, 0x00, 0x00, 0x00, 0x00, 0x00, 0x00, 0x00, 0x00,
    0x00, 0x00, 0x00, 0x00, 0x00, 0x00, 0x00, 0x00, 0x00, 0x00, 0x00, 0x00, 0x00, 0x00, 0x00, 0x00, 0x00, 0x00, 0x00, 0x00, 0x00, 0x00, 0x00, 0x00, 0x00, 0x00, 0x00, 0x00, 0x00, 0x00, 0x00, 0x00,
    0x00, 0x00, 0x00, 0x00, 0x00, 0x00, 0x00, 0x00, 0x00, 0x00, 0x00, 0x00, 0x00, 0x00, 0x00, 0x00, 0x00, 0x00, 0x00, 0x00, 0x00, 0x00, 0x00, 0x00, 0x00, 0x00, 0x00, 0x00, 0x00, 0x00, 0x00, 0x00,
    0x00, 0x00, 0x00, 0x00, 0x00, 0x00, 0x00, 0x00, 0x00, 0x00, 0x00, 0x00, 0x00, 0x00, 0x00, 0x00, 0x00, 0x00, 0x00, 0x00, 0x00, 0x00, 0x00, 0x00, 0x00, 0x00, 0x00, 0x00, 0x00, 0x00, 0x00, 0x00,
    0x00, 0x00, 0x00, 0x00, 0x00, 0x00, 0x00, 0x00, 0x00, 0x00, 0x00, 0x00, 0x00, 0x00, 0x00, 0x00, 0x00, 0x00, 0xff, 0x00, 0x00, 0x00, 0x00, 0x00, 0x00, 0x00, 0x00, 0x00, 0x00, 0x00, 0x00, 0x00,
    0x00, 0x00, 0x00, 0x00, 0x00, 0x00, 0x00, 0x00, 0x00, 0x00, 0x00, 0x00, 0x00, 0x00, 0xff, 0x00, 0x00, 0x00, 0x00, 0x00, 0x00, 0x00, 0x00, 0x00, 0x00, 0x00, 0x00, 0x00, 0x00, 0x00, 0x00, 0x00,
    0x00, 0x00, 0x00, 0x00, 0x00, 0x00, 0x00, 0x00, 0x00, 0x00, 0x00, 0x00, 0x00, 0x00, 0x00, 0x00, 0x00, 0x00, 0xff, 0x00, 0x00, 0x00, 0x00, 0x00, 0x00, 0x00, 0x00, 0x00, 0x00, 0x00, 0x00, 0x00,
    0x00, 0x00, 0x00, 0x00, 0x00, 0x00, 0x00, 0x00, 0x00, 0x00, 0x00, 0x00, 0x00, 0xff, 0xff, 0x00, 0x00, 0x00, 0x00, 0x00, 0x00, 0x00, 0x00, 0x00, 0x00, 0x00, 0x00, 0x00, 0x00, 0x00, 0x00, 0x00,
    0x00, 0x00, 0x00, 0x00, 0x00, 0x00, 0x00, 0x00, 0x00, 0x00, 0x00, 0x00, 0x00, 0x00, 0x00, 0x00, 0x00, 0xff, 0xff, 0xff, 0x00, 0x00, 0x00, 0x00, 0x00, 0x00, 0x00, 0x00, 0x00, 0x00, 0x00, 0x00,
    0x00, 0x00, 0x00, 0x00, 0x00, 0x00, 0x00, 0x00, 0x00, 0x00, 0x00, 0x00, 0x00, 0xff, 0xff, 0x00, 0x00, 0x00, 0x00, 0x00, 0x00, 0x00, 0x00, 0x00, 0x00, 0x00, 0x00, 0x00, 0x00, 0x00, 0x00, 0x00,
    0x00, 0x00, 0x00, 0x00, 0x00, 0x00, 0x00, 0x00, 0x00, 0x00, 0x00, 0x00, 0x00, 0x00, 0x00, 0x00, 0x00, 0xff, 0xff, 0xff, 0x00, 0x00, 0x00, 0x00, 0x00, 0x00, 0x00, 0x00, 0x00, 0x00, 0x00, 0x00,
    0x00, 0x00, 0x00, 0x00, 0x00, 0x00, 0x00, 0x00, 0x00, 0x00, 0x00, 0x00, 0xff, 0xff, 0xff, 0xff, 0x00, 0x00, 0x00, 0x00, 0x00, 0x00, 0x00, 0x00, 0x00, 0x00, 0x00, 0x00, 0x00, 0x00, 0x00, 0x00,
    0x00, 0x00, 0x00, 0x00, 0x00, 0x00, 0x00, 0x00, 0x00, 0x00, 0x00, 0x00, 0x00, 0x00, 0x00, 0x00, 0x00, 0xff, 0xff, 0xff, 0xff, 0x00, 0x00, 0x00, 0xff, 0xff, 0xff, 0x00, 0x00, 0x00, 0x00, 0x00,
    0x00, 0x00, 0x00, 0x00, 0x00, 0x00, 0xff, 0xff, 0xff, 0x00, 0x00, 0x00, 0xff, 0xff, 0xff, 0xff, 0x00, 0x00, 0x00, 0x00, 0x00, 0x00, 0x00, 0x00, 0x00, 0x00, 0x00, 0x00, 0x00, 0x00, 0x00, 0x00,
    0x00, 0x00, 0x00, 0x00, 0x00, 0x00, 0x00, 0x00, 0x00, 0x00, 0x00, 0x00, 0x00, 0x00, 0x00, 0x00, 0x00, 0xff, 0xff, 0xff, 0xff, 0x00, 0xff, 0xff, 0xff, 0xff, 0xff, 0xff, 0xff, 0x00, 0x00, 0x00,
    0x00, 0x00, 0x00, 0x00, 0xff, 0xff, 0xff, 0xff, 0xff, 0xff, 0xff, 0xff, 0xff, 0xff, 0xff, 0xff, 0x00, 0x00, 0x00, 0x00, 0x00, 0x00, 0x00, 0x00, 0x00, 0x00, 0x00, 0x00, 0x00, 0x00, 0x00, 0x00,
    0x00, 0x00, 0x00, 0x00, 0x00, 0x00, 0x00, 0x00, 0x00, 0x00, 0x00, 0x00, 0x00, 0x00, 0x00, 0x00, 0xff, 0xff, 0xff, 0xff, 0xff, 0xff, 0xff, 0xff, 0xff, 0xff, 0xff, 0xff, 0xff, 0xff, 0xff, 0xff,
    0xff, 0xff, 0xff, 0xff, 0xff, 0xff, 0xff, 0xff, 0xff, 0xff, 0xff, 0xff, 0xff, 0xff, 0xff, 0xff, 0x00, 0x00, 0x00, 0x00, 0x00, 0x00, 0x00, 0x00, 0x00, 0x00, 0x00, 0x00, 0x00, 0x00, 0x00, 0x00,
    0x00, 0x00, 0x00, 0x00, 0x00, 0x00, 0x00, 0x00, 0x00, 0x00, 0x00, 0x00, 0x00, 0x00, 0x00, 0x00, 0xff, 0xff, 0xff, 0xff, 0xff, 0xff, 0xff, 0xff, 0xff, 0xff, 0xff, 0xff, 0xff, 0xff, 0xff, 0xff,
    0xff, 0xff, 0xff, 0xff, 0xff, 0xff, 0xff, 0xff, 0xff, 0xff, 0xff, 0xff, 0xff, 0xff, 0xff, 0xff, 0xff, 0x00, 0x00, 0x00, 0x00, 0x00, 0x00, 0x00, 0x00, 0x00, 0x00, 0x00, 0x00, 0x00, 0x00, 0x00,
    0x00, 0x00, 0x00, 0x00, 0x00, 0x00, 0x00, 0x00, 0x00, 0x00, 0x00, 0x00, 0x00, 0x00, 0x00, 0x00, 0xff, 0xff, 0xff, 0xff, 0xff, 0xff, 0xff, 0xff, 0xff, 0xff, 0xff, 0xff, 0xff, 0xff, 0xff, 0xff,
    0xff, 0xff, 0xff, 0xff, 0xff, 0xff, 0xff, 0xff, 0xff, 0xff, 0xff, 0xff, 0xff, 0xff, 0xff, 0xff, 0xff, 0x00, 0x00, 0x00, 0x00, 0x00, 0x00, 0x00, 0x00, 0x00, 0x00, 0x00, 0x00, 0x00, 0x00, 0x00,
    0x00, 0x00, 0x00, 0x00, 0x00, 0x00, 0x00, 0x00, 0x00, 0x00, 0x00, 0x00, 0x00, 0x00, 0x00, 0x00, 0xff, 0xff, 0xff, 0xff, 0xff, 0xff, 0xff, 0xff, 0xff, 0xff, 0xff, 0xff, 0xff, 0xff, 0xff, 0xff,
    0xff, 0xff, 0xff, 0xff, 0xff, 0xff, 0xff, 0xff, 0xff, 0xff, 0xff, 0xff, 0xff, 0xff, 0xff, 0xff, 0xff, 0x00, 0x00, 0x00, 0x00, 0x00, 0x00, 0x00, 0x00, 0x00, 0x00, 0x00, 0x00, 0x00, 0x00, 0x00,
    0x00, 0x00, 0x00, 0x00, 0x00, 0x00, 0x00, 0x00, 0x00, 0x00, 0x00, 0x00, 0x00, 0x00, 0x00, 0xff, 0xff, 0xff, 0xff, 0xff, 0xff, 0xff, 0xff, 0xff, 0xff, 0xff, 0xff, 0xff, 0xff, 0xff, 0xff, 0xff,
    0xff, 0xff, 0xff, 0xff, 0xff, 0xff, 0xff, 0xff, 0xff, 0xff, 0xff, 0xff, 0xff, 0xff, 0xff, 0xff, 0xff, 0x00, 0x00, 0x00, 0x00, 0x00, 0x00, 0x00, 0x00, 0x00, 0x00, 0x00, 0x00, 0x00, 0x00, 0x00,
    0x00, 0x00, 0x00, 0x00, 0x00, 0x00, 0x00, 0x00, 0x00, 0x00, 0x00, 0x00, 0x00, 0x00, 0x00, 0xff, 0xff, 0xff, 0xff, 0xff, 0xff, 0xff, 0xff, 0xff, 0xff, 0xff, 0xff, 0xff, 0xff, 0xff, 0xff, 0xff,
    0xff, 0xff, 0xff, 0xff, 0xff, 0xff, 0xff, 0xff, 0xff, 0xff, 0xff, 0xff, 0xff, 0xff, 0xff, 0xff, 0xff, 0xff, 0x00, 0x00, 0x00, 0x00, 0x00, 0x00, 0x00, 0x00, 0x00, 0x00, 0x00, 0x00, 0x00, 0x00,
    0x00, 0x00, 0x00, 0x00, 0x00, 0x00, 0x00, 0x00, 0x00, 0x00, 0x00, 0x00, 0x00, 0x00, 0x00, 0xff, 0xff, 0xff, 0xff, 0xff, 0xff, 0xff, 0xff, 0xff, 0xff, 0xff, 0xff, 0xff, 0xff, 0xff, 0xff, 0xff,
    0xff, 0xff, 0xff, 0xff, 0xff, 0xff, 0xff, 0xff, 0xff, 0xff, 0xff, 0xff, 0xff, 0xff, 0xff, 0xff, 0xff, 0xff, 0x00, 0x00, 0x00, 0x00, 0x00, 0x00, 0x00, 0x00, 0x00, 0x00, 0x00, 0x00, 0x00, 0x00,
    0x00, 0x00, 0x00, 0x00, 0x00, 0x00, 0x00, 0x00, 0x00, 0x00, 0x00, 0x00, 0x00, 0x00, 0x00, 0xff, 0xff, 0xff, 0xff, 0xff, 0xff, 0xff, 0xff, 0xff, 0xff, 0xff, 0xff, 0xff, 0xff, 0xff, 0xff, 0xff,
    0xff, 0xff, 0xff, 0xff, 0xff, 0xff, 0xff, 0xff, 0xff, 0xff, 0xff, 0xff, 0xff, 0xff, 0xff, 0xff, 0xff, 0xff, 0x00, 0x00, 0x00, 0x00, 0x00, 0x00, 0x00, 0x00, 0x00, 0x00, 0x00, 0x00, 0x00, 0x00,
    0x00, 0x00, 0x00, 0x00, 0x00, 0x00, 0x00, 0x00, 0x00, 0x00, 0x00, 0x00, 0x00, 0x00, 0xff, 0xff, 0xff, 0xff, 0xff, 0xff, 0xff, 0xff, 0xff, 0xff, 0xff, 0xff, 0xff, 0xff, 0xff, 0xff, 0xff, 0xff,
    0xff, 0xff, 0xff, 0xff, 0xff, 0xff, 0xff, 0xff, 0xff, 0xff, 0xff, 0xff, 0xff, 0xff, 0xff, 0xff, 0xff, 0xff, 0x00, 0x00, 0x00, 0x00, 0x00, 0x00, 0x00, 0x00, 0x00, 0x00, 0x00, 0x00, 0x00, 0x00,
    0x00, 0x00, 0x00, 0x00, 0x00, 0x00, 0x00, 0x00, 0x00, 0x00, 0x00, 0x00, 0x00, 0x00, 0xff, 0xff, 0xff, 0xff, 0xff, 0xff, 0xff, 0xff, 0xff, 0xff, 0xff, 0xff, 0xff, 0xff, 0xff, 0xff, 0xff, 0xff,
    0xff, 0xff, 0xff, 0xff, 0xff, 0xff, 0xff, 0xff, 0xff, 0xff, 0xff, 0xff, 0xff, 0xff, 0xff, 0xff, 0xff, 0xff, 0xff, 0x00, 0x00, 0x00, 0x00, 0x00, 0x00, 0x00, 0x00, 0x00, 0x00, 0x00, 0x00, 0x00,
    0x00, 0x00, 0x00, 0x00, 0x00, 0x00, 0x00, 0x00, 0x00, 0x00, 0x00, 0x00, 0x00, 0x00, 0xff, 0xff, 0xff, 0xff, 0xff, 0xff, 0xff, 0xff, 0xff, 0xff, 0xff, 0xff, 0xff, 0xff, 0xff, 0xff, 0xff, 0xff,
    0xff, 0xff, 0xff, 0xff, 0xff, 0xff, 0xff, 0xff, 0xff, 0xff, 0xff, 0xff, 0xff, 0xff, 0xff, 0xff, 0xff, 0xff, 0xff, 0x00, 0x00, 0x00, 0x00, 0x00, 0x00, 0x00, 0x00, 0x00, 0x00, 0x00, 0x00, 0x00,
    0x00, 0x00, 0x00, 0x00, 0x00, 0x00, 0x00, 0x00, 0x00, 0x00, 0x00, 0x00, 0x00, 0x00, 0x00, 0x00, 0x00, 0x00, 0x00, 0x00, 0x00, 0x00, 0xff, 0xff, 0xff, 0xff, 0xff, 0xff, 0xff, 0xff, 0xff, 0xff,
    0xff, 0xff, 0xff, 0xff, 0xff, 0xff, 0xff, 0xff, 0xff, 0xff, 0xff, 0x00, 0x00, 0x00, 0x00, 0x00, 0x00, 0x00, 0x00, 0x00, 0x00, 0x00, 0x00, 0x00, 0x00, 0x00, 0x00, 0x00, 0x00, 0x00, 0x00, 0x00,
    0x00, 0x00, 0x00, 0x00, 0x00, 0x00, 0x00, 0x00, 0x00, 0x00, 0x00, 0x00, 0x00, 0x00, 0x00, 0x00, 0x00, 0x00, 0x00, 0x00, 0x00, 0xff, 0xff, 0xff, 0xff, 0xff, 0xff, 0xff, 0xff, 0xff, 0xff, 0xff,
    0xff, 0xff, 0xff, 0xff, 0xff, 0xff, 0xff, 0xff, 0xff, 0xff, 0xff, 0xff, 0x00, 0x00, 0x00, 0x00, 0x00, 0x00, 0x00, 0x00, 0x00, 0x00, 0x00, 0x00, 0x00, 0x00, 0x00, 0x00, 0x00, 0x00, 0x00, 0x00,
    0x00, 0x00, 0x00, 0x00, 0x00, 0x00, 0x00, 0x00, 0x00, 0x00, 0x00, 0x00, 0x00, 0x00, 0x00, 0x00, 0x00, 0x00, 0x00, 0x00, 0xff, 0xff, 0xff, 0xff, 0xff, 0xff, 0xff, 0xff, 0xff, 0xff, 0xff, 0xff,
    0xff, 0xff, 0xff, 0xff, 0xff, 0xff, 0xff, 0xff, 0xff, 0xff, 0xff, 0xff, 0xff, 0x00, 0x00, 0x00, 0x00, 0x00, 0x00, 0x00, 0x00, 0x00, 0x00, 0x00, 0x00, 0x00, 0x00, 0x00, 0x00, 0x00, 0x00, 0x00,
    0x00, 0x00, 0x00, 0x00, 0x00, 0x00, 0x00, 0x00, 0x00, 0x00, 0x00, 0x00, 0x00, 0x00, 0x00, 0x00, 0x00, 0x00, 0x00, 0xff, 0xff, 0xff, 0xff, 0xff, 0xff, 0xff, 0xff, 0xff, 0xff, 0xff, 0xff, 0xff,
    0xff, 0xff, 0xff, 0xff, 0xff, 0xff, 0xff, 0xff, 0xff, 0xff, 0xff, 0xff, 0xff, 0xff, 0x00, 0x00, 0x00, 0x00, 0x00, 0x00, 0x00, 0x00, 0x00, 0x00, 0x00, 0x00, 0x00, 0x00, 0x00, 0x00, 0x00, 0x00,
    0x00, 0x00, 0x00, 0x00, 0x00, 0x00, 0x00, 0x00, 0x00, 0x00, 0x00, 0x00, 0x00, 0x00, 0x00, 0x00, 0x00, 0x00, 0xff, 0xff, 0xff, 0xff, 0xff, 0xff, 0xff, 0xff, 0xff, 0xff, 0xff, 0xff, 0xff, 0xff,
    0xff, 0xff, 0xff, 0xff, 0xff, 0xff, 0xff, 0xff, 0xff, 0xff, 0xff, 0xff, 0xff, 0xff, 0xff, 0x00, 0x00, 0x00, 0x00, 0x00, 0x00, 0x00, 0x00, 0x00, 0x00, 0x00, 0x00, 0x00, 0x00, 0x00, 0x00, 0x00,
    0x00, 0x00, 0x00, 0x00, 0x00, 0x00, 0x00, 0x00, 0x00, 0x00, 0x00, 0x00, 0x00, 0x00, 0x00, 0x00, 0x00, 0x00, 0xff, 0xff, 0xff, 0xff, 0xff, 0xff, 0xff, 0xff, 0xff, 0xff, 0xff, 0xff, 0xff, 0xff,
    0xff, 0xff, 0xff, 0xff, 0xff, 0xff, 0xff, 0xff, 0xff, 0xff, 0xff, 0xff, 0xff, 0xff, 0xff, 0x00, 0x00, 0x00, 0x00, 0x00, 0x00, 0x00, 0x00, 0x00, 0x00, 0x00, 0x00, 0x00, 0x00, 0x00, 0x00, 0x00,
    0x00, 0x00, 0x00, 0x00, 0x00, 0x00, 0x00, 0x00, 0x00, 0x00, 0x00, 0x00, 0x00, 0x00, 0x00, 0x00, 0x00, 0xff, 0xff, 0xff, 0xff, 0xff, 0xff, 0xff, 0xff, 0xff, 0xff, 0xff, 0xff, 0xff, 0xff, 0xff,
    0xff, 0xff, 0xff, 0xff, 0xff, 0xff, 0xff, 0xff, 0xff, 0xff, 0xff, 0xff, 0xff, 0xff, 0xff, 0xff, 0x00, 0x00, 0x00, 0x00, 0x00, 0x00, 0x00, 0x00, 0x00, 0x00, 0x00, 0x00, 0x00, 0x00, 0x00, 0x00,
    0x00, 0x00, 0x00, 0x00, 0x00, 0x00, 0x00, 0x00, 0x00, 0x00, 0x00, 0x00, 0x00, 0x00, 0x00, 0x00, 0x00, 0xff, 0xff, 0xff, 0xff, 0xff, 0xff, 0xff, 0xff, 0xff, 0xff, 0xff, 0xff, 0xff, 0xff, 0xff,
    0xff, 0xff, 0xff, 0xff, 0xff, 0xff, 0xff, 0xff, 0xff, 0xff, 0xff, 0xff, 0xff, 0xff, 0xff, 0xff, 0x00, 0x00, 0x00, 0x00, 0x00, 0x00, 0x00, 0x00, 0x00, 0x00, 0x00, 0x00, 0x00, 0x00, 0x00, 0x00,
    0x00, 0x00, 0x00, 0x00, 0x00, 0x00, 0x00, 0x00, 0x00, 0x00, 0x00, 0x00, 0x00, 0x00, 0x00, 0x00, 0xff, 0xff, 0xff, 0xff, 0xff, 0xff, 0xff, 0xff, 0xff, 0xff, 0xff, 0xff, 0xff, 0xff, 0xff, 0xff,
    0xff, 0xff, 0xff, 0xff, 0xff, 0xff, 0xff, 0xff, 0xff, 0xff, 0xff, 0xff, 0xff, 0xff, 0xff, 0xff, 0xff, 0x00, 0x00, 0x00, 0x00, 0x00, 0x00, 0x00, 0x00, 0x00, 0x00, 0x00, 0x00, 0x00, 0x00, 0x00,
    0x00, 0x00, 0x00, 0x00, 0x00, 0x00, 0x00, 0x00, 0x00, 0x00, 0x00, 0x00, 0x00, 0x00, 0x00, 0x00, 0xff, 0xff, 0xff, 0xff, 0xff, 0xff, 0xff, 0xff, 0xff, 0xff, 0xff, 0xff, 0xff, 0xff, 0xff, 0xff,
    0xff, 0xff, 0xff, 0xff, 0xff, 0xff, 0xff, 0xff, 0xff, 0xff, 0xff, 0xff, 0xff, 0xff, 0xff, 0xff, 0xff, 0x00, 0x00, 0x00, 0x00, 0x00, 0x00, 0x00, 0x00, 0x00, 0x00, 0x00, 0x00, 0x00, 0x00, 0x00,
    0x00, 0x00, 0x00, 0x00, 0x00, 0x00, 0x00, 0x00, 0x00, 0x00, 0x00, 0x00, 0x00, 0x00, 0x00, 0x00, 0xff, 0xff, 0xff, 0xff, 0xff, 0xff, 0xff, 0xff, 0xff, 0xff, 0xff, 0xff, 0xff, 0xff, 0xff, 0xff,
    0xff, 0xff, 0xff, 0xff, 0xff, 0xff, 0xff, 0xff, 0xff, 0xff, 0xff, 0xff, 0xff, 0xff, 0xff, 0xff, 0xff, 0x00, 0x00, 0x00, 0x00, 0x00, 0x00, 0x00, 0x00, 0x00, 0x00, 0x00, 0x00, 0x00, 0x00, 0x00,
    0x00, 0x00, 0x00, 0x00, 0x00, 0x00, 0x00, 0x00, 0x00, 0x00, 0x00, 0x00, 0x00, 0x00, 0x00, 0x00, 0xff, 0xff, 0xff, 0xff, 0xff, 0xff, 0xff, 0xff, 0xff, 0xff, 0xff, 0xff, 0xff, 0xff, 0xff, 0xff,
    0xff, 0xff, 0xff, 0xff, 0xff, 0xff, 0xff, 0xff, 0xff, 0xff, 0xff, 0xff, 0xff, 0xff, 0xff, 0xff, 0xff, 0x00, 0x00, 0x00, 0x00, 0x00, 0x00, 0x00, 0x00, 0x00, 0x00, 0x00, 0x00, 0x00, 0x00, 0x00,
    0x00, 0x00, 0x00, 0x00, 0x00, 0x00, 0x00, 0x00, 0x00, 0x00, 0x00, 0x00, 0x00, 0x00, 0x00, 0x00, 0xff, 0xff, 0xff, 0xff, 0xff, 0xff, 0xff, 0xff, 0xff, 0xff, 0xff, 0xff, 0xff, 0xff, 0xff, 0xff,
    0xff, 0xff, 0xff, 0xff, 0xff, 0xff, 0xff, 0xff, 0xff, 0xff, 0xff, 0xff, 0xff, 0xff, 0xff, 0xff, 0xff, 0x00, 0x00, 0x00, 0x00, 0x00, 0x00, 0x00, 0x00, 0x00, 0x00, 0x00, 0x00, 0x00, 0x00, 0x00,
    0x00, 0x00, 0x00, 0x00, 0x00, 0x00, 0x00, 0x00, 0x00, 0x00, 0x00, 0x00, 0x00, 0x00, 0x00, 0x00, 0xff, 0xff, 0xff, 0xff, 0xff, 0xff, 0xff, 0xff, 0xff, 0xff, 0xff, 0xff, 0xff, 0xff, 0xff, 0xff,
    0xff, 0xff, 0xff, 0xff, 0xff, 0xff, 0xff, 0xff, 0xff, 0xff, 0xff, 0xff, 0xff, 0xff, 0xff, 0xff, 0xff, 0x00, 0x00, 0x00, 0x00, 0x00, 0x00, 0x00, 0x00, 0x00, 0x00, 0x00, 0x00, 0x00, 0x00, 0x00,
    0x00, 0x00, 0x00, 0x00, 0x00, 0x00, 0x00, 0x00, 0x00, 0x00, 0x00, 0x00, 0x00, 0x00, 0x00, 0x00, 0xff, 0xff, 0xff, 0xff, 0xff, 0xff, 0xff, 0xff, 0xff, 0xff, 0xff, 0xff, 0xff, 0xff, 0xff, 0xff,
    0xff, 0xff, 0xff, 0xff, 0xff, 0xff, 0xff, 0xff, 0xff, 0xff, 0xff, 0xff, 0xff, 0xff, 0xff, 0xff, 0xff, 0x00, 0x00, 0x00, 0x00, 0x00, 0x00, 0x00, 0x00, 0x00, 0x00, 0x00, 0x00, 0x00, 0x00, 0x00,
    0x00, 0x00, 0x00, 0x00, 0x00, 0x00, 0x00, 0x00, 0x00, 0x00, 0x00, 0x00, 0x00, 0x00, 0x00, 0x00, 0x00, 0xff, 0xff, 0xff, 0xff, 0xff, 0xff, 0xff, 0xff, 0xff, 0xff, 0xff, 0xff, 0xff, 0xff, 0xff,
    0xff, 0xff, 0xff, 0xff, 0xff, 0xff, 0xff, 0xff, 0xff, 0xff, 0xff, 0xff, 0xff, 0xff, 0xff, 0xff, 0x00, 0x00, 0x00, 0x00, 0x00, 0x00, 0x00, 0x00, 0x00, 0x00, 0x00, 0x00, 0x00, 0x00, 0x00, 0x00,
    0x00, 0x00, 0x00, 0x00, 0x00, 0x00, 0x00, 0x00, 0x00, 0x00, 0x00, 0x00, 0x00, 0x00, 0x00, 0x00, 0x00, 0xff, 0xff, 0xff, 0xff, 0xff, 0xff, 0xff, 0xff, 0xff, 0xff, 0xff, 0xff, 0xff, 0xff, 0xff,
    0xff, 0xff, 0xff, 0xff, 0xff, 0xff, 0xff, 0xff, 0xff, 0xff, 0xff, 0xff, 0xff, 0xff, 0xff, 0xff, 0x00, 0x00, 0x00, 0x00, 0x00, 0x00, 0x00, 0x00, 0x00, 0x00, 0x00, 0x00, 0x00, 0x00, 0x00, 0x00,
    0x00, 0x00, 0x00, 0x00, 0x00, 0x00, 0x00, 0x00, 0x00, 0x00, 0x00, 0x00, 0x00, 0x00, 0x00, 0x00, 0x00, 0x00, 0xff, 0xff, 0xff, 0xff, 0xff, 0xff, 0xff, 0xff, 0xff, 0xff, 0xff, 0xff, 0xff, 0xff,
    0xff, 0xff, 0xff, 0xff, 0xff, 0xff, 0xff, 0xff, 0xff, 0xff, 0xff, 0xff, 0xff, 0xff, 0xff, 0x00, 0x00, 0x00, 0x00, 0x00, 0x00, 0x00, 0x00, 0x00, 0x00, 0x00, 0x00, 0x00, 0x00, 0x00, 0x00, 0x00,
    0x00, 0x00, 0x00, 0x00, 0x00, 0x00, 0x00, 0x00, 0x00, 0x00, 0x00, 0x00, 0x00, 0x00, 0x00, 0x00, 0x00, 0x00, 0xff, 0xff, 0xff, 0xff, 0xff, 0xff, 0xff, 0xff, 0xff, 0xff, 0xff, 0xff, 0xff, 0xff,
    0xff, 0xff, 0xff, 0xff, 0xff, 0xff, 0xff, 0xff, 0xff, 0xff, 0xff, 0xff, 0xff, 0xff, 0xff, 0x00, 0x00, 0x00, 0x00, 0x00, 0x00, 0x00, 0x00, 0x00, 0x00, 0x00, 0x00, 0x00, 0x00, 0x00, 0x00, 0x00,
    0x00, 0x00, 0x00, 0x00, 0x00, 0x00, 0x00, 0x00, 0x00, 0x00, 0x00, 0x00, 0x00, 0x00, 0x00, 0x00, 0x00, 0x00, 0x00, 0xff, 0xff, 0xff, 0xff, 0xff, 0xff, 0xff, 0xff, 0xff, 0xff, 0xff, 0xff, 0xff,
    0xff, 0xff, 0xff, 0xff, 0xff, 0xff, 0xff, 0xff, 0xff, 0xff, 0xff, 0xff, 0xff, 0xff, 0xff, 0x00, 0x00, 0x00, 0x00, 0x00, 0x00, 0x00, 0x00, 0x00, 0x00, 0x00, 0x00, 0x00, 0x00, 0x00, 0x00, 0x00,
    0x00, 0x00, 0x00, 0x00, 0x00, 0x00, 0x00, 0x00, 0x00, 0x00, 0x00, 0x00, 0x00, 0x00, 0x00, 0x00, 0x00, 0x00, 0x00, 0x00, 0xff, 0xff, 0xff, 0xff, 0xff, 0xff, 0xff, 0xff, 0xff, 0xff, 0xff, 0xff,
    0xff, 0xff, 0xff, 0xff, 0xff, 0xff, 0xff, 0xff, 0xff, 0xff, 0xff, 0xff, 0xff, 0xff, 0x00, 0x00, 0x00, 0x00, 0x00, 0x00, 0x00, 0x00, 0x00, 0x00, 0x00, 0x00, 0x00, 0x00, 0x00, 0x00, 0x00, 0x00,
    0x00, 0x00, 0x00, 0x00, 0x00, 0x00, 0x00, 0x00, 0x00, 0x00, 0x00, 0x00, 0x00, 0x00, 0x00, 0x00, 0x00, 0x00, 0x00, 0x00, 0x00, 0xff, 0xff, 0xff, 0xff, 0xff, 0xff, 0xff, 0xff, 0xff, 0xff, 0xff,
    0xff, 0xff, 0xff, 0xff, 0xff, 0xff, 0xff, 0xff, 0xff, 0xff, 0xff, 0xff, 0xff, 0xff, 0x00, 0x00, 0x00, 0x00, 0x00, 0x00, 0x00, 0x00, 0x00, 0x00, 0x00, 0x00, 0x00, 0x00, 0x00, 0x00, 0x00, 0x00,
    0x00, 0x00, 0x00, 0x00, 0x00, 0x00, 0x00, 0x00, 0x00, 0x00, 0x00, 0x00, 0x00, 0x00, 0x00, 0x00, 0x00, 0x00, 0x00, 0x00, 0xff, 0xff, 0xff, 0xff, 0xff, 0xff, 0xff, 0xff, 0xff, 0xff, 0xff, 0xff,
    0xff, 0xff, 0xff, 0xff, 0xff, 0xff, 0xff, 0xff, 0xff, 0xff, 0xff, 0xff, 0xff, 0x00, 0x00, 0x00, 0x00, 0x00, 0x00, 0x00, 0x00, 0x00, 0x00, 0x00, 0x00, 0x00, 0x00, 0x00, 0x00, 0x00, 0x00, 0x00,
    0x00, 0x00, 0x00, 0x00, 0x00, 0x00, 0x00, 0x00, 0x00, 0x00, 0x00, 0x00, 0x00, 0x00, 0x00, 0x00, 0x00, 0x00, 0x00, 0xff, 0xff, 0xff, 0xff, 0xff, 0xff, 0xff, 0xff, 0xff, 0xff, 0xff, 0xff, 0xff,
    0xff, 0xff, 0xff, 0xff, 0xff, 0xff, 0xff, 0xff, 0xff, 0xff, 0xff, 0xff, 0xff, 0xff, 0x00, 0x00, 0x00, 0x00, 0x00, 0x00, 0x00, 0x00, 0x00, 0x00, 0x00, 0x00, 0x00, 0x00, 0x00, 0x00, 0x00, 0x00,
    0x00, 0x00, 0x00, 0x00, 0x00, 0x00, 0x00, 0x00, 0x00, 0x00, 0x00, 0x00, 0x00, 0x00, 0x00, 0x00, 0x00, 0x00, 0x00, 0xff, 0xff, 0xff, 0xff, 0xff, 0xff, 0xff, 0xff, 0xff, 0xff, 0xff, 0xff, 0xff,
    0xff, 0xff, 0xff, 0xff, 0xff, 0xff, 0xff, 0xff, 0xff, 0xff, 0xff, 0xff, 0xff, 0xff, 0x00, 0x00, 0x00, 0x00, 0x00, 0x00, 0x00, 0x00, 0x00, 0x00, 0x00, 0x00, 0x00, 0x00, 0x00, 0x00, 0x00, 0x00,
    0x00, 0x00, 0x00, 0x00, 0x00, 0x00, 0x00, 0x00, 0x00, 0x00, 0x00, 0x00, 0x00, 0x00, 0x00, 0x00, 0x00, 0x00, 0xff, 0xff, 0xff, 0xff, 0xff, 0xff, 0xff, 0xff, 0xff, 0xff, 0xff, 0xff, 0xff, 0xff,
    0xff, 0xff, 0xff, 0xff, 0xff, 0xff, 0xff, 0xff, 0xff, 0xff, 0xff, 0xff, 0xff, 0xff, 0xff, 0x00, 0x00, 0x00, 0x00, 0x00, 0x00, 0x00, 0x00, 0x00, 0x00, 0x00, 0x00, 0x00, 0x00, 0x00, 0x00, 0x00,
    0x00, 0x00, 0x00, 0x00, 0x00, 0x00, 0x00, 0x00, 0x00, 0x00, 0x00, 0x00, 0x00, 0x00, 0x00, 0x00, 0x00, 0x00, 0xff, 0xff, 0xff, 0xff, 0xff, 0xff, 0xff, 0xff, 0xff, 0xff, 0xff, 0xff, 0xff, 0xff,
    0xff, 0xff, 0xff, 0xff, 0xff, 0xff, 0xff, 0xff, 0xff, 0xff, 0xff, 0xff, 0xff, 0xff, 0xff, 0x00, 0x00, 0x00, 0x00, 0x00, 0x00, 0x00, 0x00, 0x00, 0x00, 0x00, 0x00, 0x00, 0x00, 0x00, 0x00, 0x00,
    0x00, 0x00, 0x00, 0x00, 0x00, 0x00, 0x00, 0x00, 0x00, 0x00, 0x00, 0x00, 0x00, 0x00, 0x00, 0x00, 0x00, 0xff, 0xff, 0xff, 0xff, 0xff, 0xff, 0xff, 0xff, 0xff, 0xff, 0xff, 0xff, 0xff, 0xff, 0xff,
    0xff, 0xff, 0xff, 0xff, 0xff, 0xff, 0xff, 0xff, 0xff, 0xff, 0xff, 0xff, 0xff, 0xff, 0xff, 0xff, 0x00, 0x00, 0x00, 0x00, 0x00, 0x00, 0x00, 0x00, 0x00, 0x00, 0x00, 0x00, 0x00, 0x00, 0x00, 0x00,
    0x00, 0x00, 0x00, 0x00, 0x00, 0x00, 0x00, 0x00, 0x00, 0x00, 0x00, 0x00, 0x00, 0x00, 0x00, 0x00, 0x00, 0xff, 0xff, 0xff, 0xff, 0xff, 0xff, 0xff, 0xff, 0xff, 0xff, 0xff, 0xff, 0xff, 0xff, 0xff,
    0xff, 0xff, 0xff, 0xff, 0xff, 0xff, 0xff, 0xff, 0xff, 0xff, 0xff, 0xff, 0xff, 0xff, 0xff, 0xff, 0x00, 0x00, 0x00, 0x00, 0x00, 0x00, 0x00, 0x00, 0x00, 0x00, 0x00, 0x00, 0x00, 0x00, 0x00, 0x00,
    0x00, 0x00, 0x00, 0x00, 0x00, 0x00, 0x00, 0x00, 0x00, 0x00, 0x00, 0x00, 0x00, 0x00, 0x00, 0x00, 0xff, 0xff, 0xff, 0xff, 0xff, 0xff, 0xff, 0xff, 0xff, 0xff, 0xff, 0xff, 0xff, 0xff, 0xff, 0xff,
    0xff, 0xff, 0xff, 0xff, 0xff, 0xff, 0xff, 0xff, 0xff, 0xff, 0xff, 0xff, 0xff, 0xff, 0xff, 0xff, 0xff, 0x00, 0x00, 0x00, 0x00, 0x00, 0x00, 0x00, 0x00, 0x00, 0x00, 0x00, 0x00, 0x00, 0x00, 0x00,
    0x00, 0x00, 0x00, 0x00, 0x00, 0x00, 0x00, 0x00, 0x00, 0x00, 0x00, 0x00, 0x00, 0x00, 0x00, 0x00, 0xff, 0xff, 0xff, 0xff, 0xff, 0xff, 0xff, 0xff, 0xff, 0xff, 0xff, 0xff, 0xff, 0xff, 0xff, 0xff,
    0xff, 0xff, 0xff, 0xff, 0xff, 0xff, 0xff, 0xff, 0xff, 0xff, 0xff, 0xff, 0xff, 0xff, 0xff, 0xff, 0xff, 0x00, 0x00, 0x00, 0x00, 0x00, 0x00, 0x00, 0x00, 0x00, 0x00, 0x00, 0x00, 0x00, 0x00, 0x00,
    0x00, 0x00, 0x00, 0x00, 0x00, 0x00, 0x00, 0x00, 0x00, 0x00, 0x00, 0x00, 0x00, 0x00, 0x00, 0xff, 0xff, 0xff, 0xff, 0xff, 0xff, 0xff, 0xff, 0xff, 0xff, 0xff, 0xff, 0xff, 0xff, 0xff, 0xff, 0xff,
    0xff, 0xff, 0xff, 0xff, 0xff, 0xff, 0xff, 0xff, 0xff, 0xff, 0xff, 0xff, 0xff, 0xff, 0xff, 0xff, 0xff, 0xff, 0x00, 0x00, 0x00, 0x00, 0x00, 0x00, 0x00, 0x00, 0x00, 0x00, 0x00, 0x00, 0x00, 0x00,
    0x00, 0x00, 0x00, 0x00, 0x00, 0x00, 0x00, 0x00, 0x00, 0x00, 0x00, 0x00, 0x00, 0x00, 0xff, 0xff, 0xff, 0xff, 0xff, 0xff, 0xff, 0xff, 0xff, 0xff, 0xff, 0xff, 0xff, 0xff, 0xff, 0xff, 0xff, 0xff,
    0xff, 0xff, 0xff, 0xff, 0xff, 0xff, 0xff, 0xff, 0xff, 0xff, 0xff, 0xff, 0xff, 0xff, 0xff, 0xff, 0xff, 0xff, 0xff, 0x00, 0x00, 0x00, 0x00, 0x00, 0x00, 0x00, 0x00, 0x00, 0x00, 0x00, 0x00, 0x00,
    0x00, 0x00, 0x00, 0x00, 0x00, 0x00, 0x00, 0x00, 0x00, 0x00, 0x00, 0x00, 0x00, 0x00, 0xff, 0xff, 0xff, 0xff, 0xff, 0xff, 0xff, 0xff, 0xff, 0xff, 0xff, 0xff, 0xff, 0xff, 0xff, 0xff, 0xff, 0xff,
    0xff, 0xff, 0xff, 0xff, 0xff, 0xff, 0xff, 0xff, 0xff, 0xff, 0xff, 0xff, 0xff, 0xff, 0xff, 0xff, 0xff, 0xff, 0xff, 0x00, 0x00, 0x00, 0x00, 0x00, 0x00, 0x00, 0x00, 0x00, 0x00, 0x00, 0x00, 0x00,
    0x00, 0x00, 0x00, 0x00, 0x00, 0x00, 0x00, 0x00, 0x00, 0x00, 0x00, 0x00, 0x00, 0xff, 0xff, 0xff, 0xff, 0xff, 0xff, 0xff, 0xff, 0xff, 0xff, 0xff, 0xff, 0xff, 0xff, 0xff, 0xff, 0xff, 0xff, 0xff,
    0xff, 0xff, 0xff, 0xff, 0xff, 0xff, 0xff, 0xff, 0xff, 0xff, 0xff, 0xff, 0xff, 0xff, 0xff, 0xff, 0xff, 0xff, 0xff, 0xff, 0x00, 0x00, 0x00, 0x00, 0x00, 0x00, 0x00, 0x00, 0x00, 0x00, 0x00, 0x00,
    0x00, 0x00, 0x00, 0x00, 0x00, 0x00, 0x00, 0x00, 0x00, 0x00, 0x00, 0x00, 0x00, 0xff, 0xff, 0xff, 0xff, 0xff, 0xff, 0xff, 0xff, 0xff, 0xff, 0xff, 0xff, 0xff, 0xff, 0xff, 0xff, 0xff, 0xff, 0xff,
    0xff, 0xff, 0xff, 0xff, 0xff, 0xff, 0xff, 0xff, 0xff, 0xff, 0xff, 0xff, 0xff, 0xff, 0xff, 0xff, 0xff, 0xff, 0xff, 0xff, 0x00, 0x00, 0x00, 0x00, 0x00, 0x00, 0x00, 0x00, 0x00, 0x00, 0x00, 0x00,
    0x00, 0x00, 0x00, 0x00, 0x00, 0x00, 0x00, 0x00, 0x00, 0x00, 0x00, 0x00, 0xff, 0xff, 0xff, 0xff, 0xff, 0xff, 0xff, 0xff, 0xff, 0xff, 0xff, 0xff, 0xff, 0xff, 0xff, 0xff, 0xff, 0xff, 0xff, 0xff,
    0xff, 0xff, 0xff, 0xff, 0xff, 0xff, 0xff, 0xff, 0xff, 0xff, 0xff, 0xff, 0xff, 0xff, 0xff, 0xff, 0xff, 0xff, 0xff, 0xff, 0xff, 0x00, 0x00, 0x00, 0x00, 0x00, 0x00, 0x00, 0x00, 0x00, 0x00, 0x00,
    0x00, 0x00, 0x00, 0x00, 0x00, 0x00, 0x00, 0x00, 0x00, 0x00, 0x00, 0x00, 0xff, 0xff, 0xff, 0xff, 0xff, 0xff, 0xff, 0xff, 0xff, 0xff, 0xff, 0xff, 0xff, 0xff, 0xff, 0xff, 0xff, 0xff, 0xff, 0xff,
    0xff, 0xff, 0xff, 0xff, 0xff, 0xff, 0xff, 0xff, 0xff, 0xff, 0xff, 0xff, 0xff, 0xff, 0xff, 0xff, 0xff, 0xff, 0xff, 0xff, 0xff, 0x00, 0x00, 0x00, 0x00, 0x00, 0x00, 0x00, 0x00, 0x00, 0x00, 0x00,
    0x00, 0x00, 0x00, 0x00, 0x00, 0x00, 0x00, 0x00, 0x00, 0x00, 0x00, 0xff, 0xff, 0xff, 0xff, 0xff, 0xff, 0xff, 0xff, 0xff, 0xff, 0xff, 0xff, 0xff, 0xff, 0xff, 0xff, 0xff, 0xff, 0xff, 0xff, 0xff,
    0xff, 0xff, 0xff, 0xff, 0xff, 0xff, 0xff, 0xff, 0xff, 0xff, 0xff, 0xff, 0xff, 0xff, 0xff, 0xff, 0xff, 0xff, 0xff, 0xff, 0xff, 0xff, 0x00, 0x00, 0x00, 0x00, 0x00, 0x00, 0x00, 0x00, 0x00, 0x00,
    0x00, 0x00, 0x00, 0x00, 0x00, 0x00, 0x00, 0x00, 0x00, 0x00, 0x00, 0xff, 0xff, 0xff, 0xff, 0xff, 0xff, 0xff, 0xff, 0xff, 0xff, 0xff, 0xff, 0xff, 0xff, 0xff, 0xff, 0xff, 0xff, 0xff, 0xff, 0xff,
    0xff, 0xff, 0xff, 0xff, 0xff, 0xff, 0xff, 0xff, 0xff, 0xff, 0xff, 0xff, 0xff, 0xff, 0xff, 0xff, 0xff, 0xff, 0xff, 0xff, 0xff, 0xff, 0x00, 0x00, 0x00, 0x00, 0x00, 0x00, 0x00, 0x00, 0x00, 0x00,
    0x00, 0x00, 0x00, 0x00, 0x00, 0x00, 0x00, 0x00, 0x00, 0x00, 0xff, 0xff, 0xff, 0xff, 0xff, 0xff, 0xff, 0xff, 0xff, 0xff, 0xff, 0xff, 0xff, 0xff, 0xff, 0xff, 0xff, 0xff, 0xff, 0xff, 0xff, 0xff,
    0xff, 0xff, 0xff, 0xff, 0xff, 0xff, 0xff, 0xff, 0xff, 0xff, 0xff, 0xff, 0xff, 0xff, 0xff, 0xff, 0xff, 0xff, 0xff, 0xff, 0xff, 0xff, 0xff, 0x00, 0x00, 0x00, 0x00, 0x00, 0x00, 0x00, 0x00, 0x00,
    0x00, 0x00, 0x00, 0x00, 0x00, 0x00, 0x00, 0x00, 0x00, 0x00, 0x00, 0x00, 0x00, 0x00, 0x00, 0x00, 0x00, 0x00, 0x00, 0x00, 0x00, 0x00, 0xff, 0xff, 0xff, 0xff, 0xff, 0x00, 0x00, 0x00, 0x00, 0x00,
    0x00, 0x00, 0x00, 0x00, 0x00, 0x00, 0xff, 0xff, 0xff, 0xff, 0xff, 0x00, 0x00, 0x00, 0x00, 0x00, 0x00, 0x00, 0x00, 0x00, 0x00, 0x00, 0x00, 0x00, 0x00, 0x00, 0x00, 0x00, 0x00, 0x00, 0x00, 0x00,
    0x00, 0x00, 0x00, 0x00, 0x00, 0x00, 0x00, 0x00, 0x00, 0x00, 0x00, 0x00, 0x00, 0x00, 0x00, 0x00, 0x00, 0x00, 0x00, 0x00, 0x00, 0xff, 0xff, 0xff, 0xff, 0xff, 0xff, 0xff, 0x00, 0x00, 0x00, 0x00,
    0x00, 0x00, 0x00, 0x00, 0x00, 0xff, 0xff, 0xff, 0xff, 0xff, 0xff, 0xff, 0x00, 0x00, 0x00, 0x00, 0x00, 0x00, 0x00, 0x00, 0x00, 0x00, 0x00, 0x00, 0x00, 0x00, 0x00, 0x00, 0x00, 0x00, 0x00, 0x00,
    0x00, 0x00, 0x00, 0x00, 0x00, 0x00, 0x00, 0x00, 0x00, 0x00, 0x00, 0x00, 0x00, 0x00, 0x00, 0x00, 0x00, 0x00, 0x00, 0x00, 0x00, 0xff, 0xff, 0xff, 0xff, 0xff, 0xff, 0xff, 0x00, 0x00, 0x00, 0x00,
    0x00, 0x00, 0x00, 0x00, 0x00, 0xff, 0xff, 0xff, 0xff, 0xff, 0xff, 0xff, 0x00, 0x00, 0x00, 0x00, 0x00, 0x00, 0x00, 0x00, 0x00, 0x00, 0x00, 0x00, 0x00, 0x00, 0x00, 0x00, 0x00, 0x00, 0x00, 0x00,
    0x00, 0x00, 0x00, 0x00, 0x00, 0x00, 0x00, 0x00, 0x00, 0x00, 0x00, 0x00, 0x00, 0x00, 0x00, 0x00, 0x00, 0x00, 0x00, 0x00, 0x00, 0x00, 0x00, 0x00, 0x00, 0x00, 0x00, 0x00, 0x00, 0x00, 0x00, 0x00,
    0x00, 0x00, 0x00, 0x00, 0x00, 0x00, 0x00, 0x00, 0x00, 0x00, 0x00, 0x00, 0x00, 0x00, 0x00, 0x00, 0x00, 0x00, 0x00, 0x00, 0x00, 0x00, 0x00, 0x00, 0x00, 0x00, 0x00, 0x00, 0x00, 0x00, 0x00, 0x00,
    0x00, 0x00, 0x00, 0x00, 0x00, 0x00, 0x00, 0x00, 0x00, 0x00, 0x00, 0x00, 0x00, 0x00, 0x00, 0x00, 0x00, 0x00, 0x00, 0x00, 0x00, 0x00, 0x00, 0x00, 0x00, 0x00, 0x00, 0x00, 0x00, 0x00, 0x00, 0x00,
    0x00, 0x00, 0x00, 0x00, 0x00, 0x00, 0x00, 0x00, 0x00, 0x00, 0x00, 0x00, 0x00, 0x00, 0x00, 0x00, 0x00, 0x00, 0x00, 0x00, 0x00, 0x00, 0x00, 0x00, 0x00, 0x00, 0x00, 0x00, 0x00, 0x00, 0x00, 0x00,
};

const lv_image_dsc_t sabrina_idle_b = {
    .header = {
        .magic = LV_IMAGE_HEADER_MAGIC,
        .cf = LV_COLOR_FORMAT_RGB565A8,
        .flags = 0,
        .w = 64,
        .h = 64,
        .stride = 128,
    },
    .data_size = sizeof(sabrina_idle_b_map),
    .data = sabrina_idle_b_map,
};

static const uint8_t sabrina_blink_map[] = {
    0x00, 0x00, 0x00, 0x00, 0x00, 0x00, 0x00, 0x00, 0x00, 0x00, 0x00, 0x00, 0x00, 0x00, 0x00, 0x00, 0x00, 0x00, 0x00, 0x00, 0x00, 0x00, 0x00, 0x00, 0x00, 0x00, 0x00, 0x00, 0x00, 0x00, 0x00, 0x00,
    0x00, 0x00, 0x00, 0x00, 0x4a, 0x59, 0x00, 0x00, 0x00, 0x00, 0x00, 0x00, 0x00, 0x00, 0x00, 0x00, 0x00, 0x00, 0x00, 0x00, 0x00, 0x00, 0x00, 0x00, 0x00, 0x00, 0x00, 0x00, 0x00, 0x00, 0x00, 0x00,
    0x00, 0x00, 0x00, 0x00, 0x00, 0x00, 0x00, 0x00, 0x00, 0x00, 0x00, 0x00, 0x00, 0x00, 0x00, 0x00, 0x00, 0x00, 0x00, 0x00, 0x00, 0x00, 0x00, 0x00, 0x00, 0x00, 0x00, 0x00, 0x4a, 0x59, 0x00, 0x00,
    0x00, 0x00, 0x00, 0x00, 0x00, 0x00, 0x00, 0x00, 0x00, 0x00, 0x00, 0x00, 0x00, 0x00, 0x00, 0x00, 0x00, 0x00, 0x00, 0x00, 0x00, 0x00, 0x00, 0x00, 0x00, 0x00, 0x00, 0x00, 0x00, 0x00, 0x00, 0x00,
    0x00, 0x00, 0x00, 0x00, 0x00, 0x00, 0x00, 0x00, 0x00, 0x00, 0x00, 0x00, 0x00, 0x00, 0x00, 0x00, 0x00, 0x00, 0x00, 0x00, 0x00, 0x00, 0x00, 0x00, 0x00, 0x00, 0x00, 0x00, 0x00, 0x00, 0x00, 0x00,
    0x00, 0x00, 0x00, 0x00, 0x4a, 0x59, 0x00, 0x00, 0x00, 0x00, 0x00, 0x00, 0x00, 0x00, 0x00, 0x00, 0x00, 0x00, 0x00, 0x00, 0x00, 0x00, 0x00, 0x00, 0x00, 0x00, 0x00, 0x00, 0x00, 0x00, 0x00, 0x00,
    0x00, 0x00, 0x00, 0x00, 0x00, 0x00, 0x00, 0x00, 0x00, 0x00, 0x00, 0x00, 0x00, 0x00, 0x00, 0x00, 0x00, 0x00, 0x00, 0x00, 0x00, 0x00, 0x00, 0x00, 0x00, 0x00, 0x4a, 0x59, 0x4a, 0x59, 0x00, 0x00,
    0x00, 0x00, 0x00, 0x00, 0x00, 0x00, 0x00, 0x00, 0x00, 0x00, 0x00, 0x00, 0x00, 0x00, 0x00, 0x00, 0x00, 0x00, 0x00, 0x00, 0x00, 0x00, 0x00, 0x00, 0x00, 0x00, 0x00, 0x00, 0x00, 0x00, 0x00, 0x00,
    0x00, 0x00, 0x00, 0x00, 0x00, 0x00, 0x00, 0x00, 0x00, 0x00, 0x00, 0x00, 0x00, 0x00, 0x00, 0x00, 0x00, 0x00, 0x00, 0x00, 0x00, 0x00, 0x00, 0x00, 0x00, 0x00, 0x00, 0x00, 0x00, 0x00, 0x00, 0x00,
    0x00, 0x00, 0x4a, 0x59, 0x7a, 0xfd, 0x4a, 0x59, 0x00, 0x00, 0x00, 0x00, 0x00, 0x00, 0x00, 0x00, 0x00, 0x00, 0x00, 0x00, 0x00, 0x00, 0x00, 0x00, 0x00, 0x00, 0x00, 0x00, 0x00, 0x00, 0x00, 0x00,
    0x00, 0x00, 0x00, 0x00, 0x00, 0x00, 0x00, 0x00, 0x00, 0x00, 0x00, 0x00, 0x00, 0x00, 0x00, 0x00, 0x00, 0x00, 0x00, 0x00, 0x00, 0x00, 0x00, 0x00, 0x00, 0x00, 0x4a, 0x59, 0x4a, 0x59, 0x00, 0x00,
    0x00, 0x00, 0x00, 0x00, 0x00, 0x00, 0x00, 0x00, 0x00, 0x00, 0x00, 0x00, 0x00, 0x00, 0x00, 0x00, 0x00, 0x00, 0x00, 0x00, 0x00, 0x00, 0x00, 0x00, 0x00, 0x00, 0x00, 0x00, 0x00, 0x00, 0x00, 0x00,
    0x00, 0x00, 0x00, 0x00, 0x00, 0x00, 0x00, 0x00, 0x00, 0x00, 0x00, 0x00, 0x00, 0x00, 0x00, 0x00, 0x00, 0x00, 0x00, 0x00, 0x00, 0x00, 0x00, 0x00, 0x00, 0x00, 0x00, 0x00, 0x00, 0x00, 0x00, 0x00,
    0x00, 0x00, 0x4a, 0x59, 0x7a, 0xfd, 0x4a, 0x59, 0x00, 0x00, 0x00, 0x00, 0x00, 0x00, 0x00, 0x00, 0x00, 0x00, 0x00, 0x00, 0x00, 0x00, 0x00, 0x00, 0x00, 0x00, 0x00, 0x00, 0x00, 0x00, 0x00, 0x00,
    0x00, 0x00, 0x00, 0x00, 0x00, 0x00, 0x00, 0x00, 0x00, 0x00, 0x00, 0x00, 0x00, 0x00, 0x00, 0x00, 0x00, 0x00, 0x00, 0x00, 0x00, 0x00, 0x00, 0x00, 0x4a, 0x59, 0x7a, 0xfd, 0x7a, 0xfd, 0x4a, 0x59,
    0x00, 0x00, 0x00, 0x00, 0x00, 0x00, 0x00, 0x00, 0x00, 0x00, 0x00, 0x00, 0x00, 0x00, 0x00, 0x00, 0x00, 0x00, 0x00, 0x00, 0x00, 0x00, 0x00, 0x00, 0x00, 0x00, 0x00, 0x00, 0x00, 0x00, 0x00, 0x00,
    0x00, 0x00, 0x00, 0x00, 0x00, 0x00, 0x00, 0x00, 0x00, 0x00, 0x00, 0x00, 0x00, 0x00, 0x00, 0x00, 0x00, 0x00, 0x00, 0x00, 0x00, 0x00, 0x00, 0x00, 0x00, 0x00, 0x00, 0x00, 0x00, 0x00, 0x00, 0x00,
    0x00, 0x00, 0x4a, 0x59, 0x7a, 0xfd, 0x7a, 0xfd, 0x32, 0xfb, 0x00, 0x00, 0x00, 0x00, 0x00, 0x00, 0x4a, 0x59, 0x4a, 0x59, 0x4a, 0x59, 0x00, 0x00, 0x00, 0x00, 0x00, 0x00, 0x00, 0x00, 0x00, 0x00,
    0x00, 0x00, 0x00, 0x00, 0x00, 0x00, 0x00, 0x00, 0x00, 0x00, 0x00, 0x00, 0x4a, 0x59, 0x4a, 0x59, 0x4a, 0x59, 0x00, 0x00, 0x00, 0x00, 0x00, 0x00, 0x32, 0xfb, 0x7a, 0xfd, 0x7a, 0xfd, 0x4a, 0x59,
    0x00, 0x00, 0x00, 0x00, 0x00, 0x00, 0x00, 0x00, 0x00, 0x00, 0x00, 0x00, 0x00, 0x00, 0x00, 0x00, 0x00, 0x00, 0x00, 0x00, 0x00, 0x00, 0x00, 0x00, 0x00, 0x00, 0x00, 0x00, 0x00, 0x00, 0x00, 0x00,
    0x00, 0x00, 0x00, 0x00, 0x00, 0x00, 0x00, 0x00, 0x00, 0x00, 0x00, 0x00, 0x00, 0x00, 0x00, 0x00, 0x00, 0x00, 0x00, 0x00, 0x00, 0x00, 0x00, 0x00, 0x00, 0x00, 0x00, 0x00, 0x00, 0x00, 0x00, 0x00,
    0x00, 0x00, 0x4a, 0x59, 0x7a, 0xfd, 0x7a, 0xfd, 0x32, 0xfb, 0x00, 0x00, 0x4a, 0x59, 0x4a, 0x59, 0x32, 0xfb, 0x32, 0xfb, 0x32, 0xfb, 0x4a, 0x59, 0x4a, 0x59, 0x00, 0x00, 0x00, 0x00, 0x00, 0x00,
    0x00, 0x00, 0x00, 0x00, 0x00, 0x00, 0x00, 0x00, 0x4a, 0x59, 0x4a, 0x59, 0x32, 0xfb, 0x32, 0xfb, 0x32, 0xfb, 0x4a, 0x59, 0x4a, 0x59, 0x4a, 0x59, 0x32, 0xfb, 0x7a, 0xfd, 0x7a, 0xfd, 0x4a, 0x59,
    0x00, 0x00, 0x00, 0x00, 0x00, 0x00, 0x00, 0x00, 0x00, 0x00, 0x00, 0x00, 0x00, 0x00, 0x00, 0x00, 0x00, 0x00, 0x00, 0x00, 0x00, 0x00, 0x00, 0x00, 0x00, 0x00, 0x00, 0x00, 0x00, 0x00, 0x00, 0x00,
    0x00, 0x00, 0x00, 0x00, 0x00, 0x00, 0x00, 0x00, 0x00, 0x00, 0x00, 0x00, 0x00, 0x00, 0x00, 0x00, 0x00, 0x00, 0x00, 0x00, 0x00, 0x00, 0x00, 0x00, 0x00, 0x00, 0x00, 0x00, 0x00, 0x00, 0x00, 0x00,
    0x4a, 0x59, 0x7a, 0xfd, 0x7a, 0xfd, 0x32, 0xfb, 0xed, 0xc9, 0x4a, 0x59, 0x32, 0xfb, 0x32, 0xfb, 0x32, 0xfb, 0x32, 0xfb, 0x32, 0xfb, 0x32, 0xfb, 0x32, 0xfb, 0x4a, 0x59, 0x4a, 0x59, 0x4a, 0x59,
    0x4a, 0x59, 0x4a, 0x59, 0x4a, 0x59, 0x4a, 0x59, 0x32, 0xfb, 0x32, 0xfb, 0x32, 0xfb, 0x32, 0xfb, 0x32, 0xfb, 0x32, 0xfb, 0x32, 0xfb, 0x4a, 0x59, 0xed, 0xc9, 0x32, 0xfb, 0x7a, 0xfd, 0x4a, 0x59,
    0x00, 0x00, 0x00, 0x00, 0x00, 0x00, 0x00, 0x00, 0x00, 0x00, 0x00, 0x00, 0x00, 0x00, 0x00, 0x00, 0x00, 0x00, 0x00, 0x00, 0x00, 0x00, 0x00, 0x00, 0x00, 0x00, 0x00, 0x00, 0x00, 0x00, 0x00, 0x00,
    0x00, 0x00, 0x00, 0x00, 0x00, 0x00, 0x00, 0x00, 0x00, 0x00, 0x00, 0x00, 0x00, 0x00, 0x00, 0x00, 0x00, 0x00, 0x00, 0x00, 0x00, 0x00, 0x00, 0x00, 0x00, 0x00, 0x00, 0x00, 0x00, 0x00, 0x00, 0x00,
    0x4a, 0x59, 0x7a, 0xfd, 0x7a, 0xfd, 0x32, 0xfb, 0xed, 0xc9, 0x4a, 0x59, 0x32, 0xfb, 0x32, 0xfb, 0x32, 0xfb, 0x32, 0xfb, 0x32, 0xfb, 0x32, 0xfb, 0x32, 0xfb, 0x4a, 0x59, 0xed, 0xc9, 0xed, 0xc9,
    0xed, 0xc9, 0xed, 0xc9, 0xed, 0xc9, 0x4a, 0x59, 0x32, 0xfb, 0x32, 0xfb, 0x32, 0xfb, 0x32, 0xfb, 0x32, 0xfb, 0x32, 0xfb, 0x32, 0xfb, 0x4a, 0x59, 0xed, 0xc9, 0x32, 0xfb, 0x7a, 0xfd, 0x7a, 0xfd,
    0x4a, 0x59, 0x00, 0x00, 0x00, 0x00, 0x00, 0x00, 0x00, 0x00, 0x00, 0x00, 0x00, 0x00, 0x00, 0x00, 0x00, 0x00, 0x00, 0x00, 0x00, 0x00, 0x00, 0x00, 0x00, 0x00, 0x00, 0x00, 0x00, 0x00, 0x00, 0x00,
    0x00, 0x00, 0x00, 0x00, 0x00, 0x00, 0x00, 0x00, 0x00, 0x00, 0x00, 0x00, 0x00, 0x00, 0x00, 0x00, 0x00, 0x00, 0x00, 0x00, 0x00, 0x00, 0x00, 0x00, 0x00, 0x00, 0x00, 0x00, 0x00, 0x00, 0x00, 0x00,
    0x4a, 0x59, 0x7a, 0xfd, 0x7a, 0xfd, 0x32, 0xfb, 0x4a, 0x59, 0x32, 0xfb, 0x32, 0xfb, 0x32, 0xfb, 0x32, 0xfb, 0x32, 0xfb, 0x32, 0xfb, 0x32, 0xfb, 0x32, 0xfb, 0x4a, 0x59, 0xff, 0xff, 0xec, 0xf1,
    0xed, 0xc9, 0xec, 0xf1, 0xec, 0xf1, 0x4a, 0x59, 0x32, 0xfb, 0x32, 0xfb, 0x32, 0xfb, 0x32, 0xfb, 0x32, 0xfb, 0x32, 0xfb, 0x32, 0xfb, 0x32, 0xfb, 0x4a, 0x59, 0x32, 0xfb, 0x7a, 0xfd, 0x7a, 0xfd,
    0x4a, 0x59, 0x00, 0x00, 0x00, 0x00, 0x00, 0x00, 0x00, 0x00, 0x00, 0x00, 0x00, 0x00, 0x00, 0x00, 0x00, 0x00, 0x00, 0x00, 0x00, 0x00, 0x00, 0x00, 0x00, 0x00, 0x00, 0x00, 0x00, 0x00, 0x00, 0x00,
    0x00, 0x00, 0x00, 0x00, 0x00, 0x00, 0x00, 0x00, 0x00, 0x00, 0x00, 0x00, 0x00, 0x00, 0x00, 0x00, 0x00, 0x00, 0x00, 0x00, 0x00, 0x00, 0x00, 0x00, 0x00, 0x00, 0x00, 0x00, 0x00, 0x00, 0x00, 0x00,
    0x4a, 0x59, 0x7a, 0xfd, 0x7a, 0xfd, 0x32, 0xfb, 0x4a, 0x59, 0x32, 0xfb, 0x32, 0xfb, 0x32, 0xfb, 0x32, 0xfb, 0x32, 0xfb, 0x32, 0xfb, 0x32, 0xfb, 0x32, 0xfb, 0x4a, 0x59, 0xec, 0xf1, 0xec, 0xf1,
    0xec, 0xf1, 0xec, 0xf1, 0xec, 0xf1, 0x4a, 0x59, 0x32, 0xfb, 0x32, 0xfb, 0x32, 0xfb, 0x32, 0xfb, 0x32, 0xfb, 0x32, 0xfb, 0x32, 0xfb, 0x32, 0xfb, 0x4a, 0x59, 0x32, 0xfb, 0x7a, 0xfd, 0x7a, 0xfd,
    0x4a, 0x59, 0x00, 0x00, 0x00, 0x00, 0x00, 0x00, 0x00, 0x00, 0x00, 0x00, 0x00, 0x00, 0x00, 0x00, 0x00, 0x00, 0x00, 0x00, 0x00, 0x00, 0x00, 0x00, 0x00, 0x00, 0x00, 0x00, 0x00, 0x00, 0x00, 0x00,
    0x00, 0x00, 0x00, 0x00, 0x00, 0x00, 0x00, 0x00, 0x00, 0x00, 0x00, 0x00, 0x00, 0x00, 0x00, 0x00, 0x00, 0x00, 0x00, 0x00, 0x00, 0x00, 0x00, 0x00, 0x00, 0x00, 0x00, 0x00, 0x00, 0x00, 0x4a, 0x59,
    0x7a, 0xfd, 0x7a, 0xfd, 0x32, 0xfb, 0x32, 0xfb, 0x4a, 0x59, 0x32, 0xfb, 0x32, 0xfb, 0x32, 0xfb, 0x32, 0xfb, 0x32, 0xfb, 0x32, 0xfb, 0x32, 0xfb, 0x32, 0xfb, 0x4a, 0x59, 0xed, 0xc9, 0xec, 0xf1,
    0xec, 0xf1, 0xec, 0xf1, 0xed, 0xc9, 0x4a, 0x59, 0x32, 0xfb, 0x32, 0xfb, 0x32, 0xfb, 0x32, 0xfb, 0x32, 0xfb, 0x32, 0xfb, 0x32, 0xfb, 0x32, 0xfb, 0x4a, 0x59, 0x32, 0xfb, 0x32, 0xfb, 0x7a, 0xfd,
    0x4a, 0x59, 0x00, 0x00, 0x00, 0x00, 0x00, 0x00, 0x00, 0x00, 0x00, 0x00, 0x00, 0x00, 0x00, 0x00, 0x00, 0x00, 0x00, 0x00, 0x00, 0x00, 0x00, 0x00, 0x00, 0x00, 0x00, 0x00, 0x00, 0x00, 0x00, 0x00,
    0x00, 0x00, 0x00, 0x00, 0x00, 0x00, 0x00, 0x00, 0x00, 0x00, 0x00, 0x00, 0x00, 0x00, 0x00, 0x00, 0x00, 0x00, 0x00, 0x00, 0x00, 0x00, 0x00, 0x00, 0x00, 0x00, 0x00, 0x00, 0x00, 0x00, 0x4a, 0x59,
    0x7a, 0xfd, 0x7a, 0xfd, 0x32, 0xfb, 0x32, 0xfb, 0x4a, 0x59, 0x32, 0xfb, 0x32, 0xfb, 0x32, 0xfb, 0x32, 0xfb, 0x32, 0xfb, 0x32, 0xfb, 0x32, 0xfb, 0x32, 0xfb, 0x4a, 0x59, 0xed, 0xc9, 0xed, 0xc9,
    0xec, 0xf1, 0xed, 0xc9, 0xed, 0xc9, 0x4a, 0x59, 0x32, 0xfb, 0x32, 0xfb, 0x32, 0xfb, 0x32, 0xfb, 0x32, 0xfb, 0x32, 0xfb, 0x32, 0xfb, 0x32, 0xfb, 0x4a, 0x59, 0x32, 0xfb, 0x32, 0xfb, 0x7a, 0xfd,
    0x7a, 0xfd, 0x4a, 0x59, 0x00, 0x00, 0x00, 0x00, 0x00, 0x00, 0x00, 0x00, 0x00, 0x00, 0x00, 0x00, 0x00, 0x00, 0x00, 0x00, 0x00, 0x00, 0x00, 0x00, 0x00, 0x00, 0x00, 0x00, 0x00, 0x00, 0x00, 0x00,
    0x00, 0x00, 0x00, 0x00, 0x00, 0x00, 0x00, 0x00, 0x00, 0x00, 0x00, 0x00, 0x00, 0x00, 0x00, 0x00, 0x00, 0x00, 0x00, 0x00, 0x00, 0x00, 0x00, 0x00, 0x00, 0x00, 0x00, 0x00, 0x00, 0x00, 0x4a, 0x59,
    0x7a, 0xfd, 0x7a, 0xfd, 0x32, 0xfb, 0x32, 0xfb, 0x4a, 0x59, 0x32, 0xfb, 0x32, 0xfb, 0x32, 0xfb, 0x32, 0xfb, 0x32, 0xfb, 0x32, 0xfb, 0x32, 0xfb, 0x32, 0xfb, 0x4a, 0x59, 0xed, 0xc9, 0xed, 0xc9,
    0xed, 0xc9, 0xed, 0xc9, 0xed, 0xc9, 0x4a, 0x59, 0x32, 0xfb, 0x32, 0xfb, 0x32, 0xfb, 0x32, 0xfb, 0x32, 0xfb, 0x32, 0xfb, 0x32, 0xfb, 0x32, 0xfb, 0x4a, 0x59, 0x32, 0xfb, 0x32, 0xfb, 0x7a, 0xfd,
    0x7a, 0xfd, 0x4a, 0x59, 0x00, 0x00, 0x00, 0x00, 0x00, 0x00, 0x00, 0x00, 0x00, 0x00, 0x00, 0x00, 0x00, 0x00, 0x00, 0x00, 0x00, 0x00, 0x00, 0x00, 0x00, 0x00, 0x00, 0x00, 0x00, 0x00, 0x00, 0x00,
    0x00, 0x00, 0x00, 0x00, 0x00, 0x00, 0x00, 0x00, 0x00, 0x00, 0x00, 0x00, 0x00, 0x00, 0x00, 0x00, 0x00, 0x00, 0x00, 0x00, 0x00, 0x00, 0x00, 0x00, 0x00, 0x00, 0x00, 0x00, 0x00, 0x00, 0x4a, 0x59,
    0x7a, 0xfd, 0x32, 0xfb, 0x32, 0xfb, 0x32, 0xfb, 0x32, 0xfb, 0x4a, 0x59, 0x32, 0xfb, 0x32, 0xfb, 0x32, 0xfb, 0x32, 0xfb, 0x32, 0xfb, 0x32, 0xfb, 0x32, 0xfb, 0x4a, 0x59, 0xed, 0xc9, 0xed, 0xc9,
    0xed, 0xc9, 0xed, 0xc9, 0xed, 0xc9, 0x4a, 0x59, 0x32, 0xfb, 0x32, 0xfb, 0x32, 0xfb, 0x32, 0xfb, 0x32, 0xfb, 0x32, 0xfb, 0x32, 0xfb, 0x4a, 0x59, 0x32, 0xfb, 0x32, 0xfb, 0x32, 0xfb, 0x32, 0xfb,
    0x7a, 0xfd, 0x4a, 0x59, 0x00, 0x00, 0x00, 0x00, 0x00, 0x00, 0x00, 0x00, 0x00, 0x00, 0x00, 0x00, 0x00, 0x00, 0x00, 0x00, 0x00, 0x00, 0x00, 0x00, 0x00, 0x00, 0x00, 0x00, 0x00, 0x00, 0x00, 0x00,
    0x00, 0x00, 0x00, 0x00, 0x00, 0x00, 0x00, 0x00, 0x00, 0x00, 0x00, 0x00, 0x00, 0x00, 0x00, 0x00, 0x00, 0x00, 0x00, 0x00, 0x00, 0x00, 0x00, 0x00, 0x00, 0x00, 0x00, 0x00, 0x4a, 0x59, 0x7a, 0xfd,
    0x7a, 0xfd, 0x32, 0xfb, 0x32, 0xfb, 0x32, 0xfb, 0x32, 0xfb, 0x4a, 0x59, 0x32, 0xfb, 0x32, 0xfb, 0x32, 0xfb, 0x32, 0xfb, 0x32, 0xfb, 0x32, 0xfb, 0x4a, 0x59, 0x4a, 0x59, 0x4a, 0x59, 0x4a, 0x59,
    0x4a, 0x59, 0x4a, 0x59, 0x4a, 0x59, 0x4a, 0x59, 0x4a, 0x59, 0x32, 0xfb, 0x32, 0xfb, 0x32, 0xfb, 0x32, 0xfb, 0x32, 0xfb, 0x32, 0xfb, 0x4a, 0x59, 0x32, 0xfb, 0x32, 0xfb, 0x32, 0xfb, 0x32, 0xfb,
    0x7a, 0xfd, 0x4a, 0x59, 0x00, 0x00, 0x00, 0x00, 0x00, 0x00, 0x00, 0x00, 0x00, 0x00, 0x00, 0x00, 0x00, 0x00, 0x00, 0x00, 0x00, 0x00, 0x00, 0x00, 0x00, 0x00, 0x00, 0x00, 0x00, 0x00, 0x00, 0x00,
    0x00, 0x00, 0x00, 0x00, 0x00, 0x00, 0x00, 0x00, 0x00, 0x00, 0x00, 0x00, 0x00, 0x00, 0x00, 0x00, 0x00, 0x00, 0x00, 0x00, 0x00, 0x00, 0x00, 0x00, 0x00, 0x00, 0x00, 0x00, 0x4a, 0x59, 0x7a, 0xfd,
    0x7a, 0xfd, 0x7a, 0xfd, 0x7a, 0xfd, 0x7a, 0xfd, 0x7a, 0xfd, 0x7a, 0xfd, 0x4a, 0x59, 0x4a, 0x59, 0x32, 0xfb, 0x4a, 0x59, 0x4a, 0x59, 0x4a, 0x59, 0x7a, 0xfd, 0x7a, 0xfd, 0x7a, 0xfd, 0x7a, 0xfd,
    0x7a, 0xfd, 0x7a, 0xfd, 0x7a, 0xfd, 0x7a, 0xfd, 0x7a, 0xfd, 0x4a, 0x59, 0x4a, 0x59, 0x4a, 0x59, 0x32, 0xfb, 0x4a, 0x59, 0x4a, 0x59, 0x7a, 0xfd, 0x7a, 0xfd, 0x7a, 0xfd, 0x7a, 0xfd, 0x7a, 0xfd,
    0x7a, 0xfd, 0x7a, 0xfd, 0x4a, 0x59, 0x00, 0x00, 0x00, 0x00, 0x00, 0x00, 0x00, 0x00, 0x00, 0x00, 0x00, 0x00, 0x00, 0x00, 0x00, 0x00, 0x00, 0x00, 0x00, 0x00, 0x00, 0x00, 0x00, 0x00, 0x00, 0x00,
    0x00, 0x00, 0x00, 0x00, 0x00, 0x00, 0x00, 0x00, 0x00, 0x00, 0x00, 0x00, 0x00, 0x00, 0x00, 0x00, 0x00, 0x00, 0x00, 0x00, 0x00, 0x00, 0x00, 0x00, 0x00, 0x00, 0x00, 0x00, 0x4a, 0x59, 0x4a, 0x59,
    0x4a, 0x59, 0x4a, 0x59, 0x4a, 0x59, 0x4a, 0x59, 0x4a, 0x59, 0x4a, 0x59, 0x4a, 0x59, 0x4a, 0x59, 0x4a, 0x59, 0x4a, 0x59, 0x4a, 0x59, 0x4a, 0x59, 0x4a, 0x59, 0x4a, 0x59, 0x4a, 0x59, 0x4a, 0x59,
    0x4a, 0x59, 0x4a, 0x59, 0x4a, 0x59, 0x4a, 0x59, 0x4a, 0x59, 0x7a, 0xfd, 0x7a, 0xfd, 0x7a, 0xfd, 0x4a, 0x59, 0x4a, 0x59, 0x4a, 0x59, 0x4a, 0x59, 0x4a, 0x59, 0x4a, 0x59, 0x4a, 0x59, 0x4a, 0x59,
    0x4a, 0x59, 0x4a, 0x59, 0x4a, 0x59, 0x00, 0x00, 0x00, 0x00, 0x00, 0x00, 0x00, 0x00, 0x00, 0x00, 0x00, 0x00, 0x00, 0x00, 0x00, 0x00, 0x00, 0x00, 0x00, 0x00, 0x00, 0x00, 0x00, 0x00, 0x00, 0x00,
    0x00, 0x00, 0x00, 0x00, 0x00, 0x00, 0x00, 0x00, 0x00, 0x00, 0x00, 0x00, 0x00, 0x00, 0x00, 0x00, 0x00, 0x00, 0x00, 0x00, 0x00, 0x00, 0x00, 0x00, 0x00, 0x00, 0x00, 0x00, 0x00, 0x00, 0x00, 0x00,
    0x00, 0x00, 0x00, 0x00, 0x00, 0x00, 0x00, 0x00, 0x00, 0x00, 0x00, 0x00, 0x4a, 0x59, 0x7a, 0xfd, 0x4a, 0x59, 0x32, 0xfb, 0x32, 0xfb, 0x32, 0xfb, 0x4a, 0x59, 0xed, 0xc9, 0xed, 0xc9, 0xed, 0xc9,
    0x4a, 0x59, 0x32, 0xfb, 0x32, 0xfb, 0x32, 0xfb, 0x4a, 0x59, 0x7a, 0xfd, 0x7a, 0xfd, 0x7a, 0xfd, 0x7a, 0xfd, 0x7a, 0xfd, 0x4a, 0x59, 0x00, 0x00, 0x00, 0x00, 0x00, 0x00, 0x00, 0x00, 0x00, 0x00,
    0x00, 0x00, 0x00, 0x00, 0x00, 0x00, 0x00, 0x00, 0x00, 0x00, 0x00, 0x00, 0x00, 0x00, 0x00, 0x00, 0x00, 0x00, 0x00, 0x00, 0x00, 0x00, 0x00, 0x00, 0x00, 0x00, 0x00, 0x00, 0x00, 0x00, 0x00, 0x00,
    0x00, 0x00, 0x00, 0x00, 0x00, 0x00, 0x00, 0x00, 0x00, 0x00, 0x00, 0x00, 0x00, 0x00, 0x00, 0x00, 0x00, 0x00, 0x00, 0x00, 0x00, 0x00, 0x00, 0x00, 0x00, 0x00, 0x00, 0x00, 0x00, 0x00, 0x00, 0x00,
    0x00, 0x00, 0x00, 0x00, 0x00, 0x00, 0x00, 0x00, 0x00, 0x00, 0x4a, 0x59, 0x7a, 0xfd, 0x7a, 0xfd, 0x7a, 0xfd, 0x4a, 0x59, 0x32, 0xfb, 0x4a, 0x59, 0x4a, 0x59, 0xed, 0xc9, 0xed, 0xc9, 0x4a, 0x59,
    0x7a, 0xfd, 0x4a, 0x59, 0x32, 0xfb, 0x4a, 0x59, 0x7a, 0xfd, 0x7a, 0xfd, 0x7a, 0xfd, 0x7a, 0xfd, 0x7a, 0xfd, 0x7a, 0xfd, 0x7a, 0xfd, 0x4a, 0x59, 0x00, 0x00, 0x00, 0x00, 0x00, 0x00, 0x00, 0x00,
    0x00, 0x00, 0x00, 0x00, 0x00, 0x00, 0x00, 0x00, 0x00, 0x00, 0x00, 0x00, 0x00, 0x00, 0x00, 0x00, 0x00, 0x00, 0x00, 0x00, 0x00, 0x00, 0x00, 0x00, 0x00, 0x00, 0x00, 0x00, 0x00, 0x00, 0x00, 0x00,
    0x00, 0x00, 0x00, 0x00, 0x00, 0x00, 0x00, 0x00, 0x00, 0x00, 0x00, 0x00, 0x00, 0x00, 0x00, 0x00, 0x00, 0x00, 0x00, 0x00, 0x00, 0x00, 0x00, 0x00, 0x00, 0x00, 0x00, 0x00, 0x00, 0x00, 0x00, 0x00,
    0x00, 0x00, 0x00, 0x00, 0x00, 0x00, 0x00, 0x00, 0x4a, 0x59, 0x7a, 0xfd, 0x5c, 0xfe, 0x5c, 0xfe, 0x7a, 0xfd, 0x4a, 0x59, 0x32, 0xfb, 0x4a, 0x59, 0x7a, 0xfd, 0x4a, 0x59, 0xed, 0xc9, 0x4a, 0x59,
    0x7a, 0xfd, 0x4a, 0x59, 0x32, 0xfb, 0x4a, 0x59, 0x7a, 0xfd, 0x7a, 0xfd, 0x7a, 0xfd, 0x7a, 0xfd, 0x7a, 0xfd, 0x7a, 0xfd, 0x7a, 0xfd, 0x7a, 0xfd, 0x4a, 0x59, 0x00, 0x00, 0x00, 0x00, 0x00, 0x00,
    0x00, 0x00, 0x00, 0x00, 0x00, 0x00, 0x00, 0x00, 0x00, 0x00, 0x00, 0x00, 0x00, 0x00, 0x00, 0x00, 0x00, 0x00, 0x00, 0x00, 0x00, 0x00, 0x00, 0x00, 0x00, 0x00, 0x00, 0x00, 0x00, 0x00, 0x00, 0x00,
    0x00, 0x00, 0x00, 0x00, 0x00, 0x00, 0x00, 0x00, 0x00, 0x00, 0x00, 0x00, 0x00, 0x00, 0x00, 0x00, 0x00, 0x00, 0x00, 0x00, 0x00, 0x00, 0x00, 0x00, 0x00, 0x00, 0x00, 0x00, 0x00, 0x00, 0x00, 0x00,
    0x00, 0x00, 0x00, 0x00, 0x00, 0x00, 0x4a, 0x59, 0x7a, 0xfd, 0x7a, 0xfd, 0x5c, 0xfe, 0x7a, 0xfd, 0x7a, 0xfd, 0x4a, 0x59, 0x32, 0xfb, 0x4a, 0x59, 0x7a, 0xfd, 0x4a, 0x59, 0xed, 0xc9, 0x4a, 0x59,
    0x7a, 0xfd, 0x4a, 0x59, 0x32, 0xfb, 0x4a, 0x59, 0x7a, 0xfd, 0x7a, 0xfd, 0x7a, 0xfd, 0x7a, 0xfd, 0x7a, 0xfd, 0x7a, 0xfd, 0x7a, 0xfd, 0x7a, 0xfd, 0x7a, 0xfd, 0x4a, 0x59, 0x00, 0x00, 0x00, 0x00,
    0x00, 0x00, 0x00, 0x00, 0x00, 0x00, 0x00, 0x00, 0x00, 0x00, 0x00, 0x00, 0x00, 0x00, 0x00, 0x00, 0x00, 0x00, 0x00, 0x00, 0x00, 0x00, 0x00, 0x00, 0x00, 0x00, 0x00, 0x00, 0x00, 0x00, 0x00, 0x00,
    0x00, 0x00, 0x00, 0x00, 0x00, 0x00, 0x00, 0x00, 0x00, 0x00, 0x00, 0x00, 0x00, 0x00, 0x00, 0x00, 0x00, 0x00, 0x00, 0x00, 0x00, 0x00, 0x00, 0x00, 0x00, 0x00, 0x00, 0x00, 0x00, 0x00, 0x00, 0x00,
    0x00, 0x00, 0x00, 0x00, 0x4a, 0x59, 0x7a, 0xfd, 0x7a, 0xfd, 0x7a, 0xfd, 0x7a, 0xfd, 0x7a, 0xfd, 0x7a, 0xfd, 0x7a, 0xfd, 0x4a, 0x59, 0x7a, 0xfd, 0x7a, 0xfd, 0x4a, 0x59, 0xed, 0xc9, 0x4a, 0x59,
    0x7a, 0xfd, 0x7a, 0xfd, 0x4a, 0x59, 0x7a, 0xfd, 0x7a, 0xfd, 0x7a, 0xfd, 0x7a, 0xfd, 0x7a, 0xfd, 0x7a, 0xfd, 0x7a, 0xfd, 0x7a, 0xfd, 0x7a, 0xfd, 0x7a, 0xfd, 0x7a, 0xfd, 0x4a, 0x59, 0x00, 0x00,
    0x00, 0x00, 0x00, 0x00, 0x00, 0x00, 0x00, 0x00, 0x00, 0x00, 0x00, 0x00, 0x00, 0x00, 0x00, 0x00, 0x00, 0x00, 0x00, 0x00, 0x00, 0x00, 0x00, 0x00, 0x00, 0x00, 0x00, 0x00, 0x00, 0x00, 0x00, 0x00,
    0x00, 0x00, 0x00, 0x00, 0x00, 0x00, 0x00, 0x00, 0x00, 0x00, 0x00, 0x00, 0x00, 0x00, 0x00, 0x00, 0x00, 0x00, 0x00, 0x00, 0x00, 0x00, 0x00, 0x00, 0x00, 0x00, 0x00, 0x00, 0x00, 0x00, 0x00, 0x00,
    0x00, 0x00, 0x00, 0x00, 0x4a, 0x59, 0x7a, 0xfd, 0x7a, 0xfd, 0x7a, 0xfd, 0x7a, 0xfd, 0x7a, 0xfd, 0x7a, 0xfd, 0x7a, 0xfd, 0x4a, 0x59, 0x7a, 0xfd, 0x7a, 0xfd, 0x4a, 0x59, 0x4a, 0x59, 0x7a, 0xfd,
    0x7a, 0xfd, 0x7a, 0xfd, 0x4a, 0x59, 0x7a, 0xfd, 0x7a, 0xfd, 0x7a, 0xfd, 0x7a, 0xfd, 0x7a, 0xfd, 0x7a, 0xfd, 0x7a, 0xfd, 0x7a, 0xfd, 0x7a, 0xfd, 0x7a, 0xfd, 0x7a, 0xfd, 0x4a, 0x59, 0x00, 0x00,
    0x00, 0x00, 0x00, 0x00, 0x00, 0x00, 0x00, 0x00, 0x00, 0x00, 0x00, 0x00, 0x00, 0x00, 0x00, 0x00, 0x00, 0x00, 0x00, 0x00, 0x00, 0x00, 0x00, 0x00, 0x00, 0x00, 0x00, 0x00, 0x00, 0x00, 0x00, 0x00,
    0x00, 0x00, 0x00, 0x00, 0x00, 0x00, 0x00, 0x00, 0x00, 0x00, 0x00, 0x00, 0x00, 0x00, 0x00, 0x00, 0x00, 0x00, 0x00, 0x00, 0x00, 0x00, 0x00, 0x00, 0x00, 0x00, 0x00, 0x00, 0x00, 0x00, 0x00, 0x00,
    0x00, 0x00, 0x4a, 0x59, 0x7a, 0xfd, 0x7a, 0xfd, 0x7a, 0xfd, 0x7a, 0xfd, 0x7a, 0xfd, 0x7a, 0xfd, 0x7a, 0xfd, 0x7a, 0xfd, 0x7a, 0xfd, 0x7a, 0xfd, 0x7a, 0xfd, 0x7a, 0xfd, 0x4a, 0x59, 0x7a, 0xfd,
    0x7a, 0xfd, 0x7a, 0xfd, 0x7a, 0xfd, 0x7a, 0xfd, 0x7a, 0xfd, 0x7a, 0xfd, 0x7a, 0xfd, 0x7a, 0xfd, 0x7a, 0xfd, 0x7a, 0xfd, 0x7a, 0xfd, 0x7a, 0xfd, 0x7a, 0xfd, 0x7a, 0xfd, 0x7a, 0xfd, 0x4a, 0x59,
    0x00, 0x00, 0x00, 0x00, 0x00, 0x00, 0x00, 0x00, 0x00, 0x00, 0x00, 0x00, 0x00, 0x00, 0x00, 0x00, 0x00, 0x00, 0x00, 0x00, 0x00, 0x00, 0x00, 0x00, 0x00, 0x00, 0x00, 0x00, 0x00, 0x00, 0x00, 0x00,
    0x00, 0x00, 0x00, 0x00, 0x00, 0x00, 0x00, 0x00, 0x00, 0x00, 0x00, 0x00, 0x00, 0x00, 0x00, 0x00, 0x00, 0x00, 0x00, 0x00, 0x00, 0x00, 0x00, 0x00, 0x00, 0x00, 0x00, 0x00, 0x00, 0x00, 0x00, 0x00,
    0x00, 0x00, 0x4a, 0x59, 0x7a, 0xfd, 0x7a, 0xfd, 0x7a, 0xfd, 0x7a, 0xfd, 0x7a, 0xfd, 0x7a, 0xfd, 0x7a, 0xfd, 0x7a, 0xfd, 0x7a, 0xfd, 0x7a, 0xfd, 0x7a, 0xfd, 0x7a, 0xfd, 0x4a, 0x59, 0x7a, 0xfd,
    0x7a, 0xfd, 0x7a, 0xfd, 0x7a, 0xfd, 0x7a, 0xfd, 0x7a, 0xfd, 0x7a, 0xfd, 0x7a, 0xfd, 0x7a, 0xfd, 0x7a, 0xfd, 0x7a, 0xfd, 0x7a, 0xfd, 0x7a, 0xfd, 0x7a, 0xfd, 0x7a, 0xfd, 0x7a, 0xfd, 0x4a, 0x59,
    0x00, 0x00, 0x00, 0x00, 0x00, 0x00, 0x00, 0x00, 0x00, 0x00, 0x00, 0x00, 0x00, 0x00, 0x00, 0x00, 0x00, 0x00, 0x00, 0x00, 0x00, 0x00, 0x00, 0x00, 0x00, 0x00, 0x00, 0x00, 0x00, 0x00, 0x00, 0x00,
    0x00, 0x00, 0x00, 0x00, 0x00, 0x00, 0x00, 0x00, 0x00, 0x00, 0x00, 0x00, 0x00, 0x00, 0x00, 0x00, 0x00, 0x00, 0x00, 0x00, 0x00, 0x00, 0x00, 0x00, 0x00, 0x00, 0x00, 0x00, 0x00, 0x00, 0x00, 0x00,
    0x4a, 0x59, 0x7a, 0xfd, 0x7a, 0xfd, 0x7a, 0xfd, 0x7a, 0xfd, 0x7a, 0xfd, 0x7a, 0xfd, 0x7a, 0xfd, 0x7a, 0xfd, 0x7a, 0xfd, 0x7a, 0xfd, 0x7a, 0xfd, 0x7a, 0xfd, 0x7a, 0xfd, 0x7a, 0xfd, 0x7a, 0xfd,
    0x7a, 0xfd, 0x7a, 0xfd, 0x7a, 0xfd, 0x7a, 0xfd, 0x7a, 0xfd, 0x7a, 0xfd, 0x7a, 0xfd, 0x7a, 0xfd, 0x7a, 0xfd, 0x7a, 0xfd, 0x7a, 0xfd, 0x7a, 0xfd, 0x7a, 0xfd, 0x7a, 0xfd, 0x7a, 0xfd, 0x7a, 0xfd,
    0x4a, 0x59, 0x00, 0x00, 0x00, 0x00, 0x00, 0x00, 0x00, 0x00, 0x00, 0x00, 0x00, 0x00, 0x00, 0x00, 0x00, 0x00, 0x00, 0x00, 0x00, 0x00, 0x00, 0x00, 0x00, 0x00, 0x00, 0x00, 0x00, 0x00, 0x00, 0x00,
    0x00, 0x00, 0x00, 0x00, 0x00, 0x00, 0x00, 0x00, 0x00, 0x00, 0x00, 0x00, 0x00, 0x00, 0x00, 0x00, 0x00, 0x00, 0x00, 0x00, 0x00, 0x00, 0x00, 0x00, 0x00, 0x00, 0x00, 0x00, 0x00, 0x00, 0x00, 0x00,
    0x4a, 0x59, 0x7a, 0xfd, 0x42, 0x08, 0x7a, 0xfd, 0x7a, 0xfd, 0x7a, 0xfd, 0x7a, 0xfd, 0x7a, 0xfd, 0x7a, 0xfd, 0x7a, 0xfd, 0x7a, 0xfd, 0x7a, 0xfd, 0x7a, 0xfd, 0x7a, 0xfd, 0x7a, 0xfd, 0x7a, 0xfd,
    0x7a, 0xfd, 0x7a, 0xfd, 0x7a, 0xfd, 0x7a, 0xfd, 0x7a, 0xfd, 0x7a, 0xfd, 0x7a, 0xfd, 0x7a, 0xfd, 0x7a, 0xfd, 0x7a, 0xfd, 0x7a, 0xfd, 0x7a, 0xfd, 0x7a, 0xfd, 0x7a, 0xfd, 0x42, 0x08, 0x7a, 0xfd,
    0x4a, 0x59, 0x00, 0x00, 0x00, 0x00, 0x00, 0x00, 0x00, 0x00, 0x00, 0x00, 0x00, 0x00, 0x00, 0x00, 0x00, 0x00, 0x00, 0x00, 0x00, 0x00, 0x00, 0x00, 0x00, 0x00, 0x00, 0x00, 0x00, 0x00, 0x00, 0x00,
    0x00, 0x00, 0x00, 0x00, 0x00, 0x00, 0x00, 0x00, 0x00, 0x00, 0x00, 0x00, 0x00, 0x00, 0x00, 0x00, 0x00, 0x00, 0x00, 0x00, 0x00, 0x00, 0x00, 0x00, 0x00, 0x00, 0x00, 0x00, 0x00, 0x00, 0x00, 0x00,
    0x4a, 0x59, 0x7a, 0xfd, 0x7a, 0xfd, 0x42, 0x08, 0x7a, 0xfd, 0x7a, 0xfd, 0x7a, 0xfd, 0x7a, 0xfd, 0x7a, 0xfd, 0x7a, 0xfd, 0x7a, 0xfd, 0x7a, 0xfd, 0x7a, 0xfd, 0x7a, 0xfd, 0x7a, 0xfd, 0x7a, 0xfd,
    0x7a, 0xfd, 0x7a, 0xfd, 0x7a, 0xfd, 0x7a, 0xfd, 0x7a, 0xfd, 0x7a, 0xfd, 0x7a, 0xfd, 0x7a, 0xfd, 0x7a, 0xfd, 0x7a, 0xfd, 0x7a, 0xfd, 0x7a, 0xfd, 0x7a, 0xfd, 0x42, 0x08, 0x7a, 0xfd, 0x7a, 0xfd,
    0x4a, 0x59, 0x00, 0x00, 0x00, 0x00, 0x00, 0x00, 0x00, 0x00, 0x00, 0x00, 0x00, 0x00, 0x00, 0x00, 0x00, 0x00, 0x00, 0x00, 0x00, 0x00, 0x00, 0x00, 0x00, 0x00, 0x00, 0x00, 0x00, 0x00, 0x00, 0x00,
    0x00, 0x00, 0x00, 0x00, 0x00, 0x00, 0x00, 0x00, 0x00, 0x00, 0x00, 0x00, 0x00, 0x00, 0x00, 0x00, 0x00, 0x00, 0x00, 0x00, 0x00, 0x00, 0x00, 0x00, 0x00, 0x00, 0x00, 0x00, 0x00, 0x00, 0x00, 0x00,
    0x4a, 0x59, 0x7a, 0xfd, 0x7a, 0xfd, 0x7a, 0xfd, 0x42, 0x08, 0x42, 0x08, 0x42, 0x08, 0x42, 0x08, 0x42, 0x08, 0x42, 0x08, 0x42, 0x08, 0x42, 0x08, 0x42, 0x08, 0x7a, 0xfd, 0x7a, 0xfd, 0x7a, 0xfd,
    0x7a, 0xfd, 0x7a, 0xfd, 0x7a, 0xfd, 0x7a, 0xfd, 0x42, 0x08, 0x42, 0x08, 0x42, 0x08, 0x42, 0x08, 0x42, 0x08, 0x42, 0x08, 0x42, 0x08, 0x42, 0x08, 0x42, 0x08, 0x7a, 0xfd, 0x7a, 0xfd, 0x7a, 0xfd,
    0x4a, 0x59, 0x00, 0x00, 0x00, 0x00, 0x00, 0x00, 0x00, 0x00, 0x00, 0x00, 0x00, 0x00, 0x00, 0x00, 0x00, 0x00, 0x00, 0x00, 0x00, 0x00, 0x00, 0x00, 0x00, 0x00, 0x00, 0x00, 0x00, 0x00, 0x00, 0x00,
    0x00, 0x00, 0x00, 0x00, 0x00, 0x00, 0x00, 0x00, 0x00, 0x00, 0x00, 0x00, 0x00, 0x00, 0x00, 0x00, 0x00, 0x00, 0x00, 0x00, 0x00, 0x00, 0x00, 0x00, 0x00, 0x00, 0x00, 0x00, 0x00, 0x00, 0x00, 0x00,
    0x4a, 0x59, 0x7a, 0xfd, 0x7a, 0xfd, 0x7a, 0xfd, 0x42, 0x08, 0x42, 0x08, 0x42, 0x08, 0x42, 0x08, 0x42, 0x08, 0x42, 0x08, 0x42, 0x08, 0x42, 0x08, 0x42, 0x08, 0x7a, 0xfd, 0x7a, 0xfd, 0x7a, 0xfd,
    0x7a, 0xfd, 0x7a, 0xfd, 0x7a, 0xfd, 0x7a, 0xfd, 0x42, 0x08, 0x42, 0x08, 0x42, 0x08, 0x42, 0x08, 0x42, 0x08, 0x42, 0x08, 0x42, 0x08, 0x42, 0x08, 0x42, 0x08, 0x7a, 0xfd, 0x7a, 0xfd, 0x7a, 0xfd,
    0x4a, 0x59, 0x00, 0x00, 0x00, 0x00, 0x00, 0x00, 0x00, 0x00, 0x00, 0x00, 0x00, 0x00, 0x00, 0x00, 0x00, 0x00, 0x00, 0x00, 0x00, 0x00, 0x00, 0x00, 0x00, 0x00, 0x00, 0x00, 0x00, 0x00, 0x00, 0x00,
    0x00, 0x00, 0x00, 0x00, 0x00, 0x00, 0x00, 0x00, 0x00, 0x00, 0x00, 0x00, 0x00, 0x00, 0x00, 0x00, 0x00, 0x00, 0x00, 0x00, 0x00, 0x00, 0x00, 0x00, 0x00, 0x00, 0x00, 0x00, 0x00, 0x00, 0x00, 0x00,
    0x4a, 0x59, 0x7a, 0xfd, 0x7a, 0xfd, 0x7a, 0xfd, 0x7a, 0xfd, 0x7a, 0xfd, 0x7a, 0xfd, 0x7a, 0xfd, 0x7a, 0xfd, 0x7a, 0xfd, 0x7a, 0xfd, 0x7a, 0xfd, 0x7a, 0xfd, 0x7a, 0xfd, 0x7a, 0xfd, 0x7a, 0xfd,
    0x7a, 0xfd, 0x7a, 0xfd, 0x7a, 0xfd, 0x7a, 0xfd, 0x7a, 0xfd, 0x7a, 0xfd, 0x15, 0xd4, 0x15, 0xd4, 0x15, 0xd4, 0x15, 0xd4, 0x15, 0xd4, 0x7a, 0xfd, 0x7a, 0xfd, 0x7a, 0xfd, 0x7a, 0xfd, 0x7a, 0xfd,
    0x4a, 0x59, 0x00, 0x00, 0x00, 0x00, 0x00, 0x00, 0x00, 0x00, 0x00, 0x00, 0x00, 0x00, 0x00, 0x00, 0x00, 0x00, 0x00, 0x00, 0x00, 0x00, 0x00, 0x00, 0x00, 0x00, 0x00, 0x00, 0x00, 0x00, 0x00, 0x00,
    0x00, 0x00, 0x00, 0x00, 0x00, 0x00, 0x00, 0x00, 0x00, 0x00, 0x00, 0x00, 0x00, 0x00, 0x00, 0x00, 0x00, 0x00, 0x00, 0x00, 0x00, 0x00, 0x00, 0x00, 0x00, 0x00, 0x00, 0x00, 0x00, 0x00, 0x00, 0x00,
    0x4a, 0x59, 0x7a, 0xfd, 0x7a, 0xfd, 0x7a, 0xfd, 0x7a, 0xfd, 0x7a, 0xfd, 0x7a, 0xfd, 0x7a, 0xfd, 0x7a, 0xfd, 0x7a, 0xfd, 0x7a, 0xfd, 0x7a, 0xfd, 0x7a, 0xfd, 0x7a, 0xfd, 0x7a, 0xfd, 0x7a, 0xfd,
    0x7a, 0xfd, 0x7a, 0xfd, 0x7a, 0xfd, 0x7a, 0xfd, 0x15, 0xd4, 0x15, 0xd4, 0x15, 0xd4, 0x15, 0xd4, 0x15, 0xd4, 0x15, 0xd4, 0x15, 0xd4, 0x15, 0xd4, 0x15, 0xd4, 0x7a, 0xfd, 0x7a, 0xfd, 0x7a, 0xfd,
    0x4a, 0x59, 0x00, 0x00, 0x00, 0x00, 0x00, 0x00, 0x00, 0x00, 0x00, 0x00, 0x00, 0x00, 0x00, 0x00, 0x00, 0x00, 0x00, 0x00, 0x00, 0x00, 0x00, 0x00, 0x00, 0x00, 0x00, 0x00, 0x00, 0x00, 0x00, 0x00,
    0x00, 0x00, 0x00, 0x00, 0x00, 0x00, 0x00, 0x00, 0x00, 0x00, 0x00, 0x00, 0x00, 0x00, 0x00, 0x00, 0x00, 0x00, 0x00, 0x00, 0x00, 0x00, 0x00, 0x00, 0x00, 0x00, 0x00, 0x00, 0x00, 0x00, 0x00, 0x00,
    0x00, 0x00, 0x4a, 0x59, 0x7a, 0xfd, 0x74, 0xfb, 0x74, 0xfb, 0x7a, 0xfd, 0x7a, 0xfd, 0x7a, 0xfd, 0x7a, 0xfd, 0x7a, 0xfd, 0x7a, 0xfd, 0x7a, 0xfd, 0x7a, 0xfd, 0x7a, 0xfd, 0x7a, 0xfd, 0x7a, 0xfd,
    0x7a, 0xfd, 0x7a, 0xfd, 0x7a, 0xfd, 0x15, 0xd4, 0x15, 0xd4, 0x15, 0xd4, 0x15, 0xd4, 0x15, 0xd4, 0x15, 0xd4, 0x15, 0xd4, 0x15, 0xd4, 0x15, 0xd4, 0x74, 0xfb, 0x74, 0xfb, 0x7a, 0xfd, 0x4a, 0x59,
    0x00, 0x00, 0x00, 0x00, 0x00, 0x00, 0x00, 0x00, 0x00, 0x00, 0x00, 0x00, 0x00, 0x00, 0x00, 0x00, 0x00, 0x00, 0x00, 0x00, 0x00, 0x00, 0x00, 0x00, 0x00, 0x00, 0x00, 0x00, 0x00, 0x00, 0x00, 0x00,
    0x00, 0x00, 0x00, 0x00, 0x00, 0x00, 0x00, 0x00, 0x00, 0x00, 0x00, 0x00, 0x00, 0x00, 0x00, 0x00, 0x00, 0x00, 0x00, 0x00, 0x00, 0x00, 0x00, 0x00, 0x00, 0x00, 0x00, 0x00, 0x00, 0x00, 0x00, 0x00,
    0x00, 0x00, 0x4a, 0x59, 0x74, 0xfb, 0x74, 0xfb, 0x74, 0xfb, 0x74, 0xfb, 0x7a, 0xfd, 0x7a, 0xfd, 0x7a, 0xfd, 0x7a, 0xfd, 0x7a, 0xfd, 0x7a, 0xfd, 0x7a, 0xfd, 0x7a, 0xfd, 0x7a, 0xfd, 0x7a, 0xfd,
    0x7a, 0xfd, 0x7a, 0xfd, 0x7a, 0xfd, 0x15, 0xd4, 0x15, 0xd4, 0x15, 0xd4, 0x15, 0xd4, 0x15, 0xd4, 0x15, 0xd4, 0x15, 0xd4, 0x15, 0xd4, 0x74, 0xfb, 0x74, 0xfb, 0x74, 0xfb, 0x74, 0xfb, 0x4a, 0x59,
    0x00, 0x00, 0x00, 0x00, 0x00, 0x00, 0x00, 0x00, 0x00, 0x00, 0x00, 0x00, 0x00, 0x00, 0x00, 0x00, 0x00, 0x00, 0x00, 0x00, 0x00, 0x00, 0x00, 0x00, 0x00, 0x00, 0x00, 0x00, 0x00, 0x00, 0x00, 0x00,
    0x00, 0x00, 0x00, 0x00, 0x00, 0x00, 0x00, 0x00, 0x00, 0x00, 0x00, 0x00, 0x00, 0x00, 0x00, 0x00, 0x00, 0x00, 0x00, 0x00, 0x00, 0x00, 0x00, 0x00, 0x00, 0x00, 0x00, 0x00, 0x00, 0x00, 0x00, 0x00,
    0x00, 0x00, 0x00, 0x00, 0x74, 0xfb, 0x74, 0xfb, 0x74, 0xfb, 0x74, 0xfb, 0x7a, 0xfd, 0x7a, 0xfd, 0x7a, 0xfd, 0x7a, 0xfd, 0x7a, 0xfd, 0x7a, 0xfd, 0x7a, 0xfd, 0x7a, 0xfd, 0x7a, 0xfd, 0x7a, 0xfd,
    0x7a, 0xfd, 0x7a, 0xfd, 0x15, 0xd4, 0x15, 0xd4, 0x15, 0xd4, 0x15, 0xd4, 0x15, 0xd4, 0x15, 0xd4, 0x15, 0xd4, 0x15, 0xd4, 0x15, 0xd4, 0x74, 0xfb, 0x74, 0xfb, 0x74, 0xfb, 0x74, 0xfb, 0x00, 0x00,
    0x00, 0x00, 0x00, 0x00, 0x00, 0x00, 0x00, 0x00, 0x00, 0x00, 0x00, 0x00, 0x00, 0x00, 0x00, 0x00, 0x00, 0x00, 0x00, 0x00, 0x00, 0x00, 0x00, 0x00, 0x00, 0x00, 0x00, 0x00, 0x00, 0x00, 0x00, 0x00,
    0x00, 0x00, 0x00, 0x00, 0x00, 0x00, 0x00, 0x00, 0x00, 0x00, 0x00, 0x00, 0x00, 0x00, 0x00, 0x00, 0x00, 0x00, 0x00, 0x00, 0x00, 0x00, 0x00, 0x00, 0x00, 0x00, 0x00, 0x00, 0x00, 0x00, 0x00, 0x00,
    0x00, 0x00, 0x00, 0x00, 0x4a, 0x59, 0x74, 0xfb, 0x74, 0xfb, 0x7a, 0xfd, 0x7a, 0xfd, 0x7a, 0xfd, 0x7a, 0xfd, 0x7a, 0xfd, 0x7a, 0xfd, 0x7a, 0xfd, 0x7a, 0xfd, 0x7a, 0xfd, 0x7a, 0xfd, 0x7a, 0xfd,
    0x7a, 0xfd, 0x7a, 0xfd, 0x15, 0xd4, 0x15, 0xd4, 0x15, 0xd4, 0x15, 0xd4, 0x15, 0xd4, 0x15, 0xd4, 0x15, 0xd4, 0x15, 0xd4, 0x15, 0xd4, 0x15, 0xd4, 0x74, 0xfb, 0x74, 0xfb, 0x4a, 0x59, 0x00, 0x00,
    0x00, 0x00, 0x00, 0x00, 0x00, 0x00, 0x00, 0x00, 0x00, 0x00, 0x00, 0x00, 0x00, 0x00, 0x00, 0x00, 0x00, 0x00, 0x00, 0x00, 0x00, 0x00, 0x00, 0x00, 0x00, 0x00, 0x00, 0x00, 0x00, 0x00, 0x00, 0x00,
    0x00, 0x00, 0x00, 0x00, 0x00, 0x00, 0x00, 0x00, 0x00, 0x00, 0x00, 0x00, 0x00, 0x00, 0x00, 0x00, 0x00, 0x00, 0x00, 0x00, 0x00, 0x00, 0x00, 0x00, 0x00, 0x00, 0x00, 0x00, 0x00, 0x00, 0x00, 0x00,
    0x00, 0x00, 0x00, 0x00, 0x00, 0x00, 0x4a, 0x59, 0x7a, 0xfd, 0x7a, 0xfd, 0x7a, 0xfd, 0x7a, 0xfd, 0x7a, 0xfd, 0x7a, 0xfd, 0x7a, 0xfd, 0x7a, 0xfd, 0x4a, 0x59, 0x7a, 0xfd, 0x7a, 0xfd, 0x7a, 0xfd,
    0x7a, 0xfd, 0x7a, 0xfd, 0x15, 0xd4, 0x15, 0xd4, 0x4a, 0x59, 0x15, 0xd4, 0x15, 0xd4, 0x15, 0xd4, 0x15, 0xd4, 0x15, 0xd4, 0x15, 0xd4, 0x15, 0xd4, 0x15, 0xd4, 0x4a, 0x59, 0x15, 0xd4, 0x00, 0x00,
    0x00, 0x00, 0x00, 0x00, 0x00, 0x00, 0x00, 0x00, 0x00, 0x00, 0x00, 0x00, 0x00, 0x00, 0x00, 0x00, 0x00, 0x00, 0x00, 0x00, 0x00, 0x00, 0x00, 0x00, 0x00, 0x00, 0x00, 0x00, 0x00, 0x00, 0x00, 0x00,
    0x00, 0x00, 0x00, 0x00, 0x00, 0x00, 0x00, 0x00, 0x00, 0x00, 0x00, 0x00, 0x00, 0x00, 0x00, 0x00, 0x00, 0x00, 0x00, 0x00, 0x00, 0x00, 0x00, 0x00, 0x00, 0x00, 0x00, 0x00, 0x00, 0x00, 0x00, 0x00,
    0x00, 0x00, 0x00, 0x00, 0x00, 0x00, 0x00, 0x00, 0x4a, 0x59, 0x7a, 0xfd, 0x7a, 0xfd, 0x7a, 0xfd, 0x7a, 0xfd, 0x7a, 0xfd, 0x7a, 0xfd, 0x7a, 0xfd, 0x7a, 0xfd, 0x4a, 0x59, 0x7a, 0xfd, 0x7a, 0xfd,
    0x7a, 0xfd, 0x7a, 0xfd, 0x7a, 0xfd, 0x4a, 0x59, 0x15, 0xd4, 0x15, 0xd4, 0x15, 0xd4, 0x15, 0xd4, 0x15, 0xd4, 0x15, 0xd4, 0x15, 0xd4, 0x15, 0xd4, 0x4a, 0x59, 0x15, 0xd4, 0x00, 0x00, 0x00, 0x00,
    0x00, 0x00, 0x00, 0x00, 0x00, 0x00, 0x00, 0x00, 0x00, 0x00, 0x00, 0x00, 0x00, 0x00, 0x00, 0x00, 0x00, 0x00, 0x00, 0x00, 0x00, 0x00, 0x00, 0x00, 0x00, 0x00, 0x00, 0x00, 0x00, 0x00, 0x00, 0x00,
    0x00, 0x00, 0x00, 0x00, 0x00, 0x00, 0x00, 0x00, 0x00, 0x00, 0x00, 0x00, 0x00, 0x00, 0x00, 0x00, 0x00, 0x00, 0x00, 0x00, 0x00, 0x00, 0x00, 0x00, 0x00, 0x00, 0x00, 0x00, 0x00, 0x00, 0x00, 0x00,
    0x00, 0x00, 0x00, 0x00, 0x00, 0x00, 0x00, 0x00, 0x00, 0x00, 0x4a, 0x59, 0x7a, 0xfd, 0x7a, 0xfd, 0x7a, 0xfd, 0x7a, 0xfd, 0x7a, 0xfd, 0x7a, 0xfd, 0x7a, 0xfd, 0x7a, 0xfd, 0x4a, 0x59, 0x4a, 0x59,
    0x4a, 0x59, 0x4a, 0x59, 0x4a, 0x59, 0x15, 0xd4, 0x15, 0xd4, 0x15, 0xd4, 0x15, 0xd4, 0x15, 0xd4, 0x15, 0xd4, 0x15, 0xd4, 0x15, 0xd4, 0x4a, 0x59, 0x15, 0xd4, 0x15, 0xd4, 0x00, 0x00, 0x00, 0x00,
    0x00, 0x00, 0x00, 0x00, 0x00, 0x00, 0x00, 0x00, 0x00, 0x00, 0x00, 0x00, 0x00, 0x00, 0x00, 0x00, 0x00, 0x00, 0x00, 0x00, 0x00, 0x00, 0x00, 0x00, 0x00, 0x00, 0x00, 0x00, 0x00, 0x00, 0x00, 0x00,
    0x00, 0x00, 0x00, 0x00, 0x00, 0x00, 0x00, 0x00, 0x00, 0x00, 0x00, 0x00, 0x00, 0x00, 0x00, 0x00, 0x00, 0x00, 0x00, 0x00, 0x00, 0x00, 0x00, 0x00, 0x00, 0x00, 0x00, 0x00, 0x00, 0x00, 0x00, 0x00,
    0x00, 0x00, 0x00, 0x00, 0x00, 0x00, 0x00, 0x00, 0x00, 0x00, 0x00, 0x00, 0x4a, 0x59, 0x7a, 0xfd, 0x7a, 0xfd, 0x7a, 0xfd, 0x7a, 0xfd, 0x7a, 0xfd, 0x7a, 0xfd, 0x7a, 0xfd, 0x7a, 0xfd, 0x7a, 0xfd,
    0x7a, 0xfd, 0x7a, 0xfd, 0x7a, 0xfd, 0x7a, 0xfd, 0x15, 0xd4, 0x15, 0xd4, 0x15, 0xd4, 0x15, 0xd4, 0x15, 0xd4, 0x15, 0xd4, 0x4a, 0x59, 0x15, 0xd4, 0x15, 0xd4, 0x00, 0x00, 0x00, 0x00, 0x00, 0x00,
    0x00, 0x00, 0x00, 0x00, 0x00, 0x00, 0x00, 0x00, 0x00, 0x00, 0x00, 0x00, 0x00, 0x00, 0x00, 0x00, 0x00, 0x00, 0x00, 0x00, 0x00, 0x00, 0x00, 0x00, 0x00, 0x00, 0x00, 0x00, 0x00, 0x00, 0x00, 0x00,
    0x00, 0x00, 0x00, 0x00, 0x00, 0x00, 0x00, 0x00, 0x00, 0x00, 0x00, 0x00, 0x00, 0x00, 0x00, 0x00, 0x00, 0x00, 0x00, 0x00, 0x00, 0x00, 0x00, 0x00, 0x00, 0x00, 0x00, 0x00, 0x00, 0x00, 0x00, 0x00,
    0x00, 0x00, 0x00, 0x00, 0x00, 0x00, 0x00, 0x00, 0x4a, 0x59, 0x4a, 0x59, 0x4a, 0x59, 0x4a, 0x59, 0x4a, 0x59, 0x7a, 0xfd, 0x7a, 0xfd, 0x7a, 0xfd, 0x7a, 0xfd, 0x7a, 0xfd, 0x7a, 0xfd, 0x7a, 0xfd,
    0x7a, 0xfd, 0x7a, 0xfd, 0x7a, 0xfd, 0x7a, 0xfd, 0x7a, 0xfd, 0x7a, 0xfd, 0x15, 0xd4, 0x15, 0xd4, 0x4a, 0x59, 0x4a, 0x59, 0x15, 0xd4, 0x4a, 0x59, 0x4a, 0x59, 0x00, 0x00, 0x00, 0x00, 0x00, 0x00,
    0x00, 0x00, 0x00, 0x00, 0x00, 0x00, 0x00, 0x00, 0x00, 0x00, 0x00, 0x00, 0x00, 0x00, 0x00, 0x00, 0x00, 0x00, 0x00, 0x00, 0x00, 0x00, 0x00, 0x00, 0x00, 0x00, 0x00, 0x00, 0x00, 0x00, 0x00, 0x00,
    0x00, 0x00, 0x00, 0x00, 0x00, 0x00, 0x00, 0x00, 0x00, 0x00, 0x00, 0x00, 0x00, 0x00, 0x00, 0x00, 0x00, 0x00, 0x00, 0x00, 0x00, 0x00, 0x00, 0x00, 0x00, 0x00, 0x00, 0x00, 0x00, 0x00, 0x00, 0x00,
    0x00, 0x00, 0x00, 0x00, 0x00, 0x00, 0x4a, 0x59, 0x1b, 0x6d, 0x1b, 0x6d, 0x1b, 0x6d, 0x1b, 0x6d, 0x1b, 0x6d, 0x4a, 0x59, 0x4a, 0x59, 0x4a, 0x59, 0x7a, 0xfd, 0x7a, 0xfd, 0x7a, 0xfd, 0x7a, 0xfd,
    0x7a, 0xfd, 0x7a, 0xfd, 0x7a, 0xfd, 0x7a, 0xfd, 0x7a, 0xfd, 0x4a, 0x59, 0x4a, 0x59, 0x4a, 0x59, 0x1b, 0x6d, 0x1b, 0x6d, 0x1b, 0x6d, 0x1b, 0x6d, 0x1b, 0x6d, 0x4a, 0x59, 0x00, 0x00, 0x00, 0x00,
    0x00, 0x00, 0x00, 0x00, 0x00, 0x00, 0x00, 0x00, 0x00, 0x00, 0x00, 0x00, 0x00, 0x00, 0x00, 0x00, 0x00, 0x00, 0x00, 0x00, 0x00, 0x00, 0x00, 0x00, 0x00, 0x00, 0x00, 0x00, 0x00, 0x00, 0x00, 0x00,
    0x00, 0x00, 0x00, 0x00, 0x00, 0x00, 0x00, 0x00, 0x00, 0x00, 0x00, 0x00, 0x00, 0x00, 0x00, 0x00, 0x00, 0x00, 0x00, 0x00, 0x00, 0x00, 0x00, 0x00, 0x00, 0x00, 0x00, 0x00, 0x00, 0x00, 0x00, 0x00,
    0x00, 0x00, 0x00, 0x00, 0x00, 0x00, 0x4a, 0x59, 0x1b, 0x6d, 0x1b, 0x6d, 0x1b, 0x6d, 0x1b, 0x6d, 0x1b, 0x6d, 0x1b, 0x6d, 0x5e, 0xa6, 0x1b, 0x6d, 0x4a, 0x59, 0x4a, 0x59, 0x4a, 0x59, 0x4a, 0x59,
    0x4a, 0x59, 0x4a, 0x59, 0x4a, 0x59, 0x4a, 0x59, 0x4a, 0x59, 0x1b, 0x6d, 0x5e, 0xa6, 0x1b, 0x6d, 0x1b, 0x6d, 0x1b, 0x6d, 0x1b, 0x6d, 0x1b, 0x6d, 0x1b, 0x6d, 0x4a, 0x59, 0x00, 0x00, 0x00, 0x00,
    0x00, 0x00, 0x00, 0x00, 0x00, 0x00, 0x00, 0x00, 0x00, 0x00, 0x00, 0x00, 0x00, 0x00, 0x00, 0x00, 0x00, 0x00, 0x00, 0x00, 0x00, 0x00, 0x00, 0x00, 0x00, 0x00, 0x00, 0x00, 0x00, 0x00, 0x00, 0x00,
    0x00, 0x00, 0x00, 0x00, 0x00, 0x00, 0x00, 0x00, 0x00, 0x00, 0x00, 0x00, 0x00, 0x00, 0x00, 0x00, 0x00, 0x00, 0x00, 0x00, 0x00, 0x00, 0x00, 0x00, 0x00, 0x00, 0x00, 0x00, 0x00, 0x00, 0x00, 0x00,
    0x00, 0x00, 0x00, 0x00, 0x4a, 0x59, 0x1b, 0x6d, 0x1b, 0x6d, 0x1b, 0x6d, 0x1b, 0x6d, 0x1b, 0x6d, 0x1b, 0x6d, 0x5e, 0xa6, 0x1b, 0x6d, 0x1b, 0x6d, 0x1b, 0x6d, 0x1b, 0x6d, 0x1b, 0x6d, 0x1b, 0x6d,
    0x5e, 0xa6, 0x1b, 0x6d, 0x1b, 0x6d, 0x1b, 0x6d, 0x1b, 0x6d, 0x1b, 0x6d, 0x1b, 0x6d, 0x5e, 0xa6, 0x1b, 0x6d, 0x1b, 0x6d, 0x1b, 0x6d, 0x1b, 0x6d, 0x1b, 0x6d, 0x1b, 0x6d, 0x4a, 0x59, 0x00, 0x00,
    0x00, 0x00, 0x00, 0x00, 0x00, 0x00, 0x00, 0x00, 0x00, 0x00, 0x00, 0x00, 0x00, 0x00, 0x00, 0x00, 0x00, 0x00, 0x00, 0x00, 0x00, 0x00, 0x00, 0x00, 0x00, 0x00, 0x00, 0x00, 0x00, 0x00, 0x00, 0x00,
    0x00, 0x00, 0x00, 0x00, 0x00, 0x00, 0x00, 0x00, 0x00, 0x00, 0x00, 0x00, 0x00, 0x00, 0x00, 0x00, 0x00, 0x00, 0x00, 0x00, 0x00, 0x00, 0x00, 0x00, 0x00, 0x00, 0x00, 0x00, 0x00, 0x00, 0x00, 0x00,
    0x00, 0x00, 0x00, 0x00, 0x4a, 0x59, 0x1b, 0x6d, 0x1b, 0x6d, 0x1b, 0x6d, 0x1b, 0x6d, 0x1b, 0x6d, 0x1b, 0x6d, 0x5e, 0xa6, 0x1b, 0x6d, 0x1b, 0x6d, 0x1b, 0x6d, 0x1b, 0x6d, 0x1b, 0x6d, 0x1b, 0x6d,
    0x5e, 0xa6, 0x1b, 0x6d, 0x1b, 0x6d, 0x1b, 0x6d, 0x1b, 0x6d, 0x1b, 0x6d, 0x1b, 0x6d, 0x5e, 0xa6, 0x1b, 0x6d, 0x1b, 0x6d, 0x1b, 0x6d, 0x1b, 0x6d, 0x1b, 0x6d, 0x1b, 0x6d, 0x4a, 0x59, 0x00, 0x00,
    0x00, 0x00, 0x00, 0x00, 0x00, 0x00, 0x00, 0x00, 0x00, 0x00, 0x00, 0x00, 0x00, 0x00, 0x00, 0x00, 0x00, 0x00, 0x00, 0x00, 0x00, 0x00, 0x00, 0x00, 0x00, 0x00, 0x00, 0x00, 0x00, 0x00, 0x00, 0x00,
    0x00, 0x00, 0x00, 0x00, 0x00, 0x00, 0x00, 0x00, 0x00, 0x00, 0x00, 0x00, 0x00, 0x00, 0x00, 0x00, 0x00, 0x00, 0x00, 0x00, 0x00, 0x00, 0x00, 0x00, 0x00, 0x00, 0x00, 0x00, 0x00, 0x00, 0x00, 0x00,
    0x00, 0x00, 0x4a, 0x59, 0x1b, 0x6d, 0x1b, 0x6d, 0x1b, 0x6d, 0x1b, 0x6d, 0x1b, 0x6d, 0x1b, 0x6d, 0x5e, 0xa6, 0x1b, 0x6d, 0x1b, 0x6d, 0x1b, 0x6d, 0x1b, 0x6d, 0x1b, 0x6d, 0x1b, 0x6d, 0x1b, 0x6d,
    0x5e, 0xa6, 0x1b, 0x6d, 0x1b, 0x6d, 0x1b, 0x6d, 0x1b, 0x6d, 0x1b, 0x6d, 0x1b, 0x6d, 0x1b, 0x6d, 0x5e, 0xa6, 0x1b, 0x6d, 0x1b, 0x6d, 0x1b, 0x6d, 0x1b, 0x6d, 0x1b, 0x6d, 0x1b, 0x6d, 0x4a, 0x59,
    0x00, 0x00, 0x00, 0x00, 0x00, 0x00, 0x00, 0x00, 0x00, 0x00, 0x00, 0x00, 0x00, 0x00, 0x00, 0x00, 0x00, 0x00, 0x00, 0x00, 0x00, 0x00, 0x00, 0x00, 0x00, 0x00, 0x00, 0x00, 0x00, 0x00, 0x00, 0x00,
    0x00, 0x00, 0x00, 0x00, 0x00, 0x00, 0x00, 0x00, 0x00, 0x00, 0x00, 0x00, 0x00, 0x00, 0x00, 0x00, 0x00, 0x00, 0x00, 0x00, 0x00, 0x00, 0x00, 0x00, 0x00, 0x00, 0x00, 0x00, 0x00, 0x00, 0x00, 0x00,
    0x00, 0x00, 0x4a, 0x59, 0x1b, 0x6d, 0x1b, 0x6d, 0x1b, 0x6d, 0x1b, 0x6d, 0x1b, 0x6d, 0x1b, 0x6d, 0x5e, 0xa6, 0x1b, 0x6d, 0x1b, 0x6d, 0x1b, 0x6d, 0x1b, 0x6d, 0x1b, 0x6d, 0x1b, 0x6d, 0x1b, 0x6d,
    0x5e, 0xa6, 0x1b, 0x6d, 0x1b, 0x6d, 0x1b, 0x6d, 0x1b, 0x6d, 0x1b, 0x6d, 0x1b, 0x6d, 0x1b, 0x6d, 0x5e, 0xa6, 0x1b, 0x6d, 0x1b, 0x6d, 0x1b, 0x6d, 0x1b, 0x6d, 0x1b, 0x6d, 0x1b, 0x6d, 0x4a, 0x59,
    0x00, 0x00, 0x00, 0x00, 0x00, 0x00, 0x00, 0x00, 0x00, 0x00, 0x00, 0x00, 0x00, 0x00, 0x00, 0x00, 0x00, 0x00, 0x00, 0x00, 0x00, 0x00, 0x00, 0x00, 0x00, 0x00, 0x00, 0x00, 0x00, 0x00, 0x00, 0x00,
    0x00, 0x00, 0x00, 0x00, 0x00, 0x00, 0x00, 0x00, 0x00, 0x00, 0x00, 0x00, 0x00, 0x00, 0x00, 0x00, 0x00, 0x00, 0x00, 0x00, 0x00, 0x00, 0x00, 0x00, 0x00, 0x00, 0x00, 0x00, 0x00, 0x00, 0x00, 0x00,
    0x4a, 0x59, 0x1b, 0x6d, 0x1b, 0x6d, 0x1b, 0x6d, 0x1b, 0x6d, 0x1b, 0x6d, 0x1b, 0x6d, 0x5e, 0xa6, 0x1b, 0x6d, 0x1b, 0x6d, 0x1b, 0x6d, 0x1b, 0x6d, 0x1b, 0x6d, 0x1b, 0x6d, 0x1b, 0x6d, 0x1b, 0x6d,
    0x5e, 0xa6, 0x1b, 0x6d, 0x1b, 0x6d, 0x1b, 0x6d, 0x1b, 0x6d, 0x1b, 0x6d, 0x1b, 0x6d, 0x1b, 0x6d, 0x1b, 0x6d, 0x5e, 0xa6, 0x1b, 0x6d, 0x1b, 0x6d, 0x1b, 0x6d, 0x1b, 0x6d, 0x1b, 0x6d, 0x1b, 0x6d,
    0x4a, 0x59, 0x00, 0x00, 0x00, 0x00, 0x00, 0x00, 0x00, 0x00, 0x00, 0x00, 0x00, 0x00, 0x00, 0x00, 0x00, 0x00, 0x00, 0x00, 0x00, 0x00, 0x00, 0x00, 0x00, 0x00, 0x00, 0x00, 0x00, 0x00, 0x00, 0x00,
    0x00, 0x00, 0x00, 0x00, 0x00, 0x00, 0x00, 0x00, 0x00, 0x00, 0x00, 0x00, 0x00, 0x00, 0x00, 0x00, 0x00, 0x00, 0x00, 0x00, 0x00, 0x00, 0x00, 0x00, 0x00, 0x00, 0x00, 0x00, 0x00, 0x00, 0x00, 0x00,
    0x4a, 0x59, 0x1b, 0x6d, 0x1b, 0x6d, 0x1b, 0x6d, 0x1b, 0x6d, 0x1b, 0x6d, 0x1b, 0x6d, 0x5e, 0xa6, 0x1b, 0x6d, 0x1b, 0x6d, 0x1b, 0x6d, 0x1b, 0x6d, 0x1b, 0x6d, 0x1b, 0x6d, 0x1b, 0x6d, 0x1b, 0x6d,
    0x5e, 0xa6, 0x1b, 0x6d, 0x1b, 0x6d, 0x1b, 0x6d, 0x1b, 0x6d, 0x1b, 0x6d, 0x1b, 0x6d, 0x1b, 0x6d, 0x1b, 0x6d, 0x5e, 0xa6, 0x1b, 0x6d, 0x1b, 0x6d, 0x1b, 0x6d, 0x1b, 0x6d, 0x1b, 0x6d, 0x1b, 0x6d,
    0x4a, 0x59, 0x00, 0x00, 0x00, 0x00, 0x00, 0x00, 0x00, 0x00, 0x00, 0x00, 0x00, 0x00, 0x00, 0x00, 0x00, 0x00, 0x00, 0x00, 0x00, 0x00, 0x00, 0x00, 0x00, 0x00, 0x00, 0x00, 0x00, 0x00, 0x00, 0x00,
    0x00, 0x00, 0x00, 0x00, 0x00, 0x00, 0x00, 0x00, 0x00, 0x00, 0x00, 0x00, 0x00, 0x00, 0x00, 0x00, 0x00, 0x00, 0x00, 0x00, 0x00, 0x00, 0x00, 0x00, 0x00, 0x00, 0x00, 0x00, 0x00, 0x00, 0x4a, 0x59,
    0x1b, 0x6d, 0x1b, 0x6d, 0x1b, 0x6d, 0x1b, 0x6d, 0x1b, 0x6d, 0x1b, 0x6d, 0x5e, 0xa6, 0x1b, 0x6d, 0x1b, 0x6d, 0x1b, 0x6d, 0x1b, 0x6d, 0x1b, 0x6d, 0x1b, 0x6d, 0x1b, 0x6d, 0x1b, 0x6d, 0x1b, 0x6d,
    0x5e, 0xa6, 0x1b, 0x6d, 0x1b, 0x6d, 0x1b, 0x6d, 0x1b, 0x6d, 0x1b, 0x6d, 0x1b, 0x6d, 0x1b, 0x6d, 0x1b, 0x6d, 0x1b, 0x6d, 0x5e, 0xa6, 0x1b, 0x6d, 0x1b, 0x6d, 0x1b, 0x6d, 0x1b, 0x6d, 0x1b, 0x6d,
    0x1b, 0x6d, 0x4a, 0x59, 0x00, 0x00, 0x00, 0x00, 0x00, 0x00, 0x00, 0x00, 0x00, 0x00, 0x00, 0x00, 0x00, 0x00, 0x00, 0x00, 0x00, 0x00, 0x00, 0x00, 0x00, 0x00, 0x00, 0x00, 0x00, 0x00, 0x00, 0x00,
    0x00, 0x00, 0x00, 0x00, 0x00, 0x00, 0x00, 0x00, 0x00, 0x00, 0x00, 0x00, 0x00, 0x00, 0x00, 0x00, 0x00, 0x00, 0x00, 0x00, 0x00, 0x00, 0x00, 0x00, 0x00, 0x00, 0x00, 0x00, 0x4a, 0x59, 0x1b, 0x6d,
    0x1b, 0x6d, 0x1b, 0x6d, 0x1b, 0x6d, 0x1b, 0x6d, 0x1b, 0x6d, 0x1b, 0x6d, 0x5e, 0xa6, 0x1b, 0x6d, 0x1b, 0x6d, 0x1b, 0x6d, 0x1b, 0x6d, 0x1b, 0x6d, 0x1b, 0x6d, 0x1b, 0x6d, 0x1b, 0x6d, 0x1b, 0x6d,
    0x5e, 0xa6, 0x1b, 0x6d, 0x1b, 0x6d, 0x1b, 0x6d, 0x1b, 0x6d, 0x1b, 0x6d, 0x1b, 0x6d, 0x1b, 0x6d, 0x1b, 0x6d, 0x1b, 0x6d, 0x5e, 0xa6, 0x1b, 0x6d, 0x1b, 0x6d, 0x1b, 0x6d, 0x1b, 0x6d, 0x1b, 0x6d,
    0x1b, 0x6d, 0x1b, 0x6d, 0x4a, 0x59, 0x00, 0x00, 0x00, 0x00, 0x00, 0x00, 0x00, 0x00, 0x00, 0x00, 0x00, 0x00, 0x00, 0x00, 0x00, 0x00, 0x00, 0x00, 0x00, 0x00, 0x00, 0x00, 0x00, 0x00, 0x00, 0x00,
    0x00, 0x00, 0x00, 0x00, 0x00, 0x00, 0x00, 0x00, 0x00, 0x00, 0x00, 0x00, 0x00, 0x00, 0x00, 0x00, 0x00, 0x00, 0x00, 0x00, 0x00, 0x00, 0x00, 0x00, 0x00, 0x00, 0x00, 0x00, 0x4a, 0x59, 0x1b, 0x6d,
    0x1b, 0x6d, 0x1b, 0x6d, 0x1b, 0x6d, 0x1b, 0x6d, 0x1b, 0x6d, 0x5e, 0xa6, 0x1b, 0x6d, 0x1b, 0x6d, 0x1b, 0x6d, 0x1b, 0x6d, 0x1b, 0x6d, 0x1b, 0x6d, 0x1b, 0x6d, 0x1b, 0x6d, 0x1b, 0x6d, 0x1b, 0x6d,
    0x5e, 0xa6, 0x1b, 0x6d, 0x1b, 0x6d, 0x1b, 0x6d, 0x1b, 0x6d, 0x1b, 0x6d, 0x1b, 0x6d, 0x1b, 0x6d, 0x1b, 0x6d, 0x1b, 0x6d, 0x1b, 0x6d, 0x5e, 0xa6, 0x1b, 0x6d, 0x1b, 0x6d, 0x1b, 0x6d, 0x1b, 0x6d,
    0x1b, 0x6d, 0x1b, 0x6d, 0x4a, 0x59, 0x00, 0x00, 0x00, 0x00, 0x00, 0x00, 0x00, 0x00, 0x00, 0x00, 0x00, 0x00, 0x00, 0x00, 0x00, 0x00, 0x00, 0x00, 0x00, 0x00, 0x00, 0x00, 0x00, 0x00, 0x00, 0x00,
    0x00, 0x00, 0x00, 0x00, 0x00, 0x00, 0x00, 0x00, 0x00, 0x00, 0x00, 0x00, 0x00, 0x00, 0x00, 0x00, 0x00, 0x00, 0x00, 0x00, 0x00, 0x00, 0x00, 0x00, 0x00, 0x00, 0x4a, 0x59, 0x1b, 0x6d, 0x1b, 0x6d,
    0x1b, 0x6d, 0x1b, 0x6d, 0x1b, 0x6d, 0x1b, 0x6d, 0x1b, 0x6d, 0x5e, 0xa6, 0x1b, 0x6d, 0x1b, 0x6d, 0x1b, 0x6d, 0x1b, 0x6d, 0x1b, 0x6d, 0x1b, 0x6d, 0x1b, 0x6d, 0x1b, 0x6d, 0x1b, 0x6d, 0x1b, 0x6d,
    0x5e, 0xa6, 0x1b, 0x6d, 0x1b, 0x6d, 0x1b, 0x6d, 0x1b, 0x6d, 0x1b, 0x6d, 0x1b, 0x6d, 0x1b, 0x6d, 0x1b, 0x6d, 0x1b, 0x6d, 0x1b, 0x6d, 0x5e, 0xa6, 0x1b, 0x6d, 0x1b, 0x6d, 0x1b, 0x6d, 0x1b, 0x6d,
    0x1b, 0x6d, 0x1b, 0x6d, 0x1b, 0x6d, 0x4a, 0x59, 0x00, 0x00, 0x00, 0x00, 0x00, 0x00, 0x00, 0x00, 0x00, 0x00, 0x00, 0x00, 0x00, 0x00, 0x00, 0x00, 0x00, 0x00, 0x00, 0x00, 0x00, 0x00, 0x00, 0x00,
    0x00, 0x00, 0x00, 0x00, 0x00, 0x00, 0x00, 0x00, 0x00, 0x00, 0x00, 0x00, 0x00, 0x00, 0x00, 0x00, 0x00, 0x00, 0x00, 0x00, 0x00, 0x00, 0x00, 0x00, 0x00, 0x00, 0x4a, 0x59, 0x1b, 0x6d, 0x1b, 0x6d,
    0x1b, 0x6d, 0x1b, 0x6d, 0x1b, 0x6d, 0x1b, 0x6d, 0x5e, 0xa6, 0x1b, 0x6d, 0x1b, 0x6d, 0x1b, 0x6d, 0x1b, 0x6d, 0x1b, 0x6d, 0x1b, 0x6d, 0x1b, 0x6d, 0x1b, 0x6d, 0x1b, 0x6d, 0x1b, 0x6d, 0x1b, 0x6d,
    0x5e, 0xa6, 0x1b, 0x6d, 0x1b, 0x6d, 0x1b, 0x6d, 0x1b, 0x6d, 0x1b, 0x6d, 0x1b, 0x6d, 0x1b, 0x6d, 0x1b, 0x6d, 0x1b, 0x6d, 0x1b, 0x6d, 0x1b, 0x6d, 0x5e, 0xa6, 0x1b, 0x6d, 0x1b, 0x6d, 0x1b, 0x6d,
    0x1b, 0x6d, 0x1b, 0x6d, 0x1b, 0x6d, 0x4a, 0x59, 0x00, 0x00, 0x00, 0x00, 0x00, 0x00, 0x00, 0x00, 0x00, 0x00, 0x00, 0x00, 0x00, 0x00, 0x00, 0x00, 0x00, 0x00, 0x00, 0x00, 0x00, 0x00, 0x00, 0x00,
    0x00, 0x00, 0x00, 0x00, 0x00, 0x00, 0x00, 0x00, 0x00, 0x00, 0x00, 0x00, 0x00, 0x00, 0x00, 0x00, 0x00, 0x00, 0x00, 0x00, 0x00, 0x00, 0x00, 0x00, 0x4a, 0x59, 0x1b, 0x6d, 0x1b, 0x6d, 0x1b, 0x6d,
    0x1b, 0x6d, 0x1b, 0x6d, 0x1b, 0x6d, 0x1b, 0x6d, 0x5e, 0xa6, 0x1b, 0x6d, 0x1b, 0x6d, 0x1b, 0x6d, 0x1b, 0x6d, 0x1b, 0x6d, 0x1b, 0x6d, 0x1b, 0x6d, 0x1b, 0x6d, 0x1b, 0x6d, 0x1b, 0x6d, 0x1b, 0x6d,
    0x5e, 0xa6, 0x1b, 0x6d, 0x1b, 0x6d, 0x1b, 0x6d, 0x1b, 0x6d, 0x1b, 0x6d, 0x1b, 0x6d, 0x1b, 0x6d, 0x1b, 0x6d, 0x1b, 0x6d, 0x1b, 0x6d, 0x1b, 0x6d, 0x5e, 0xa6, 0x1b, 0x6d, 0x1b, 0x6d, 0x1b, 0x6d,
    0x1b, 0x6d, 0x1b, 0x6d, 0x1b, 0x6d, 0x1b, 0x6d, 0x4a, 0x59, 0x00, 0x00, 0x00, 0x00, 0x00, 0x00, 0x00, 0x00, 0x00, 0x00, 0x00, 0x00, 0x00, 0x00, 0x00, 0x00, 0x00, 0x00, 0x00, 0x00, 0x00, 0x00,
    0x00, 0x00, 0x00, 0x00, 0x00, 0x00, 0x00, 0x00, 0x00, 0x00, 0x00, 0x00, 0x00, 0x00, 0x00, 0x00, 0x00, 0x00, 0x00, 0x00, 0x00, 0x00, 0x00, 0x00, 0x4a, 0x59, 0x1b, 0x6d, 0x1b, 0x6d, 0x1b, 0x6d,
    0x1b, 0x6d, 0x1b, 0x6d, 0x1b, 0x6d, 0x5e, 0xa6, 0x1b, 0x6d, 0x1b, 0x6d, 0x1b, 0x6d, 0x1b, 0x6d, 0x1b, 0x6d, 0x1b, 0x6d, 0x1b, 0x6d, 0x1b, 0x6d, 0x1b, 0x6d, 0x1b, 0x6d, 0x1b, 0x6d, 0x1b, 0x6d,
    0x5e, 0xa6, 0x1b, 0x6d, 0x1b, 0x6d, 0x1b, 0x6d, 0x1b, 0x6d, 0x1b, 0x6d, 0x1b, 0x6d, 0x1b, 0x6d, 0x1b, 0x6d, 0x1b, 0x6d, 0x1b, 0x6d, 0x1b, 0x6d, 0x1b, 0x6d, 0x5e, 0xa6, 0x1b, 0x6d, 0x1b, 0x6d,
    0x1b, 0x6d, 0x1b, 0x6d, 0x1b, 0x6d, 0x1b, 0x6d, 0x4a, 0x59, 0x00, 0x00, 0x00, 0x00, 0x00, 0x00, 0x00, 0x00, 0x00, 0x00, 0x00, 0x00, 0x00, 0x00, 0x00, 0x00, 0x00, 0x00, 0x00, 0x00, 0x00, 0x00,
    0x00, 0x00, 0x00, 0x00, 0x00, 0x00, 0x00, 0x00, 0x00, 0x00, 0x00, 0x00, 0x00, 0x00, 0x00, 0x00, 0x00, 0x00, 0x00, 0x00, 0x00, 0x00, 0x4a, 0x59, 0x35, 0x3b, 0x35, 0x3b, 0x35, 0x3b, 0x35, 0x3b,
    0x35, 0x3b, 0x35, 0x3b, 0x35, 0x3b, 0x35, 0x3b, 0x35, 0x3b, 0x35, 0x3b, 0xe5, 0x88, 0xe5, 0x88, 0xe5, 0x88, 0xe5, 0x88, 0xe5, 0x88, 0x35, 0x3b, 0x35, 0x3b, 0x35, 0x3b, 0x35, 0x3b, 0x35, 0x3b,
    0x35, 0x3b, 0x35, 0x3b, 0x35, 0x3b, 0x35, 0x3b, 0x35, 0x3b, 0x35, 0x3b, 0xe5, 0x88, 0xe5, 0x88, 0xe5, 0x88, 0xe5, 0x88, 0xe5, 0x88, 0x35, 0x3b, 0x35, 0x3b, 0x35, 0x3b, 0x35, 0x3b, 0x35, 0x3b,
    0x35, 0x3b, 0x35, 0x3b, 0x35, 0x3b, 0x35, 0x3b, 0x35, 0x3b, 0x4a, 0x59, 0x00, 0x00, 0x00, 0x00, 0x00, 0x00, 0x00, 0x00, 0x00, 0x00, 0x00, 0x00, 0x00, 0x00, 0x00, 0x00, 0x00, 0x00, 0x00, 0x00,
    0x00, 0x00, 0x00, 0x00, 0x00, 0x00, 0x00, 0x00, 0x00, 0x00, 0x00, 0x00, 0x00, 0x00, 0x00, 0x00, 0x00, 0x00, 0x00, 0x00, 0x00, 0x00, 0x4a, 0x59, 0x1b, 0x6d, 0x1b, 0x6d, 0x1b, 0x6d, 0x1b, 0x6d,
    0x1b, 0x6d, 0x1b, 0x6d, 0x5e, 0xa6, 0x1b, 0x6d, 0x1b, 0x6d, 0x1b, 0x6d, 0xe5, 0x88, 0x87, 0xd1, 0x87, 0xd1, 0x87, 0xd1, 0xe5, 0x88, 0x1b, 0x6d, 0x1b, 0x6d, 0x1b, 0x6d, 0x1b, 0x6d, 0x1b, 0x6d,
    0x5e, 0xa6, 0x1b, 0x6d, 0x1b, 0x6d, 0x1b, 0x6d, 0x1b, 0x6d, 0x1b, 0x6d, 0xe5, 0x88, 0x87, 0xd1, 0x87, 0xd1, 0x87, 0xd1, 0xe5, 0x88, 0x1b, 0x6d, 0x1b, 0x6d, 0x1b, 0x6d, 0x5e, 0xa6, 0x1b, 0x6d,
    0x1b, 0x6d, 0x1b, 0x6d, 0x1b, 0x6d, 0x1b, 0x6d, 0x1b, 0x6d, 0x4a, 0x59, 0x00, 0x00, 0x00, 0x00, 0x00, 0x00, 0x00, 0x00, 0x00, 0x00, 0x00, 0x00, 0x00, 0x00, 0x00, 0x00, 0x00, 0x00, 0x00, 0x00,
    0x00, 0x00, 0x00, 0x00, 0x00, 0x00, 0x00, 0x00, 0x00, 0x00, 0x00, 0x00, 0x00, 0x00, 0x00, 0x00, 0x00, 0x00, 0x00, 0x00, 0x4a, 0x59, 0x4a, 0x59, 0x4a, 0x59, 0x4a, 0x59, 0x4a, 0x59, 0x4a, 0x59,
    0x4a, 0x59, 0x4a, 0x59, 0x5e, 0xa6, 0x4a, 0x59, 0x4a, 0x59, 0x4a, 0x59, 0xe5, 0x88, 0x87, 0xd1, 0x87, 0xd1, 0x87, 0xd1, 0xe5, 0x88, 0x4a, 0x59, 0x4a, 0x59, 0x4a, 0x59, 0x4a, 0x59, 0x4a, 0x59,
    0x5e, 0xa6, 0x4a, 0x59, 0x4a, 0x59, 0x4a, 0x59, 0x4a, 0x59, 0x4a, 0x59, 0xe5, 0x88, 0x87, 0xd1, 0x87, 0xd1, 0x87, 0xd1, 0xe5, 0x88, 0x4a, 0x59, 0x4a, 0x59, 0x4a, 0x59, 0x5e, 0xa6, 0x4a, 0x59,
    0x4a, 0x59, 0x4a, 0x59, 0x4a, 0x59, 0x4a, 0x59, 0x4a, 0x59, 0x4a, 0x59, 0x4a, 0x59, 0x00, 0x00, 0x00, 0x00, 0x00, 0x00, 0x00, 0x00, 0x00, 0x00, 0x00, 0x00, 0x00, 0x00, 0x00, 0x00, 0x00, 0x00,
    0x00, 0x00, 0x00, 0x00, 0x00, 0x00, 0x00, 0x00, 0x00, 0x00, 0x00, 0x00, 0x00, 0x00, 0x00, 0x00, 0x00, 0x00, 0x00, 0x00, 0x00, 0x00, 0x00, 0x00, 0x00, 0x00, 0x00, 0x00, 0x00, 0x00, 0x00, 0x00,
    0x00, 0x00, 0x00, 0x00, 0x00, 0x00, 0x00, 0x00, 0x00, 0x00, 0x00, 0x00, 0xe5, 0x88, 0x87, 0xd1, 0x87, 0xd1, 0x87, 0xd1, 0xe5, 0x88, 0x00, 0x00, 0x00, 0x00, 0x00, 0x00, 0x00, 0x00, 0x00, 0x00,
    0x00, 0x00, 0x00, 0x00, 0x00, 0x00, 0x00, 0x00, 0x00, 0x00, 0x00, 0x00, 0xe5, 0x88, 0x87, 0xd1, 0x87, 0xd1, 0x87, 0xd1, 0xe5, 0x88, 0x00, 0x00, 0x00, 0x00, 0x00, 0x00, 0x00, 0x00, 0x00, 0x00,
    0x00, 0x00, 0x00, 0x00, 0x00, 0x00, 0x00, 0x00, 0x00, 0x00, 0x00, 0x00, 0x00, 0x00, 0x00, 0x00, 0x00, 0x00, 0x00, 0x00, 0x00, 0x00, 0x00, 0x00, 0x00, 0x00, 0x00, 0x00, 0x00, 0x00, 0x00, 0x00,
    0x00, 0x00, 0x00, 0x00, 0x00, 0x00, 0x00, 0x00, 0x00, 0x00, 0x00, 0x00, 0x00, 0x00, 0x00, 0x00, 0x00, 0x00, 0x00, 0x00, 0x00, 0x00, 0x00, 0x00, 0x00, 0x00, 0x00, 0x00, 0x00, 0x00, 0x00, 0x00,
    0x00, 0x00, 0x00, 0x00, 0x00, 0x00, 0x00, 0x00, 0x00, 0x00, 0x4a, 0x59, 0x4a, 0x59, 0x4a, 0x59, 0x4a, 0x59, 0x4a, 0x59, 0x4a, 0x59, 0x4a, 0x59, 0x00, 0x00, 0x00, 0x00, 0x00, 0x00, 0x00, 0x00,
    0x00, 0x00, 0x00, 0x00, 0x00, 0x00, 0x00, 0x00, 0x00, 0x00, 0x4a, 0x59, 0x4a, 0x59, 0x4a, 0x59, 0x4a, 0x59, 0x4a, 0x59, 0x4a, 0x59, 0x4a, 0x59, 0x00, 0x00, 0x00, 0x00, 0x00, 0x00, 0x00, 0x00,
    0x00, 0x00, 0x00, 0x00, 0x00, 0x00, 0x00, 0x00, 0x00, 0x00, 0x00, 0x00, 0x00, 0x00, 0x00, 0x00, 0x00, 0x00, 0x00, 0x00, 0x00, 0x00, 0x00, 0x00, 0x00, 0x00, 0x00, 0x00, 0x00, 0x00, 0x00, 0x00,
    0x00, 0x00, 0x00, 0x00, 0x00, 0x00, 0x00, 0x00, 0x00, 0x00, 0x00, 0x00, 0x00, 0x00, 0x00, 0x00, 0x00, 0x00, 0x00, 0x00, 0x00, 0x00, 0x00, 0x00, 0x00, 0x00, 0x00, 0x00, 0x00, 0x00, 0x00, 0x00,
    0x00, 0x00, 0x00, 0x00, 0x00, 0x00, 0x00, 0x00, 0x00, 0x00, 0x4a, 0x59, 0x4a, 0x59, 0x4a, 0x59, 0x4a, 0x59, 0x4a, 0x59, 0x4a, 0x59, 0x4a, 0x59, 0x00, 0x00, 0x00, 0x00, 0x00, 0x00, 0x00, 0x00,
    0x00, 0x00, 0x00, 0x00, 0x00, 0x00, 0x00, 0x00, 0x00, 0x00, 0x4a, 0x59, 0x4a, 0x59, 0x4a, 0x59, 0x4a, 0x59, 0x4a, 0x59, 0x4a, 0x59, 0x4a, 0x59, 0x00, 0x00, 0x00, 0x00, 0x00, 0x00, 0x00, 0x00,
    0x00, 0x00, 0x00, 0x00, 0x00, 0x00, 0x00, 0x00, 0x00, 0x00, 0x00, 0x00, 0x00, 0x00, 0x00, 0x00, 0x00, 0x00, 0x00, 0x00, 0x00, 0x00, 0x00, 0x00, 0x00, 0x00, 0x00, 0x00, 0x00, 0x00, 0x00, 0x00,
    0x00, 0x00, 0x00, 0x00, 0x00, 0x00, 0x00, 0x00, 0x00, 0x00, 0x00, 0x00, 0x00, 0x00, 0x00, 0x00, 0x00, 0x00, 0x00, 0x00, 0x00, 0x00, 0x00, 0x00, 0x00, 0x00, 0x00, 0x00, 0x00, 0x00, 0x00, 0x00,
    0x00, 0x00, 0x00, 0x00, 0x00, 0x00, 0x00, 0x00, 0x00, 0x00, 0x00, 0x00, 0x00, 0x00, 0x00, 0x00, 0x00, 0x00, 0x00, 0x00, 0x00, 0x00, 0x00, 0x00, 0x00, 0x00, 0x00, 0x00, 0x00, 0x00, 0x00, 0x00,
    0x00, 0x00, 0x00, 0x00, 0x00, 0x00, 0x00, 0x00, 0x00, 0x00, 0x00, 0x00, 0x00, 0x00, 0x00, 0x00, 0x00, 0x00, 0x00, 0x00, 0x00, 0x00, 0x00, 0x00, 0x00, 0x00, 0x00, 0x00, 0x00, 0x00, 0x00, 0x00,
    0x00, 0x00, 0x00, 0x00, 0x00, 0x00, 0x00, 0x00, 0x00, 0x00, 0x00, 0x00, 0x00, 0x00, 0x00, 0x00, 0x00, 0x00, 0x00, 0x00, 0x00, 0x00, 0x00, 0x00, 0x00, 0x00, 0x00, 0x00, 0x00, 0x00, 0x00, 0x00,
    0x00, 0x00, 0x00, 0x00, 0x00, 0x00, 0x00, 0x00, 0x00, 0x00, 0x00, 0x00, 0x00, 0x00, 0x00, 0x00, 0x00, 0x00, 0x00, 0x00, 0x00, 0x00, 0x00, 0x00, 0x00, 0x00, 0x00, 0x00, 0x00, 0x00, 0x00, 0x00,
    0x00, 0x00, 0x00, 0x00, 0x00, 0x00, 0x00, 0x00, 0x00, 0x00, 0x00, 0x00, 0x00, 0x00, 0x00, 0x00, 0x00, 0x00, 0x00, 0x00, 0x00, 0x00, 0x00, 0x00, 0x00, 0x00, 0x00, 0x00, 0x00, 0x00, 0x00, 0x00,
    0x00, 0x00, 0x00, 0x00, 0x00, 0x00, 0x00, 0x00, 0x00, 0x00, 0x00, 0x00, 0x00, 0x00, 0x00, 0x00, 0x00, 0x00, 0x00, 0x00, 0x00, 0x00, 0x00, 0x00, 0x00, 0x00, 0x00, 0x00, 0x00, 0x00, 0x00, 0x00,
    0x00, 0x00, 0x00, 0x00, 0x00, 0x00, 0x00, 0x00, 0x00, 0x00, 0x00, 0x00, 0x00, 0x00, 0x00, 0x00, 0x00, 0x00, 0x00, 0x00, 0x00, 0x00, 0x00, 0x00, 0x00, 0x00, 0x00, 0x00, 0x00, 0x00, 0x00, 0x00,
    0x00, 0x00, 0x00, 0x00, 0x00, 0x00, 0x00, 0x00, 0x00, 0x00, 0x00, 0x00, 0x00, 0x00, 0x00, 0x00, 0x00, 0x00, 0xff, 0x00, 0x00, 0x00, 0x00, 0x00, 0x00, 0x00, 0x00, 0x00, 0x00, 0x00, 0x00, 0x00,
    0x00, 0x00, 0x00, 0x00, 0x00, 0x00, 0x00, 0x00, 0x00, 0x00, 0x00, 0x00, 0x00, 0x00, 0xff, 0x00, 0x00, 0x00, 0x00, 0x00, 0x00, 0x00, 0x00, 0x00, 0x00, 0x00, 0x00, 0x00, 0x00, 0x00, 0x00, 0x00,
    0x00, 0x00, 0x00, 0x00, 0x00, 0x00, 0x00, 0x00, 0x00, 0x00, 0x00, 0x00, 0x00, 0x00, 0x00, 0x00, 0x00, 0x00, 0xff, 0x00, 0x00, 0x00, 0x00, 0x00, 0x00, 0x00, 0x00, 0x00, 0x00, 0x00, 0x00, 0x00,
    0x00, 0x00, 0x00, 0x00, 0x00, 0x00, 0x00, 0x00, 0x00, 0x00, 0x00, 0x00, 0x00, 0xff, 0xff, 0x00, 0x00, 0x00, 0x00, 0x00, 0x00, 0x00, 0x00, 0x00, 0x00, 0x00, 0x00, 0x00, 0x00, 0x00, 0x00, 0x00,
    0x00, 0x00, 0x00, 0x00, 0x00, 0x00, 0x00, 0x00, 0x00, 0x00, 0x00, 0x00, 0x00, 0x00, 0x00, 0x00, 0x00, 0xff, 0xff, 0xff, 0x00, 0x00, 0x00, 0x00, 0x00, 0x00, 0x00, 0x00, 0x00, 0x00, 0x00, 0x00,
    0x00, 0x00, 0x00, 0x00, 0x00, 0x00, 0x00, 0x00, 0x00, 0x00, 0x00, 0x00, 0x00, 0xff, 0xff, 0x00, 0x00, 0x00, 0x00, 0x00, 0x00, 0x00, 0x00, 0x00, 0x00, 0x00, 0x00, 0x00, 0x00, 0x00, 0x00, 0x00,
    0x00, 0x00, 0x00, 0x00, 0x00, 0x00, 0x00, 0x00, 0x00, 0x00, 0x00, 0x00, 0x00, 0x00, 0x00, 0x00, 0x00, 0xff, 0xff, 0xff, 0x00, 0x00, 0x00, 0x00, 0x00, 0x00, 0x00, 0x00, 0x00, 0x00, 0x00, 0x00,
    0x00, 0x00, 0x00, 0x00, 0x00, 0x00, 0x00, 0x00, 0x00, 0x00, 0x00, 0x00, 0xff, 0xff, 0xff, 0xff, 0x00, 0x00, 0x00, 0x00, 0x00, 0x00, 0x00, 0x00, 0x00, 0x00, 0x00, 0x00, 0x00, 0x00, 0x00, 0x00,
    0x00, 0x00, 0x00, 0x00, 0x00, 0x00, 0x00, 0x00, 0x00, 0x00, 0x00, 0x00, 0x00, 0x00, 0x00, 0x00, 0x00, 0xff, 0xff, 0xff, 0xff, 0x00, 0x00, 0x00, 0xff, 0xff, 0xff, 0x00, 0x00, 0x00, 0x00, 0x00,
    0x00, 0x00, 0x00, 0x00, 0x00, 0x00, 0xff, 0xff, 0xff, 0x00, 0x00, 0x00, 0xff, 0xff, 0xff, 0xff, 0x00, 0x00, 0x00, 0x00, 0x00, 0x00, 0x00, 0x00, 0x00, 0x00, 0x00, 0x00, 0x00, 0x00, 0x00, 0x00,
    0x00, 0x00, 0x00, 0x00, 0x00, 0x00, 0x00, 0x00, 0x00, 0x00, 0x00, 0x00, 0x00, 0x00, 0x00, 0x00, 0x00, 0xff, 0xff, 0xff, 0xff, 0x00, 0xff, 0xff, 0xff, 0xff, 0xff, 0xff, 0xff, 0x00, 0x00, 0x00,
    0x00, 0x00, 0x00, 0x00, 0xff, 0xff, 0xff, 0xff, 0xff, 0xff, 0xff, 0xff, 0xff, 0xff, 0xff, 0xff, 0x00, 0x00, 0x00, 0x00, 0x00, 0x00, 0x00, 0x00, 0x00, 0x00, 0x00, 0x00, 0x00, 0x00, 0x00, 0x00,
    0x00, 0x00, 0x00, 0x00, 0x00, 0x00, 0x00, 0x00, 0x00, 0x00, 0x00, 0x00, 0x00, 0x00, 0x00, 0x00, 0xff, 0xff, 0xff, 0xff, 0xff, 0xff, 0xff, 0xff, 0xff, 0xff, 0xff, 0xff, 0xff, 0xff, 0xff, 0xff,
    0xff, 0xff, 0xff, 0xff, 0xff, 0xff, 0xff, 0xff, 0xff, 0xff, 0xff, 0xff, 0xff, 0xff, 0xff, 0xff, 0x00, 0x00, 0x00, 0x00, 0x00, 0x00, 0x00, 0x00, 0x00, 0x00, 0x00, 0x00, 0x00, 0x00, 0x00, 0x00,
    0x00, 0x00, 0x00, 0x00, 0x00, 0x00, 0x00, 0x00, 0x00, 0x00, 0x00, 0x00, 0x00, 0x00, 0x00, 0x00, 0xff, 0xff, 0xff, 0xff, 0xff, 0xff, 0xff, 0xff, 0xff, 0xff, 0xff, 0xff, 0xff, 0xff, 0xff, 0xff,
    0xff, 0xff, 0xff, 0xff, 0xff, 0xff, 0xff, 0xff, 0xff, 0xff, 0xff, 0xff, 0xff, 0xff, 0xff, 0xff, 0xff, 0x00, 0x00, 0x00, 0x00, 0x00, 0x00, 0x00, 0x00, 0x00, 0x00, 0x00, 0x00, 0x00, 0x00, 0x00,
    0x00, 0x00, 0x00, 0x00, 0x00, 0x00, 0x00, 0x00, 0x00, 0x00, 0x00, 0x00, 0x00, 0x00, 0x00, 0x00, 0xff, 0xff, 0xff, 0xff, 0xff, 0xff, 0xff, 0xff, 0xff, 0xff, 0xff, 0xff, 0xff, 0xff, 0xff, 0xff,
    0xff, 0xff, 0xff, 0xff, 0xff, 0xff, 0xff, 0xff, 0xff, 0xff, 0xff, 0xff, 0xff, 0xff, 0xff, 0xff, 0xff, 0x00, 0x00, 0x00, 0x00, 0x00, 0x00, 0x00, 0x00, 0x00, 0x00, 0x00, 0x00, 0x00, 0x00, 0x00,
    0x00, 0x00, 0x00, 0x00, 0x00, 0x00, 0x00, 0x00, 0x00, 0x00, 0x00, 0x00, 0x00, 0x00, 0x00, 0x00, 0xff, 0xff, 0xff, 0xff, 0xff, 0xff, 0xff, 0xff, 0xff, 0xff, 0xff, 0xff, 0xff, 0xff, 0xff, 0xff,
    0xff, 0xff, 0xff, 0xff, 0xff, 0xff, 0xff, 0xff, 0xff, 0xff, 0xff, 0xff, 0xff, 0xff, 0xff, 0xff, 0xff, 0x00, 0x00, 0x00, 0x00, 0x00, 0x00, 0x00, 0x00, 0x00, 0x00, 0x00, 0x00, 0x00, 0x00, 0x00,
    0x00, 0x00, 0x00, 0x00, 0x00, 0x00, 0x00, 0x00, 0x00, 0x00, 0x00, 0x00, 0x00, 0x00, 0x00, 0xff, 0xff, 0xff, 0xff, 0xff, 0xff, 0xff, 0xff, 0xff, 0xff, 0xff, 0xff, 0xff, 0xff, 0xff, 0xff, 0xff,
    0xff, 0xff, 0xff, 0xff, 0xff, 0xff, 0xff, 0xff, 0xff, 0xff, 0xff, 0xff, 0xff, 0xff, 0xff, 0xff, 0xff, 0x00, 0x00, 0x00, 0x00, 0x00, 0x00, 0x00, 0x00, 0x00, 0x00, 0x00, 0x00, 0x00, 0x00, 0x00,
    0x00, 0x00, 0x00, 0x00, 0x00, 0x00, 0x00, 0x00, 0x00, 0x00, 0x00, 0x00, 0x00, 0x00, 0x00, 0xff, 0xff, 0xff, 0xff, 0xff, 0xff, 0xff, 0xff, 0xff, 0xff, 0xff, 0xff, 0xff, 0xff, 0xff, 0xff, 0xff,
    0xff, 0xff, 0xff, 0xff, 0xff, 0xff, 0xff, 0xff, 0xff, 0xff, 0xff, 0xff, 0xff, 0xff, 0xff, 0xff, 0xff, 0xff, 0x00, 0x00, 0x00, 0x00, 0x00, 0x00, 0x00, 0x00, 0x00, 0x00, 0x00, 0x00, 0x00, 0x00,
    0x00, 0x00, 0x00, 0x00, 0x00, 0x00, 0x00, 0x00, 0x00, 0x00, 0x00, 0x00, 0x00, 0x00, 0x00, 0xff, 0xff, 0xff, 0xff, 0xff, 0xff, 0xff, 0xff, 0xff, 0xff, 0xff, 0xff, 0xff, 0xff, 0xff, 0xff, 0xff,
    0xff, 0xff, 0xff, 0xff, 0xff, 0xff, 0xff, 0xff, 0xff, 0xff, 0xff, 0xff, 0xff, 0xff, 0xff, 0xff, 0xff, 0xff, 0x00, 0x00, 0x00, 0x00, 0x00, 0x00, 0x00, 0x00, 0x00, 0x00, 0x00, 0x00, 0x00, 0x00,
    0x00, 0x00, 0x00, 0x00, 0x00, 0x00, 0x00, 0x00, 0x00, 0x00, 0x00, 0x00, 0x00, 0x00, 0x00, 0xff, 0xff, 0xff, 0xff, 0xff, 0xff, 0xff, 0xff, 0xff, 0xff, 0xff, 0xff, 0xff, 0xff, 0xff, 0xff, 0xff,
    0xff, 0xff, 0xff, 0xff, 0xff, 0xff, 0xff, 0xff, 0xff, 0xff, 0xff, 0xff, 0xff, 0xff, 0xff, 0xff, 0xff, 0xff, 0x00, 0x00, 0x00, 0x00, 0x00, 0x00, 0x00, 0x00, 0x00, 0x00, 0x00, 0x00, 0x00, 0x00,
    0x00, 0x00, 0x00, 0x00, 0x00, 0x00, 0x00, 0x00, 0x00, 0x00, 0x00, 0x00, 0x00, 0x00, 0xff, 0xff, 0xff, 0xff, 0xff, 0xff, 0xff, 0xff, 0xff, 0xff, 0xff, 0xff, 0xff, 0xff, 0xff, 0xff, 0xff, 0xff,
    0xff, 0xff, 0xff, 0xff, 0xff, 0xff, 0xff, 0xff, 0xff, 0xff, 0xff, 0xff, 0xff, 0xff, 0xff, 0xff, 0xff, 0xff, 0x00, 0x00, 0x00, 0x00, 0x00, 0x00, 0x00, 0x00, 0x00, 0x00, 0x00, 0x00, 0x00, 0x00,
    0x00, 0x00, 0x00, 0x00, 0x00, 0x00, 0x00, 0x00, 0x00, 0x00, 0x00, 0x00, 0x00, 0x00, 0xff, 0xff, 0xff, 0xff, 0xff, 0xff, 0xff, 0xff, 0xff, 0xff, 0xff, 0xff, 0xff, 0xff, 0xff, 0xff, 0xff, 0xff,
    0xff, 0xff, 0xff, 0xff, 0xff, 0xff, 0xff, 0xff, 0xff, 0xff, 0xff, 0xff, 0xff, 0xff, 0xff, 0xff, 0xff, 0xff, 0xff, 0x00, 0x00, 0x00, 0x00, 0x00, 0x00, 0x00, 0x00, 0x00, 0x00, 0x00, 0x00, 0x00,
    0x00, 0x00, 0x00, 0x00, 0x00, 0x00, 0x00, 0x00, 0x00, 0x00, 0x00, 0x00, 0x00, 0x00, 0xff, 0xff, 0xff, 0xff, 0xff, 0xff, 0xff, 0xff, 0xff, 0xff, 0xff, 0xff, 0xff, 0xff, 0xff, 0xff, 0xff, 0xff,
    0xff, 0xff, 0xff, 0xff, 0xff, 0xff, 0xff, 0xff, 0xff, 0xff, 0xff, 0xff, 0xff, 0xff, 0xff, 0xff, 0xff, 0xff, 0xff, 0x00, 0x00, 0x00, 0x00, 0x00, 0x00, 0x00, 0x00, 0x00, 0x00, 0x00, 0x00, 0x00,
    0x00, 0x00, 0x00, 0x00, 0x00, 0x00, 0x00, 0x00, 0x00, 0x00, 0x00, 0x00, 0x00, 0x00, 0x00, 0x00, 0x00, 0x00, 0x00, 0x00, 0x00, 0x00, 0xff, 0xff, 0xff, 0xff, 0xff, 0xff, 0xff, 0xff, 0xff, 0xff,
    0xff, 0xff, 0xff, 0xff, 0xff, 0xff, 0xff, 0xff, 0xff, 0xff, 0xff, 0x00, 0x00, 0x00, 0x00, 0x00, 0x00, 0x00, 0x00, 0x00, 0x00, 0x00, 0x00, 0x00, 0x00, 0x00, 0x00, 0x00, 0x00, 0x00, 0x00, 0x00,
    0x00, 0x00, 0x00, 0x00, 0x00, 0x00, 0x00, 0x00, 0x00, 0x00, 0x00, 0x00, 0x00, 0x00, 0x00, 0x00, 0x00, 0x00, 0x00, 0x00, 0x00, 0xff, 0xff, 0xff, 0xff, 0xff, 0xff, 0xff, 0xff, 0xff, 0xff, 0xff,
    0xff, 0xff, 0xff, 0xff, 0xff, 0xff, 0xff, 0xff, 0xff, 0xff, 0xff, 0xff, 0x00, 0x00, 0x00, 0x00, 0x00, 0x00, 0x00, 0x00, 0x00, 0x00, 0x00, 0x00, 0x00, 0x00, 0x00, 0x00, 0x00, 0x00, 0x00, 0x00,
    0x00, 0x00, 0x00, 0x00, 0x00, 0x00, 0x00, 0x00, 0x00, 0x00, 0x00, 0x00, 0x00, 0x00, 0x00, 0x00, 0x00, 0x00, 0x00, 0x00, 0xff, 0xff, 0xff, 0xff, 0xff, 0xff, 0xff, 0xff, 0xff, 0xff, 0xff, 0xff,
    0xff, 0xff, 0xff, 0xff, 0xff, 0xff, 0xff, 0xff, 0xff, 0xff, 0xff, 0xff, 0xff, 0x00, 0x00, 0x00, 0x00, 0x00, 0x00, 0x00, 0x00, 0x00, 0x00, 0x00, 0x00, 0x00, 0x00, 0x00, 0x00, 0x00, 0x00, 0x00,
    0x00, 0x00, 0x00, 0x00, 0x00, 0x00, 0x00, 0x00, 0x00, 0x00, 0x00, 0x00, 0x00, 0x00, 0x00, 0x00, 0x00, 0x00, 0x00, 0xff, 0xff, 0xff, 0xff, 0xff, 0xff, 0xff, 0xff, 0xff, 0xff, 0xff, 0xff, 0xff,
    0xff, 0xff, 0xff, 0xff, 0xff, 0xff, 0xff, 0xff, 0xff, 0xff, 0xff, 0xff, 0xff, 0xff, 0x00, 0x00, 0x00, 0x00, 0x00, 0x00, 0x00, 0x00, 0x00, 0x00, 0x00, 0x00, 0x00, 0x00, 0x00, 0x00, 0x00, 0x00,
    0x00, 0x00, 0x00, 0x00, 0x00, 0x00, 0x00, 0x00, 0x00, 0x00, 0x00, 0x00, 0x00, 0x00, 0x00, 0x00, 0x00, 0x00, 0xff, 0xff, 0xff, 0xff, 0xff, 0xff, 0xff, 0xff, 0xff, 0xff, 0xff, 0xff, 0xff, 0xff,
    0xff, 0xff, 0xff, 0xff, 0xff, 0xff, 0xff, 0xff, 0xff, 0xff, 0xff, 0xff, 0xff, 0xff, 0xff, 0x00, 0x00, 0x00, 0x00, 0x00, 0x00, 0x00, 0x00, 0x00, 0x00, 0x00, 0x00, 0x00, 0x00, 0x00, 0x00, 0x00,
    0x00, 0x00, 0x00, 0x00, 0x00, 0x00, 0x00, 0x00, 0x00, 0x00, 0x00, 0x00, 0x00, 0x00, 0x00, 0x00, 0x00, 0x00, 0xff, 0xff, 0xff, 0xff, 0xff, 0xff, 0xff, 0xff, 0xff, 0xff, 0xff, 0xff, 0xff, 0xff,
    0xff, 0xff, 0xff, 0xff, 0xff, 0xff, 0xff, 0xff, 0xff, 0xff, 0xff, 0xff, 0xff, 0xff, 0xff, 0x00, 0x00, 0x00, 0x00, 0x00, 0x00, 0x00, 0x00, 0x00, 0x00, 0x00, 0x00, 0x00, 0x00, 0x00, 0x00, 0x00,
    0x00, 0x00, 0x00, 0x00, 0x00, 0x00, 0x00, 0x00, 0x00, 0x00, 0x00, 0x00, 0x00, 0x00, 0x00, 0x00, 0x00, 0xff, 0xff, 0xff, 0xff, 0xff, 0xff, 0xff, 0xff, 0xff, 0xff, 0xff, 0xff, 0xff, 0xff, 0xff,
    0xff, 0xff, 0xff, 0xff, 0xff, 0xff, 0xff, 0xff, 0xff, 0xff, 0xff, 0xff, 0xff, 0xff, 0xff, 0xff, 0x00, 0x00, 0x00, 0x00, 0x00, 0x00, 0x00, 0x00, 0x00, 0x00, 0x00, 0x00, 0x00, 0x00, 0x00, 0x00,
    0x00, 0x00, 0x00, 0x00, 0x00, 0x00, 0x00, 0x00, 0x00, 0x00, 0x00, 0x00, 0x00, 0x00, 0x00, 0x00, 0x00, 0xff, 0xff, 0xff, 0xff, 0xff, 0xff, 0xff, 0xff, 0xff, 0xff, 0xff, 0xff, 0xff, 0xff, 0xff,
    0xff, 0xff, 0xff, 0xff, 0xff, 0xff, 0xff, 0xff, 0xff, 0xff, 0xff, 0xff, 0xff, 0xff, 0xff, 0xff, 0x00, 0x00, 0x00, 0x00, 0x00, 0x00, 0x00, 0x00, 0x00, 0x00, 0x00, 0x00, 0x00, 0x00, 0x00, 0x00,
    0x00, 0x00, 0x00, 0x00, 0x00, 0x00, 0x00, 0x00, 0x00, 0x00, 0x00, 0x00, 0x00, 0x00, 0x00, 0x00, 0xff, 0xff, 0xff, 0xff, 0xff, 0xff, 0xff, 0xff, 0xff, 0xff, 0xff, 0xff, 0xff, 0xff, 0xff, 0xff,
    0xff, 0xff, 0xff, 0xff, 0xff, 0xff, 0xff, 0xff, 0xff, 0xff, 0xff, 0xff, 0xff, 0xff, 0xff, 0xff, 0xff, 0x00, 0x00, 0x00, 0x00, 0x00, 0x00, 0x00, 0x00, 0x00, 0x00, 0x00, 0x00, 0x00, 0x00, 0x00,
    0x00, 0x00, 0x00, 0x00, 0x00, 0x00, 0x00, 0x00, 0x00, 0x00, 0x00, 0x00, 0x00, 0x00, 0x00, 0x00, 0xff, 0xff, 0xff, 0xff, 0xff, 0xff, 0xff, 0xff, 0xff, 0xff, 0xff, 0xff, 0xff, 0xff, 0xff, 0xff,
    0xff, 0xff, 0xff, 0xff, 0xff, 0xff, 0xff, 0xff, 0xff, 0xff, 0xff, 0xff, 0xff, 0xff, 0xff, 0xff, 0xff, 0x00, 0x00, 0x00, 0x00, 0x00, 0x00, 0x00, 0x00, 0x00, 0x00, 0x00, 0x00, 0x00, 0x00, 0x00,
    0x00, 0x00, 0x00, 0x00, 0x00, 0x00, 0x00, 0x00, 0x00, 0x00, 0x00, 0x00, 0x00, 0x00, 0x00, 0x00, 0xff, 0xff, 0xff, 0xff, 0xff, 0xff, 0xff, 0xff, 0xff, 0xff, 0xff, 0xff, 0xff, 0xff, 0xff, 0xff,
    0xff, 0xff, 0xff, 0xff, 0xff, 0xff, 0xff, 0xff, 0xff, 0xff, 0xff, 0xff, 0xff, 0xff, 0xff, 0xff, 0xff, 0x00, 0x00, 0x00, 0x00, 0x00, 0x00, 0x00, 0x00, 0x00, 0x00, 0x00, 0x00, 0x00, 0x00, 0x00,
    0x00, 0x00, 0x00, 0x00, 0x00, 0x00, 0x00, 0x00, 0x00, 0x00, 0x00, 0x00, 0x00, 0x00, 0x00, 0x00, 0xff, 0xff, 0xff, 0xff, 0xff, 0xff, 0xff, 0xff, 0xff, 0xff, 0xff, 0xff, 0xff, 0xff, 0xff, 0xff,
    0xff, 0xff, 0xff, 0xff, 0xff, 0xff, 0xff, 0xff, 0xff, 0xff, 0xff, 0xff, 0xff, 0xff, 0xff, 0xff, 0xff, 0x00, 0x00, 0x00, 0x00, 0x00, 0x00, 0x00, 0x00, 0x00, 0x00, 0x00, 0x00, 0x00, 0x00, 0x00,
    0x00, 0x00, 0x00, 0x00, 0x00, 0x00, 0x00, 0x00, 0x00, 0x00, 0x00, 0x00, 0x00, 0x00, 0x00, 0x00, 0xff, 0xff, 0xff, 0xff, 0xff, 0xff, 0xff, 0xff, 0xff, 0xff, 0xff, 0xff, 0xff, 0xff, 0xff, 0xff,
    0xff, 0xff, 0xff, 0xff, 0xff, 0xff, 0xff, 0xff, 0xff, 0xff, 0xff, 0xff, 0xff, 0xff, 0xff, 0xff, 0xff, 0x00, 0x00, 0x00, 0x00, 0x00, 0x00, 0x00, 0x00, 0x00, 0x00, 0x00, 0x00, 0x00, 0x00, 0x00,
    0x00, 0x00, 0x00, 0x00, 0x00, 0x00, 0x00, 0x00, 0x00, 0x00, 0x00, 0x00, 0x00, 0x00, 0x00, 0x00, 0xff, 0xff, 0xff, 0xff, 0xff, 0xff, 0xff, 0xff, 0xff, 0xff, 0xff, 0xff, 0xff, 0xff, 0xff, 0xff,
    0xff, 0xff, 0xff, 0xff, 0xff, 0xff, 0xff, 0xff, 0xff, 0xff, 0xff, 0xff, 0xff, 0xff, 0xff, 0xff, 0xff, 0x00, 0x00, 0x00, 0x00, 0x00, 0x00, 0x00, 0x00, 0x00, 0x00, 0x00, 0x00, 0x00, 0x00, 0x00,
    0x00, 0x00, 0x00, 0x00, 0x00, 0x00, 0x00, 0x00, 0x00, 0x00, 0x00, 0x00, 0x00, 0x00, 0x00, 0x00, 0xff, 0xff, 0xff, 0xff, 0xff, 0xff, 0xff, 0xff, 0xff, 0xff, 0xff, 0xff, 0xff, 0xff, 0xff, 0xff,
    0xff, 0xff, 0xff, 0xff, 0xff, 0xff, 0xff, 0xff, 0xff, 0xff, 0xff, 0xff, 0xff, 0xff, 0xff, 0xff, 0xff, 0x00, 0x00, 0x00, 0x00, 0x00, 0x00, 0x00, 0x00, 0x00, 0x00, 0x00, 0x00, 0x00, 0x00, 0x00,
    0x00, 0x00, 0x00, 0x00, 0x00, 0x00, 0x00, 0x00, 0x00, 0x00, 0x00, 0x00, 0x00, 0x00, 0x00, 0x00, 0x00, 0xff, 0xff, 0xff, 0xff, 0xff, 0xff, 0xff, 0xff, 0xff, 0xff, 0xff, 0xff, 0xff, 0xff, 0xff,
    0xff, 0xff, 0xff, 0xff, 0xff, 0xff, 0xff, 0xff, 0xff, 0xff, 0xff, 0xff, 0xff, 0xff, 0xff, 0xff, 0x00, 0x00, 0x00, 0x00, 0x00, 0x00, 0x00, 0x00, 0x00, 0x00, 0x00, 0x00, 0x00, 0x00, 0x00, 0x00,
    0x00, 0x00, 0x00, 0x00, 0x00, 0x00, 0x00, 0x00, 0x00, 0x00, 0x00, 0x00, 0x00, 0x00, 0x00, 0x00, 0x00, 0xff, 0xff, 0xff, 0xff, 0xff, 0xff, 0xff, 0xff, 0xff, 0xff, 0xff, 0xff, 0xff, 0xff, 0xff,
    0xff, 0xff, 0xff, 0xff, 0xff, 0xff, 0xff, 0xff, 0xff, 0xff, 0xff, 0xff, 0xff, 0xff, 0xff, 0xff, 0x00, 0x00, 0x00, 0x00, 0x00, 0x00, 0x00, 0x00, 0x00, 0x00, 0x00, 0x00, 0x00, 0x00, 0x00, 0x00,
    0x00, 0x00, 0x00, 0x00, 0x00, 0x00, 0x00, 0x00, 0x00, 0x00, 0x00, 0x00, 0x00, 0x00, 0x00, 0x00, 0x00, 0x00, 0xff, 0xff, 0xff, 0xff, 0xff, 0xff, 0xff, 0xff, 0xff, 0xff, 0xff, 0xff, 0xff, 0xff,
    0xff, 0xff, 0xff, 0xff, 0xff, 0xff, 0xff, 0xff, 0xff, 0xff, 0xff, 0xff, 0xff, 0xff, 0xff, 0x00, 0x00, 0x00, 0x00, 0x00, 0x00, 0x00, 0x00, 0x00, 0x00, 0x00, 0x00, 0x00, 0x00, 0x00, 0x00, 0x00,
    0x00, 0x00, 0x00, 0x00, 0x00, 0x00, 0x00, 0x00, 0x00, 0x00, 0x00, 0x00, 0x00, 0x00, 0x00, 0x00, 0x00, 0x00, 0xff, 0xff, 0xff, 0xff, 0xff, 0xff, 0xff, 0xff, 0xff, 0xff, 0xff, 0xff, 0xff, 0xff,
    0xff, 0xff, 0xff, 0xff, 0xff, 0xff, 0xff, 0xff, 0xff, 0xff, 0xff, 0xff, 0xff, 0xff, 0xff, 0x00, 0x00, 0x00, 0x00, 0x00, 0x00, 0x00, 0x00, 0x00, 0x00, 0x00, 0x00, 0x00, 0x00, 0x00, 0x00, 0x00,
    0x00, 0x00, 0x00, 0x00, 0x00, 0x00, 0x00, 0x00, 0x00, 0x00, 0x00, 0x00, 0x00, 0x00, 0x00, 0x00, 0x00, 0x00, 0x00, 0xff, 0xff, 0xff, 0xff, 0xff, 0xff, 0xff, 0xff, 0xff, 0xff, 0xff, 0xff, 0xff,
    0xff, 0xff, 0xff, 0xff, 0xff, 0xff, 0xff, 0xff, 0xff, 0xff, 0xff, 0xff, 0xff, 0xff, 0xff, 0x00, 0x00, 0x00, 0x00, 0x00, 0x00, 0x00, 0x00, 0x00, 0x00, 0x00, 0x00, 0x00, 0x00, 0x00, 0x00, 0x00,
    0x00, 0x00, 0x00, 0x00, 0x00, 0x00, 0x00, 0x00, 0x00, 0x00, 0x00, 0x00, 0x00, 0x00, 0x00, 0x00, 0x00, 0x00, 0x00, 0x00, 0xff, 0xff, 0xff, 0xff, 0xff, 0xff, 0xff, 0xff, 0xff, 0xff, 0xff, 0xff,
    0xff, 0xff, 0xff, 0xff, 0xff, 0xff, 0xff, 0xff, 0xff, 0xff, 0xff, 0xff, 0xff, 0xff, 0x00, 0x00, 0x00, 0x00, 0x00, 0x00, 0x00, 0x00, 0x00, 0x00, 0x00, 0x00, 0x00, 0x00, 0x00, 0x00, 0x00, 0x00,
    0x00, 0x00, 0x00, 0x00, 0x00, 0x00, 0x00, 0x00, 0x00, 0x00, 0x00, 0x00, 0x00, 0x00, 0x00, 0x00, 0x00, 0x00, 0x00, 0x00, 0x00, 0xff, 0xff, 0xff, 0xff, 0xff, 0xff, 0xff, 0xff, 0xff, 0xff, 0xff,
    0xff, 0xff, 0xff, 0xff, 0xff, 0xff, 0xff, 0xff, 0xff, 0xff, 0xff, 0xff, 0xff, 0xff, 0x00, 0x00, 0x00, 0x00, 0x00, 0x00, 0x00, 0x00, 0x00, 0x00, 0x00, 0x00, 0x00, 0x00, 0x00, 0x00, 0x00, 0x00,
    0x00, 0x00, 0x00, 0x00, 0x00, 0x00, 0x00, 0x00, 0x00, 0x00, 0x00, 0x00, 0x00, 0x00, 0x00, 0x00, 0x00, 0x00, 0x00, 0x00, 0x00, 0x00, 0xff, 0xff, 0xff, 0xff, 0xff, 0xff, 0xff, 0xff, 0xff, 0xff,
    0xff, 0xff, 0xff, 0xff, 0xff, 0xff, 0xff, 0xff, 0xff, 0xff, 0xff, 0xff, 0xff, 0x00, 0x00, 0x00, 0x00, 0x00, 0x00, 0x00, 0x00, 0x00, 0x00, 0x00, 0x00, 0x00, 0x00, 0x00, 0x00, 0x00, 0x00, 0x00,
    0x00, 0x00, 0x00, 0x00, 0x00, 0x00, 0x00, 0x00, 0x00, 0x00, 0x00, 0x00, 0x00, 0x00, 0x00, 0x00, 0x00, 0x00, 0x00, 0x00, 0xff, 0xff, 0xff, 0xff, 0xff, 0xff, 0xff, 0xff, 0xff, 0xff, 0xff, 0xff,
    0xff, 0xff, 0xff, 0xff, 0xff, 0xff, 0xff, 0xff, 0xff, 0xff, 0xff, 0xff, 0xff, 0x00, 0x00, 0x00, 0x00, 0x00, 0x00, 0x00, 0x00, 0x00, 0x00, 0x00, 0x00, 0x00, 0x00, 0x00, 0x00, 0x00, 0x00, 0x00,
    0x00, 0x00, 0x00, 0x00, 0x00, 0x00, 0x00, 0x00, 0x00, 0x00, 0x00, 0x00, 0x00, 0x00, 0x00, 0x00, 0x00, 0x00, 0x00, 0xff, 0xff, 0xff, 0xff, 0xff, 0xff, 0xff, 0xff, 0xff, 0xff, 0xff, 0xff, 0xff,
    0xff, 0xff, 0xff, 0xff, 0xff, 0xff, 0xff, 0xff, 0xff, 0xff, 0xff, 0xff, 0xff, 0xff, 0x00, 0x00, 0x00, 0x00, 0x00, 0x00, 0x00, 0x00, 0x00, 0x00, 0x00, 0x00, 0x00, 0x00, 0x00, 0x00, 0x00, 0x00,
    0x00, 0x00, 0x00, 0x00, 0x00, 0x00, 0x00, 0x00, 0x00, 0x00, 0x00, 0x00, 0x00, 0x00, 0x00, 0x00, 0x00, 0x00, 0x00, 0xff, 0xff, 0xff, 0xff, 0xff, 0xff, 0xff, 0xff, 0xff, 0xff, 0xff, 0xff, 0xff,
    0xff, 0xff, 0xff, 0xff, 0xff, 0xff, 0xff, 0xff, 0xff, 0xff, 0xff, 0xff, 0xff, 0xff, 0x00, 0x00, 0x00, 0x00, 0x00, 0x00, 0x00, 0x00, 0x00, 0x00, 0x00, 0x00, 0x00, 0x00, 0x00, 0x00, 0x00, 0x00,
    0x00, 0x00, 0x00, 0x00, 0x00, 0x00, 0x00, 0x00, 0x00, 0x00, 0x00, 0x00, 0x00, 0x00, 0x00, 0x00, 0x00, 0x00, 0xff, 0xff, 0xff, 0xff, 0xff, 0xff, 0xff, 0xff, 0xff, 0xff, 0xff, 0xff, 0xff, 0xff,
    0xff, 0xff, 0xff, 0xff, 0xff, 0xff, 0xff, 0xff, 0xff, 0xff, 0xff, 0xff, 0xff, 0xff, 0xff, 0x00, 0x00, 0x00, 0x00, 0x00, 0x00, 0x00, 0x00, 0x00, 0x00, 0x00, 0x00, 0x00, 0x00, 0x00, 0x00, 0x00,
    0x00, 0x00, 0x00, 0x00, 0x00, 0x00, 0x00, 0x00, 0x00, 0x00, 0x00, 0x00, 0x00, 0x00, 0x00, 0x00, 0x00, 0x00, 0xff, 0xff, 0xff, 0xff, 0xff, 0xff, 0xff, 0xff, 0xff, 0xff, 0xff, 0xff, 0xff, 0xff,
    0xff, 0xff, 0xff, 0xff, 0xff, 0xff, 0xff, 0xff, 0xff, 0xff, 0xff, 0xff, 0xff, 0xff, 0xff, 0x00, 0x00, 0x00, 0x00, 0x00, 0x00, 0x00, 0x00, 0x00, 0x00, 0x00, 0x00, 0x00, 0x00, 0x00, 0x00, 0x00,
    0x00, 0x00, 0x00, 0x00, 0x00, 0x00, 0x00, 0x00, 0x00, 0x00, 0x00, 0x00, 0x00, 0x00, 0x00, 0x00, 0x00, 0xff, 0xff, 0xff, 0xff, 0xff, 0xff, 0xff, 0xff, 0xff, 0xff, 0xff, 0xff, 0xff, 0xff, 0xff,
    0xff, 0xff, 0xff, 0xff, 0xff, 0xff, 0xff, 0xff, 0xff, 0xff, 0xff, 0xff, 0xff, 0xff, 0xff, 0xff, 0x00, 0x00, 0x00, 0x00, 0x00, 0x00, 0x00, 0x00, 0x00, 0x00, 0x00, 0x00, 0x00, 0x00, 0x00, 0x00,
    0x00, 0x00, 0x00, 0x00, 0x00, 0x00, 0x00, 0x00, 0x00, 0x00, 0x00, 0x00, 0x00, 0x00, 0x00, 0x00, 0x00, 0xff, 0xff, 0xff, 0xff, 0xff, 0xff, 0xff, 0xff, 0xff, 0xff, 0xff, 0xff, 0xff, 0xff, 0xff,
    0xff, 0xff, 0xff, 0xff, 0xff, 0xff, 0xff, 0xff, 0xff, 0xff, 0xff, 0xff, 0xff, 0xff, 0xff, 0xff, 0x00, 0x00, 0x00, 0x00, 0x00, 0x00, 0x00, 0x00, 0x00, 0x00, 0x00, 0x00, 0x00, 0x00, 0x00, 0x00,
    0x00, 0x00, 0x00, 0x00, 0x00, 0x00, 0x00, 0x00, 0x00, 0x00, 0x00, 0x00, 0x00, 0x00, 0x00, 0x00, 0xff, 0xff, 0xff, 0xff, 0xff, 0xff, 0xff, 0xff, 0xff, 0xff, 0xff, 0xff, 0xff, 0xff, 0xff, 0xff,
    0xff, 0xff, 0xff, 0xff, 0xff, 0xff, 0xff, 0xff, 0xff, 0xff, 0xff, 0xff, 0xff, 0xff, 0xff, 0xff, 0xff, 0x00, 0x00, 0x00, 0x00, 0x00, 0x00, 0x00, 0x00, 0x00, 0x00, 0x00, 0x00, 0x00, 0x00, 0x00,
    0x00, 0x00, 0x00, 0x00, 0x00, 0x00, 0x00, 0x00, 0x00, 0x00, 0x00, 0x00, 0x00, 0x00, 0x00, 0x00, 0xff, 0xff, 0xff, 0xff, 0xff, 0xff, 0xff, 0xff, 0xff, 0xff, 0xff, 0xff, 0xff, 0xff, 0xff, 0xff,
    0xff, 0xff, 0xff, 0xff, 0xff, 0xff, 0xff, 0xff, 0xff, 0xff, 0xff, 0xff, 0xff, 0xff, 0xff, 0xff, 0xff, 0x00, 0x00, 0x00, 0x00, 0x00, 0x00, 0x00, 0x00, 0x00, 0x00, 0x00, 0x00, 0x00, 0x00, 0x00,
    0x00, 0x00, 0x00, 0x00, 0x00, 0x00, 0x00, 0x00, 0x00, 0x00, 0x00, 0x00, 0x00, 0x00, 0x00, 0xff, 0xff, 0xff, 0xff, 0xff, 0xff, 0xff, 0xff, 0xff, 0xff, 0xff, 0xff, 0xff, 0xff, 0xff, 0xff, 0xff,
    0xff, 0xff, 0xff, 0xff, 0xff, 0xff, 0xff, 0xff, 0xff, 0xff, 0xff, 0xff, 0xff, 0xff, 0xff, 0xff, 0xff, 0xff, 0x00, 0x00, 0x00, 0x00, 0x00, 0x00, 0x00, 0x00, 0x00, 0x00, 0x00, 0x00, 0x00, 0x00,
    0x00, 0x00, 0x00, 0x00, 0x00, 0x00, 0x00, 0x00, 0x00, 0x00, 0x00, 0x00, 0x00, 0x00, 0xff, 0xff, 0xff, 0xff, 0xff, 0xff, 0xff, 0xff, 0xff, 0xff, 0xff, 0xff, 0xff, 0xff, 0xff, 0xff, 0xff, 0xff,
    0xff, 0xff, 0xff, 0xff, 0xff, 0xff, 0xff, 0xff, 0xff, 0xff, 0xff, 0xff, 0xff, 0xff, 0xff, 0xff, 0xff, 0xff, 0xff, 0x00, 0x00, 0x00, 0x00, 0x00, 0x00, 0x00, 0x00, 0x00, 0x00, 0x00, 0x00, 0x00,
    0x00, 0x00, 0x00, 0x00, 0x00, 0x00, 0x00, 0x00, 0x00, 0x00, 0x00, 0x00, 0x00, 0x00, 0xff, 0xff, 0xff, 0xff, 0xff, 0xff, 0xff, 0xff, 0xff, 0xff, 0xff, 0xff, 0xff, 0xff, 0xff, 0xff, 0xff, 0xff,
    0xff, 0xff, 0xff, 0xff, 0xff, 0xff, 0xff, 0xff, 0xff, 0xff, 0xff, 0xff, 0xff, 0xff, 0xff, 0xff, 0xff, 0xff, 0xff, 0x00, 0x00, 0x00, 0x00, 0x00, 0x00, 0x00, 0x00, 0x00, 0x00, 0x00, 0x00, 0x00,
    0x00, 0x00, 0x00, 0x00, 0x00, 0x00, 0x00, 0x00, 0x00, 0x00, 0x00, 0x00, 0x00, 0xff, 0xff, 0xff, 0xff, 0xff, 0xff, 0xff, 0xff, 0xff, 0xff, 0xff, 0xff, 0xff, 0xff, 0xff, 0xff, 0xff, 0xff, 0xff,
    0xff, 0xff, 0xff, 0xff, 0xff, 0xff, 0xff, 0xff, 0xff, 0xff, 0xff, 0xff, 0xff, 0xff, 0xff, 0xff, 0xff, 0xff, 0xff, 0xff, 0x00, 0x00, 0x00, 0x00, 0x00, 0x00, 0x00, 0x00, 0x00, 0x00, 0x00, 0x00,
    0x00, 0x00, 0x00, 0x00, 0x00, 0x00, 0x00, 0x00, 0x00, 0x00, 0x00, 0x00, 0x00, 0xff, 0xff, 0xff, 0xff, 0xff, 0xff, 0xff, 0xff, 0xff, 0xff, 0xff, 0xff, 0xff, 0xff, 0xff, 0xff, 0xff, 0xff, 0xff,
    0xff, 0xff, 0xff, 0xff, 0xff, 0xff, 0xff, 0xff, 0xff, 0xff, 0xff, 0xff, 0xff, 0xff, 0xff, 0xff, 0xff, 0xff, 0xff, 0xff, 0x00, 0x00, 0x00, 0x00, 0x00, 0x00, 0x00, 0x00, 0x00, 0x00, 0x00, 0x00,
    0x00, 0x00, 0x00, 0x00, 0x00, 0x00, 0x00, 0x00, 0x00, 0x00, 0x00, 0x00, 0xff, 0xff, 0xff, 0xff, 0xff, 0xff, 0xff, 0xff, 0xff, 0xff, 0xff, 0xff, 0xff, 0xff, 0xff, 0xff, 0xff, 0xff, 0xff, 0xff,
    0xff, 0xff, 0xff, 0xff, 0xff, 0xff, 0xff, 0xff, 0xff, 0xff, 0xff, 0xff, 0xff, 0xff, 0xff, 0xff, 0xff, 0xff, 0xff, 0xff, 0xff, 0x00, 0x00, 0x00, 0x00, 0x00, 0x00, 0x00, 0x00, 0x00, 0x00, 0x00,
    0x00, 0x00, 0x00, 0x00, 0x00, 0x00, 0x00, 0x00, 0x00, 0x00, 0x00, 0x00, 0xff, 0xff, 0xff, 0xff, 0xff, 0xff, 0xff, 0xff, 0xff, 0xff, 0xff, 0xff, 0xff, 0xff, 0xff, 0xff, 0xff, 0xff, 0xff, 0xff,
    0xff, 0xff, 0xff, 0xff, 0xff, 0xff, 0xff, 0xff, 0xff, 0xff, 0xff, 0xff, 0xff, 0xff, 0xff, 0xff, 0xff, 0xff, 0xff, 0xff, 0xff, 0x00, 0x00, 0x00, 0x00, 0x00, 0x00, 0x00, 0x00, 0x00, 0x00, 0x00,
    0x00, 0x00, 0x00, 0x00, 0x00, 0x00, 0x00, 0x00, 0x00, 0x00, 0x00, 0xff, 0xff, 0xff, 0xff, 0xff, 0xff, 0xff, 0xff, 0xff, 0xff, 0xff, 0xff, 0xff, 0xff, 0xff, 0xff, 0xff, 0xff, 0xff, 0xff, 0xff,
    0xff, 0xff, 0xff, 0xff, 0xff, 0xff, 0xff, 0xff, 0xff, 0xff, 0xff, 0xff, 0xff, 0xff, 0xff, 0xff, 0xff, 0xff, 0xff, 0xff, 0xff, 0xff, 0x00, 0x00, 0x00, 0x00, 0x00, 0x00, 0x00, 0x00, 0x00, 0x00,
    0x00, 0x00, 0x00, 0x00, 0x00, 0x00, 0x00, 0x00, 0x00, 0x00, 0x00, 0xff, 0xff, 0xff, 0xff, 0xff, 0xff, 0xff, 0xff, 0xff, 0xff, 0xff, 0xff, 0xff, 0xff, 0xff, 0xff, 0xff, 0xff, 0xff, 0xff, 0xff,
    0xff, 0xff, 0xff, 0xff, 0xff, 0xff, 0xff, 0xff, 0xff, 0xff, 0xff, 0xff, 0xff, 0xff, 0xff, 0xff, 0xff, 0xff, 0xff, 0xff, 0xff, 0xff, 0x00, 0x00, 0x00, 0x00, 0x00, 0x00, 0x00, 0x00, 0x00, 0x00,
    0x00, 0x00, 0x00, 0x00, 0x00, 0x00, 0x00, 0x00, 0x00, 0x00, 0xff, 0xff, 0xff, 0xff, 0xff, 0xff, 0xff, 0xff, 0xff, 0xff, 0xff, 0xff, 0xff, 0xff, 0xff, 0xff, 0xff, 0xff, 0xff, 0xff, 0xff, 0xff,
    0xff, 0xff, 0xff, 0xff, 0xff, 0xff, 0xff, 0xff, 0xff, 0xff, 0xff, 0xff, 0xff, 0xff, 0xff, 0xff, 0xff, 0xff, 0xff, 0xff, 0xff, 0xff, 0xff, 0x00, 0x00, 0x00, 0x00, 0x00, 0x00, 0x00, 0x00, 0x00,
    0x00, 0x00, 0x00, 0x00, 0x00, 0x00, 0x00, 0x00, 0x00, 0x00, 0x00, 0x00, 0x00, 0x00, 0x00, 0x00, 0x00, 0x00, 0x00, 0x00, 0x00, 0x00, 0xff, 0xff, 0xff, 0xff, 0xff, 0x00, 0x00, 0x00, 0x00, 0x00,
    0x00, 0x00, 0x00, 0x00, 0x00, 0x00, 0xff, 0xff, 0xff, 0xff, 0xff, 0x00, 0x00, 0x00, 0x00, 0x00, 0x00, 0x00, 0x00, 0x00, 0x00, 0x00, 0x00, 0x00, 0x00, 0x00, 0x00, 0x00, 0x00, 0x00, 0x00, 0x00,
    0x00, 0x00, 0x00, 0x00, 0x00, 0x00, 0x00, 0x00, 0x00, 0x00, 0x00, 0x00, 0x00, 0x00, 0x00, 0x00, 0x00, 0x00, 0x00, 0x00, 0x00, 0xff, 0xff, 0xff, 0xff, 0xff, 0xff, 0xff, 0x00, 0x00, 0x00, 0x00,
    0x00, 0x00, 0x00, 0x00, 0x00, 0xff, 0xff, 0xff, 0xff, 0xff, 0xff, 0xff, 0x00, 0x00, 0x00, 0x00, 0x00, 0x00, 0x00, 0x00, 0x00, 0x00, 0x00, 0x00, 0x00, 0x00, 0x00, 0x00, 0x00, 0x00, 0x00, 0x00,
    0x00, 0x00, 0x00, 0x00, 0x00, 0x00, 0x00, 0x00, 0x00, 0x00, 0x00, 0x00, 0x00, 0x00, 0x00, 0x00, 0x00, 0x00, 0x00, 0x00, 0x00, 0xff, 0xff, 0xff, 0xff, 0xff, 0xff, 0xff, 0x00, 0x00, 0x00, 0x00,
    0x00, 0x00, 0x00, 0x00, 0x00, 0xff, 0xff, 0xff, 0xff, 0xff, 0xff, 0xff, 0x00, 0x00, 0x00, 0x00, 0x00, 0x00, 0x00, 0x00, 0x00, 0x00, 0x00, 0x00, 0x00, 0x00, 0x00, 0x00, 0x00, 0x00, 0x00, 0x00,
    0x00, 0x00, 0x00, 0x00, 0x00, 0x00, 0x00, 0x00, 0x00, 0x00, 0x00, 0x00, 0x00, 0x00, 0x00, 0x00, 0x00, 0x00, 0x00, 0x00, 0x00, 0x00, 0x00, 0x00, 0x00, 0x00, 0x00, 0x00, 0x00, 0x00, 0x00, 0x00,
    0x00, 0x00, 0x00, 0x00, 0x00, 0x00, 0x00, 0x00, 0x00, 0x00, 0x00, 0x00, 0x00, 0x00, 0x00, 0x00, 0x00, 0x00, 0x00, 0x00, 0x00, 0x00, 0x00, 0x00, 0x00, 0x00, 0x00, 0x00, 0x00, 0x00, 0x00, 0x00,
    0x00, 0x00, 0x00, 0x00, 0x00, 0x00, 0x00, 0x00, 0x00, 0x00, 0x00, 0x00, 0x00, 0x00, 0x00, 0x00, 0x00, 0x00, 0x00, 0x00, 0x00, 0x00, 0x00, 0x00, 0x00, 0x00, 0x00, 0x00, 0x00, 0x00, 0x00, 0x00,
    0x00, 0x00, 0x00, 0x00, 0x00, 0x00, 0x00, 0x00, 0x00, 0x00, 0x00, 0x00, 0x00, 0x00, 0x00, 0x00, 0x00, 0x00, 0x00, 0x00, 0x00, 0x00, 0x00, 0x00, 0x00, 0x00, 0x00, 0x00, 0x00, 0x00, 0x00, 0x00,
};

const lv_image_dsc_t sabrina_blink = {
    .header = {
        .magic = LV_IMAGE_HEADER_MAGIC,
        .cf = LV_COLOR_FORMAT_RGB565A8,
        .flags = 0,
        .w = 64,
        .h = 64,
        .stride = 128,
    },
    .data_size = sizeof(sabrina_blink_map),
    .data = sabrina_blink_map,
};

static const uint8_t sabrina_walk_a_map[] = {
    0x00, 0x00, 0x00, 0x00, 0x00, 0x00, 0x00, 0x00, 0x00, 0x00, 0x00, 0x00, 0x00, 0x00, 0x00, 0x00, 0x00, 0x00, 0x00, 0x00, 0x00, 0x00, 0x00, 0x00, 0x00, 0x00, 0x00, 0x00, 0x00, 0x00, 0x00, 0x00,
    0x00, 0x00, 0x00, 0x00, 0x4a, 0x59, 0x00, 0x00, 0x00, 0x00, 0x00, 0x00, 0x00, 0x00, 0x00, 0x00, 0x00, 0x00, 0x00, 0x00, 0x00, 0x00, 0x00, 0x00, 0x00, 0x00, 0x00, 0x00, 0x00, 0x00, 0x00, 0x00,
    0x00, 0x00, 0x00, 0x00, 0x00, 0x00, 0x00, 0x00, 0x00, 0x00, 0x00, 0x00, 0x00, 0x00, 0x00, 0x00, 0x00, 0x00, 0x00, 0x00, 0x00, 0x00, 0x00, 0x00, 0x00, 0x00, 0x00, 0x00, 0x4a, 0x59, 0x00, 0x00,
    0x00, 0x00, 0x00, 0x00, 0x00, 0x00, 0x00, 0x00, 0x00, 0x00, 0x00, 0x00, 0x00, 0x00, 0x00, 0x00, 0x00, 0x00, 0x00, 0x00, 0x00, 0x00, 0x00, 0x00, 0x00, 0x00, 0x00, 0x00, 0x00, 0x00, 0x00, 0x00,
    0x00, 0x00, 0x00, 0x00, 0x00, 0x00, 0x00, 0x00, 0x00, 0x00, 0x00, 0x00, 0x00, 0x00, 0x00, 0x00, 0x00, 0x00, 0x00, 0x00, 0x00, 0x00, 0x00, 0x00, 0x00, 0x00, 0x00, 0x00, 0x00, 0x00, 0x00, 0x00,
    0x00, 0x00, 0x00, 0x00, 0x4a, 0x59, 0x00, 0x00, 0x00, 0x00, 0x00, 0x00, 0x00, 0x00, 0x00, 0x00, 0x00, 0x00, 0x00, 0x00, 0x00, 0x00, 0x00, 0x00, 0x00, 0x00, 0x00, 0x00, 0x00, 0x00, 0x00, 0x00,
    0x00, 0x00, 0x00, 0x00, 0x00, 0x00, 0x00, 0x00, 0x00, 0x00, 0x00, 0x00, 0x00, 0x00, 0x00, 0x00, 0x00, 0x00, 0x00, 0x00, 0x00, 0x00, 0x00, 0x00, 0x00, 0x00, 0x4a, 0x59, 0x4a, 0x59, 0x00, 0x00,
    0x00, 0x00, 0x00, 0x00, 0x00, 0x00, 0x00, 0x00, 0x00, 0x00, 0x00, 0x00, 0x00, 0x00, 0x00, 0x00, 0x00, 0x00, 0x00, 0x00, 0x00, 0x00, 0x00, 0x00, 0x00, 0x00, 0x00, 0x00, 0x00, 0x00, 0x00, 0x00,
    0x00, 0x00, 0x00, 0x00, 0x00, 0x00, 0x00, 0x00, 0x00, 0x00, 0x00, 0x00, 0x00, 0x00, 0x00, 0x00, 0x00, 0x00, 0x00, 0x00, 0x00, 0x00, 0x00, 0x00, 0x00, 0x00, 0x00, 0x00, 0x00, 0x00, 0x00, 0x00,
    0x00, 0x00, 0x4a, 0x59, 0x7a, 0xfd, 0x4a, 0x59, 0x00, 0x00, 0x00, 0x00, 0x00, 0x00, 0x00, 0x00, 0x00, 0x00, 0x00, 0x00, 0x00, 0x00, 0x00, 0x00, 0x00, 0x00, 0x00, 0x00, 0x00, 0x00, 0x00, 0x00,
    0x00, 0x00, 0x00, 0x00, 0x00, 0x00, 0x00, 0x00, 0x00, 0x00, 0x00, 0x00, 0x00, 0x00, 0x00, 0x00, 0x00, 0x00, 0x00, 0x00, 0x00, 0x00, 0x00, 0x00, 0x00, 0x00, 0x4a, 0x59, 0x4a, 0x59, 0x00, 0x00,
    0x00, 0x00, 0x00, 0x00, 0x00, 0x00, 0x00, 0x00, 0x00, 0x00, 0x00, 0x00, 0x00, 0x00, 0x00, 0x00, 0x00, 0x00, 0x00, 0x00, 0x00, 0x00, 0x00, 0x00, 0x00, 0x00, 0x00, 0x00, 0x00, 0x00, 0x00, 0x00,
    0x00, 0x00, 0x00, 0x00, 0x00, 0x00, 0x00, 0x00, 0x00, 0x00, 0x00, 0x00, 0x00, 0x00, 0x00, 0x00, 0x00, 0x00, 0x00, 0x00, 0x00, 0x00, 0x00, 0x00, 0x00, 0x00, 0x00, 0x00, 0x00, 0x00, 0x00, 0x00,
    0x00, 0x00, 0x4a, 0x59, 0x7a, 0xfd, 0x4a, 0x59, 0x00, 0x00, 0x00, 0x00, 0x00, 0x00, 0x00, 0x00, 0x00, 0x00, 0x00, 0x00, 0x00, 0x00, 0x00, 0x00, 0x00, 0x00, 0x00, 0x00, 0x00, 0x00, 0x00, 0x00,
    0x00, 0x00, 0x00, 0x00, 0x00, 0x00, 0x00, 0x00, 0x00, 0x00, 0x00, 0x00, 0x00, 0x00, 0x00, 0x00, 0x00, 0x00, 0x00, 0x00, 0x00, 0x00, 0x00, 0x00, 0x4a, 0x59, 0x7a, 0xfd, 0x7a, 0xfd, 0x4a, 0x59,
    0x00, 0x00, 0x00, 0x00, 0x00, 0x00, 0x00, 0x00, 0x00, 0x00, 0x00, 0x00, 0x00, 0x00, 0x00, 0x00, 0x00, 0x00, 0x00, 0x00, 0x00, 0x00, 0x00, 0x00, 0x00, 0x00, 0x00, 0x00, 0x00, 0x00, 0x00, 0x00,
    0x00, 0x00, 0x00, 0x00, 0x00, 0x00, 0x00, 0x00, 0x00, 0x00, 0x00, 0x00, 0x00, 0x00, 0x00, 0x00, 0x00, 0x00, 0x00, 0x00, 0x00, 0x00, 0x00, 0x00, 0x00, 0x00, 0x00, 0x00, 0x00, 0x00, 0x00, 0x00,
    0x00, 0x00, 0x4a, 0x59, 0x7a, 0xfd, 0x7a, 0xfd, 0x32, 0xfb, 0x00, 0x00, 0x00, 0x00, 0x00, 0x00, 0x4a, 0x59, 0x4a, 0x59, 0x4a, 0x59, 0x00, 0x00, 0x00, 0x00, 0x00, 0x00, 0x00, 0x00, 0x00, 0x00,
    0x00, 0x00, 0x00, 0x00, 0x00, 0x00, 0x00, 0x00, 0x00, 0x00, 0x00, 0x00, 0x4a, 0x59, 0x4a, 0x59, 0x4a, 0x59, 0x00, 0x00, 0x00, 0x00, 0x00, 0x00, 0x32, 0xfb, 0x7a, 0xfd, 0x7a, 0xfd, 0x4a, 0x59,
    0x00, 0x00, 0x00, 0x00, 0x00, 0x00, 0x00, 0x00, 0x00, 0x00, 0x00, 0x00, 0x00, 0x00, 0x00, 0x00, 0x00, 0x00, 0x00, 0x00, 0x00, 0x00, 0x00, 0x00, 0x00, 0x00, 0x00, 0x00, 0x00, 0x00, 0x00, 0x00,
    0x00, 0x00, 0x00, 0x00, 0x00, 0x00, 0x00, 0x00, 0x00, 0x00, 0x00, 0x00, 0x00, 0x00, 0x00, 0x00, 0x00, 0x00, 0x00, 0x00, 0x00, 0x00, 0x00, 0x00, 0x00, 0x00, 0x00, 0x00, 0x00, 0x00, 0x00, 0x00,
    0x00, 0x00, 0x4a, 0x59, 0x7a, 0xfd, 0x7a, 0xfd, 0x32, 0xfb, 0x00, 0x00, 0x4a, 0x59, 0x4a, 0x59, 0x32, 0xfb, 0x32, 0xfb, 0x32, 0xfb, 0x4a, 0x59, 0x4a, 0x59, 0x00, 0x00, 0x00, 0x00, 0x00, 0x00,
    0x00, 0x00, 0x00, 0x00, 0x00, 0x00, 0x00, 0x00, 0x4a, 0x59, 0x4a, 0x59, 0x32, 0xfb, 0x32, 0xfb, 0x32, 0xfb, 0x4a, 0x59, 0x4a, 0x59, 0x4a, 0x59, 0x32, 0xfb, 0x7a, 0xfd, 0x7a, 0xfd, 0x4a, 0x59,
    0x00, 0x00, 0x00, 0x00, 0x00, 0x00, 0x00, 0x00, 0x00, 0x00, 0x00, 0x00, 0x00, 0x00, 0x00, 0x00, 0x00, 0x00, 0x00, 0x00, 0x00, 0x00, 0x00, 0x00, 0x00, 0x00, 0x00, 0x00, 0x00, 0x00, 0x00, 0x00,
    0x00, 0x00, 0x00, 0x00, 0x00, 0x00, 0x00, 0x00, 0x00, 0x00, 0x00, 0x00, 0x00, 0x00, 0x00, 0x00, 0x00, 0x00, 0x00, 0x00, 0x00, 0x00, 0x00, 0x00, 0x00, 0x00, 0x00, 0x00, 0x00, 0x00, 0x00, 0x00,
    0x4a, 0x59, 0x7a, 0xfd, 0x7a, 0xfd, 0x32, 0xfb, 0xed, 0xc9, 0x4a, 0x59, 0x32, 0xfb, 0x32, 0xfb, 0x32, 0xfb, 0x32, 0xfb, 0x32, 0xfb, 0x32, 0xfb, 0x32, 0xfb, 0x4a, 0x59, 0x4a, 0x59, 0x4a, 0x59,
    0x4a, 0x59, 0x4a, 0x59, 0x4a, 0x59, 0x4a, 0x59, 0x32, 0xfb, 0x32, 0xfb, 0x32, 0xfb, 0x32, 0xfb, 0x32, 0xfb, 0x32, 0xfb, 0x32, 0xfb, 0x4a, 0x59, 0xed, 0xc9, 0x32, 0xfb, 0x7a, 0xfd, 0x4a, 0x59,
    0x00, 0x00, 0x00, 0x00, 0x00, 0x00, 0x00, 0x00, 0x00, 0x00, 0x00, 0x00, 0x00, 0x00, 0x00, 0x00, 0x00, 0x00, 0x00, 0x00, 0x00, 0x00, 0x00, 0x00, 0x00, 0x00, 0x00, 0x00, 0x00, 0x00, 0x00, 0x00,
    0x00, 0x00, 0x00, 0x00, 0x00, 0x00, 0x00, 0x00, 0x00, 0x00, 0x00, 0x00, 0x00, 0x00, 0x00, 0x00, 0x00, 0x00, 0x00, 0x00, 0x00, 0x00, 0x00, 0x00, 0x00, 0x00, 0x00, 0x00, 0x00, 0x00, 0x00, 0x00,
    0x4a, 0x59, 0x7a, 0xfd, 0x7a, 0xfd, 0x32, 0xfb, 0xed, 0xc9, 0x4a, 0x59, 0x32, 0xfb, 0x32, 0xfb, 0x32, 0xfb, 0x32, 0xfb, 0x32, 0xfb, 0x32, 0xfb, 0x32, 0xfb, 0x4a, 0x59, 0xed, 0xc9, 0xed, 0xc9,
    0xed, 0xc9, 0xed, 0xc9, 0xed, 0xc9, 0x4a, 0x59, 0x32, 0xfb, 0x32, 0xfb, 0x32, 0xfb, 0x32, 0xfb, 0x32, 0xfb, 0x32, 0xfb, 0x32, 0xfb, 0x4a, 0x59, 0xed, 0xc9, 0x32, 0xfb, 0x7a, 0xfd, 0x7a, 0xfd,
    0x4a, 0x59, 0x00, 0x00, 0x00, 0x00, 0x00, 0x00, 0x00, 0x00, 0x00, 0x00, 0x00, 0x00, 0x00, 0x00, 0x00, 0x00, 0x00, 0x00, 0x00, 0x00, 0x00, 0x00, 0x00, 0x00, 0x00, 0x00, 0x00, 0x00, 0x00, 0x00,
    0x00, 0x00, 0x00, 0x00, 0x00, 0x00, 0x00, 0x00, 0x00, 0x00, 0x00, 0x00, 0x00, 0x00, 0x00, 0x00, 0x00, 0x00, 0x00, 0x00, 0x00, 0x00, 0x00, 0x00, 0x00, 0x00, 0x00, 0x00, 0x00, 0x00, 0x00, 0x00,
    0x4a, 0x59, 0x7a, 0xfd, 0x7a, 0xfd, 0x32, 0xfb, 0x4a, 0x59, 0x32, 0xfb, 0x32, 0xfb, 0x32, 0xfb, 0x32, 0xfb, 0x32, 0xfb, 0x32, 0xfb, 0x32, 0xfb, 0x32, 0xfb, 0x4a, 0x59, 0xff, 0xff, 0xec, 0xf1,
    0xed, 0xc9, 0xec, 0xf1, 0xec, 0xf1, 0x4a, 0x59, 0x32, 0xfb, 0x32, 0xfb, 0x32, 0xfb, 0x32, 0xfb, 0x32, 0xfb, 0x32, 0xfb, 0x32, 0xfb, 0x32, 0xfb, 0x4a, 0x59, 0x32, 0xfb, 0x7a, 0xfd, 0x7a, 0xfd,
    0x4a, 0x59, 0x00, 0x00, 0x00, 0x00, 0x00, 0x00, 0x00, 0x00, 0x00, 0x00, 0x00, 0x00, 0x00, 0x00, 0x00, 0x00, 0x00, 0x00, 0x00, 0x00, 0x00, 0x00, 0x00, 0x00, 0x00, 0x00, 0x00, 0x00, 0x00, 0x00,
    0x00, 0x00, 0x00, 0x00, 0x00, 0x00, 0x00, 0x00, 0x00, 0x00, 0x00, 0x00, 0x00, 0x00, 0x00, 0x00, 0x00, 0x00, 0x00, 0x00, 0x00, 0x00, 0x00, 0x00, 0x00, 0x00, 0x00, 0x00, 0x00, 0x00, 0x00, 0x00,
    0x4a, 0x59, 0x7a, 0xfd, 0x7a, 0xfd, 0x32, 0xfb, 0x4a, 0x59, 0x32, 0xfb, 0x32, 0xfb, 0x32, 0xfb, 0x32, 0xfb, 0x32, 0xfb, 0x32, 0xfb, 0x32, 0xfb, 0x32, 0xfb, 0x4a, 0x59, 0xec, 0xf1, 0xec, 0xf1,
    0xec, 0xf1, 0xec, 0xf1, 0xec, 0xf1, 0x4a, 0x59, 0x32, 0xfb, 0x32, 0xfb, 0x32, 0xfb, 0x32, 0xfb, 0x32, 0xfb, 0x32, 0xfb, 0x32, 0xfb, 0x32, 0xfb, 0x4a, 0x59, 0x32, 0xfb, 0x7a, 0xfd, 0x7a, 0xfd,
    0x4a, 0x59, 0x00, 0x00, 0x00, 0x00, 0x00, 0x00, 0x00, 0x00, 0x00, 0x00, 0x00, 0x00, 0x00, 0x00, 0x00, 0x00, 0x00, 0x00, 0x00, 0x00, 0x00, 0x00, 0x00, 0x00, 0x00, 0x00, 0x00, 0x00, 0x00, 0x00,
    0x00, 0x00, 0x00, 0x00, 0x00, 0x00, 0x00, 0x00, 0x00, 0x00, 0x00, 0x00, 0x00, 0x00, 0x00, 0x00, 0x00, 0x00, 0x00, 0x00, 0x00, 0x00, 0x00, 0x00, 0x00, 0x00, 0x00, 0x00, 0x00, 0x00, 0x4a, 0x59,
    0x7a, 0xfd, 0x7a, 0xfd, 0x32, 0xfb, 0x32, 0xfb, 0x4a, 0x59, 0x32, 0xfb, 0x32, 0xfb, 0x32, 0xfb, 0x32, 0xfb, 0x32, 0xfb, 0x32, 0xfb, 0x32, 0xfb, 0x32, 0xfb, 0x4a, 0x59, 0xed, 0xc9, 0xec, 0xf1,
    0xec, 0xf1, 0xec, 0xf1, 0xed, 0xc9, 0x4a, 0x59, 0x32, 0xfb, 0x32, 0xfb, 0x32, 0xfb, 0x32, 0xfb, 0x32, 0xfb, 0x32, 0xfb, 0x32, 0xfb, 0x32, 0xfb, 0x4a, 0x59, 0x32, 0xfb, 0x32, 0xfb, 0x7a, 0xfd,
    0x4a, 0x59, 0x00, 0x00, 0x00, 0x00, 0x00, 0x00, 0x00, 0x00, 0x00, 0x00, 0x00, 0x00, 0x00, 0x00, 0x00, 0x00, 0x00, 0x00, 0x00, 0x00, 0x00, 0x00, 0x00, 0x00, 0x00, 0x00, 0x00, 0x00, 0x00, 0x00,
    0x00, 0x00, 0x00, 0x00, 0x00, 0x00, 0x00, 0x00, 0x00, 0x00, 0x00, 0x00, 0x00, 0x00, 0x00, 0x00, 0x00, 0x00, 0x00, 0x00, 0x00, 0x00, 0x00, 0x00, 0x00, 0x00, 0x00, 0x00, 0x00, 0x00, 0x4a, 0x59,
    0x7a, 0xfd, 0x7a, 0xfd, 0x32, 0xfb, 0x32, 0xfb, 0x4a, 0x59, 0x32, 0xfb, 0x32, 0xfb, 0x32, 0xfb, 0x32, 0xfb, 0x32, 0xfb, 0x32, 0xfb, 0x32, 0xfb, 0x32, 0xfb, 0x4a, 0x59, 0xed, 0xc9, 0xed, 0xc9,
    0xec, 0xf1, 0xed, 0xc9, 0xed, 0xc9, 0x4a, 0x59, 0x32, 0xfb, 0x32, 0xfb, 0x32, 0xfb, 0x32, 0xfb, 0x32, 0xfb, 0x32, 0xfb, 0x32, 0xfb, 0x32, 0xfb, 0x4a, 0x59, 0x32, 0xfb, 0x32, 0xfb, 0x7a, 0xfd,
    0x7a, 0xfd, 0x4a, 0x59, 0x00, 0x00, 0x00, 0x00, 0x00, 0x00, 0x00, 0x00, 0x00, 0x00, 0x00, 0x00, 0x00, 0x00, 0x00, 0x00, 0x00, 0x00, 0x00, 0x00, 0x00, 0x00, 0x00, 0x00, 0x00, 0x00, 0x00, 0x00,
    0x00, 0x00, 0x00, 0x00, 0x00, 0x00, 0x00, 0x00, 0x00, 0x00, 0x00, 0x00, 0x00, 0x00, 0x00, 0x00, 0x00, 0x00, 0x00, 0x00, 0x00, 0x00, 0x00, 0x00, 0x00, 0x00, 0x00, 0x00, 0x00, 0x00, 0x4a, 0x59,
    0x7a, 0xfd, 0x7a, 0xfd, 0x32, 0xfb, 0x32, 0xfb, 0x4a, 0x59, 0x32, 0xfb, 0x32, 0xfb, 0x32, 0xfb, 0x32, 0xfb, 0x32, 0xfb, 0x32, 0xfb, 0x32, 0xfb, 0x32, 0xfb, 0x4a, 0x59, 0xed, 0xc9, 0xed, 0xc9,
    0xed, 0xc9, 0xed, 0xc9, 0xed, 0xc9, 0x4a, 0x59, 0x32, 0xfb, 0x32, 0xfb, 0x32, 0xfb, 0x32, 0xfb, 0x32, 0xfb, 0x32, 0xfb, 0x32, 0xfb, 0x32, 0xfb, 0x4a, 0x59, 0x32, 0xfb, 0x32, 0xfb, 0x7a, 0xfd,
    0x7a, 0xfd, 0x4a, 0x59, 0x00, 0x00, 0x00, 0x00, 0x00, 0x00, 0x00, 0x00, 0x00, 0x00, 0x00, 0x00, 0x00, 0x00, 0x00, 0x00, 0x00, 0x00, 0x00, 0x00, 0x00, 0x00, 0x00, 0x00, 0x00, 0x00, 0x00, 0x00,
    0x00, 0x00, 0x00, 0x00, 0x00, 0x00, 0x00, 0x00, 0x00, 0x00, 0x00, 0x00, 0x00, 0x00, 0x00, 0x00, 0x00, 0x00, 0x00, 0x00, 0x00, 0x00, 0x00, 0x00, 0x00, 0x00, 0x00, 0x00, 0x00, 0x00, 0x4a, 0x59,
    0x7a, 0xfd, 0x32, 0xfb, 0x32, 0xfb, 0x32, 0xfb, 0x32, 0xfb, 0x4a, 0x59, 0x32, 0xfb, 0x32, 0xfb, 0x32, 0xfb, 0x32, 0xfb, 0x32, 0xfb, 0x32, 0xfb, 0x32, 0xfb, 0x4a, 0x59, 0xed, 0xc9, 0xed, 0xc9,
    0xed, 0xc9, 0xed, 0xc9, 0xed, 0xc9, 0x4a, 0x59, 0x32, 0xfb, 0x32, 0xfb, 0x32, 0xfb, 0x32, 0xfb, 0x32, 0xfb, 0x32, 0xfb, 0x32, 0xfb, 0x4a, 0x59, 0x32, 0xfb, 0x32, 0xfb, 0x32, 0xfb, 0x32, 0xfb,
    0x7a, 0xfd, 0x4a, 0x59, 0x00, 0x00, 0x00, 0x00, 0x00, 0x00, 0x00, 0x00, 0x00, 0x00, 0x00, 0x00, 0x00, 0x00, 0x00, 0x00, 0x00, 0x00, 0x00, 0x00, 0x00, 0x00, 0x00, 0x00, 0x00, 0x00, 0x00, 0x00,
    0x00, 0x00, 0x00, 0x00, 0x00, 0x00, 0x00, 0x00, 0x00, 0x00, 0x00, 0x00, 0x00, 0x00, 0x00, 0x00, 0x00, 0x00, 0x00, 0x00, 0x00, 0x00, 0x00, 0x00, 0x00, 0x00, 0x00, 0x00, 0x4a, 0x59, 0x7a, 0xfd,
    0x7a, 0xfd, 0x32, 0xfb, 0x32, 0xfb, 0x32, 0xfb, 0x32, 0xfb, 0x4a, 0x59, 0x32, 0xfb, 0x32, 0xfb, 0x32, 0xfb, 0x32, 0xfb, 0x32, 0xfb, 0x32, 0xfb, 0x4a, 0x59, 0x4a, 0x59, 0x4a, 0x59, 0x4a, 0x59,
    0x4a, 0x59, 0x4a, 0x59, 0x4a, 0x59, 0x4a, 0x59, 0x4a, 0x59, 0x32, 0xfb, 0x32, 0xfb, 0x32, 0xfb, 0x32, 0xfb, 0x32, 0xfb, 0x32, 0xfb, 0x4a, 0x59, 0x32, 0xfb, 0x32, 0xfb, 0x32, 0xfb, 0x32, 0xfb,
    0x7a, 0xfd, 0x4a, 0x59, 0x00, 0x00, 0x00, 0x00, 0x00, 0x00, 0x00, 0x00, 0x00, 0x00, 0x00, 0x00, 0x00, 0x00, 0x00, 0x00, 0x00, 0x00, 0x00, 0x00, 0x00, 0x00, 0x00, 0x00, 0x00, 0x00, 0x00, 0x00,
    0x00, 0x00, 0x00, 0x00, 0x00, 0x00, 0x00, 0x00, 0x00, 0x00, 0x00, 0x00, 0x00, 0x00, 0x00, 0x00, 0x00, 0x00, 0x00, 0x00, 0x00, 0x00, 0x00, 0x00, 0x00, 0x00, 0x00, 0x00, 0x4a, 0x59, 0x7a, 0xfd,
    0x7a, 0xfd, 0x7a, 0xfd, 0x7a, 0xfd, 0x7a, 0xfd, 0x7a, 0xfd, 0x7a, 0xfd, 0x4a, 0x59, 0x4a, 0x59, 0x32, 0xfb, 0x4a, 0x59, 0x4a, 0x59, 0x4a, 0x59, 0x7a, 0xfd, 0x7a, 0xfd, 0x7a, 0xfd, 0x7a, 0xfd,
    0x7a, 0xfd, 0x7a, 0xfd, 0x7a, 0xfd, 0x7a, 0xfd, 0x7a, 0xfd, 0x4a, 0x59, 0x4a, 0x59, 0x4a, 0x59, 0x32, 0xfb, 0x4a, 0x59, 0x4a, 0x59, 0x7a, 0xfd, 0x7a, 0xfd, 0x7a, 0xfd, 0x7a, 0xfd, 0x7a, 0xfd,
    0x7a, 0xfd, 0x7a, 0xfd, 0x4a, 0x59, 0x00, 0x00, 0x00, 0x00, 0x00, 0x00, 0x00, 0x00, 0x00, 0x00, 0x00, 0x00, 0x00, 0x00, 0x00, 0x00, 0x00, 0x00, 0x00, 0x00, 0x00, 0x00, 0x00, 0x00, 0x00, 0x00,
    0x00, 0x00, 0x00, 0x00, 0x00, 0x00, 0x00, 0x00, 0x00, 0x00, 0x00, 0x00, 0x00, 0x00, 0x00, 0x00, 0x00, 0x00, 0x00, 0x00, 0x00, 0x00, 0x00, 0x00, 0x00, 0x00, 0x00, 0x00, 0x4a, 0x59, 0x4a, 0x59,
    0x4a, 0x59, 0x4a, 0x59, 0x4a, 0x59, 0x4a, 0x59, 0x4a, 0x59, 0x4a, 0x59, 0x4a, 0x59, 0x4a, 0x59, 0x4a, 0x59, 0x4a, 0x59, 0x4a, 0x59, 0x4a, 0x59, 0x4a, 0x59, 0x4a, 0x59, 0x4a, 0x59, 0x4a, 0x59,
    0x4a, 0x59, 0x4a, 0x59, 0x4a, 0x59, 0x4a, 0x59, 0x4a, 0x59, 0x7a, 0xfd, 0x7a, 0xfd, 0x7a, 0xfd, 0x4a, 0x59, 0x4a, 0x59, 0x4a, 0x59, 0x4a, 0x59, 0x4a, 0x59, 0x4a, 0x59, 0x4a, 0x59, 0x4a, 0x59,
    0x4a, 0x59, 0x4a, 0x59, 0x4a, 0x59, 0x00, 0x00, 0x00, 0x00, 0x00, 0x00, 0x00, 0x00, 0x00, 0x00, 0x00, 0x00, 0x00, 0x00, 0x00, 0x00, 0x00, 0x00, 0x00, 0x00, 0x00, 0x00, 0x00, 0x00, 0x00, 0x00,
    0x00, 0x00, 0x00, 0x00, 0x00, 0x00, 0x00, 0x00, 0x00, 0x00, 0x00, 0x00, 0x00, 0x00, 0x00, 0x00, 0x00, 0x00, 0x00, 0x00, 0x00, 0x00, 0x00, 0x00, 0x00, 0x00, 0x00, 0x00, 0x00, 0x00, 0x00, 0x00,
    0x00, 0x00, 0x00, 0x00, 0x00, 0x00, 0x00, 0x00, 0x00, 0x00, 0x00, 0x00, 0x4a, 0x59, 0x7a, 0xfd, 0x4a, 0x59, 0x32, 0xfb, 0x32, 0xfb, 0x32, 0xfb, 0x4a, 0x59, 0xed, 0xc9, 0xed, 0xc9, 0xed, 0xc9,
    0x4a, 0x59, 0x32, 0xfb, 0x32, 0xfb, 0x32, 0xfb, 0x4a, 0x59, 0x7a, 0xfd, 0x7a, 0xfd, 0x7a, 0xfd, 0x7a, 0xfd, 0x7a, 0xfd, 0x4a, 0x59, 0x00, 0x00, 0x00, 0x00, 0x00, 0x00, 0x00, 0x00, 0x00, 0x00,
    0x00, 0x00, 0x00, 0x00, 0x00, 0x00, 0x00, 0x00, 0x00, 0x00, 0x00, 0x00, 0x00, 0x00, 0x00, 0x00, 0x00, 0x00, 0x00, 0x00, 0x00, 0x00, 0x00, 0x00, 0x00, 0x00, 0x00, 0x00, 0x00, 0x00, 0x00, 0x00,
    0x00, 0x00, 0x00, 0x00, 0x00, 0x00, 0x00, 0x00, 0x00, 0x00, 0x00, 0x00, 0x00, 0x00, 0x00, 0x00, 0x00, 0x00, 0x00, 0x00, 0x00, 0x00, 0x00, 0x00, 0x00, 0x00, 0x00, 0x00, 0x00, 0x00, 0x00, 0x00,
    0x00, 0x00, 0x00, 0x00, 0x00, 0x00, 0x00, 0x00, 0x00, 0x00, 0x4a, 0x59, 0x7a, 0xfd, 0x7a, 0xfd, 0x7a, 0xfd, 0x4a, 0x59, 0x32, 0xfb, 0x4a, 0x59, 0x4a, 0x59, 0xed, 0xc9, 0xed, 0xc9, 0x4a, 0x59,
    0x7a, 0xfd, 0x4a, 0x59, 0x32, 0xfb, 0x4a, 0x59, 0x7a, 0xfd, 0x7a, 0xfd, 0x7a, 0xfd, 0x7a, 0xfd, 0x7a, 0xfd, 0x7a, 0xfd, 0x7a, 0xfd, 0x4a, 0x59, 0x00, 0x00, 0x00, 0x00, 0x00, 0x00, 0x00, 0x00,
    0x00, 0x00, 0x00, 0x00, 0x00, 0x00, 0x00, 0x00, 0x00, 0x00, 0x00, 0x00, 0x00, 0x00, 0x00, 0x00, 0x00, 0x00, 0x00, 0x00, 0x00, 0x00, 0x00, 0x00, 0x00, 0x00, 0x00, 0x00, 0x00, 0x00, 0x00, 0x00,
    0x00, 0x00, 0x00, 0x00, 0x00, 0x00, 0x00, 0x00, 0x00, 0x00, 0x00, 0x00, 0x00, 0x00, 0x00, 0x00, 0x00, 0x00, 0x00, 0x00, 0x00, 0x00, 0x00, 0x00, 0x00, 0x00, 0x00, 0x00, 0x00, 0x00, 0x00, 0x00,
    0x00, 0x00, 0x00, 0x00, 0x00, 0x00, 0x00, 0x00, 0x4a, 0x59, 0x7a, 0xfd, 0x5c, 0xfe, 0x5c, 0xfe, 0x7a, 0xfd, 0x4a, 0x59, 0x32, 0xfb, 0x4a, 0x59, 0x7a, 0xfd, 0x4a, 0x59, 0xed, 0xc9, 0x4a, 0x59,
    0x7a, 0xfd, 0x4a, 0x59, 0x32, 0xfb, 0x4a, 0x59, 0x7a, 0xfd, 0x7a, 0xfd, 0x7a, 0xfd, 0x7a, 0xfd, 0x7a, 0xfd, 0x7a, 0xfd, 0x7a, 0xfd, 0x7a, 0xfd, 0x4a, 0x59, 0x00, 0x00, 0x00, 0x00, 0x00, 0x00,
    0x00, 0x00, 0x00, 0x00, 0x00, 0x00, 0x00, 0x00, 0x00, 0x00, 0x00, 0x00, 0x00, 0x00, 0x00, 0x00, 0x00, 0x00, 0x00, 0x00, 0x00, 0x00, 0x00, 0x00, 0x00, 0x00, 0x00, 0x00, 0x00, 0x00, 0x00, 0x00,
    0x00, 0x00, 0x00, 0x00, 0x00, 0x00, 0x00, 0x00, 0x00, 0x00, 0x00, 0x00, 0x00, 0x00, 0x00, 0x00, 0x00, 0x00, 0x00, 0x00, 0x00, 0x00, 0x00, 0x00, 0x00, 0x00, 0x00, 0x00, 0x00, 0x00, 0x00, 0x00,
    0x00, 0x00, 0x00, 0x00, 0x00, 0x00, 0x4a, 0x59, 0x7a, 0xfd, 0x7a, 0xfd, 0x5c, 0xfe, 0x7a, 0xfd, 0x7a, 0xfd, 0x4a, 0x59, 0x32, 0xfb, 0x4a, 0x59, 0x7a, 0xfd, 0x4a, 0x59, 0xed, 0xc9, 0x4a, 0x59,
    0x7a, 0xfd, 0x4a, 0x59, 0x32, 0xfb, 0x4a, 0x59, 0x7a, 0xfd, 0x7a, 0xfd, 0x7a, 0xfd, 0x7a, 0xfd, 0x7a, 0xfd, 0x7a, 0xfd, 0x7a, 0xfd, 0x7a, 0xfd, 0x7a, 0xfd, 0x4a, 0x59, 0x00, 0x00, 0x00, 0x00,
    0x00, 0x00, 0x00, 0x00, 0x00, 0x00, 0x00, 0x00, 0x00, 0x00, 0x00, 0x00, 0x00, 0x00, 0x00, 0x00, 0x00, 0x00, 0x00, 0x00, 0x00, 0x00, 0x00, 0x00, 0x00, 0x00, 0x00, 0x00, 0x00, 0x00, 0x00, 0x00,
    0x00, 0x00, 0x00, 0x00, 0x00, 0x00, 0x00, 0x00, 0x00, 0x00, 0x00, 0x00, 0x00, 0x00, 0x00, 0x00, 0x00, 0x00, 0x00, 0x00, 0x00, 0x00, 0x00, 0x00, 0x00, 0x00, 0x00, 0x00, 0x00, 0x00, 0x00, 0x00,
    0x00, 0x00, 0x00, 0x00, 0x4a, 0x59, 0x7a, 0xfd, 0x7a, 0xfd, 0x7a, 0xfd, 0x7a, 0xfd, 0x7a, 0xfd, 0x7a, 0xfd, 0x7a, 0xfd, 0x4a, 0x59, 0x7a, 0xfd, 0x7a, 0xfd, 0x4a, 0x59, 0xed, 0xc9, 0x4a, 0x59,
    0x7a, 0xfd, 0x7a, 0xfd, 0x4a, 0x59, 0x7a, 0xfd, 0x7a, 0xfd, 0x7a, 0xfd, 0x7a, 0xfd, 0x7a, 0xfd, 0x7a, 0xfd, 0x7a, 0xfd, 0x7a, 0xfd, 0x7a, 0xfd, 0x7a, 0xfd, 0x7a, 0xfd, 0x4a, 0x59, 0x00, 0x00,
    0x00, 0x00, 0x00, 0x00, 0x00, 0x00, 0x00, 0x00, 0x00, 0x00, 0x00, 0x00, 0x00, 0x00, 0x00, 0x00, 0x00, 0x00, 0x00, 0x00, 0x00, 0x00, 0x00, 0x00, 0x00, 0x00, 0x00, 0x00, 0x00, 0x00, 0x00, 0x00,
    0x00, 0x00, 0x00, 0x00, 0x00, 0x00, 0x00, 0x00, 0x00, 0x00, 0x00, 0x00, 0x00, 0x00, 0x00, 0x00, 0x00, 0x00, 0x00, 0x00, 0x00, 0x00, 0x00, 0x00, 0x00, 0x00, 0x00, 0x00, 0x00, 0x00, 0x00, 0x00,
    0x00, 0x00, 0x00, 0x00, 0x42, 0x08, 0x7a, 0xfd, 0x7a, 0xfd, 0x7a, 0xfd, 0x7a, 0xfd, 0x7a, 0xfd, 0x7a, 0xfd, 0x7a, 0xfd, 0x4a, 0x59, 0x7a, 0xfd, 0x7a, 0xfd, 0x4a, 0x59, 0x4a, 0x59, 0x7a, 0xfd,
    0x7a, 0xfd, 0x7a, 0xfd, 0x4a, 0x59, 0x7a, 0xfd, 0x7a, 0xfd, 0x7a, 0xfd, 0x7a, 0xfd, 0x7a, 0xfd, 0x7a, 0xfd, 0x7a, 0xfd, 0x7a, 0xfd, 0x7a, 0xfd, 0x7a, 0xfd, 0x7a, 0xfd, 0x42, 0x08, 0x00, 0x00,
    0x00, 0x00, 0x00, 0x00, 0x00, 0x00, 0x00, 0x00, 0x00, 0x00, 0x00, 0x00, 0x00, 0x00, 0x00, 0x00, 0x00, 0x00, 0x00, 0x00, 0x00, 0x00, 0x00, 0x00, 0x00, 0x00, 0x00, 0x00, 0x00, 0x00, 0x00, 0x00,
    0x00, 0x00, 0x00, 0x00, 0x00, 0x00, 0x00, 0x00, 0x00, 0x00, 0x00, 0x00, 0x00, 0x00, 0x00, 0x00, 0x00, 0x00, 0x00, 0x00, 0x00, 0x00, 0x00, 0x00, 0x00, 0x00, 0x00, 0x00, 0x00, 0x00, 0x00, 0x00,
    0x00, 0x00, 0x4a, 0x59, 0x7a, 0xfd, 0x42, 0x08, 0x7a, 0xfd, 0x7a, 0xfd, 0x7a, 0xfd, 0x7a, 0xfd, 0x7a, 0xfd, 0x7a, 0xfd, 0x7a, 0xfd, 0x7a, 0xfd, 0x7a, 0xfd, 0x7a, 0xfd, 0x4a, 0x59, 0x7a, 0xfd,
    0x7a, 0xfd, 0x7a, 0xfd, 0x7a, 0xfd, 0x7a, 0xfd, 0x7a, 0xfd, 0x7a, 0xfd, 0x7a, 0xfd, 0x7a, 0xfd, 0x7a, 0xfd, 0x7a, 0xfd, 0x7a, 0xfd, 0x7a, 0xfd, 0x7a, 0xfd, 0x42, 0x08, 0x7a, 0xfd, 0x4a, 0x59,
    0x00, 0x00, 0x00, 0x00, 0x00, 0x00, 0x00, 0x00, 0x00, 0x00, 0x00, 0x00, 0x00, 0x00, 0x00, 0x00, 0x00, 0x00, 0x00, 0x00, 0x00, 0x00, 0x00, 0x00, 0x00, 0x00, 0x00, 0x00, 0x00, 0x00, 0x00, 0x00,
    0x00, 0x00, 0x00, 0x00, 0x00, 0x00, 0x00, 0x00, 0x00, 0x00, 0x00, 0x00, 0x00, 0x00, 0x00, 0x00, 0x00, 0x00, 0x00, 0x00, 0x00, 0x00, 0x00, 0x00, 0x00, 0x00, 0x00, 0x00, 0x00, 0x00, 0x00, 0x00,
    0x00, 0x00, 0x4a, 0x59, 0x42, 0x08, 0x42, 0x08, 0x42, 0x08, 0x7a, 0xfd, 0x7a, 0xfd, 0x42, 0x08, 0x42, 0x08, 0x42, 0x08, 0x7a, 0xfd, 0x7a, 0xfd, 0x7a, 0xfd, 0x7a, 0xfd, 0x4a, 0x59, 0x7a, 0xfd,
    0x7a, 0xfd, 0x7a, 0xfd, 0x7a, 0xfd, 0x7a, 0xfd, 0x7a, 0xfd, 0x7a, 0xfd, 0x7a, 0xfd, 0x42, 0x08, 0x42, 0x08, 0x42, 0x08, 0x7a, 0xfd, 0x7a, 0xfd, 0x42, 0x08, 0x42, 0x08, 0x42, 0x08, 0x4a, 0x59,
    0x00, 0x00, 0x00, 0x00, 0x00, 0x00, 0x00, 0x00, 0x00, 0x00, 0x00, 0x00, 0x00, 0x00, 0x00, 0x00, 0x00, 0x00, 0x00, 0x00, 0x00, 0x00, 0x00, 0x00, 0x00, 0x00, 0x00, 0x00, 0x00, 0x00, 0x00, 0x00,
    0x00, 0x00, 0x00, 0x00, 0x00, 0x00, 0x00, 0x00, 0x00, 0x00, 0x00, 0x00, 0x00, 0x00, 0x00, 0x00, 0x00, 0x00, 0x00, 0x00, 0x00, 0x00, 0x00, 0x00, 0x00, 0x00, 0x00, 0x00, 0x00, 0x00, 0x00, 0x00,
    0x4a, 0x59, 0x7a, 0xfd, 0x7a, 0xfd, 0x7a, 0xfd, 0x42, 0x08, 0x42, 0x08, 0x42, 0x08, 0xff, 0xff, 0xa5, 0x88, 0xa5, 0x88, 0x42, 0x08, 0x42, 0x08, 0x7a, 0xfd, 0x7a, 0xfd, 0x7a, 0xfd, 0x7a, 0xfd,
    0x7a, 0xfd, 0x7a, 0xfd, 0x7a, 0xfd, 0x7a, 0xfd, 0x7a, 0xfd, 0x42, 0x08, 0x42, 0x08, 0xff, 0xff, 0xa5, 0x88, 0xa5, 0x88, 0x42, 0x08, 0x42, 0x08, 0x42, 0x08, 0x7a, 0xfd, 0x7a, 0xfd, 0x7a, 0xfd,
    0x4a, 0x59, 0x00, 0x00, 0x00, 0x00, 0x00, 0x00, 0x00, 0x00, 0x00, 0x00, 0x00, 0x00, 0x00, 0x00, 0x00, 0x00, 0x00, 0x00, 0x00, 0x00, 0x00, 0x00, 0x00, 0x00, 0x00, 0x00, 0x00, 0x00, 0x00, 0x00,
    0x00, 0x00, 0x00, 0x00, 0x00, 0x00, 0x00, 0x00, 0x00, 0x00, 0x00, 0x00, 0x00, 0x00, 0x00, 0x00, 0x00, 0x00, 0x00, 0x00, 0x00, 0x00, 0x00, 0x00, 0x00, 0x00, 0x00, 0x00, 0x00, 0x00, 0x00, 0x00,
    0x4a, 0x59, 0x7a, 0xfd, 0x7a, 0xfd, 0x7a, 0xfd, 0x7a, 0xfd, 0x42, 0x08, 0xff, 0xff, 0xa5, 0x88, 0xff, 0xff, 0x48, 0xd9, 0xa5, 0x88, 0x42, 0x08, 0x7a, 0xfd, 0x7a, 0xfd, 0x7a, 0xfd, 0x7a, 0xfd,
    0x7a, 0xfd, 0x7a, 0xfd, 0x7a, 0xfd, 0x7a, 0xfd, 0x7a, 0xfd, 0x42, 0x08, 0xff, 0xff, 0xa5, 0x88, 0xff, 0xff, 0x48, 0xd9, 0xa5, 0x88, 0x42, 0x08, 0x7a, 0xfd, 0x7a, 0xfd, 0x7a, 0xfd, 0x7a, 0xfd,
    0x4a, 0x59, 0x00, 0x00, 0x00, 0x00, 0x00, 0x00, 0x00, 0x00, 0x00, 0x00, 0x00, 0x00, 0x00, 0x00, 0x00, 0x00, 0x00, 0x00, 0x00, 0x00, 0x00, 0x00, 0x00, 0x00, 0x00, 0x00, 0x00, 0x00, 0x00, 0x00,
    0x00, 0x00, 0x00, 0x00, 0x00, 0x00, 0x00, 0x00, 0x00, 0x00, 0x00, 0x00, 0x00, 0x00, 0x00, 0x00, 0x00, 0x00, 0x00, 0x00, 0x00, 0x00, 0x00, 0x00, 0x00, 0x00, 0x00, 0x00, 0x00, 0x00, 0x00, 0x00,
    0x4a, 0x59, 0x7a, 0xfd, 0x7a, 0xfd, 0x7a, 0xfd, 0x42, 0x08, 0xff, 0xff, 0xa5, 0x88, 0x42, 0x08, 0x42, 0x08, 0x42, 0x08, 0x48, 0xd9, 0xa5, 0x88, 0x42, 0x08, 0x7a, 0xfd, 0x7a, 0xfd, 0x7a, 0xfd,
    0x7a, 0xfd, 0x7a, 0xfd, 0x7a, 0xfd, 0x7a, 0xfd, 0x42, 0x08, 0xff, 0xff, 0xa5, 0x88, 0x42, 0x08, 0x42, 0x08, 0x42, 0x08, 0x48, 0xd9, 0xa5, 0x88, 0x42, 0x08, 0x7a, 0xfd, 0x7a, 0xfd, 0x7a, 0xfd,
    0x4a, 0x59, 0x00, 0x00, 0x00, 0x00, 0x00, 0x00, 0x00, 0x00, 0x00, 0x00, 0x00, 0x00, 0x00, 0x00, 0x00, 0x00, 0x00, 0x00, 0x00, 0x00, 0x00, 0x00, 0x00, 0x00, 0x00, 0x00, 0x00, 0x00, 0x00, 0x00,
    0x00, 0x00, 0x00, 0x00, 0x00, 0x00, 0x00, 0x00, 0x00, 0x00, 0x00, 0x00, 0x00, 0x00, 0x00, 0x00, 0x00, 0x00, 0x00, 0x00, 0x00, 0x00, 0x00, 0x00, 0x00, 0x00, 0x00, 0x00, 0x00, 0x00, 0x00, 0x00,
    0x4a, 0x59, 0x7a, 0xfd, 0x7a, 0xfd, 0x7a, 0xfd, 0x42, 0x08, 0xff, 0xff, 0xa5, 0x88, 0x42, 0x08, 0x42, 0x08, 0x42, 0x08, 0x48, 0xd9, 0xa5, 0x88, 0x42, 0x08, 0x7a, 0xfd, 0x7a, 0xfd, 0x7a, 0xfd,
    0x7a, 0xfd, 0x7a, 0xfd, 0x7a, 0xfd, 0x7a, 0xfd, 0x42, 0x08, 0xff, 0xff, 0xa5, 0x88, 0x42, 0x08, 0x42, 0x08, 0x42, 0x08, 0x48, 0xd9, 0xa5, 0x88, 0x42, 0x08, 0x7a, 0xfd, 0x7a, 0xfd, 0x7a, 0xfd,
    0x4a, 0x59, 0x00, 0x00, 0x00, 0x00, 0x00, 0x00, 0x00, 0x00, 0x00, 0x00, 0x00, 0x00, 0x00, 0x00, 0x00, 0x00, 0x00, 0x00, 0x00, 0x00, 0x00, 0x00, 0x00, 0x00, 0x00, 0x00, 0x00, 0x00, 0x00, 0x00,
    0x00, 0x00, 0x00, 0x00, 0x00, 0x00, 0x00, 0x00, 0x00, 0x00, 0x00, 0x00, 0x00, 0x00, 0x00, 0x00, 0x00, 0x00, 0x00, 0x00, 0x00, 0x00, 0x00, 0x00, 0x00, 0x00, 0x00, 0x00, 0x00, 0x00, 0x00, 0x00,
    0x4a, 0x59, 0x7a, 0xfd, 0x7a, 0xfd, 0x7a, 0xfd, 0x42, 0x08, 0xff, 0xff, 0xa5, 0x88, 0x48, 0xd9, 0x42, 0x08, 0x48, 0xd9, 0x48, 0xd9, 0xa5, 0x88, 0x42, 0x08, 0x7a, 0xfd, 0x7a, 0xfd, 0x7a, 0xfd,
    0x7a, 0xfd, 0x7a, 0xfd, 0x7a, 0xfd, 0x7a, 0xfd, 0x42, 0x08, 0xff, 0xff, 0xa5, 0x88, 0x48, 0xd9, 0x42, 0x08, 0x48, 0xd9, 0x48, 0xd9, 0xa5, 0x88, 0x42, 0x08, 0x7a, 0xfd, 0x7a, 0xfd, 0x7a, 0xfd,
    0x4a, 0x59, 0x00, 0x00, 0x00, 0x00, 0x00, 0x00, 0x00, 0x00, 0x00, 0x00, 0x00, 0x00, 0x00, 0x00, 0x00, 0x00, 0x00, 0x00, 0x00, 0x00, 0x00, 0x00, 0x00, 0x00, 0x00, 0x00, 0x00, 0x00, 0x00, 0x00,
    0x00, 0x00, 0x00, 0x00, 0x00, 0x00, 0x00, 0x00, 0x00, 0x00, 0x00, 0x00, 0x00, 0x00, 0x00, 0x00, 0x00, 0x00, 0x00, 0x00, 0x00, 0x00, 0x00, 0x00, 0x00, 0x00, 0x00, 0x00, 0x00, 0x00, 0x00, 0x00,
    0x4a, 0x59, 0x7a, 0xfd, 0x7a, 0xfd, 0x7a, 0xfd, 0x7a, 0xfd, 0x42, 0x08, 0xff, 0xff, 0xa5, 0x88, 0x48, 0xd9, 0xff, 0xff, 0xa5, 0x88, 0x42, 0x08, 0x7a, 0xfd, 0x7a, 0xfd, 0x7a, 0xfd, 0x7a, 0xfd,
    0x7a, 0xfd, 0x7a, 0xfd, 0x7a, 0xfd, 0x7a, 0xfd, 0x7a, 0xfd, 0x42, 0x08, 0xff, 0xff, 0xa5, 0x88, 0x48, 0xd9, 0xff, 0xff, 0xa5, 0x88, 0x42, 0x08, 0x7a, 0xfd, 0x7a, 0xfd, 0x7a, 0xfd, 0x7a, 0xfd,
    0x4a, 0x59, 0x00, 0x00, 0x00, 0x00, 0x00, 0x00, 0x00, 0x00, 0x00, 0x00, 0x00, 0x00, 0x00, 0x00, 0x00, 0x00, 0x00, 0x00, 0x00, 0x00, 0x00, 0x00, 0x00, 0x00, 0x00, 0x00, 0x00, 0x00, 0x00, 0x00,
    0x00, 0x00, 0x00, 0x00, 0x00, 0x00, 0x00, 0x00, 0x00, 0x00, 0x00, 0x00, 0x00, 0x00, 0x00, 0x00, 0x00, 0x00, 0x00, 0x00, 0x00, 0x00, 0x00, 0x00, 0x00, 0x00, 0x00, 0x00, 0x00, 0x00, 0x00, 0x00,
    0x4a, 0x59, 0x7a, 0xfd, 0x7a, 0xfd, 0x7a, 0xfd, 0x7a, 0xfd, 0x42, 0x08, 0x42, 0x08, 0xff, 0xff, 0xa5, 0x88, 0xa5, 0x88, 0x42, 0x08, 0x42, 0x08, 0x7a, 0xfd, 0x7a, 0xfd, 0x7a, 0xfd, 0x7a, 0xfd,
    0x7a, 0xfd, 0x7a, 0xfd, 0x7a, 0xfd, 0x7a, 0xfd, 0x15, 0xd4, 0x42, 0x08, 0x42, 0x08, 0xff, 0xff, 0xa5, 0x88, 0xa5, 0x88, 0x42, 0x08, 0x42, 0x08, 0x15, 0xd4, 0x7a, 0xfd, 0x7a, 0xfd, 0x7a, 0xfd,
    0x4a, 0x59, 0x00, 0x00, 0x00, 0x00, 0x00, 0x00, 0x00, 0x00, 0x00, 0x00, 0x00, 0x00, 0x00, 0x00, 0x00, 0x00, 0x00, 0x00, 0x00, 0x00, 0x00, 0x00, 0x00, 0x00, 0x00, 0x00, 0x00, 0x00, 0x00, 0x00,
    0x00, 0x00, 0x00, 0x00, 0x00, 0x00, 0x00, 0x00, 0x00, 0x00, 0x00, 0x00, 0x00, 0x00, 0x00, 0x00, 0x00, 0x00, 0x00, 0x00, 0x00, 0x00, 0x00, 0x00, 0x00, 0x00, 0x00, 0x00, 0x00, 0x00, 0x00, 0x00,
    0x00, 0x00, 0x4a, 0x59, 0x7a, 0xfd, 0x74, 0xfb, 0x74, 0xfb, 0x7a, 0xfd, 0x7a, 0xfd, 0x42, 0x08, 0x42, 0x08, 0x42, 0x08, 0x7a, 0xfd, 0x7a, 0xfd, 0x7a, 0xfd, 0x7a, 0xfd, 0x7a, 0xfd, 0x7a, 0xfd,
    0x7a, 0xfd, 0x7a, 0xfd, 0x7a, 0xfd, 0x15, 0xd4, 0x15, 0xd4, 0x15, 0xd4, 0x15, 0xd4, 0x42, 0x08, 0x42, 0x08, 0x42, 0x08, 0x15, 0xd4, 0x15, 0xd4, 0x74, 0xfb, 0x74, 0xfb, 0x7a, 0xfd, 0x4a, 0x59,
    0x00, 0x00, 0x00, 0x00, 0x00, 0x00, 0x00, 0x00, 0x00, 0x00, 0x00, 0x00, 0x00, 0x00, 0x00, 0x00, 0x00, 0x00, 0x00, 0x00, 0x00, 0x00, 0x00, 0x00, 0x00, 0x00, 0x00, 0x00, 0x00, 0x00, 0x00, 0x00,
    0x00, 0x00, 0x00, 0x00, 0x00, 0x00, 0x00, 0x00, 0x00, 0x00, 0x00, 0x00, 0x00, 0x00, 0x00, 0x00, 0x00, 0x00, 0x00, 0x00, 0x00, 0x00, 0x00, 0x00, 0x00, 0x00, 0x00, 0x00, 0x00, 0x00, 0x00, 0x00,
    0x00, 0x00, 0x4a, 0x59, 0x74, 0xfb, 0x74, 0xfb, 0x74, 0xfb, 0x74, 0xfb, 0x7a, 0xfd, 0x7a, 0xfd, 0x7a, 0xfd, 0x7a, 0xfd, 0x7a, 0xfd, 0x7a, 0xfd, 0x7a, 0xfd, 0x7a, 0xfd, 0x7a, 0xfd, 0x7a, 0xfd,
    0x7a, 0xfd, 0x7a, 0xfd, 0x7a, 0xfd, 0x15, 0xd4, 0x15, 0xd4, 0x15, 0xd4, 0x15, 0xd4, 0x15, 0xd4, 0x15, 0xd4, 0x15, 0xd4, 0x15, 0xd4, 0x74, 0xfb, 0x74, 0xfb, 0x74, 0xfb, 0x74, 0xfb, 0x4a, 0x59,
    0x00, 0x00, 0x00, 0x00, 0x00, 0x00, 0x00, 0x00, 0x00, 0x00, 0x00, 0x00, 0x00, 0x00, 0x00, 0x00, 0x00, 0x00, 0x00, 0x00, 0x00, 0x00, 0x00, 0x00, 0x00, 0x00, 0x00, 0x00, 0x00, 0x00, 0x00, 0x00,
    0x00, 0x00, 0x00, 0x00, 0x00, 0x00, 0x00, 0x00, 0x00, 0x00, 0x00, 0x00, 0x00, 0x00, 0x00, 0x00, 0x00, 0x00, 0x00, 0x00, 0x00, 0x00, 0x00, 0x00, 0x00, 0x00, 0x00, 0x00, 0x00, 0x00, 0x00, 0x00,
    0x00, 0x00, 0x00, 0x00, 0x74, 0xfb, 0x74, 0xfb, 0x74, 0xfb, 0x74, 0xfb, 0x7a, 0xfd, 0x7a, 0xfd, 0x7a, 0xfd, 0x7a, 0xfd, 0x7a, 0xfd, 0x7a, 0xfd, 0x7a, 0xfd, 0x7a, 0xfd, 0x7a, 0xfd, 0x7a, 0xfd,
    0x7a, 0xfd, 0x7a, 0xfd, 0x15, 0xd4, 0x15, 0xd4, 0x15, 0xd4, 0x15, 0xd4, 0x15, 0xd4, 0x15, 0xd4, 0x15, 0xd4, 0x15, 0xd4, 0x15, 0xd4, 0x74, 0xfb, 0x74, 0xfb, 0x74, 0xfb, 0x74, 0xfb, 0x00, 0x00,
    0x00, 0x00, 0x00, 0x00, 0x00, 0x00, 0x00, 0x00, 0x00, 0x00, 0x00, 0x00, 0x00, 0x00, 0x00, 0x00, 0x00, 0x00, 0x00, 0x00, 0x00, 0x00, 0x00, 0x00, 0x00, 0x00, 0x00, 0x00, 0x00, 0x00, 0x00, 0x00,
    0x00, 0x00, 0x00, 0x00, 0x00, 0x00, 0x00, 0x00, 0x00, 0x00, 0x00, 0x00, 0x00, 0x00, 0x00, 0x00, 0x00, 0x00, 0x00, 0x00, 0x00, 0x00, 0x00, 0x00, 0x00, 0x00, 0x00, 0x00, 0x00, 0x00, 0x00, 0x00,
    0x00, 0x00, 0x00, 0x00, 0x4a, 0x59, 0x74, 0xfb, 0x74, 0xfb, 0x7a, 0xfd, 0x7a, 0xfd, 0x7a, 0xfd, 0x7a, 0xfd, 0x7a, 0xfd, 0x7a, 0xfd, 0x7a, 0xfd, 0x7a, 0xfd, 0x7a, 0xfd, 0x7a, 0xfd, 0x7a, 0xfd,
    0x7a, 0xfd, 0x7a, 0xfd, 0x15, 0xd4, 0x15, 0xd4, 0x15, 0xd4, 0x15, 0xd4, 0x15, 0xd4, 0x15, 0xd4, 0x15, 0xd4, 0x15, 0xd4, 0x15, 0xd4, 0x15, 0xd4, 0x74, 0xfb, 0x74, 0xfb, 0x4a, 0x59, 0x00, 0x00,
    0x00, 0x00, 0x00, 0x00, 0x00, 0x00, 0x00, 0x00, 0x00, 0x00, 0x00, 0x00, 0x00, 0x00, 0x00, 0x00, 0x00, 0x00, 0x00, 0x00, 0x00, 0x00, 0x00, 0x00, 0x00, 0x00, 0x00, 0x00, 0x00, 0x00, 0x00, 0x00,
    0x00, 0x00, 0x00, 0x00, 0x00, 0x00, 0x00, 0x00, 0x00, 0x00, 0x00, 0x00, 0x00, 0x00, 0x00, 0x00, 0x00, 0x00, 0x00, 0x00, 0x00, 0x00, 0x00, 0x00, 0x00, 0x00, 0x00, 0x00, 0x00, 0x00, 0x00, 0x00,
    0x00, 0x00, 0x00, 0x00, 0x00, 0x00, 0x4a, 0x59, 0x7a, 0xfd, 0x7a, 0xfd, 0x7a, 0xfd, 0x7a, 0xfd, 0x7a, 0xfd, 0x7a, 0xfd, 0x7a, 0xfd, 0x7a, 0xfd, 0x4a, 0x59, 0x7a, 0xfd, 0x7a, 0xfd, 0x7a, 0xfd,
    0x7a, 0xfd, 0x7a, 0xfd, 0x15, 0xd4, 0x15, 0xd4, 0x4a, 0x59, 0x15, 0xd4, 0x15, 0xd4, 0x15, 0xd4, 0x15, 0xd4, 0x15, 0xd4, 0x15, 0xd4, 0x15, 0xd4, 0x15, 0xd4, 0x4a, 0x59, 0x15, 0xd4, 0x00, 0x00,
    0x00, 0x00, 0x00, 0x00, 0x00, 0x00, 0x00, 0x00, 0x00, 0x00, 0x00, 0x00, 0x00, 0x00, 0x00, 0x00, 0x00, 0x00, 0x00, 0x00, 0x00, 0x00, 0x00, 0x00, 0x00, 0x00, 0x00, 0x00, 0x00, 0x00, 0x00, 0x00,
    0x00, 0x00, 0x00, 0x00, 0x00, 0x00, 0x00, 0x00, 0x00, 0x00, 0x00, 0x00, 0x00, 0x00, 0x00, 0x00, 0x00, 0x00, 0x00, 0x00, 0x00, 0x00, 0x00, 0x00, 0x00, 0x00, 0x00, 0x00, 0x00, 0x00, 0x00, 0x00,
    0x00, 0x00, 0x00, 0x00, 0x00, 0x00, 0x00, 0x00, 0x4a, 0x59, 0x7a, 0xfd, 0x7a, 0xfd, 0x7a, 0xfd, 0x7a, 0xfd, 0x7a, 0xfd, 0x7a, 0xfd, 0x7a, 0xfd, 0x7a, 0xfd, 0x4a, 0x59, 0x7a, 0xfd, 0x7a, 0xfd,
    0x7a, 0xfd, 0x7a, 0xfd, 0x7a, 0xfd, 0x4a, 0x59, 0x15, 0xd4, 0x15, 0xd4, 0x15, 0xd4, 0x15, 0xd4, 0x15, 0xd4, 0x15, 0xd4, 0x15, 0xd4, 0x15, 0xd4, 0x4a, 0x59, 0x15, 0xd4, 0x00, 0x00, 0x00, 0x00,
    0x00, 0x00, 0x00, 0x00, 0x00, 0x00, 0x00, 0x00, 0x00, 0x00, 0x00, 0x00, 0x00, 0x00, 0x00, 0x00, 0x00, 0x00, 0x00, 0x00, 0x00, 0x00, 0x00, 0x00, 0x00, 0x00, 0x00, 0x00, 0x00, 0x00, 0x00, 0x00,
    0x00, 0x00, 0x00, 0x00, 0x00, 0x00, 0x00, 0x00, 0x00, 0x00, 0x00, 0x00, 0x00, 0x00, 0x00, 0x00, 0x00, 0x00, 0x00, 0x00, 0x00, 0x00, 0x00, 0x00, 0x00, 0x00, 0x00, 0x00, 0x00, 0x00, 0x00, 0x00,
    0x00, 0x00, 0x00, 0x00, 0x00, 0x00, 0x00, 0x00, 0x00, 0x00, 0x4a, 0x59, 0x7a, 0xfd, 0x7a, 0xfd, 0x7a, 0xfd, 0x7a, 0xfd, 0x7a, 0xfd, 0x7a, 0xfd, 0x7a, 0xfd, 0x7a, 0xfd, 0x4a, 0x59, 0x4a, 0x59,
    0x4a, 0x59, 0x4a, 0x59, 0x4a, 0x59, 0x15, 0xd4, 0x15, 0xd4, 0x15, 0xd4, 0x15, 0xd4, 0x15, 0xd4, 0x15, 0xd4, 0x15, 0xd4, 0x15, 0xd4, 0x4a, 0x59, 0x15, 0xd4, 0x15, 0xd4, 0x00, 0x00, 0x00, 0x00,
    0x00, 0x00, 0x00, 0x00, 0x00, 0x00, 0x00, 0x00, 0x00, 0x00, 0x00, 0x00, 0x00, 0x00, 0x00, 0x00, 0x00, 0x00, 0x00, 0x00, 0x00, 0x00, 0x00, 0x00, 0x00, 0x00, 0x00, 0x00, 0x00, 0x00, 0x00, 0x00,
    0x00, 0x00, 0x00, 0x00, 0x00, 0x00, 0x00, 0x00, 0x00, 0x00, 0x00, 0x00, 0x00, 0x00, 0x00, 0x00, 0x00, 0x00, 0x00, 0x00, 0x00, 0x00, 0x00, 0x00, 0x00, 0x00, 0x00, 0x00, 0x00, 0x00, 0x00, 0x00,
    0x00, 0x00, 0x00, 0x00, 0x00, 0x00, 0x00, 0x00, 0x00, 0x00, 0x00, 0x00, 0x4a, 0x59, 0x7a, 0xfd, 0x7a, 0xfd, 0x7a, 0xfd, 0x7a, 0xfd, 0x7a, 0xfd, 0x7a, 0xfd, 0x7a, 0xfd, 0x7a, 0xfd, 0x7a, 0xfd,
    0x7a, 0xfd, 0x7a, 0xfd, 0x7a, 0xfd, 0x7a, 0xfd, 0x15, 0xd4, 0x15, 0xd4, 0x15, 0xd4, 0x15, 0xd4, 0x15, 0xd4, 0x15, 0xd4, 0x4a, 0x59, 0x15, 0xd4, 0x15, 0xd4, 0x00, 0x00, 0x00, 0x00, 0x00, 0x00,
    0x00, 0x00, 0x00, 0x00, 0x00, 0x00, 0x00, 0x00, 0x00, 0x00, 0x00, 0x00, 0x00, 0x00, 0x00, 0x00, 0x00, 0x00, 0x00, 0x00, 0x00, 0x00, 0x00, 0x00, 0x00, 0x00, 0x00, 0x00, 0x00, 0x00, 0x00, 0x00,
    0x00, 0x00, 0x00, 0x00, 0x00, 0x00, 0x00, 0x00, 0x00, 0x00, 0x00, 0x00, 0x00, 0x00, 0x00, 0x00, 0x00, 0x00, 0x00, 0x00, 0x00, 0x00, 0x00, 0x00, 0x00, 0x00, 0x00, 0x00, 0x00, 0x00, 0x00, 0x00,
    0x00, 0x00, 0x00, 0x00, 0x00, 0x00, 0x00, 0x00, 0x4a, 0x59, 0x4a, 0x59, 0x4a, 0x59, 0x4a, 0x59, 0x4a, 0x59, 0x7a, 0xfd, 0x7a, 0xfd, 0x7a, 0xfd, 0x7a, 0xfd, 0x7a, 0xfd, 0x7a, 0xfd, 0x7a, 0xfd,
    0x7a, 0xfd, 0x7a, 0xfd, 0x7a, 0xfd, 0x7a, 0xfd, 0x7a, 0xfd, 0x7a, 0xfd, 0x15, 0xd4, 0x15, 0xd4, 0x4a, 0x59, 0x4a, 0x59, 0x15, 0xd4, 0x4a, 0x59, 0x4a, 0x59, 0x00, 0x00, 0x00, 0x00, 0x00, 0x00,
    0x00, 0x00, 0x00, 0x00, 0x00, 0x00, 0x00, 0x00, 0x00, 0x00, 0x00, 0x00, 0x00, 0x00, 0x00, 0x00, 0x00, 0x00, 0x00, 0x00, 0x00, 0x00, 0x00, 0x00, 0x00, 0x00, 0x00, 0x00, 0x00, 0x00, 0x00, 0x00,
    0x00, 0x00, 0x00, 0x00, 0x00, 0x00, 0x00, 0x00, 0x00, 0x00, 0x00, 0x00, 0x00, 0x00, 0x00, 0x00, 0x00, 0x00, 0x00, 0x00, 0x00, 0x00, 0x00, 0x00, 0x00, 0x00, 0x00, 0x00, 0x00, 0x00, 0x00, 0x00,
    0x00, 0x00, 0x00, 0x00, 0x00, 0x00, 0x4a, 0x59, 0x1b, 0x6d, 0x1b, 0x6d, 0x1b, 0x6d, 0x1b, 0x6d, 0x1b, 0x6d, 0x4a, 0x59, 0x4a, 0x59, 0x4a, 0x59, 0x7a, 0xfd, 0x7a, 0xfd, 0x7a, 0xfd, 0x7a, 0xfd,
    0x7a, 0xfd, 0x7a, 0xfd, 0x7a, 0xfd, 0x7a, 0xfd, 0x7a, 0xfd, 0x4a, 0x59, 0x4a, 0x59, 0x4a, 0x59, 0x1b, 0x6d, 0x1b, 0x6d, 0x1b, 0x6d, 0x1b, 0x6d, 0x1b, 0x6d, 0x4a, 0x59, 0x00, 0x00, 0x00, 0x00,
    0x00, 0x00, 0x00, 0x00, 0x00, 0x00, 0x00, 0x00, 0x00, 0x00, 0x00, 0x00, 0x00, 0x00, 0x00, 0x00, 0x00, 0x00, 0x00, 0x00, 0x00, 0x00, 0x00, 0x00, 0x00, 0x00, 0x00, 0x00, 0x00, 0x00, 0x00, 0x00,
    0x00, 0x00, 0x00, 0x00, 0x00, 0x00, 0x00, 0x00, 0x00, 0x00, 0x00, 0x00, 0x00, 0x00, 0x00, 0x00, 0x00, 0x00, 0x00, 0x00, 0x00, 0x00, 0x00, 0x00, 0x00, 0x00, 0x00, 0x00, 0x00, 0x00, 0x00, 0x00,
    0x00, 0x00, 0x00, 0x00, 0x00, 0x00, 0x4a, 0x59, 0x1b, 0x6d, 0x1b, 0x6d, 0x1b, 0x6d, 0x1b, 0x6d, 0x1b, 0x6d, 0x1b, 0x6d, 0x5e, 0xa6, 0x1b, 0x6d, 0x4a, 0x59, 0x4a, 0x59, 0x4a, 0x59, 0x4a, 0x59,
    0x4a, 0x59, 0x4a, 0x59, 0x4a, 0x59, 0x4a, 0x59, 0x4a, 0x59, 0x1b, 0x6d, 0x5e, 0xa6, 0x1b, 0x6d, 0x1b, 0x6d, 0x1b, 0x6d, 0x1b, 0x6d, 0x1b, 0x6d, 0x1b, 0x6d, 0x4a, 0x59, 0x00, 0x00, 0x00, 0x00,
    0x00, 0x00, 0x00, 0x00, 0x00, 0x00, 0x00, 0x00, 0x00, 0x00, 0x00, 0x00, 0x00, 0x00, 0x00, 0x00, 0x00, 0x00, 0x00, 0x00, 0x00, 0x00, 0x00, 0x00, 0x00, 0x00, 0x00, 0x00, 0x00, 0x00, 0x00, 0x00,
    0x00, 0x00, 0x00, 0x00, 0x00, 0x00, 0x00, 0x00, 0x00, 0x00, 0x00, 0x00, 0x00, 0x00, 0x00, 0x00, 0x00, 0x00, 0x00, 0x00, 0x00, 0x00, 0x00, 0x00, 0x00, 0x00, 0x00, 0x00, 0x00, 0x00, 0x00, 0x00,
    0x00, 0x00, 0x00, 0x00, 0x4a, 0x59, 0x1b, 0x6d, 0x1b, 0x6d, 0x1b, 0x6d, 0x1b, 0x6d, 0x1b, 0x6d, 0x1b, 0x6d, 0x5e, 0xa6, 0x1b, 0x6d, 0x1b, 0x6d, 0x1b, 0x6d, 0x1b, 0x6d, 0x1b, 0x6d, 0x1b, 0x6d,
    0x5e, 0xa6, 0x1b, 0x6d, 0x1b, 0x6d, 0x1b, 0x6d, 0x1b, 0x6d, 0x1b, 0x6d, 0x1b, 0x6d, 0x5e, 0xa6, 0x1b, 0x6d, 0x1b, 0x6d, 0x1b, 0x6d, 0x1b, 0x6d, 0x1b, 0x6d, 0x1b, 0x6d, 0x4a, 0x59, 0x00, 0x00,
    0x00, 0x00, 0x00, 0x00, 0x00, 0x00, 0x00, 0x00, 0x00, 0x00, 0x00, 0x00, 0x00, 0x00, 0x00, 0x00, 0x00, 0x00, 0x00, 0x00, 0x00, 0x00, 0x00, 0x00, 0x00, 0x00, 0x00, 0x00, 0x00, 0x00, 0x00, 0x00,
    0x00, 0x00, 0x00, 0x00, 0x00, 0x00, 0x00, 0x00, 0x00, 0x00, 0x00, 0x00, 0x00, 0x00, 0x00, 0x00, 0x00, 0x00, 0x00, 0x00, 0x00, 0x00, 0x00, 0x00, 0x00, 0x00, 0x00, 0x00, 0x00, 0x00, 0x00, 0x00,
    0x00, 0x00, 0x00, 0x00, 0x4a, 0x59, 0x1b, 0x6d, 0x1b, 0x6d, 0x1b, 0x6d, 0x1b, 0x6d, 0x1b, 0x6d, 0x1b, 0x6d, 0x5e, 0xa6, 0x1b, 0x6d, 0x1b, 0x6d, 0x1b, 0x6d, 0x1b, 0x6d, 0x1b, 0x6d, 0x1b, 0x6d,
    0x5e, 0xa6, 0x1b, 0x6d, 0x1b, 0x6d, 0x1b, 0x6d, 0x1b, 0x6d, 0x1b, 0x6d, 0x1b, 0x6d, 0x5e, 0xa6, 0x1b, 0x6d, 0x1b, 0x6d, 0x1b, 0x6d, 0x1b, 0x6d, 0x1b, 0x6d, 0x1b, 0x6d, 0x4a, 0x59, 0x00, 0x00,
    0x00, 0x00, 0x00, 0x00, 0x00, 0x00, 0x00, 0x00, 0x00, 0x00, 0x00, 0x00, 0x00, 0x00, 0x00, 0x00, 0x00, 0x00, 0x00, 0x00, 0x00, 0x00, 0x00, 0x00, 0x00, 0x00, 0x00, 0x00, 0x00, 0x00, 0x00, 0x00,
    0x00, 0x00, 0x00, 0x00, 0x00, 0x00, 0x00, 0x00, 0x00, 0x00, 0x00, 0x00, 0x00, 0x00, 0x00, 0x00, 0x00, 0x00, 0x00, 0x00, 0x00, 0x00, 0x00, 0x00, 0x00, 0x00, 0x00, 0x00, 0x00, 0x00, 0x00, 0x00,
    0x00, 0x00, 0x4a, 0x59, 0x1b, 0x6d, 0x1b, 0x6d, 0x1b, 0x6d, 0x1b, 0x6d, 0x1b, 0x6d, 0x1b, 0x6d, 0x5e, 0xa6, 0x1b, 0x6d, 0x1b, 0x6d, 0x1b, 0x6d, 0x1b, 0x6d, 0x1b, 0x6d, 0x1b, 0x6d, 0x1b, 0x6d,
    0x5e, 0xa6, 0x1b, 0x6d, 0x1b, 0x6d, 0x1b, 0x6d, 0x1b, 0x6d, 0x1b, 0x6d, 0x1b, 0x6d, 0x1b, 0x6d, 0x5e, 0xa6, 0x1b, 0x6d, 0x1b, 0x6d, 0x1b, 0x6d, 0x1b, 0x6d, 0x1b, 0x6d, 0x1b, 0x6d, 0x4a, 0x59,
    0x00, 0x00, 0x00, 0x00, 0x00, 0x00, 0x00, 0x00, 0x00, 0x00, 0x00, 0x00, 0x00, 0x00, 0x00, 0x00, 0x00, 0x00, 0x00, 0x00, 0x00, 0x00, 0x00, 0x00, 0x00, 0x00, 0x00, 0x00, 0x00, 0x00, 0x00, 0x00,
    0x00, 0x00, 0x00, 0x00, 0x00, 0x00, 0x00, 0x00, 0x00, 0x00, 0x00, 0x00, 0x00, 0x00, 0x00, 0x00, 0x00, 0x00, 0x00, 0x00, 0x00, 0x00, 0x00, 0x00, 0x00, 0x00, 0x00, 0x00, 0x00, 0x00, 0x00, 0x00,
    0x00, 0x00, 0x4a, 0x59, 0x1b, 0x6d, 0x1b, 0x6d, 0x1b, 0x6d, 0x1b, 0x6d, 0x1b, 0x6d, 0x1b, 0x6d, 0x5e, 0xa6, 0x1b, 0x6d, 0x1b, 0x6d, 0x1b, 0x6d, 0x1b, 0x6d, 0x1b, 0x6d, 0x1b, 0x6d, 0x1b, 0x6d,
    0x5e, 0xa6, 0x1b, 0x6d, 0x1b, 0x6d, 0x1b, 0x6d, 0x1b, 0x6d, 0x1b, 0x6d, 0x1b, 0x6d, 0x1b, 0x6d, 0x5e, 0xa6, 0x1b, 0x6d, 0x1b, 0x6d, 0x1b, 0x6d, 0x1b, 0x6d, 0x1b, 0x6d, 0x1b, 0x6d, 0x4a, 0x59,
    0x00, 0x00, 0x00, 0x00, 0x00, 0x00, 0x00, 0x00, 0x00, 0x00, 0x00, 0x00, 0x00, 0x00, 0x00, 0x00, 0x00, 0x00, 0x00, 0x00, 0x00, 0x00, 0x00, 0x00, 0x00, 0x00, 0x00, 0x00, 0x00, 0x00, 0x00, 0x00,
    0x00, 0x00, 0x00, 0x00, 0x00, 0x00, 0x00, 0x00, 0x00, 0x00, 0x00, 0x00, 0x00, 0x00, 0x00, 0x00, 0x00, 0x00, 0x00, 0x00, 0x00, 0x00, 0x00, 0x00, 0x00, 0x00, 0x00, 0x00, 0x00, 0x00, 0x00, 0x00,
    0x4a, 0x59, 0x1b, 0x6d, 0x1b, 0x6d, 0x1b, 0x6d, 0x1b, 0x6d, 0x1b, 0x6d, 0x1b, 0x6d, 0x5e, 0xa6, 0x1b, 0x6d, 0x1b, 0x6d, 0x1b, 0x6d, 0x1b, 0x6d, 0x1b, 0x6d, 0x1b, 0x6d, 0x1b, 0x6d, 0x1b, 0x6d,
    0x5e, 0xa6, 0x1b, 0x6d, 0x1b, 0x6d, 0x1b, 0x6d, 0x1b, 0x6d, 0x1b, 0x6d, 0x1b, 0x6d, 0x1b, 0x6d, 0x1b, 0x6d, 0x5e, 0xa6, 0x1b, 0x6d, 0x1b, 0x6d, 0x1b, 0x6d, 0x1b, 0x6d, 0x1b, 0x6d, 0x1b, 0x6d,
    0x4a, 0x59, 0x00, 0x00, 0x00, 0x00, 0x00, 0x00, 0x00, 0x00, 0x00, 0x00, 0x00, 0x00, 0x00, 0x00, 0x00, 0x00, 0x00, 0x00, 0x00, 0x00, 0x00, 0x00, 0x00, 0x00, 0x00, 0x00, 0x00, 0x00, 0x00, 0x00,
    0x00, 0x00, 0x00, 0x00, 0x00, 0x00, 0x00, 0x00, 0x00, 0x00, 0x00, 0x00, 0x00, 0x00, 0x00, 0x00, 0x00, 0x00, 0x00, 0x00, 0x00, 0x00, 0x00, 0x00, 0x00, 0x00, 0x00, 0x00, 0x00, 0x00, 0x00, 0x00,
    0x4a, 0x59, 0x1b, 0x6d, 0x1b, 0x6d, 0x1b, 0x6d, 0x1b, 0x6d, 0x1b, 0x6d, 0x1b, 0x6d, 0x5e, 0xa6, 0x1b, 0x6d, 0x1b, 0x6d, 0x1b, 0x6d, 0x1b, 0x6d, 0x1b, 0x6d, 0x1b, 0x6d, 0x1b, 0x6d, 0x1b, 0x6d,
    0x5e, 0xa6, 0x1b, 0x6d, 0x1b, 0x6d, 0x1b, 0x6d, 0x1b, 0x6d, 0x1b, 0x6d, 0x1b, 0x6d, 0x1b, 0x6d, 0x1b, 0x6d, 0x5e, 0xa6, 0x1b, 0x6d, 0x1b, 0x6d, 0x1b, 0x6d, 0x1b, 0x6d, 0x1b, 0x6d, 0x1b, 0x6d,
    0x4a, 0x59, 0x00, 0x00, 0x00, 0x00, 0x00, 0x00, 0x00, 0x00, 0x00, 0x00, 0x00, 0x00, 0x00, 0x00, 0x00, 0x00, 0x00, 0x00, 0x00, 0x00, 0x00, 0x00, 0x00, 0x00, 0x00, 0x00, 0x00, 0x00, 0x00, 0x00,
    0x00, 0x00, 0x00, 0x00, 0x00, 0x00, 0x00, 0x00, 0x00, 0x00, 0x00, 0x00, 0x00, 0x00, 0x00, 0x00, 0x00, 0x00, 0x00, 0x00, 0x00, 0x00, 0x00, 0x00, 0x00, 0x00, 0x00, 0x00, 0x00, 0x00, 0x4a, 0x59,
    0x1b, 0x6d, 0x1b, 0x6d, 0x1b, 0x6d, 0x1b, 0x6d, 0x1b, 0x6d, 0x1b, 0x6d, 0x5e, 0xa6, 0x1b, 0x6d, 0x1b, 0x6d, 0x1b, 0x6d, 0x1b, 0x6d, 0x1b, 0x6d, 0x1b, 0x6d, 0x1b, 0x6d, 0x1b, 0x6d, 0x1b, 0x6d,
    0x5e, 0xa6, 0x1b, 0x6d, 0x1b, 0x6d, 0x1b, 0x6d, 0x1b, 0x6d, 0x1b, 0x6d, 0x1b, 0x6d, 0x1b, 0x6d, 0x1b, 0x6d, 0x1b, 0x6d, 0x5e, 0xa6, 0x1b, 0x6d, 0x1b, 0x6d, 0x1b, 0x6d, 0x1b, 0x6d, 0x1b, 0x6d,
    0x1b, 0x6d, 0x4a, 0x59, 0x00, 0x00, 0x00, 0x00, 0x00, 0x00, 0x00, 0x00, 0x00, 0x00, 0x00, 0x00, 0x00, 0x00, 0x00, 0x00, 0x00, 0x00, 0x00, 0x00, 0x00, 0x00, 0x00, 0x00, 0x00, 0x00, 0x00, 0x00,
    0x00, 0x00, 0x00, 0x00, 0x00, 0x00, 0x00, 0x00, 0x00, 0x00, 0x00, 0x00, 0x00, 0x00, 0x00, 0x00, 0x00, 0x00, 0x00, 0x00, 0x00, 0x00, 0x00, 0x00, 0x00, 0x00, 0x00, 0x00, 0x4a, 0x59, 0x1b, 0x6d,
    0x1b, 0x6d, 0x1b, 0x6d, 0x1b, 0x6d, 0x1b, 0x6d, 0x1b, 0x6d, 0x1b, 0x6d, 0x5e, 0xa6, 0x1b, 0x6d, 0x1b, 0x6d, 0x1b, 0x6d, 0x1b, 0x6d, 0x1b, 0x6d, 0x1b, 0x6d, 0x1b, 0x6d, 0x1b, 0x6d, 0x1b, 0x6d,
    0x5e, 0xa6, 0x1b, 0x6d, 0x1b, 0x6d, 0x1b, 0x6d, 0x1b, 0x6d, 0x1b, 0x6d, 0x1b, 0x6d, 0x1b, 0x6d, 0x1b, 0x6d, 0x1b, 0x6d, 0x5e, 0xa6, 0x1b, 0x6d, 0x1b, 0x6d, 0x1b, 0x6d, 0x1b, 0x6d, 0x1b, 0x6d,
    0x1b, 0x6d, 0x1b, 0x6d, 0x4a, 0x59, 0x00, 0x00, 0x00, 0x00, 0x00, 0x00, 0x00, 0x00, 0x00, 0x00, 0x00, 0x00, 0x00, 0x00, 0x00, 0x00, 0x00, 0x00, 0x00, 0x00, 0x00, 0x00, 0x00, 0x00, 0x00, 0x00,
    0x00, 0x00, 0x00, 0x00, 0x00, 0x00, 0x00, 0x00, 0x00, 0x00, 0x00, 0x00, 0x00, 0x00, 0x00, 0x00, 0x00, 0x00, 0x00, 0x00, 0x00, 0x00, 0x00, 0x00, 0x00, 0x00, 0x00, 0x00, 0x4a, 0x59, 0x1b, 0x6d,
    0x1b, 0x6d, 0x1b, 0x6d, 0x1b, 0x6d, 0x1b, 0x6d, 0x1b, 0x6d, 0x5e, 0xa6, 0x1b, 0x6d, 0x1b, 0x6d, 0x1b, 0x6d, 0x1b, 0x6d, 0x1b, 0x6d, 0x1b, 0x6d, 0x1b, 0x6d, 0x1b, 0x6d, 0x1b, 0x6d, 0x1b, 0x6d,
    0x5e, 0xa6, 0x1b, 0x6d, 0x1b, 0x6d, 0x1b, 0x6d, 0x1b, 0x6d, 0x1b, 0x6d, 0x1b, 0x6d, 0x1b, 0x6d, 0x1b, 0x6d, 0x1b, 0x6d, 0x1b, 0x6d, 0x5e, 0xa6, 0x1b, 0x6d, 0x1b, 0x6d, 0x1b, 0x6d, 0x1b, 0x6d,
    0x1b, 0x6d, 0x1b, 0x6d, 0x4a, 0x59, 0x00, 0x00, 0x00, 0x00, 0x00, 0x00, 0x00, 0x00, 0x00, 0x00, 0x00, 0x00, 0x00, 0x00, 0x00, 0x00, 0x00, 0x00, 0x00, 0x00, 0x00, 0x00, 0x00, 0x00, 0x00, 0x00,
    0x00, 0x00, 0x00, 0x00, 0x00, 0x00, 0x00, 0x00, 0x00, 0x00, 0x00, 0x00, 0x00, 0x00, 0x00, 0x00, 0x00, 0x00, 0x00, 0x00, 0x00, 0x00, 0x00, 0x00, 0x00, 0x00, 0x4a, 0x59, 0x1b, 0x6d, 0x1b, 0x6d,
    0x1b, 0x6d, 0x1b, 0x6d, 0x1b, 0x6d, 0x1b, 0x6d, 0x1b, 0x6d, 0x5e, 0xa6, 0x1b, 0x6d, 0x1b, 0x6d, 0x1b, 0x6d, 0x1b, 0x6d, 0x1b, 0x6d, 0x1b, 0x6d, 0x1b, 0x6d, 0x1b, 0x6d, 0x1b, 0x6d, 0x1b, 0x6d,
    0x5e, 0xa6, 0x1b, 0x6d, 0x1b, 0x6d, 0x1b, 0x6d, 0x1b, 0x6d, 0x1b, 0x6d, 0x1b, 0x6d, 0x1b, 0x6d, 0x1b, 0x6d, 0x1b, 0x6d, 0x1b, 0x6d, 0x5e, 0xa6, 0x1b, 0x6d, 0x1b, 0x6d, 0x1b, 0x6d, 0x1b, 0x6d,
    0x1b, 0x6d, 0x1b, 0x6d, 0x1b, 0x6d, 0x4a, 0x59, 0x00, 0x00, 0x00, 0x00, 0x00, 0x00, 0x00, 0x00, 0x00, 0x00, 0x00, 0x00, 0x00, 0x00, 0x00, 0x00, 0x00, 0x00, 0x00, 0x00, 0x00, 0x00, 0x00, 0x00,
    0x00, 0x00, 0x00, 0x00, 0x00, 0x00, 0x00, 0x00, 0x00, 0x00, 0x00, 0x00, 0x00, 0x00, 0x00, 0x00, 0x00, 0x00, 0x00, 0x00, 0x00, 0x00, 0x00, 0x00, 0x00, 0x00, 0x4a, 0x59, 0x1b, 0x6d, 0x1b, 0x6d,
    0x1b, 0x6d, 0x1b, 0x6d, 0x1b, 0x6d, 0x1b, 0x6d, 0x5e, 0xa6, 0x1b, 0x6d, 0x1b, 0x6d, 0x1b, 0x6d, 0x1b, 0x6d, 0x1b, 0x6d, 0x1b, 0x6d, 0x1b, 0x6d, 0x1b, 0x6d, 0x1b, 0x6d, 0x1b, 0x6d, 0x1b, 0x6d,
    0x5e, 0xa6, 0x1b, 0x6d, 0x1b, 0x6d, 0x1b, 0x6d, 0x1b, 0x6d, 0x1b, 0x6d, 0x1b, 0x6d, 0x1b, 0x6d, 0x1b, 0x6d, 0x1b, 0x6d, 0x1b, 0x6d, 0x1b, 0x6d, 0x5e, 0xa6, 0x1b, 0x6d, 0x1b, 0x6d, 0x1b, 0x6d,
    0x1b, 0x6d, 0x1b, 0x6d, 0x1b, 0x6d, 0x4a, 0x59, 0x00, 0x00, 0x00, 0x00, 0x00, 0x00, 0x00, 0x00, 0x00, 0x00, 0x00, 0x00, 0x00, 0x00, 0x00, 0x00, 0x00, 0x00, 0x00, 0x00, 0x00, 0x00, 0x00, 0x00,
    0x00, 0x00, 0x00, 0x00, 0x00, 0x00, 0x00, 0x00, 0x00, 0x00, 0x00, 0x00, 0x00, 0x00, 0x00, 0x00, 0x00, 0x00, 0x00, 0x00, 0x00, 0x00, 0x00, 0x00, 0x4a, 0x59, 0x1b, 0x6d, 0x1b, 0x6d, 0x1b, 0x6d,
    0x1b, 0x6d, 0x1b, 0x6d, 0x1b, 0x6d, 0x1b, 0x6d, 0x5e, 0xa6, 0x1b, 0x6d, 0xe5, 0x88, 0xe5, 0x88, 0xe5, 0x88, 0xe5, 0x88, 0xe5, 0x88, 0x1b, 0x6d, 0x1b, 0x6d, 0x1b, 0x6d, 0x1b, 0x6d, 0x1b, 0x6d,
    0x5e, 0xa6, 0x1b, 0x6d, 0x1b, 0x6d, 0x1b, 0x6d, 0x1b, 0x6d, 0x1b, 0x6d, 0x1b, 0x6d, 0x1b, 0x6d, 0x1b, 0x6d, 0x1b, 0x6d, 0x1b, 0x6d, 0x1b, 0x6d, 0x5e, 0xa6, 0x1b, 0x6d, 0x1b, 0x6d, 0x1b, 0x6d,
    0x1b, 0x6d, 0x1b, 0x6d, 0x1b, 0x6d, 0x1b, 0x6d, 0x4a, 0x59, 0x00, 0x00, 0x00, 0x00, 0x00, 0x00, 0x00, 0x00, 0x00, 0x00, 0x00, 0x00, 0x00, 0x00, 0x00, 0x00, 0x00, 0x00, 0x00, 0x00, 0x00, 0x00,
    0x00, 0x00, 0x00, 0x00, 0x00, 0x00, 0x00, 0x00, 0x00, 0x00, 0x00, 0x00, 0x00, 0x00, 0x00, 0x00, 0x00, 0x00, 0x00, 0x00, 0x00, 0x00, 0x00, 0x00, 0x4a, 0x59, 0x1b, 0x6d, 0x1b, 0x6d, 0x1b, 0x6d,
    0x1b, 0x6d, 0x1b, 0x6d, 0x1b, 0x6d, 0x5e, 0xa6, 0x1b, 0x6d, 0x1b, 0x6d, 0xe5, 0x88, 0x87, 0xd1, 0x87, 0xd1, 0x87, 0xd1, 0xe5, 0x88, 0x1b, 0x6d, 0x1b, 0x6d, 0x1b, 0x6d, 0x1b, 0x6d, 0x1b, 0x6d,
    0x5e, 0xa6, 0x1b, 0x6d, 0x1b, 0x6d, 0x1b, 0x6d, 0x1b, 0x6d, 0x1b, 0x6d, 0x1b, 0x6d, 0x1b, 0x6d, 0x1b, 0x6d, 0x1b, 0x6d, 0x1b, 0x6d, 0x1b, 0x6d, 0x1b, 0x6d, 0x5e, 0xa6, 0x1b, 0x6d, 0x1b, 0x6d,
    0x1b, 0x6d, 0x1b, 0x6d, 0x1b, 0x6d, 0x1b, 0x6d, 0x4a, 0x59, 0x00, 0x00, 0x00, 0x00, 0x00, 0x00, 0x00, 0x00, 0x00, 0x00, 0x00, 0x00, 0x00, 0x00, 0x00, 0x00, 0x00, 0x00, 0x00, 0x00, 0x00, 0x00,
    0x00, 0x00, 0x00, 0x00, 0x00, 0x00, 0x00, 0x00, 0x00, 0x00, 0x00, 0x00, 0x00, 0x00, 0x00, 0x00, 0x00, 0x00, 0x00, 0x00, 0x00, 0x00, 0x4a, 0x59, 0x35, 0x3b, 0x35, 0x3b, 0x35, 0x3b, 0x35, 0x3b,
    0x35, 0x3b, 0x35, 0x3b, 0x35, 0x3b, 0x35, 0x3b, 0x35, 0x3b, 0x35, 0x3b, 0xe5, 0x88, 0x87, 0xd1, 0x87, 0xd1, 0x87, 0xd1, 0xe5, 0x88, 0x35, 0x3b, 0x35, 0x3b, 0x35, 0x3b, 0x35, 0x3b, 0x35, 0x3b,
    0x35, 0x3b, 0x35, 0x3b, 0x35, 0x3b, 0x35, 0x3b, 0x35, 0x3b, 0x35, 0x3b, 0xe5, 0x88, 0xe5, 0x88, 0xe5, 0x88, 0xe5, 0x88, 0xe5, 0x88, 0x35, 0x3b, 0x35, 0x3b, 0x35, 0x3b, 0x35, 0x3b, 0x35, 0x3b,
    0x35, 0x3b, 0x35, 0x3b, 0x35, 0x3b, 0x35, 0x3b, 0x35, 0x3b, 0x4a, 0x59, 0x00, 0x00, 0x00, 0x00, 0x00, 0x00, 0x00, 0x00, 0x00, 0x00, 0x00, 0x00, 0x00, 0x00, 0x00, 0x00, 0x00, 0x00, 0x00, 0x00,
    0x00, 0x00, 0x00, 0x00, 0x00, 0x00, 0x00, 0x00, 0x00, 0x00, 0x00, 0x00, 0x00, 0x00, 0x00, 0x00, 0x00, 0x00, 0x00, 0x00, 0x00, 0x00, 0x4a, 0x59, 0x1b, 0x6d, 0x1b, 0x6d, 0x1b, 0x6d, 0x1b, 0x6d,
    0x1b, 0x6d, 0x1b, 0x6d, 0x5e, 0xa6, 0x1b, 0x6d, 0x1b, 0x6d, 0x1b, 0x6d, 0xe5, 0x88, 0x87, 0xd1, 0x87, 0xd1, 0x87, 0xd1, 0xe5, 0x88, 0x1b, 0x6d, 0x1b, 0x6d, 0x1b, 0x6d, 0x1b, 0x6d, 0x1b, 0x6d,
    0x5e, 0xa6, 0x1b, 0x6d, 0x1b, 0x6d, 0x1b, 0x6d, 0x1b, 0x6d, 0x1b, 0x6d, 0xe5, 0x88, 0x87, 0xd1, 0x87, 0xd1, 0x87, 0xd1, 0xe5, 0x88, 0x1b, 0x6d, 0x1b, 0x6d, 0x1b, 0x6d, 0x5e, 0xa6, 0x1b, 0x6d,
    0x1b, 0x6d, 0x1b, 0x6d, 0x1b, 0x6d, 0x1b, 0x6d, 0x1b, 0x6d, 0x4a, 0x59, 0x00, 0x00, 0x00, 0x00, 0x00, 0x00, 0x00, 0x00, 0x00, 0x00, 0x00, 0x00, 0x00, 0x00, 0x00, 0x00, 0x00, 0x00, 0x00, 0x00,
    0x00, 0x00, 0x00, 0x00, 0x00, 0x00, 0x00, 0x00, 0x00, 0x00, 0x00, 0x00, 0x00, 0x00, 0x00, 0x00, 0x00, 0x00, 0x00, 0x00, 0x4a, 0x59, 0x4a, 0x59, 0x4a, 0x59, 0x4a, 0x59, 0x4a, 0x59, 0x4a, 0x59,
    0x4a, 0x59, 0x4a, 0x59, 0x5e, 0xa6, 0x4a, 0x59, 0x4a, 0x59, 0x4a, 0x59, 0x4a, 0x59, 0x4a, 0x59, 0x4a, 0x59, 0x4a, 0x59, 0x4a, 0x59, 0x4a, 0x59, 0x4a, 0x59, 0x4a, 0x59, 0x4a, 0x59, 0x4a, 0x59,
    0x5e, 0xa6, 0x4a, 0x59, 0x4a, 0x59, 0x4a, 0x59, 0x4a, 0x59, 0x4a, 0x59, 0xe5, 0x88, 0x87, 0xd1, 0x87, 0xd1, 0x87, 0xd1, 0xe5, 0x88, 0x4a, 0x59, 0x4a, 0x59, 0x4a, 0x59, 0x5e, 0xa6, 0x4a, 0x59,
    0x4a, 0x59, 0x4a, 0x59, 0x4a, 0x59, 0x4a, 0x59, 0x4a, 0x59, 0x4a, 0x59, 0x4a, 0x59, 0x00, 0x00, 0x00, 0x00, 0x00, 0x00, 0x00, 0x00, 0x00, 0x00, 0x00, 0x00, 0x00, 0x00, 0x00, 0x00, 0x00, 0x00,
    0x00, 0x00, 0x00, 0x00, 0x00, 0x00, 0x00, 0x00, 0x00, 0x00, 0x00, 0x00, 0x00, 0x00, 0x00, 0x00, 0x00, 0x00, 0x00, 0x00, 0x00, 0x00, 0x00, 0x00, 0x00, 0x00, 0x00, 0x00, 0x00, 0x00, 0x00, 0x00,
    0x00, 0x00, 0x00, 0x00, 0x00, 0x00, 0x00, 0x00, 0x00, 0x00, 0x4a, 0x59, 0x4a, 0x59, 0x4a, 0x59, 0x4a, 0x59, 0x4a, 0x59, 0x4a, 0x59, 0x4a, 0x59, 0x00, 0x00, 0x00, 0x00, 0x00, 0x00, 0x00, 0x00,
    0x00, 0x00, 0x00, 0x00, 0x00, 0x00, 0x00, 0x00, 0x00, 0x00, 0x00, 0x00, 0xe5, 0x88, 0x87, 0xd1, 0x87, 0xd1, 0x87, 0xd1, 0xe5, 0x88, 0x00, 0x00, 0x00, 0x00, 0x00, 0x00, 0x00, 0x00, 0x00, 0x00,
    0x00, 0x00, 0x00, 0x00, 0x00, 0x00, 0x00, 0x00, 0x00, 0x00, 0x00, 0x00, 0x00, 0x00, 0x00, 0x00, 0x00, 0x00, 0x00, 0x00, 0x00, 0x00, 0x00, 0x00, 0x00, 0x00, 0x00, 0x00, 0x00, 0x00, 0x00, 0x00,
    0x00, 0x00, 0x00, 0x00, 0x00, 0x00, 0x00, 0x00, 0x00, 0x00, 0x00, 0x00, 0x00, 0x00, 0x00, 0x00, 0x00, 0x00, 0x00, 0x00, 0x00, 0x00, 0x00, 0x00, 0x00, 0x00, 0x00, 0x00, 0x00, 0x00, 0x00, 0x00,
    0x00, 0x00, 0x00, 0x00, 0x00, 0x00, 0x00, 0x00, 0x00, 0x00, 0x00, 0x00, 0x00, 0x00, 0x00, 0x00, 0x00, 0x00, 0x00, 0x00, 0x00, 0x00, 0x00, 0x00, 0x00, 0x00, 0x00, 0x00, 0x00, 0x00, 0x00, 0x00,
    0x00, 0x00, 0x00, 0x00, 0x00, 0x00, 0x00, 0x00, 0x00, 0x00, 0x4a, 0x59, 0x4a, 0x59, 0x4a, 0x59, 0x4a, 0x59, 0x4a, 0x59, 0x4a, 0x59, 0x4a, 0x59, 0x00, 0x00, 0x00, 0x00, 0x00, 0x00, 0x00, 0x00,
    0x00, 0x00, 0x00, 0x00, 0x00, 0x00, 0x00, 0x00, 0x00, 0x00, 0x00, 0x00, 0x00, 0x00, 0x00, 0x00, 0x00, 0x00, 0x00, 0x00, 0x00, 0x00, 0x00, 0x00, 0x00, 0x00, 0x00, 0x00, 0x00, 0x00, 0x00, 0x00,
    0x00, 0x00, 0x00, 0x00, 0x00, 0x00, 0x00, 0x00, 0x00, 0x00, 0x00, 0x00, 0x00, 0x00, 0x00, 0x00, 0x00, 0x00, 0x00, 0x00, 0x00, 0x00, 0x00, 0x00, 0x00, 0x00, 0x00, 0x00, 0x00, 0x00, 0x00, 0x00,
    0x00, 0x00, 0x00, 0x00, 0x00, 0x00, 0x00, 0x00, 0x00, 0x00, 0x00, 0x00, 0x00, 0x00, 0x00, 0x00, 0x00, 0x00, 0x00, 0x00, 0x00, 0x00, 0x00, 0x00, 0x00, 0x00, 0x00, 0x00, 0x00, 0x00, 0x00, 0x00,
    0x00, 0x00, 0x00, 0x00, 0x00, 0x00, 0x00, 0x00, 0x00, 0x00, 0x4a, 0x59, 0x4a, 0x59, 0x4a, 0x59, 0x4a, 0x59, 0x4a, 0x59, 0x4a, 0x59, 0x4a, 0x59, 0x00, 0x00, 0x00, 0x00, 0x00, 0x00, 0x00, 0x00,
    0x00, 0x00, 0x00, 0x00, 0x00, 0x00, 0x00, 0x00, 0x00, 0x00, 0x00, 0x00, 0x00, 0x00, 0x00, 0x00, 0x00, 0x00, 0x00, 0x00, 0x00, 0x00, 0x00, 0x00, 0x00, 0x00, 0x00, 0x00, 0x00, 0x00, 0x00, 0x00,
    0x00, 0x00, 0x00, 0x00, 0x00, 0x00, 0x00, 0x00, 0x00, 0x00, 0x00, 0x00, 0x00, 0x00, 0x00, 0x00, 0x00, 0x00, 0x00, 0x00, 0x00, 0x00, 0x00, 0x00, 0x00, 0x00, 0x00, 0x00, 0x00, 0x00, 0x00, 0x00,
    0x00, 0x00, 0x00, 0x00, 0x00, 0x00, 0x00, 0x00, 0x00, 0x00, 0x00, 0x00, 0x00, 0x00, 0x00, 0x00, 0x00, 0x00, 0x00, 0x00, 0x00, 0x00, 0x00, 0x00, 0x00, 0x00, 0x00, 0x00, 0x00, 0x00, 0x00, 0x00,
    0x00, 0x00, 0x00, 0x00, 0x00, 0x00, 0x00, 0x00, 0x00, 0x00, 0x00, 0x00, 0x00, 0x00, 0x00, 0x00, 0x00, 0x00, 0x00, 0x00, 0x00, 0x00, 0x00, 0x00, 0x00, 0x00, 0x00, 0x00, 0x00, 0x00, 0x00, 0x00,
    0x00, 0x00, 0x00, 0x00, 0x00, 0x00, 0x00, 0x00, 0x00, 0x00, 0x00, 0x00, 0x00, 0x00, 0x00, 0x00, 0x00, 0x00, 0x00, 0x00, 0x00, 0x00, 0x00, 0x00, 0x00, 0x00, 0x00, 0x00, 0x00, 0x00, 0x00, 0x00,
    0x00, 0x00, 0x00, 0x00, 0x00, 0x00, 0x00, 0x00, 0x00, 0x00, 0x00, 0x00, 0x00, 0x00, 0x00, 0x00, 0x00, 0x00, 0x00, 0x00, 0x00, 0x00, 0x00, 0x00, 0x00, 0x00, 0x00, 0x00, 0x00, 0x00, 0x00, 0x00,
    0x00, 0x00, 0x00, 0x00, 0x00, 0x00, 0x00, 0x00, 0x00, 0x00, 0x00, 0x00, 0x00, 0x00, 0x00, 0x00, 0x00, 0x00, 0x00, 0x00, 0x00, 0x00, 0x00, 0x00, 0x00, 0x00, 0x00, 0x00, 0x00, 0x00, 0x00, 0x00,
    0x00, 0x00, 0x00, 0x00, 0x00, 0x00, 0x00, 0x00, 0x00, 0x00, 0x00, 0x00, 0x00, 0x00, 0x00, 0x00, 0x00, 0x00, 0x00, 0x00, 0x00, 0x00, 0x00, 0x00, 0x00, 0x00, 0x00, 0x00, 0x00, 0x00, 0x00, 0x00,
    0x00, 0x00, 0x00, 0x00, 0x00, 0x00, 0x00, 0x00, 0x00, 0x00, 0x00, 0x00, 0x00, 0x00, 0x00, 0x00, 0x00, 0x00, 0x00, 0x00, 0x00, 0x00, 0x00, 0x00, 0x00, 0x00, 0x00, 0x00, 0x00, 0x00, 0x00, 0x00,
    0x00, 0x00, 0x00, 0x00, 0x00, 0x00, 0x00, 0x00, 0x00, 0x00, 0x00, 0x00, 0x00, 0x00, 0x00, 0x00, 0x00, 0x00, 0xff, 0x00, 0x00, 0x00, 0x00, 0x00, 0x00, 0x00, 0x00, 0x00, 0x00, 0x00, 0x00, 0x00,
    0x00, 0x00, 0x00, 0x00, 0x00, 0x00, 0x00, 0x00, 0x00, 0x00, 0x00, 0x00, 0x00, 0x00, 0xff, 0x00, 0x00, 0x00, 0x00, 0x00, 0x00, 0x00, 0x00, 0x00, 0x00, 0x00, 0x00, 0x00, 0x00, 0x00, 0x00, 0x00,
    0x00, 0x00, 0x00, 0x00, 0x00, 0x00, 0x00, 0x00, 0x00, 0x00, 0x00, 0x00, 0x00, 0x00, 0x00, 0x00, 0x00, 0x00, 0xff, 0x00, 0x00, 0x00, 0x00, 0x00, 0x00, 0x00, 0x00, 0x00, 0x00, 0x00, 0x00, 0x00,
    0x00, 0x00, 0x00, 0x00, 0x00, 0x00, 0x00, 0x00, 0x00, 0x00, 0x00, 0x00, 0x00, 0xff, 0xff, 0x00, 0x00, 0x00, 0x00, 0x00, 0x00, 0x00, 0x00, 0x00, 0x00, 0x00, 0x00, 0x00, 0x00, 0x00, 0x00, 0x00,
    0x00, 0x00, 0x00, 0x00, 0x00, 0x00, 0x00, 0x00, 0x00, 0x00, 0x00, 0x00, 0x00, 0x00, 0x00, 0x00, 0x00, 0xff, 0xff, 0xff, 0x00, 0x00, 0x00, 0x00, 0x00, 0x00, 0x00, 0x00, 0x00, 0x00, 0x00, 0x00,
    0x00, 0x00, 0x00, 0x00, 0x00, 0x00, 0x00, 0x00, 0x00, 0x00, 0x00, 0x00, 0x00, 0xff, 0xff, 0x00, 0x00, 0x00, 0x00, 0x00, 0x00, 0x00, 0x00, 0x00, 0x00, 0x00, 0x00, 0x00, 0x00, 0x00, 0x00, 0x00,
    0x00, 0x00, 0x00, 0x00, 0x00, 0x00, 0x00, 0x00, 0x00, 0x00, 0x00, 0x00, 0x00, 0x00, 0x00, 0x00, 0x00, 0xff, 0xff, 0xff, 0x00, 0x00, 0x00, 0x00, 0x00, 0x00, 0x00, 0x00, 0x00, 0x00, 0x00, 0x00,
    0x00, 0x00, 0x00, 0x00, 0x00, 0x00, 0x00, 0x00, 0x00, 0x00, 0x00, 0x00, 0xff, 0xff, 0xff, 0xff, 0x00, 0x00, 0x00, 0x00, 0x00, 0x00, 0x00, 0x00, 0x00, 0x00, 0x00, 0x00, 0x00, 0x00, 0x00, 0x00,
    0x00, 0x00, 0x00, 0x00, 0x00, 0x00, 0x00, 0x00, 0x00, 0x00, 0x00, 0x00, 0x00, 0x00, 0x00, 0x00, 0x00, 0xff, 0xff, 0xff, 0xff, 0x00, 0x00, 0x00, 0xff, 0xff, 0xff, 0x00, 0x00, 0x00, 0x00, 0x00,
    0x00, 0x00, 0x00, 0x00, 0x00, 0x00, 0xff, 0xff, 0xff, 0x00, 0x00, 0x00, 0xff, 0xff, 0xff, 0xff, 0x00, 0x00, 0x00, 0x00, 0x00, 0x00, 0x00, 0x00, 0x00, 0x00, 0x00, 0x00, 0x00, 0x00, 0x00, 0x00,
    0x00, 0x00, 0x00, 0x00, 0x00, 0x00, 0x00, 0x00, 0x00, 0x00, 0x00, 0x00, 0x00, 0x00, 0x00, 0x00, 0x00, 0xff, 0xff, 0xff, 0xff, 0x00, 0xff, 0xff, 0xff, 0xff, 0xff, 0xff, 0xff, 0x00, 0x00, 0x00,
    0x00, 0x00, 0x00, 0x00, 0xff, 0xff, 0xff, 0xff, 0xff, 0xff, 0xff, 0xff, 0xff, 0xff, 0xff, 0xff, 0x00, 0x00, 0x00, 0x00, 0x00, 0x00, 0x00, 0x00, 0x00, 0x00, 0x00, 0x00, 0x00, 0x00, 0x00, 0x00,
    0x00, 0x00, 0x00, 0x00, 0x00, 0x00, 0x00, 0x00, 0x00, 0x00, 0x00, 0x00, 0x00, 0x00, 0x00, 0x00, 0xff, 0xff, 0xff, 0xff, 0xff, 0xff, 0xff, 0xff, 0xff, 0xff, 0xff, 0xff, 0xff, 0xff, 0xff, 0xff,
    0xff, 0xff, 0xff, 0xff, 0xff, 0xff, 0xff, 0xff, 0xff, 0xff, 0xff, 0xff, 0xff, 0xff, 0xff, 0xff, 0x00, 0x00, 0x00, 0x00, 0x00, 0x00, 0x00, 0x00, 0x00, 0x00, 0x00, 0x00, 0x00, 0x00, 0x00, 0x00,
    0x00, 0x00, 0x00, 0x00, 0x00, 0x00, 0x00, 0x00, 0x00, 0x00, 0x00, 0x00, 0x00, 0x00, 0x00, 0x00, 0xff, 0xff, 0xff, 0xff, 0xff, 0xff, 0xff, 0xff, 0xff, 0xff, 0xff, 0xff, 0xff, 0xff, 0xff, 0xff,
    0xff, 0xff, 0xff, 0xff, 0xff, 0xff, 0xff, 0xff, 0xff, 0xff, 0xff, 0xff, 0xff, 0xff, 0xff, 0xff, 0xff, 0x00, 0x00, 0x00, 0x00, 0x00, 0x00, 0x00, 0x00, 0x00, 0x00, 0x00, 0x00, 0x00, 0x00, 0x00,
    0x00, 0x00, 0x00, 0x00, 0x00, 0x00, 0x00, 0x00, 0x00, 0x00, 0x00, 0x00, 0x00, 0x00, 0x00, 0x00, 0xff, 0xff, 0xff, 0xff, 0xff, 0xff, 0xff, 0xff, 0xff, 0xff, 0xff, 0xff, 0xff, 0xff, 0xff, 0xff,
    0xff, 0xff, 0xff, 0xff, 0xff, 0xff, 0xff, 0xff, 0xff, 0xff, 0xff, 0xff, 0xff, 0xff, 0xff, 0xff, 0xff, 0x00, 0x00, 0x00, 0x00, 0x00, 0x00, 0x00, 0x00, 0x00, 0x00, 0x00, 0x00, 0x00, 0x00, 0x00,
    0x00, 0x00, 0x00, 0x00, 0x00, 0x00, 0x00, 0x00, 0x00, 0x00, 0x00, 0x00, 0x00, 0x00, 0x00, 0x00, 0xff, 0xff, 0xff, 0xff, 0xff, 0xff, 0xff, 0xff, 0xff, 0xff, 0xff, 0xff, 0xff, 0xff, 0xff, 0xff,
    0xff, 0xff, 0xff, 0xff, 0xff, 0xff, 0xff, 0xff, 0xff, 0xff, 0xff, 0xff, 0xff, 0xff, 0xff, 0xff, 0xff, 0x00, 0x00, 0x00, 0x00, 0x00, 0x00, 0x00, 0x00, 0x00, 0x00, 0x00, 0x00, 0x00, 0x00, 0x00,
    0x00, 0x00, 0x00, 0x00, 0x00, 0x00, 0x00, 0x00, 0x00, 0x00, 0x00, 0x00, 0x00, 0x00, 0x00, 0xff, 0xff, 0xff, 0xff, 0xff, 0xff, 0xff, 0xff, 0xff, 0xff, 0xff, 0xff, 0xff, 0xff, 0xff, 0xff, 0xff,
    0xff, 0xff, 0xff, 0xff, 0xff, 0xff, 0xff, 0xff, 0xff, 0xff, 0xff, 0xff, 0xff, 0xff, 0xff, 0xff, 0xff, 0x00, 0x00, 0x00, 0x00, 0x00, 0x00, 0x00, 0x00, 0x00, 0x00, 0x00, 0x00, 0x00, 0x00, 0x00,
    0x00, 0x00, 0x00, 0x00, 0x00, 0x00, 0x00, 0x00, 0x00, 0x00, 0x00, 0x00, 0x00, 0x00, 0x00, 0xff, 0xff, 0xff, 0xff, 0xff, 0xff, 0xff, 0xff, 0xff, 0xff, 0xff, 0xff, 0xff, 0xff, 0xff, 0xff, 0xff,
    0xff, 0xff, 0xff, 0xff, 0xff, 0xff, 0xff, 0xff, 0xff, 0xff, 0xff, 0xff, 0xff, 0xff, 0xff, 0xff, 0xff, 0xff, 0x00, 0x00, 0x00, 0x00, 0x00, 0x00, 0x00, 0x00, 0x00, 0x00, 0x00, 0x00, 0x00, 0x00,
    0x00, 0x00, 0x00, 0x00, 0x00, 0x00, 0x00, 0x00, 0x00, 0x00, 0x00, 0x00, 0x00, 0x00, 0x00, 0xff, 0xff, 0xff, 0xff, 0xff, 0xff, 0xff, 0xff, 0xff, 0xff, 0xff, 0xff, 0xff, 0xff, 0xff, 0xff, 0xff,
    0xff, 0xff, 0xff, 0xff, 0xff, 0xff, 0xff, 0xff, 0xff, 0xff, 0xff, 0xff, 0xff, 0xff, 0xff, 0xff, 0xff, 0xff, 0x00, 0x00, 0x00, 0x00, 0x00, 0x00, 0x00, 0x00, 0x00, 0x00, 0x00, 0x00, 0x00, 0x00,
    0x00, 0x00, 0x00, 0x00, 0x00, 0x00, 0x00, 0x00, 0x00, 0x00, 0x00, 0x00, 0x00, 0x00, 0x00, 0xff, 0xff, 0xff, 0xff, 0xff, 0xff, 0xff, 0xff, 0xff, 0xff, 0xff, 0xff, 0xff, 0xff, 0xff, 0xff, 0xff,
    0xff, 0xff, 0xff, 0xff, 0xff, 0xff, 0xff, 0xff, 0xff, 0xff, 0xff, 0xff, 0xff, 0xff, 0xff, 0xff, 0xff, 0xff, 0x00, 0x00, 0x00, 0x00, 0x00, 0x00, 0x00, 0x00, 0x00, 0x00, 0x00, 0x00, 0x00, 0x00,
    0x00, 0x00, 0x00, 0x00, 0x00, 0x00, 0x00, 0x00, 0x00, 0x00, 0x00, 0x00, 0x00, 0x00, 0xff, 0xff, 0xff, 0xff, 0xff, 0xff, 0xff, 0xff, 0xff, 0xff, 0xff, 0xff, 0xff, 0xff, 0xff, 0xff, 0xff, 0xff,
    0xff, 0xff, 0xff, 0xff, 0xff, 0xff, 0xff, 0xff, 0xff, 0xff, 0xff, 0xff, 0xff, 0xff, 0xff, 0xff, 0xff, 0xff, 0x00, 0x00, 0x00, 0x00, 0x00, 0x00, 0x00, 0x00, 0x00, 0x00, 0x00, 0x00, 0x00, 0x00,
    0x00, 0x00, 0x00, 0x00, 0x00, 0x00, 0x00, 0x00, 0x00, 0x00, 0x00, 0x00, 0x00, 0x00, 0xff, 0xff, 0xff, 0xff, 0xff, 0xff, 0xff, 0xff, 0xff, 0xff, 0xff, 0xff, 0xff, 0xff, 0xff, 0xff, 0xff, 0xff,
    0xff, 0xff, 0xff, 0xff, 0xff, 0xff, 0xff, 0xff, 0xff, 0xff, 0xff, 0xff, 0xff, 0xff, 0xff, 0xff, 0xff, 0xff, 0xff, 0x00, 0x00, 0x00, 0x00, 0x00, 0x00, 0x00, 0x00, 0x00, 0x00, 0x00, 0x00, 0x00,
    0x00, 0x00, 0x00, 0x00, 0x00, 0x00, 0x00, 0x00, 0x00, 0x00, 0x00, 0x00, 0x00, 0x00, 0xff, 0xff, 0xff, 0xff, 0xff, 0xff, 0xff, 0xff, 0xff, 0xff, 0xff, 0xff, 0xff, 0xff, 0xff, 0xff, 0xff, 0xff,
    0xff, 0xff, 0xff, 0xff, 0xff, 0xff, 0xff, 0xff, 0xff, 0xff, 0xff, 0xff, 0xff, 0xff, 0xff, 0xff, 0xff, 0xff, 0xff, 0x00, 0x00, 0x00, 0x00, 0x00, 0x00, 0x00, 0x00, 0x00, 0x00, 0x00, 0x00, 0x00,
    0x00, 0x00, 0x00, 0x00, 0x00, 0x00, 0x00, 0x00, 0x00, 0x00, 0x00, 0x00, 0x00, 0x00, 0x00, 0x00, 0x00, 0x00, 0x00, 0x00, 0x00, 0x00, 0xff, 0xff, 0xff, 0xff, 0xff, 0xff, 0xff, 0xff, 0xff, 0xff,
    0xff, 0xff, 0xff, 0xff, 0xff, 0xff, 0xff, 0xff, 0xff, 0xff, 0xff, 0x00, 0x00, 0x00, 0x00, 0x00, 0x00, 0x00, 0x00, 0x00, 0x00, 0x00, 0x00, 0x00, 0x00, 0x00, 0x00, 0x00, 0x00, 0x00, 0x00, 0x00,
    0x00, 0x00, 0x00, 0x00, 0x00, 0x00, 0x00, 0x00, 0x00, 0x00, 0x00, 0x00, 0x00, 0x00, 0x00, 0x00, 0x00, 0x00, 0x00, 0x00, 0x00, 0xff, 0xff, 0xff, 0xff, 0xff, 0xff, 0xff, 0xff, 0xff, 0xff, 0xff,
    0xff, 0xff, 0xff, 0xff, 0xff, 0xff, 0xff, 0xff, 0xff, 0xff, 0xff, 0xff, 0x00, 0x00, 0x00, 0x00, 0x00, 0x00, 0x00, 0x00, 0x00, 0x00, 0x00, 0x00, 0x00, 0x00, 0x00, 0x00, 0x00, 0x00, 0x00, 0x00,
    0x00, 0x00, 0x00, 0x00, 0x00, 0x00, 0x00, 0x00, 0x00, 0x00, 0x00, 0x00, 0x00, 0x00, 0x00, 0x00, 0x00, 0x00, 0x00, 0x00, 0xff, 0xff, 0xff, 0xff, 0xff, 0xff, 0xff, 0xff, 0xff, 0xff, 0xff, 0xff,
    0xff, 0xff, 0xff, 0xff, 0xff, 0xff, 0xff, 0xff, 0xff, 0xff, 0xff, 0xff, 0xff, 0x00, 0x00, 0x00, 0x00, 0x00, 0x00, 0x00, 0x00, 0x00, 0x00, 0x00, 0x00, 0x00, 0x00, 0x00, 0x00, 0x00, 0x00, 0x00,
    0x00, 0x00, 0x00, 0x00, 0x00, 0x00, 0x00, 0x00, 0x00, 0x00, 0x00, 0x00, 0x00, 0x00, 0x00, 0x00, 0x00, 0x00, 0x00, 0xff, 0xff, 0xff, 0xff, 0xff, 0xff, 0xff, 0xff, 0xff, 0xff, 0xff, 0xff, 0xff,
    0xff, 0xff, 0xff, 0xff, 0xff, 0xff, 0xff, 0xff, 0xff, 0xff, 0xff, 0xff, 0xff, 0xff, 0x00, 0x00, 0x00, 0x00, 0x00, 0x00, 0x00, 0x00, 0x00, 0x00, 0x00, 0x00, 0x00, 0x00, 0x00, 0x00, 0x00, 0x00,
    0x00, 0x00, 0x00, 0x00, 0x00, 0x00, 0x00, 0x00, 0x00, 0x00, 0x00, 0x00, 0x00, 0x00, 0x00, 0x00, 0x00, 0x00, 0xff, 0xff, 0xff, 0xff, 0xff, 0xff, 0xff, 0xff, 0xff, 0xff, 0xff, 0xff, 0xff, 0xff,
    0xff, 0xff, 0xff, 0xff, 0xff, 0xff, 0xff, 0xff, 0xff, 0xff, 0xff, 0xff, 0xff, 0xff, 0xff, 0x00, 0x00, 0x00, 0x00, 0x00, 0x00, 0x00, 0x00, 0x00, 0x00, 0x00, 0x00, 0x00, 0x00, 0x00, 0x00, 0x00,
    0x00, 0x00, 0x00, 0x00, 0x00, 0x00, 0x00, 0x00, 0x00, 0x00, 0x00, 0x00, 0x00, 0x00, 0x00, 0x00, 0x00, 0x00, 0xff, 0xff, 0xff, 0xff, 0xff, 0xff, 0xff, 0xff, 0xff, 0xff, 0xff, 0xff, 0xff, 0xff,
    0xff, 0xff, 0xff, 0xff, 0xff, 0xff, 0xff, 0xff, 0xff, 0xff, 0xff, 0xff, 0xff, 0xff, 0xff, 0x00, 0x00, 0x00, 0x00, 0x00, 0x00, 0x00, 0x00, 0x00, 0x00, 0x00, 0x00, 0x00, 0x00, 0x00, 0x00, 0x00,
    0x00, 0x00, 0x00, 0x00, 0x00, 0x00, 0x00, 0x00, 0x00, 0x00, 0x00, 0x00, 0x00, 0x00, 0x00, 0x00, 0x00, 0xff, 0xff, 0xff, 0xff, 0xff, 0xff, 0xff, 0xff, 0xff, 0xff, 0xff, 0xff, 0xff, 0xff, 0xff,
    0xff, 0xff, 0xff, 0xff, 0xff, 0xff, 0xff, 0xff, 0xff, 0xff, 0xff, 0xff, 0xff, 0xff, 0xff, 0xff, 0x00, 0x00, 0x00, 0x00, 0x00, 0x00, 0x00, 0x00, 0x00, 0x00, 0x00, 0x00, 0x00, 0x00, 0x00, 0x00,
    0x00, 0x00, 0x00, 0x00, 0x00, 0x00, 0x00, 0x00, 0x00, 0x00, 0x00, 0x00, 0x00, 0x00, 0x00, 0x00, 0x00, 0xff, 0xff, 0xff, 0xff, 0xff, 0xff, 0xff, 0xff, 0xff, 0xff, 0xff, 0xff, 0xff, 0xff, 0xff,
    0xff, 0xff, 0xff, 0xff, 0xff, 0xff, 0xff, 0xff, 0xff, 0xff, 0xff, 0xff, 0xff, 0xff, 0xff, 0xff, 0x00, 0x00, 0x00, 0x00, 0x00, 0x00, 0x00, 0x00, 0x00, 0x00, 0x00, 0x00, 0x00, 0x00, 0x00, 0x00,
    0x00, 0x00, 0x00, 0x00, 0x00, 0x00, 0x00, 0x00, 0x00, 0x00, 0x00, 0x00, 0x00, 0x00, 0x00, 0x00, 0xff, 0xff, 0xff, 0xff, 0xff, 0xff, 0xff, 0xff, 0xff, 0xff, 0xff, 0xff, 0xff, 0xff, 0xff, 0xff,
    0xff, 0xff, 0xff, 0xff, 0xff, 0xff, 0xff, 0xff, 0xff, 0xff, 0xff, 0xff, 0xff, 0xff, 0xff, 0xff, 0xff, 0x00, 0x00, 0x00, 0x00, 0x00, 0x00, 0x00, 0x00, 0x00, 0x00, 0x00, 0x00, 0x00, 0x00, 0x00,
    0x00, 0x00, 0x00, 0x00, 0x00, 0x00, 0x00, 0x00, 0x00, 0x00, 0x00, 0x00, 0x00, 0x00, 0x00, 0x00, 0xff, 0xff, 0xff, 0xff, 0xff, 0xff, 0xff, 0xff, 0xff, 0xff, 0xff, 0xff, 0xff, 0xff, 0xff, 0xff,
    0xff, 0xff, 0xff, 0xff, 0xff, 0xff, 0xff, 0xff, 0xff, 0xff, 0xff, 0xff, 0xff, 0xff, 0xff, 0xff, 0xff, 0x00, 0x00, 0x00, 0x00, 0x00, 0x00, 0x00, 0x00, 0x00, 0x00, 0x00, 0x00, 0x00, 0x00, 0x00,
    0x00, 0x00, 0x00, 0x00, 0x00, 0x00, 0x00, 0x00, 0x00, 0x00, 0x00, 0x00, 0x00, 0x00, 0x00, 0x00, 0xff, 0xff, 0xff, 0xff, 0xff, 0xff, 0xff, 0xff, 0xff, 0xff, 0xff, 0xff, 0xff, 0xff, 0xff, 0xff,
    0xff, 0xff, 0xff, 0xff, 0xff, 0xff, 0xff, 0xff, 0xff, 0xff, 0xff, 0xff, 0xff, 0xff, 0xff, 0xff, 0xff, 0x00, 0x00, 0x00, 0x00, 0x00, 0x00, 0x00, 0x00, 0x00, 0x00, 0x00, 0x00, 0x00, 0x00, 0x00,
    0x00, 0x00, 0x00, 0x00, 0x00, 0x00, 0x00, 0x00, 0x00, 0x00, 0x00, 0x00, 0x00, 0x00, 0x00, 0x00, 0xff, 0xff, 0xff, 0xff, 0xff, 0xff, 0xff, 0xff, 0xff, 0xff, 0xff, 0xff, 0xff, 0xff, 0xff, 0xff,
    0xff, 0xff, 0xff, 0xff, 0xff, 0xff, 0xff, 0xff, 0xff, 0xff, 0xff, 0xff, 0xff, 0xff, 0xff, 0xff, 0xff, 0x00, 0x00, 0x00, 0x00, 0x00, 0x00, 0x00, 0x00, 0x00, 0x00, 0x00, 0x00, 0x00, 0x00, 0x00,
    0x00, 0x00, 0x00, 0x00, 0x00, 0x00, 0x00, 0x00, 0x00, 0x00, 0x00, 0x00, 0x00, 0x00, 0x00, 0x00, 0xff, 0xff, 0xff, 0xff, 0xff, 0xff, 0xff, 0xff, 0xff, 0xff, 0xff, 0xff, 0xff, 0xff, 0xff, 0xff,
    0xff, 0xff, 0xff, 0xff, 0xff, 0xff, 0xff, 0xff, 0xff, 0xff, 0xff, 0xff, 0xff, 0xff, 0xff, 0xff, 0xff, 0x00, 0x00, 0x00, 0x00, 0x00, 0x00, 0x00, 0x00, 0x00, 0x00, 0x00, 0x00, 0x00, 0x00, 0x00,
    0x00, 0x00, 0x00, 0x00, 0x00, 0x00, 0x00, 0x00, 0x00, 0x00, 0x00, 0x00, 0x00, 0x00, 0x00, 0x00, 0xff, 0xff, 0xff, 0xff, 0xff, 0xff, 0xff, 0xff, 0xff, 0xff, 0xff, 0xff, 0xff, 0xff, 0xff, 0xff,
    0xff, 0xff, 0xff, 0xff, 0xff, 0xff, 0xff, 0xff, 0xff, 0xff, 0xff, 0xff, 0xff, 0xff, 0xff, 0xff, 0xff, 0x00, 0x00, 0x00, 0x00, 0x00, 0x00, 0x00, 0x00, 0x00, 0x00, 0x00, 0x00, 0x00, 0x00, 0x00,
    0x00, 0x00, 0x00, 0x00, 0x00, 0x00, 0x00, 0x00, 0x00, 0x00, 0x00, 0x00, 0x00, 0x00, 0x00, 0x00, 0xff, 0xff, 0xff, 0xff, 0xff, 0xff, 0xff, 0xff, 0xff, 0xff, 0xff, 0xff, 0xff, 0xff, 0xff, 0xff,
    0xff, 0xff, 0xff, 0xff, 0xff, 0xff, 0xff, 0xff, 0xff, 0xff, 0xff, 0xff, 0xff, 0xff, 0xff, 0xff, 0xff, 0x00, 0x00, 0x00, 0x00, 0x00, 0x00, 0x00, 0x00, 0x00, 0x00, 0x00, 0x00, 0x00, 0x00, 0x00,
    0x00, 0x00, 0x00, 0x00, 0x00, 0x00, 0x00, 0x00, 0x00, 0x00, 0x00, 0x00, 0x00, 0x00, 0x00, 0x00, 0x00, 0xff, 0xff, 0xff, 0xff, 0xff, 0xff, 0xff, 0xff, 0xff, 0xff, 0xff, 0xff, 0xff, 0xff, 0xff,
    0xff, 0xff, 0xff, 0xff, 0xff, 0xff, 0xff, 0xff, 0xff, 0xff, 0xff, 0xff, 0xff, 0xff, 0xff, 0xff, 0x00, 0x00, 0x00, 0x00, 0x00, 0x00, 0x00, 0x00, 0x00, 0x00, 0x00, 0x00, 0x00, 0x00, 0x00, 0x00,
    0x00, 0x00, 0x00, 0x00, 0x00, 0x00, 0x00, 0x00, 0x00, 0x00, 0x00, 0x00, 0x00, 0x00, 0x00, 0x00, 0x00, 0xff, 0xff, 0xff, 0xff, 0xff, 0xff, 0xff, 0xff, 0xff, 0xff, 0xff, 0xff, 0xff, 0xff, 0xff,
    0xff, 0xff, 0xff, 0xff, 0xff, 0xff, 0xff, 0xff, 0xff, 0xff, 0xff, 0xff, 0xff, 0xff, 0xff, 0xff, 0x00, 0x00, 0x00, 0x00, 0x00, 0x00, 0x00, 0x00, 0x00, 0x00, 0x00, 0x00, 0x00, 0x00, 0x00, 0x00,
    0x00, 0x00, 0x00, 0x00, 0x00, 0x00, 0x00, 0x00, 0x00, 0x00, 0x00, 0x00, 0x00, 0x00, 0x00, 0x00, 0x00, 0x00, 0xff, 0xff, 0xff, 0xff, 0xff, 0xff, 0xff, 0xff, 0xff, 0xff, 0xff, 0xff, 0xff, 0xff,
    0xff, 0xff, 0xff, 0xff, 0xff, 0xff, 0xff, 0xff, 0xff, 0xff, 0xff, 0xff, 0xff, 0xff, 0xff, 0x00, 0x00, 0x00, 0x00, 0x00, 0x00, 0x00, 0x00, 0x00, 0x00, 0x00, 0x00, 0x00, 0x00, 0x00, 0x00, 0x00,
    0x00, 0x00, 0x00, 0x00, 0x00, 0x00, 0x00, 0x00, 0x00, 0x00, 0x00, 0x00, 0x00, 0x00, 0x00, 0x00, 0x00, 0x00, 0xff, 0xff, 0xff, 0xff, 0xff, 0xff, 0xff, 0xff, 0xff, 0xff, 0xff, 0xff, 0xff, 0xff,
    0xff, 0xff, 0xff, 0xff, 0xff, 0xff, 0xff, 0xff, 0xff, 0xff, 0xff, 0xff, 0xff, 0xff, 0xff, 0x00, 0x00, 0x00, 0x00, 0x00, 0x00, 0x00, 0x00, 0x00, 0x00, 0x00, 0x00, 0x00, 0x00, 0x00, 0x00, 0x00,
    0x00, 0x00, 0x00, 0x00, 0x00, 0x00, 0x00, 0x00, 0x00, 0x00, 0x00, 0x00, 0x00, 0x00, 0x00, 0x00, 0x00, 0x00, 0x00, 0xff, 0xff, 0xff, 0xff, 0xff, 0xff, 0xff, 0xff, 0xff, 0xff, 0xff, 0xff, 0xff,
    0xff, 0xff, 0xff, 0xff, 0xff, 0xff, 0xff, 0xff, 0xff, 0xff, 0xff, 0xff, 0xff, 0xff, 0xff, 0x00, 0x00, 0x00, 0x00, 0x00, 0x00, 0x00, 0x00, 0x00, 0x00, 0x00, 0x00, 0x00, 0x00, 0x00, 0x00, 0x00,
    0x00, 0x00, 0x00, 0x00, 0x00, 0x00, 0x00, 0x00, 0x00, 0x00, 0x00, 0x00, 0x00, 0x00, 0x00, 0x00, 0x00, 0x00, 0x00, 0x00, 0xff, 0xff, 0xff, 0xff, 0xff, 0xff, 0xff, 0xff, 0xff, 0xff, 0xff, 0xff,
    0xff, 0xff, 0xff, 0xff, 0xff, 0xff, 0xff, 0xff, 0xff, 0xff, 0xff, 0xff, 0xff, 0xff, 0x00, 0x00, 0x00, 0x00, 0x00, 0x00, 0x00, 0x00, 0x00, 0x00, 0x00, 0x00, 0x00, 0x00, 0x00, 0x00, 0x00, 0x00,
    0x00, 0x00, 0x00, 0x00, 0x00, 0x00, 0x00, 0x00, 0x00, 0x00, 0x00, 0x00, 0x00, 0x00, 0x00, 0x00, 0x00, 0x00, 0x00, 0x00, 0x00, 0xff, 0xff, 0xff, 0xff, 0xff, 0xff, 0xff, 0xff, 0xff, 0xff, 0xff,
    0xff, 0xff, 0xff, 0xff, 0xff, 0xff, 0xff, 0xff, 0xff, 0xff, 0xff, 0xff, 0xff, 0xff, 0x00, 0x00, 0x00, 0x00, 0x00, 0x00, 0x00, 0x00, 0x00, 0x00, 0x00, 0x00, 0x00, 0x00, 0x00, 0x00, 0x00, 0x00,
    0x00, 0x00, 0x00, 0x00, 0x00, 0x00, 0x00, 0x00, 0x00, 0x00, 0x00, 0x00, 0x00, 0x00, 0x00, 0x00, 0x00, 0x00, 0x00, 0x00, 0x00, 0x00, 0xff, 0xff, 0xff, 0xff, 0xff, 0xff, 0xff, 0xff, 0xff, 0xff,
    0xff, 0xff, 0xff, 0xff, 0xff, 0xff, 0xff, 0xff, 0xff, 0xff, 0xff, 0xff, 0xff, 0x00, 0x00, 0x00, 0x00, 0x00, 0x00, 0x00, 0x00, 0x00, 0x00, 0x00, 0x00, 0x00, 0x00, 0x00, 0x00, 0x00, 0x00, 0x00,
    0x00, 0x00, 0x00, 0x00, 0x00, 0x00, 0x00, 0x00, 0x00, 0x00, 0x00, 0x00, 0x00, 0x00, 0x00, 0x00, 0x00, 0x00, 0x00, 0x00, 0xff, 0xff, 0xff, 0xff, 0xff, 0xff, 0xff, 0xff, 0xff, 0xff, 0xff, 0xff,
    0xff, 0xff, 0xff, 0xff, 0xff, 0xff, 0xff, 0xff, 0xff, 0xff, 0xff, 0xff, 0xff, 0x00, 0x00, 0x00, 0x00, 0x00, 0x00, 0x00, 0x00, 0x00, 0x00, 0x00, 0x00, 0x00, 0x00, 0x00, 0x00, 0x00, 0x00, 0x00,
    0x00, 0x00, 0x00, 0x00, 0x00, 0x00, 0x00, 0x00, 0x00, 0x00, 0x00, 0x00, 0x00, 0x00, 0x00, 0x00, 0x00, 0x00, 0x00, 0xff, 0xff, 0xff, 0xff, 0xff, 0xff, 0xff, 0xff, 0xff, 0xff, 0xff, 0xff, 0xff,
    0xff, 0xff, 0xff, 0xff, 0xff, 0xff, 0xff, 0xff, 0xff, 0xff, 0xff, 0xff, 0xff, 0xff, 0x00, 0x00, 0x00, 0x00, 0x00, 0x00, 0x00, 0x00, 0x00, 0x00, 0x00, 0x00, 0x00, 0x00, 0x00, 0x00, 0x00, 0x00,
    0x00, 0x00, 0x00, 0x00, 0x00, 0x00, 0x00, 0x00, 0x00, 0x00, 0x00, 0x00, 0x00, 0x00, 0x00, 0x00, 0x00, 0x00, 0x00, 0xff, 0xff, 0xff, 0xff, 0xff, 0xff, 0xff, 0xff, 0xff, 0xff, 0xff, 0xff, 0xff,
    0xff, 0xff, 0xff, 0xff, 0xff, 0xff, 0xff, 0xff, 0xff, 0xff, 0xff, 0xff, 0xff, 0xff, 0x00, 0x00, 0x00, 0x00, 0x00, 0x00, 0x00, 0x00, 0x00, 0x00, 0x00, 0x00, 0x00, 0x00, 0x00, 0x00, 0x00, 0x00,
    0x00, 0x00, 0x00, 0x00, 0x00, 0x00, 0x00, 0x00, 0x00, 0x00, 0x00, 0x00, 0x00, 0x00, 0x00, 0x00, 0x00, 0x00, 0xff, 0xff, 0xff, 0xff, 0xff, 0xff, 0xff, 0xff, 0xff, 0xff, 0xff, 0xff, 0xff, 0xff,
    0xff, 0xff, 0xff, 0xff, 0xff, 0xff, 0xff, 0xff, 0xff, 0xff, 0xff, 0xff, 0xff, 0xff, 0xff, 0x00, 0x00, 0x00, 0x00, 0x00, 0x00, 0x00, 0x00, 0x00, 0x00, 0x00, 0x00, 0x00, 0x00, 0x00, 0x00, 0x00,
    0x00, 0x00, 0x00, 0x00, 0x00, 0x00, 0x00, 0x00, 0x00, 0x00, 0x00, 0x00, 0x00, 0x00, 0x00, 0x00, 0x00, 0x00, 0xff, 0xff, 0xff, 0xff, 0xff, 0xff, 0xff, 0xff, 0xff, 0xff, 0xff, 0xff, 0xff, 0xff,
    0xff, 0xff, 0xff, 0xff, 0xff, 0xff, 0xff, 0xff, 0xff, 0xff, 0xff, 0xff, 0xff, 0xff, 0xff, 0x00, 0x00, 0x00, 0x00, 0x00, 0x00, 0x00, 0x00, 0x00, 0x00, 0x00, 0x00, 0x00, 0x00, 0x00, 0x00, 0x00,
    0x00, 0x00, 0x00, 0x00, 0x00, 0x00, 0x00, 0x00, 0x00, 0x00, 0x00, 0x00, 0x00, 0x00, 0x00, 0x00, 0x00, 0xff, 0xff, 0xff, 0xff, 0xff, 0xff, 0xff, 0xff, 0xff, 0xff, 0xff, 0xff, 0xff, 0xff, 0xff,
    0xff, 0xff, 0xff, 0xff, 0xff, 0xff, 0xff, 0xff, 0xff, 0xff, 0xff, 0xff, 0xff, 0xff, 0xff, 0xff, 0x00, 0x00, 0x00, 0x00, 0x00, 0x00, 0x00, 0x00, 0x00, 0x00, 0x00, 0x00, 0x00, 0x00, 0x00, 0x00,
    0x00, 0x00, 0x00, 0x00, 0x00, 0x00, 0x00, 0x00, 0x00, 0x00, 0x00, 0x00, 0x00, 0x00, 0x00, 0x00, 0x00, 0xff, 0xff, 0xff, 0xff, 0xff, 0xff, 0xff, 0xff, 0xff, 0xff, 0xff, 0xff, 0xff, 0xff, 0xff,
    0xff, 0xff, 0xff, 0xff, 0xff, 0xff, 0xff, 0xff, 0xff, 0xff, 0xff, 0xff, 0xff, 0xff, 0xff, 0xff, 0x00, 0x00, 0x00, 0x00, 0x00, 0x00, 0x00, 0x00, 0x00, 0x00, 0x00, 0x00, 0x00, 0x00, 0x00, 0x00,
    0x00, 0x00, 0x00, 0x00, 0x00, 0x00, 0x00, 0x00, 0x00, 0x00, 0x00, 0x00, 0x00, 0x00, 0x00, 0x00, 0xff, 0xff, 0xff, 0xff, 0xff, 0xff, 0xff, 0xff, 0xff, 0xff, 0xff, 0xff, 0xff, 0xff, 0xff, 0xff,
    0xff, 0xff, 0xff, 0xff, 0xff, 0xff, 0xff, 0xff, 0xff, 0xff, 0xff, 0xff, 0xff, 0xff, 0xff, 0xff, 0xff, 0x00, 0x00, 0x00, 0x00, 0x00, 0x00, 0x00, 0x00, 0x00, 0x00, 0x00, 0x00, 0x00, 0x00, 0x00,
    0x00, 0x00, 0x00, 0x00, 0x00, 0x00, 0x00, 0x00, 0x00, 0x00, 0x00, 0x00, 0x00, 0x00, 0x00, 0x00, 0xff, 0xff, 0xff, 0xff, 0xff, 0xff, 0xff, 0xff, 0xff, 0xff, 0xff, 0xff, 0xff, 0xff, 0xff, 0xff,
    0xff, 0xff, 0xff, 0xff, 0xff, 0xff, 0xff, 0xff, 0xff, 0xff, 0xff, 0xff, 0xff, 0xff, 0xff, 0xff, 0xff, 0x00, 0x00, 0x00, 0x00, 0x00, 0x00, 0x00, 0x00, 0x00, 0x00, 0x00, 0x00, 0x00, 0x00, 0x00,
    0x00, 0x00, 0x00, 0x00, 0x00, 0x00, 0x00, 0x00, 0x00, 0x00, 0x00, 0x00, 0x00, 0x00, 0x00, 0xff, 0xff, 0xff, 0xff, 0xff, 0xff, 0xff, 0xff, 0xff, 0xff, 0xff, 0xff, 0xff, 0xff, 0xff, 0xff, 0xff,
    0xff, 0xff, 0xff, 0xff, 0xff, 0xff, 0xff, 0xff, 0xff, 0xff, 0xff, 0xff, 0xff, 0xff, 0xff, 0xff, 0xff, 0xff, 0x00, 0x00, 0x00, 0x00, 0x00, 0x00, 0x00, 0x00, 0x00, 0x00, 0x00, 0x00, 0x00, 0x00,
    0x00, 0x00, 0x00, 0x00, 0x00, 0x00, 0x00, 0x00, 0x00, 0x00, 0x00, 0x00, 0x00, 0x00, 0xff, 0xff, 0xff, 0xff, 0xff, 0xff, 0xff, 0xff, 0xff, 0xff, 0xff, 0xff, 0xff, 0xff, 0xff, 0xff, 0xff, 0xff,
    0xff, 0xff, 0xff, 0xff, 0xff, 0xff, 0xff, 0xff, 0xff, 0xff, 0xff, 0xff, 0xff, 0xff, 0xff, 0xff, 0xff, 0xff, 0xff, 0x00, 0x00, 0x00, 0x00, 0x00, 0x00, 0x00, 0x00, 0x00, 0x00, 0x00, 0x00, 0x00,
    0x00, 0x00, 0x00, 0x00, 0x00, 0x00, 0x00, 0x00, 0x00, 0x00, 0x00, 0x00, 0x00, 0x00, 0xff, 0xff, 0xff, 0xff, 0xff, 0xff, 0xff, 0xff, 0xff, 0xff, 0xff, 0xff, 0xff, 0xff, 0xff, 0xff, 0xff, 0xff,
    0xff, 0xff, 0xff, 0xff, 0xff, 0xff, 0xff, 0xff, 0xff, 0xff, 0xff, 0xff, 0xff, 0xff, 0xff, 0xff, 0xff, 0xff, 0xff, 0x00, 0x00, 0x00, 0x00, 0x00, 0x00, 0x00, 0x00, 0x00, 0x00, 0x00, 0x00, 0x00,
    0x00, 0x00, 0x00, 0x00, 0x00, 0x00, 0x00, 0x00, 0x00, 0x00, 0x00, 0x00, 0x00, 0xff, 0xff, 0xff, 0xff, 0xff, 0xff, 0xff, 0xff, 0xff, 0xff, 0xff, 0xff, 0xff, 0xff, 0xff, 0xff, 0xff, 0xff, 0xff,
    0xff, 0xff, 0xff, 0xff, 0xff, 0xff, 0xff, 0xff, 0xff, 0xff, 0xff, 0xff, 0xff, 0xff, 0xff, 0xff, 0xff, 0xff, 0xff, 0xff, 0x00, 0x00, 0x00, 0x00, 0x00, 0x00, 0x00, 0x00, 0x00, 0x00, 0x00, 0x00,
    0x00, 0x00, 0x00, 0x00, 0x00, 0x00, 0x00, 0x00, 0x00, 0x00, 0x00, 0x00, 0x00, 0xff, 0xff, 0xff, 0xff, 0xff, 0xff, 0xff, 0xff, 0xff, 0xff, 0xff, 0xff, 0xff, 0xff, 0xff, 0xff, 0xff, 0xff, 0xff,
    0xff, 0xff, 0xff, 0xff, 0xff, 0xff, 0xff, 0xff, 0xff, 0xff, 0xff, 0xff, 0xff, 0xff, 0xff, 0xff, 0xff, 0xff, 0xff, 0xff, 0x00, 0x00, 0x00, 0x00, 0x00, 0x00, 0x00, 0x00, 0x00, 0x00, 0x00, 0x00,
    0x00, 0x00, 0x00, 0x00, 0x00, 0x00, 0x00, 0x00, 0x00, 0x00, 0x00, 0x00, 0xff, 0xff, 0xff, 0xff, 0xff, 0xff, 0xff, 0xff, 0xff, 0xff, 0xff, 0xff, 0xff, 0xff, 0xff, 0xff, 0xff, 0xff, 0xff, 0xff,
    0xff, 0xff, 0xff, 0xff, 0xff, 0xff, 0xff, 0xff, 0xff, 0xff, 0xff, 0xff, 0xff, 0xff, 0xff, 0xff, 0xff, 0xff, 0xff, 0xff, 0xff, 0x00, 0x00, 0x00, 0x00, 0x00, 0x00, 0x00, 0x00, 0x00, 0x00, 0x00,
    0x00, 0x00, 0x00, 0x00, 0x00, 0x00, 0x00, 0x00, 0x00, 0x00, 0x00, 0x00, 0xff, 0xff, 0xff, 0xff, 0xff, 0xff, 0xff, 0xff, 0xff, 0xff, 0xff, 0xff, 0xff, 0xff, 0xff, 0xff, 0xff, 0xff, 0xff, 0xff,
    0xff, 0xff, 0xff, 0xff, 0xff, 0xff, 0xff, 0xff, 0xff, 0xff, 0xff, 0xff, 0xff, 0xff, 0xff, 0xff, 0xff, 0xff, 0xff, 0xff, 0xff, 0x00, 0x00, 0x00, 0x00, 0x00, 0x00, 0x00, 0x00, 0x00, 0x00, 0x00,
    0x00, 0x00, 0x00, 0x00, 0x00, 0x00, 0x00, 0x00, 0x00, 0x00, 0x00, 0xff, 0xff, 0xff, 0xff, 0xff, 0xff, 0xff, 0xff, 0xff, 0xff, 0xff, 0xff, 0xff, 0xff, 0xff, 0xff, 0xff, 0xff, 0xff, 0xff, 0xff,
    0xff, 0xff, 0xff, 0xff, 0xff, 0xff, 0xff, 0xff, 0xff, 0xff, 0xff, 0xff, 0xff, 0xff, 0xff, 0xff, 0xff, 0xff, 0xff, 0xff, 0xff, 0xff, 0x00, 0x00, 0x00, 0x00, 0x00, 0x00, 0x00, 0x00, 0x00, 0x00,
    0x00, 0x00, 0x00, 0x00, 0x00, 0x00, 0x00, 0x00, 0x00, 0x00, 0x00, 0xff, 0xff, 0xff, 0xff, 0xff, 0xff, 0xff, 0xff, 0xff, 0xff, 0xff, 0xff, 0xff, 0xff, 0xff, 0xff, 0xff, 0xff, 0xff, 0xff, 0xff,
    0xff, 0xff, 0xff, 0xff, 0xff, 0xff, 0xff, 0xff, 0xff, 0xff, 0xff, 0xff, 0xff, 0xff, 0xff, 0xff, 0xff, 0xff, 0xff, 0xff, 0xff, 0xff, 0x00, 0x00, 0x00, 0x00, 0x00, 0x00, 0x00, 0x00, 0x00, 0x00,
    0x00, 0x00, 0x00, 0x00, 0x00, 0x00, 0x00, 0x00, 0x00, 0x00, 0xff, 0xff, 0xff, 0xff, 0xff, 0xff, 0xff, 0xff, 0xff, 0xff, 0xff, 0xff, 0xff, 0xff, 0xff, 0xff, 0xff, 0xff, 0xff, 0xff, 0xff, 0xff,
    0xff, 0xff, 0xff, 0xff, 0xff, 0xff, 0xff, 0xff, 0xff, 0xff, 0xff, 0xff, 0xff, 0xff, 0xff, 0xff, 0xff, 0xff, 0xff, 0xff, 0xff, 0xff, 0xff, 0x00, 0x00, 0x00, 0x00, 0x00, 0x00, 0x00, 0x00, 0x00,
    0x00, 0x00, 0x00, 0x00, 0x00, 0x00, 0x00, 0x00, 0x00, 0x00, 0x00, 0x00, 0x00, 0x00, 0x00, 0x00, 0x00, 0x00, 0x00, 0x00, 0x00, 0xff, 0xff, 0xff, 0xff, 0xff, 0xff, 0xff, 0x00, 0x00, 0x00, 0x00,
    0x00, 0x00, 0x00, 0x00, 0x00, 0x00, 0xff, 0xff, 0xff, 0xff, 0xff, 0x00, 0x00, 0x00, 0x00, 0x00, 0x00, 0x00, 0x00, 0x00, 0x00, 0x00, 0x00, 0x00, 0x00, 0x00, 0x00, 0x00, 0x00, 0x00, 0x00, 0x00,
    0x00, 0x00, 0x00, 0x00, 0x00, 0x00, 0x00, 0x00, 0x00, 0x00, 0x00, 0x00, 0x00, 0x00, 0x00, 0x00, 0x00, 0x00, 0x00, 0x00, 0x00, 0x00, 0x00, 0x00, 0x00, 0x00, 0x00, 0x00, 0x00, 0x00, 0x00, 0x00,
    0x00, 0x00, 0x00, 0x00, 0x00, 0xff, 0xff, 0xff, 0xff, 0xff, 0xff, 0xff, 0x00, 0x00, 0x00, 0x00, 0x00, 0x00, 0x00, 0x00, 0x00, 0x00, 0x00, 0x00, 0x00, 0x00, 0x00, 0x00, 0x00, 0x00, 0x00, 0x00,
    0x00, 0x00, 0x00, 0x00, 0x00, 0x00, 0x00, 0x00, 0x00, 0x00, 0x00, 0x00, 0x00, 0x00, 0x00, 0x00, 0x00, 0x00, 0x00, 0x00, 0x00, 0x00, 0x00, 0x00, 0x00, 0x00, 0x00, 0x00, 0x00, 0x00, 0x00, 0x00,
    0x00, 0x00, 0x00, 0x00, 0x00, 0xff, 0xff, 0xff, 0xff, 0xff, 0xff, 0xff, 0x00, 0x00, 0x00, 0x00, 0x00, 0x00, 0x00, 0x00, 0x00, 0x00, 0x00, 0x00, 0x00, 0x00, 0x00, 0x00, 0x00, 0x00, 0x00, 0x00,
    0x00, 0x00, 0x00, 0x00, 0x00, 0x00, 0x00, 0x00, 0x00, 0x00, 0x00, 0x00, 0x00, 0x00, 0x00, 0x00, 0x00, 0x00, 0x00, 0x00, 0x00, 0x00, 0x00, 0x00, 0x00, 0x00, 0x00, 0x00, 0x00, 0x00, 0x00, 0x00,
    0x00, 0x00, 0x00, 0x00, 0x00, 0x00, 0x00, 0x00, 0x00, 0x00, 0x00, 0x00, 0x00, 0x00, 0x00, 0x00, 0x00, 0x00, 0x00, 0x00, 0x00, 0x00, 0x00, 0x00, 0x00, 0x00, 0x00, 0x00, 0x00, 0x00, 0x00, 0x00,
    0x00, 0x00, 0x00, 0x00, 0x00, 0x00, 0x00, 0x00, 0x00, 0x00, 0x00, 0x00, 0x00, 0x00, 0x00, 0x00, 0x00, 0x00, 0x00, 0x00, 0x00, 0x00, 0x00, 0x00, 0x00, 0x00, 0x00, 0x00, 0x00, 0x00, 0x00, 0x00,
    0x00, 0x00, 0x00, 0x00, 0x00, 0x00, 0x00, 0x00, 0x00, 0x00, 0x00, 0x00, 0x00, 0x00, 0x00, 0x00, 0x00, 0x00, 0x00, 0x00, 0x00, 0x00, 0x00, 0x00, 0x00, 0x00, 0x00, 0x00, 0x00, 0x00, 0x00, 0x00,
};

const lv_image_dsc_t sabrina_walk_a = {
    .header = {
        .magic = LV_IMAGE_HEADER_MAGIC,
        .cf = LV_COLOR_FORMAT_RGB565A8,
        .flags = 0,
        .w = 64,
        .h = 64,
        .stride = 128,
    },
    .data_size = sizeof(sabrina_walk_a_map),
    .data = sabrina_walk_a_map,
};

static const uint8_t sabrina_walk_b_map[] = {
    0x00, 0x00, 0x00, 0x00, 0x00, 0x00, 0x00, 0x00, 0x00, 0x00, 0x00, 0x00, 0x00, 0x00, 0x00, 0x00, 0x00, 0x00, 0x00, 0x00, 0x00, 0x00, 0x00, 0x00, 0x00, 0x00, 0x00, 0x00, 0x00, 0x00, 0x00, 0x00,
    0x00, 0x00, 0x00, 0x00, 0x00, 0x00, 0x00, 0x00, 0x00, 0x00, 0x00, 0x00, 0x00, 0x00, 0x00, 0x00, 0x00, 0x00, 0x00, 0x00, 0x00, 0x00, 0x00, 0x00, 0x00, 0x00, 0x00, 0x00, 0x00, 0x00, 0x00, 0x00,
    0x00, 0x00, 0x00, 0x00, 0x00, 0x00, 0x00, 0x00, 0x00, 0x00, 0x00, 0x00, 0x00, 0x00, 0x00, 0x00, 0x00, 0x00, 0x00, 0x00, 0x00, 0x00, 0x00, 0x00, 0x00, 0x00, 0x00, 0x00, 0x00, 0x00, 0x00, 0x00,
    0x00, 0x00, 0x00, 0x00, 0x00, 0x00, 0x00, 0x00, 0x00, 0x00, 0x00, 0x00, 0x00, 0x00, 0x00, 0x00, 0x00, 0x00, 0x00, 0x00, 0x00, 0x00, 0x00, 0x00, 0x00, 0x00, 0x00, 0x00, 0x00, 0x00, 0x00, 0x00,
    0x00, 0x00, 0x00, 0x00, 0x00, 0x00, 0x00, 0x00, 0x00, 0x00, 0x00, 0x00, 0x00, 0x00, 0x00, 0x00, 0x00, 0x00, 0x00, 0x00, 0x00, 0x00, 0x00, 0x00, 0x00, 0x00, 0x00, 0x00, 0x00, 0x00, 0x00, 0x00,
    0x00, 0x00, 0x00, 0x00, 0x4a, 0x59, 0x00, 0x00, 0x00, 0x00, 0x00, 0x00, 0x00, 0x00, 0x00, 0x00, 0x00, 0x00, 0x00, 0x00, 0x00, 0x00, 0x00, 0x00, 0x00, 0x00, 0x00, 0x00, 0x00, 0x00, 0x00, 0x00,
    0x00, 0x00, 0x00, 0x00, 0x00, 0x00, 0x00, 0x00, 0x00, 0x00, 0x00, 0x00, 0x00, 0x00, 0x00, 0x00, 0x00, 0x00, 0x00, 0x00, 0x00, 0x00, 0x00, 0x00, 0x00, 0x00, 0x00, 0x00, 0x4a, 0x59, 0x00, 0x00,
    0x00, 0x00, 0x00, 0x00, 0x00, 0x00, 0x00, 0x00, 0x00, 0x00, 0x00, 0x00, 0x00, 0x00, 0x00, 0x00, 0x00, 0x00, 0x00, 0x00, 0x00, 0x00, 0x00, 0x00, 0x00, 0x00, 0x00, 0x00, 0x00, 0x00, 0x00, 0x00,
    0x00, 0x00, 0x00, 0x00, 0x00, 0x00, 0x00, 0x00, 0x00, 0x00, 0x00, 0x00, 0x00, 0x00, 0x00, 0x00, 0x00, 0x00, 0x00, 0x00, 0x00, 0x00, 0x00, 0x00, 0x00, 0x00, 0x00, 0x00, 0x00, 0x00, 0x00, 0x00,
    0x00, 0x00, 0x00, 0x00, 0x4a, 0x59, 0x00, 0x00, 0x00, 0x00, 0x00, 0x00, 0x00, 0x00, 0x00, 0x00, 0x00, 0x00, 0x00, 0x00, 0x00, 0x00, 0x00, 0x00, 0x00, 0x00, 0x00, 0x00, 0x00, 0x00, 0x00, 0x00,
    0x00, 0x00, 0x00, 0x00, 0x00, 0x00, 0x00, 0x00, 0x00, 0x00, 0x00, 0x00, 0x00, 0x00, 0x00, 0x00, 0x00, 0x00, 0x00, 0x00, 0x00, 0x00, 0x00, 0x00, 0x00, 0x00, 0x4a, 0x59, 0x4a, 0x59, 0x00, 0x00,
    0x00, 0x00, 0x00, 0x00, 0x00, 0x00, 0x00, 0x00, 0x00, 0x00, 0x00, 0x00, 0x00, 0x00, 0x00, 0x00, 0x00, 0x00, 0x00, 0x00, 0x00, 0x00, 0x00, 0x00, 0x00, 0x00, 0x00, 0x00, 0x00, 0x00, 0x00, 0x00,
    0x00, 0x00, 0x00, 0x00, 0x00, 0x00, 0x00, 0x00, 0x00, 0x00, 0x00, 0x00, 0x00, 0x00, 0x00, 0x00, 0x00, 0x00, 0x00, 0x00, 0x00, 0x00, 0x00, 0x00, 0x00, 0x00, 0x00, 0x00, 0x00, 0x00, 0x00, 0x00,
    0x00, 0x00, 0x4a, 0x59, 0x7a, 0xfd, 0x4a, 0x59, 0x00, 0x00, 0x00, 0x00, 0x00, 0x00, 0x00, 0x00, 0x00, 0x00, 0x00, 0x00, 0x00, 0x00, 0x00, 0x00, 0x00, 0x00, 0x00, 0x00, 0x00, 0x00, 0x00, 0x00,
    0x00, 0x00, 0x00, 0x00, 0x00, 0x00, 0x00, 0x00, 0x00, 0x00, 0x00, 0x00, 0x00, 0x00, 0x00, 0x00, 0x00, 0x00, 0x00, 0x00, 0x00, 0x00, 0x00, 0x00, 0x00, 0x00, 0x4a, 0x59, 0x4a, 0x59, 0x00, 0x00,
    0x00, 0x00, 0x00, 0x00, 0x00, 0x00, 0x00, 0x00, 0x00, 0x00, 0x00, 0x00, 0x00, 0x00, 0x00, 0x00, 0x00, 0x00, 0x00, 0x00, 0x00, 0x00, 0x00, 0x00, 0x00, 0x00, 0x00, 0x00, 0x00, 0x00, 0x00, 0x00,
    0x00, 0x00, 0x00, 0x00, 0x00, 0x00, 0x00, 0x00, 0x00, 0x00, 0x00, 0x00, 0x00, 0x00, 0x00, 0x00, 0x00, 0x00, 0x00, 0x00, 0x00, 0x00, 0x00, 0x00, 0x00, 0x00, 0x00, 0x00, 0x00, 0x00, 0x00, 0x00,
    0x00, 0x00, 0x4a, 0x59, 0x7a, 0xfd, 0x4a, 0x59, 0x00, 0x00, 0x00, 0x00, 0x00, 0x00, 0x00, 0x00, 0x00, 0x00, 0x00, 0x00, 0x00, 0x00, 0x00, 0x00, 0x00, 0x00, 0x00, 0x00, 0x00, 0x00, 0x00, 0x00,
    0x00, 0x00, 0x00, 0x00, 0x00, 0x00, 0x00, 0x00, 0x00, 0x00, 0x00, 0x00, 0x00, 0x00, 0x00, 0x00, 0x00, 0x00, 0x00, 0x00, 0x00, 0x00, 0x00, 0x00, 0x4a, 0x59, 0x7a, 0xfd, 0x7a, 0xfd, 0x4a, 0x59,
    0x00, 0x00, 0x00, 0x00, 0x00, 0x00, 0x00, 0x00, 0x00, 0x00, 0x00, 0x00, 0x00, 0x00, 0x00, 0x00, 0x00, 0x00, 0x00, 0x00, 0x00, 0x00, 0x00, 0x00, 0x00, 0x00, 0x00, 0x00, 0x00, 0x00, 0x00, 0x00,
    0x00, 0x00, 0x00, 0x00, 0x00, 0x00, 0x00, 0x00, 0x00, 0x00, 0x00, 0x00, 0x00, 0x00, 0x00, 0x00, 0x00, 0x00, 0x00, 0x00, 0x00, 0x00, 0x00, 0x00, 0x00, 0x00, 0x00, 0x00, 0x00, 0x00, 0x00, 0x00,
    0x00, 0x00, 0x4a, 0x59, 0x7a, 0xfd, 0x7a, 0xfd, 0x32, 0xfb, 0x00, 0x00, 0x00, 0x00, 0x00, 0x00, 0x4a, 0x59, 0x4a, 0x59, 0x4a, 0x59, 0x00, 0x00, 0x00, 0x00, 0x00, 0x00, 0x00, 0x00, 0x00, 0x00,
    0x00, 0x00, 0x00, 0x00, 0x00, 0x00, 0x00, 0x00, 0x00, 0x00, 0x00, 0x00, 0x4a, 0x59, 0x4a, 0x59, 0x4a, 0x59, 0x00, 0x00, 0x00, 0x00, 0x00, 0x00, 0x32, 0xfb, 0x7a, 0xfd, 0x7a, 0xfd, 0x4a, 0x59,
    0x00, 0x00, 0x00, 0x00, 0x00, 0x00, 0x00, 0x00, 0x00, 0x00, 0x00, 0x00, 0x00, 0x00, 0x00, 0x00, 0x00, 0x00, 0x00, 0x00, 0x00, 0x00, 0x00, 0x00, 0x00, 0x00, 0x00, 0x00, 0x00, 0x00, 0x00, 0x00,
    0x00, 0x00, 0x00, 0x00, 0x00, 0x00, 0x00, 0x00, 0x00, 0x00, 0x00, 0x00, 0x00, 0x00, 0x00, 0x00, 0x00, 0x00, 0x00, 0x00, 0x00, 0x00, 0x00, 0x00, 0x00, 0x00, 0x00, 0x00, 0x00, 0x00, 0x00, 0x00,
    0x00, 0x00, 0x4a, 0x59, 0x7a, 0xfd, 0x7a, 0xfd, 0x32, 0xfb, 0x00, 0x00, 0x4a, 0x59, 0x4a, 0x59, 0x32, 0xfb, 0x32, 0xfb, 0x32, 0xfb, 0x4a, 0x59, 0x4a, 0x59, 0x00, 0x00, 0x00, 0x00, 0x00, 0x00,
    0x00, 0x00, 0x00, 0x00, 0x00, 0x00, 0x00, 0x00, 0x4a, 0x59, 0x4a, 0x59, 0x32, 0xfb, 0x32, 0xfb, 0x32, 0xfb, 0x4a, 0x59, 0x4a, 0x59, 0x4a, 0x59, 0x32, 0xfb, 0x7a, 0xfd, 0x7a, 0xfd, 0x4a, 0x59,
    0x00, 0x00, 0x00, 0x00, 0x00, 0x00, 0x00, 0x00, 0x00, 0x00, 0x00, 0x00, 0x00, 0x00, 0x00, 0x00, 0x00, 0x00, 0x00, 0x00, 0x00, 0x00, 0x00, 0x00, 0x00, 0x00, 0x00, 0x00, 0x00, 0x00, 0x00, 0x00,
    0x00, 0x00, 0x00, 0x00, 0x00, 0x00, 0x00, 0x00, 0x00, 0x00, 0x00, 0x00, 0x00, 0x00, 0x00, 0x00, 0x00, 0x00, 0x00, 0x00, 0x00, 0x00, 0x00, 0x00, 0x00, 0x00, 0x00, 0x00, 0x00, 0x00, 0x00, 0x00,
    0x4a, 0x59, 0x7a, 0xfd, 0x7a, 0xfd, 0x32, 0xfb, 0xed, 0xc9, 0x4a, 0x59, 0x32, 0xfb, 0x32, 0xfb, 0x32, 0xfb, 0x32, 0xfb, 0x32, 0xfb, 0x32, 0xfb, 0x32, 0xfb, 0x4a, 0x59, 0x4a, 0x59, 0x4a, 0x59,
    0x4a, 0x59, 0x4a, 0x59, 0x4a, 0x59, 0x4a, 0x59, 0x32, 0xfb, 0x32, 0xfb, 0x32, 0xfb, 0x32, 0xfb, 0x32, 0xfb, 0x32, 0xfb, 0x32, 0xfb, 0x4a, 0x59, 0xed, 0xc9, 0x32, 0xfb, 0x7a, 0xfd, 0x4a, 0x59,
    0x00, 0x00, 0x00, 0x00, 0x00, 0x00, 0x00, 0x00, 0x00, 0x00, 0x00, 0x00, 0x00, 0x00, 0x00, 0x00, 0x00, 0x00, 0x00, 0x00, 0x00, 0x00, 0x00, 0x00, 0x00, 0x00, 0x00, 0x00, 0x00, 0x00, 0x00, 0x00,
    0x00, 0x00, 0x00, 0x00, 0x00, 0x00, 0x00, 0x00, 0x00, 0x00, 0x00, 0x00, 0x00, 0x00, 0x00, 0x00, 0x00, 0x00, 0x00, 0x00, 0x00, 0x00, 0x00, 0x00, 0x00, 0x00, 0x00, 0x00, 0x00, 0x00, 0x00, 0x00,
    0x4a, 0x59, 0x7a, 0xfd, 0x7a, 0xfd, 0x32, 0xfb, 0xed, 0xc9, 0x4a, 0x59, 0x32, 0xfb, 0x32, 0xfb, 0x32, 0xfb, 0x32, 0xfb, 0x32, 0xfb, 0x32, 0xfb, 0x32, 0xfb, 0x4a, 0x59, 0xed, 0xc9, 0xed, 0xc9,
    0xed, 0xc9, 0xed, 0xc9, 0xed, 0xc9, 0x4a, 0x59, 0x32, 0xfb, 0x32, 0xfb, 0x32, 0xfb, 0x32, 0xfb, 0x32, 0xfb, 0x32, 0xfb, 0x32, 0xfb, 0x4a, 0x59, 0xed, 0xc9, 0x32, 0xfb, 0x7a, 0xfd, 0x7a, 0xfd,
    0x4a, 0x59, 0x00, 0x00, 0x00, 0x00, 0x00, 0x00, 0x00, 0x00, 0x00, 0x00, 0x00, 0x00, 0x00, 0x00, 0x00, 0x00, 0x00, 0x00, 0x00, 0x00, 0x00, 0x00, 0x00, 0x00, 0x00, 0x00, 0x00, 0x00, 0x00, 0x00,
    0x00, 0x00, 0x00, 0x00, 0x00, 0x00, 0x00, 0x00, 0x00, 0x00, 0x00, 0x00, 0x00, 0x00, 0x00, 0x00, 0x00, 0x00, 0x00, 0x00, 0x00, 0x00, 0x00, 0x00, 0x00, 0x00, 0x00, 0x00, 0x00, 0x00, 0x00, 0x00,
    0x4a, 0x59, 0x7a, 0xfd, 0x7a, 0xfd, 0x32, 0xfb, 0x4a, 0x59, 0x32, 0xfb, 0x32, 0xfb, 0x32, 0xfb, 0x32, 0xfb, 0x32, 0xfb, 0x32, 0xfb, 0x32, 0xfb, 0x32, 0xfb, 0x4a, 0x59, 0xff, 0xff, 0xec, 0xf1,
    0xed, 0xc9, 0xec, 0xf1, 0xec, 0xf1, 0x4a, 0x59, 0x32, 0xfb, 0x32, 0xfb, 0x32, 0xfb, 0x32, 0xfb, 0x32, 0xfb, 0x32, 0xfb, 0x32, 0xfb, 0x32, 0xfb, 0x4a, 0x59, 0x32, 0xfb, 0x7a, 0xfd, 0x7a, 0xfd,
    0x4a, 0x59, 0x00, 0x00, 0x00, 0x00, 0x00, 0x00, 0x00, 0x00, 0x00, 0x00, 0x00, 0x00, 0x00, 0x00, 0x00, 0x00, 0x00, 0x00, 0x00, 0x00, 0x00, 0x00, 0x00, 0x00, 0x00, 0x00, 0x00, 0x00, 0x00, 0x00,
    0x00, 0x00, 0x00, 0x00, 0x00, 0x00, 0x00, 0x00, 0x00, 0x00, 0x00, 0x00, 0x00, 0x00, 0x00, 0x00, 0x00, 0x00, 0x00, 0x00, 0x00, 0x00, 0x00, 0x00, 0x00, 0x00, 0x00, 0x00, 0x00, 0x00, 0x00, 0x00,
    0x4a, 0x59, 0x7a, 0xfd, 0x7a, 0xfd, 0x32, 0xfb, 0x4a, 0x59, 0x32, 0xfb, 0x32, 0xfb, 0x32, 0xfb, 0x32, 0xfb, 0x32, 0xfb, 0x32, 0xfb, 0x32, 0xfb, 0x32, 0xfb, 0x4a, 0x59, 0xec, 0xf1, 0xec, 0xf1,
    0xec, 0xf1, 0xec, 0xf1, 0xec, 0xf1, 0x4a, 0x59, 0x32, 0xfb, 0x32, 0xfb, 0x32, 0xfb, 0x32, 0xfb, 0x32, 0xfb, 0x32, 0xfb, 0x32, 0xfb, 0x32, 0xfb, 0x4a, 0x59, 0x32, 0xfb, 0x7a, 0xfd, 0x7a, 0xfd,
    0x4a, 0x59, 0x00, 0x00, 0x00, 0x00, 0x00, 0x00, 0x00, 0x00, 0x00, 0x00, 0x00, 0x00, 0x00, 0x00, 0x00, 0x00, 0x00, 0x00, 0x00, 0x00, 0x00, 0x00, 0x00, 0x00, 0x00, 0x00, 0x00, 0x00, 0x00, 0x00,
    0x00, 0x00, 0x00, 0x00, 0x00, 0x00, 0x00, 0x00, 0x00, 0x00, 0x00, 0x00, 0x00, 0x00, 0x00, 0x00, 0x00, 0x00, 0x00, 0x00, 0x00, 0x00, 0x00, 0x00, 0x00, 0x00, 0x00, 0x00, 0x00, 0x00, 0x4a, 0x59,
    0x7a, 0xfd, 0x7a, 0xfd, 0x32, 0xfb, 0x32, 0xfb, 0x4a, 0x59, 0x32, 0xfb, 0x32, 0xfb, 0x32, 0xfb, 0x32, 0xfb, 0x32, 0xfb, 0x32, 0xfb, 0x32, 0xfb, 0x32, 0xfb, 0x4a, 0x59, 0xed, 0xc9, 0xec, 0xf1,
    0xec, 0xf1, 0xec, 0xf1, 0xed, 0xc9, 0x4a, 0x59, 0x32, 0xfb, 0x32, 0xfb, 0x32, 0xfb, 0x32, 0xfb, 0x32, 0xfb, 0x32, 0xfb, 0x32, 0xfb, 0x32, 0xfb, 0x4a, 0x59, 0x32, 0xfb, 0x32, 0xfb, 0x7a, 0xfd,
    0x4a, 0x59, 0x00, 0x00, 0x00, 0x00, 0x00, 0x00, 0x00, 0x00, 0x00, 0x00, 0x00, 0x00, 0x00, 0x00, 0x00, 0x00, 0x00, 0x00, 0x00, 0x00, 0x00, 0x00, 0x00, 0x00, 0x00, 0x00, 0x00, 0x00, 0x00, 0x00,
    0x00, 0x00, 0x00, 0x00, 0x00, 0x00, 0x00, 0x00, 0x00, 0x00, 0x00, 0x00, 0x00, 0x00, 0x00, 0x00, 0x00, 0x00, 0x00, 0x00, 0x00, 0x00, 0x00, 0x00, 0x00, 0x00, 0x00, 0x00, 0x00, 0x00, 0x4a, 0x59,
    0x7a, 0xfd, 0x7a, 0xfd, 0x32, 0xfb, 0x32, 0xfb, 0x4a, 0x59, 0x32, 0xfb, 0x32, 0xfb, 0x32, 0xfb, 0x32, 0xfb, 0x32, 0xfb, 0x32, 0xfb, 0x32, 0xfb, 0x32, 0xfb, 0x4a, 0x59, 0xed, 0xc9, 0xed, 0xc9,
    0xec, 0xf1, 0xed, 0xc9, 0xed, 0xc9, 0x4a, 0x59, 0x32, 0xfb, 0x32, 0xfb, 0x32, 0xfb, 0x32, 0xfb, 0x32, 0xfb, 0x32, 0xfb, 0x32, 0xfb, 0x32, 0xfb, 0x4a, 0x59, 0x32, 0xfb, 0x32, 0xfb, 0x7a, 0xfd,
    0x7a, 0xfd, 0x4a, 0x59, 0x00, 0x00, 0x00, 0x00, 0x00, 0x00, 0x00, 0x00, 0x00, 0x00, 0x00, 0x00, 0x00, 0x00, 0x00, 0x00, 0x00, 0x00, 0x00, 0x00, 0x00, 0x00, 0x00, 0x00, 0x00, 0x00, 0x00, 0x00,
    0x00, 0x00, 0x00, 0x00, 0x00, 0x00, 0x00, 0x00, 0x00, 0x00, 0x00, 0x00, 0x00, 0x00, 0x00, 0x00, 0x00, 0x00, 0x00, 0x00, 0x00, 0x00, 0x00, 0x00, 0x00, 0x00, 0x00, 0x00, 0x00, 0x00, 0x4a, 0x59,
    0x7a, 0xfd, 0x7a, 0xfd, 0x32, 0xfb, 0x32, 0xfb, 0x4a, 0x59, 0x32, 0xfb, 0x32, 0xfb, 0x32, 0xfb, 0x32, 0xfb, 0x32, 0xfb, 0x32, 0xfb, 0x32, 0xfb, 0x32, 0xfb, 0x4a, 0x59, 0xed, 0xc9, 0xed, 0xc9,
    0xed, 0xc9, 0xed, 0xc9, 0xed, 0xc9, 0x4a, 0x59, 0x32, 0xfb, 0x32, 0xfb, 0x32, 0xfb, 0x32, 0xfb, 0x32, 0xfb, 0x32, 0xfb, 0x32, 0xfb, 0x32, 0xfb, 0x4a, 0x59, 0x32, 0xfb, 0x32, 0xfb, 0x7a, 0xfd,
    0x7a, 0xfd, 0x4a, 0x59, 0x00, 0x00, 0x00, 0x00, 0x00, 0x00, 0x00, 0x00, 0x00, 0x00, 0x00, 0x00, 0x00, 0x00, 0x00, 0x00, 0x00, 0x00, 0x00, 0x00, 0x00, 0x00, 0x00, 0x00, 0x00, 0x00, 0x00, 0x00,
    0x00, 0x00, 0x00, 0x00, 0x00, 0x00, 0x00, 0x00, 0x00, 0x00, 0x00, 0x00, 0x00, 0x00, 0x00, 0x00, 0x00, 0x00, 0x00, 0x00, 0x00, 0x00, 0x00, 0x00, 0x00, 0x00, 0x00, 0x00, 0x00, 0x00, 0x4a, 0x59,
    0x7a, 0xfd, 0x32, 0xfb, 0x32, 0xfb, 0x32, 0xfb, 0x32, 0xfb, 0x4a, 0x59, 0x32, 0xfb, 0x32, 0xfb, 0x32, 0xfb, 0x32, 0xfb, 0x32, 0xfb, 0x32, 0xfb, 0x32, 0xfb, 0x4a, 0x59, 0xed, 0xc9, 0xed, 0xc9,
    0xed, 0xc9, 0xed, 0xc9, 0xed, 0xc9, 0x4a, 0x59, 0x32, 0xfb, 0x32, 0xfb, 0x32, 0xfb, 0x32, 0xfb, 0x32, 0xfb, 0x32, 0xfb, 0x32, 0xfb, 0x4a, 0x59, 0x32, 0xfb, 0x32, 0xfb, 0x32, 0xfb, 0x32, 0xfb,
    0x7a, 0xfd, 0x4a, 0x59, 0x00, 0x00, 0x00, 0x00, 0x00, 0x00, 0x00, 0x00, 0x00, 0x00, 0x00, 0x00, 0x00, 0x00, 0x00, 0x00, 0x00, 0x00, 0x00, 0x00, 0x00, 0x00, 0x00, 0x00, 0x00, 0x00, 0x00, 0x00,
    0x00, 0x00, 0x00, 0x00, 0x00, 0x00, 0x00, 0x00, 0x00, 0x00, 0x00, 0x00, 0x00, 0x00, 0x00, 0x00, 0x00, 0x00, 0x00, 0x00, 0x00, 0x00, 0x00, 0x00, 0x00, 0x00, 0x00, 0x00, 0x4a, 0x59, 0x7a, 0xfd,
    0x7a, 0xfd, 0x32, 0xfb, 0x32, 0xfb, 0x32, 0xfb, 0x32, 0xfb, 0x4a, 0x59, 0x32, 0xfb, 0x32, 0xfb, 0x32, 0xfb, 0x32, 0xfb, 0x32, 0xfb, 0x32, 0xfb, 0x4a, 0x59, 0x4a, 0x59, 0x4a, 0x59, 0x4a, 0x59,
    0x4a, 0x59, 0x4a, 0x59, 0x4a, 0x59, 0x4a, 0x59, 0x4a, 0x59, 0x32, 0xfb, 0x32, 0xfb, 0x32, 0xfb, 0x32, 0xfb, 0x32, 0xfb, 0x32, 0xfb, 0x4a, 0x59, 0x32, 0xfb, 0x32, 0xfb, 0x32, 0xfb, 0x32, 0xfb,
    0x7a, 0xfd, 0x4a, 0x59, 0x00, 0x00, 0x00, 0x00, 0x00, 0x00, 0x00, 0x00, 0x00, 0x00, 0x00, 0x00, 0x00, 0x00, 0x00, 0x00, 0x00, 0x00, 0x00, 0x00, 0x00, 0x00, 0x00, 0x00, 0x00, 0x00, 0x00, 0x00,
    0x00, 0x00, 0x00, 0x00, 0x00, 0x00, 0x00, 0x00, 0x00, 0x00, 0x00, 0x00, 0x00, 0x00, 0x00, 0x00, 0x00, 0x00, 0x00, 0x00, 0x00, 0x00, 0x00, 0x00, 0x00, 0x00, 0x00, 0x00, 0x4a, 0x59, 0x7a, 0xfd,
    0x7a, 0xfd, 0x7a, 0xfd, 0x7a, 0xfd, 0x7a, 0xfd, 0x7a, 0xfd, 0x7a, 0xfd, 0x4a, 0x59, 0x4a, 0x59, 0x32, 0xfb, 0x4a, 0x59, 0x4a, 0x59, 0x4a, 0x59, 0x7a, 0xfd, 0x7a, 0xfd, 0x7a, 0xfd, 0x7a, 0xfd,
    0x7a, 0xfd, 0x7a, 0xfd, 0x7a, 0xfd, 0x7a, 0xfd, 0x7a, 0xfd, 0x4a, 0x59, 0x4a, 0x59, 0x4a, 0x59, 0x32, 0xfb, 0x4a, 0x59, 0x4a, 0x59, 0x7a, 0xfd, 0x7a, 0xfd, 0x7a, 0xfd, 0x7a, 0xfd, 0x7a, 0xfd,
    0x7a, 0xfd, 0x7a, 0xfd, 0x4a, 0x59, 0x00, 0x00, 0x00, 0x00, 0x00, 0x00, 0x00, 0x00, 0x00, 0x00, 0x00, 0x00, 0x00, 0x00, 0x00, 0x00, 0x00, 0x00, 0x00, 0x00, 0x00, 0x00, 0x00, 0x00, 0x00, 0x00,
    0x00, 0x00, 0x00, 0x00, 0x00, 0x00, 0x00, 0x00, 0x00, 0x00, 0x00, 0x00, 0x00, 0x00, 0x00, 0x00, 0x00, 0x00, 0x00, 0x00, 0x00, 0x00, 0x00, 0x00, 0x00, 0x00, 0x00, 0x00, 0x4a, 0x59, 0x4a, 0x59,
    0x4a, 0x59, 0x4a, 0x59, 0x4a, 0x59, 0x4a, 0x59, 0x4a, 0x59, 0x4a, 0x59, 0x4a, 0x59, 0x4a, 0x59, 0x4a, 0x59, 0x4a, 0x59, 0x4a, 0x59, 0x4a, 0x59, 0x4a, 0x59, 0x4a, 0x59, 0x4a, 0x59, 0x4a, 0x59,
    0x4a, 0x59, 0x4a, 0x59, 0x4a, 0x59, 0x4a, 0x59, 0x4a, 0x59, 0x7a, 0xfd, 0x7a, 0xfd, 0x7a, 0xfd, 0x4a, 0x59, 0x4a, 0x59, 0x4a, 0x59, 0x4a, 0x59, 0x4a, 0x59, 0x4a, 0x59, 0x4a, 0x59, 0x4a, 0x59,
    0x4a, 0x59, 0x4a, 0x59, 0x4a, 0x59, 0x00, 0x00, 0x00, 0x00, 0x00, 0x00, 0x00, 0x00, 0x00, 0x00, 0x00, 0x00, 0x00, 0x00, 0x00, 0x00, 0x00, 0x00, 0x00, 0x00, 0x00, 0x00, 0x00, 0x00, 0x00, 0x00,
    0x00, 0x00, 0x00, 0x00, 0x00, 0x00, 0x00, 0x00, 0x00, 0x00, 0x00, 0x00, 0x00, 0x00, 0x00, 0x00, 0x00, 0x00, 0x00, 0x00, 0x00, 0x00, 0x00, 0x00, 0x00, 0x00, 0x00, 0x00, 0x00, 0x00, 0x00, 0x00,
    0x00, 0x00, 0x00, 0x00, 0x00, 0x00, 0x00, 0x00, 0x00, 0x00, 0x00, 0x00, 0x4a, 0x59, 0x7a, 0xfd, 0x4a, 0x59, 0x32, 0xfb, 0x32, 0xfb, 0x32, 0xfb, 0x4a, 0x59, 0xed, 0xc9, 0xed, 0xc9, 0xed, 0xc9,
    0x4a, 0x59, 0x32, 0xfb, 0x32, 0xfb, 0x32, 0xfb, 0x4a, 0x59, 0x7a, 0xfd, 0x7a, 0xfd, 0x7a, 0xfd, 0x7a, 0xfd, 0x7a, 0xfd, 0x4a, 0x59, 0x00, 0x00, 0x00, 0x00, 0x00, 0x00, 0x00, 0x00, 0x00, 0x00,
    0x00, 0x00, 0x00, 0x00, 0x00, 0x00, 0x00, 0x00, 0x00, 0x00, 0x00, 0x00, 0x00, 0x00, 0x00, 0x00, 0x00, 0x00, 0x00, 0x00, 0x00, 0x00, 0x00, 0x00, 0x00, 0x00, 0x00, 0x00, 0x00, 0x00, 0x00, 0x00,
    0x00, 0x00, 0x00, 0x00, 0x00, 0x00, 0x00, 0x00, 0x00, 0x00, 0x00, 0x00, 0x00, 0x00, 0x00, 0x00, 0x00, 0x00, 0x00, 0x00, 0x00, 0x00, 0x00, 0x00, 0x00, 0x00, 0x00, 0x00, 0x00, 0x00, 0x00, 0x00,
    0x00, 0x00, 0x00, 0x00, 0x00, 0x00, 0x00, 0x00, 0x00, 0x00, 0x4a, 0x59, 0x7a, 0xfd, 0x7a, 0xfd, 0x7a, 0xfd, 0x4a, 0x59, 0x32, 0xfb, 0x4a, 0x59, 0x4a, 0x59, 0xed, 0xc9, 0xed, 0xc9, 0x4a, 0x59,
    0x7a, 0xfd, 0x4a, 0x59, 0x32, 0xfb, 0x4a, 0x59, 0x7a, 0xfd, 0x7a, 0xfd, 0x7a, 0xfd, 0x7a, 0xfd, 0x7a, 0xfd, 0x7a, 0xfd, 0x7a, 0xfd, 0x4a, 0x59, 0x00, 0x00, 0x00, 0x00, 0x00, 0x00, 0x00, 0x00,
    0x00, 0x00, 0x00, 0x00, 0x00, 0x00, 0x00, 0x00, 0x00, 0x00, 0x00, 0x00, 0x00, 0x00, 0x00, 0x00, 0x00, 0x00, 0x00, 0x00, 0x00, 0x00, 0x00, 0x00, 0x00, 0x00, 0x00, 0x00, 0x00, 0x00, 0x00, 0x00,
    0x00, 0x00, 0x00, 0x00, 0x00, 0x00, 0x00, 0x00, 0x00, 0x00, 0x00, 0x00, 0x00, 0x00, 0x00, 0x00, 0x00, 0x00, 0x00, 0x00, 0x00, 0x00, 0x00, 0x00, 0x00, 0x00, 0x00, 0x00, 0x00, 0x00, 0x00, 0x00,
    0x00, 0x00, 0x00, 0x00, 0x00, 0x00, 0x00, 0x00, 0x4a, 0x59, 0x7a, 0xfd, 0x5c, 0xfe, 0x5c, 0xfe, 0x7a, 0xfd, 0x4a, 0x59, 0x32, 0xfb, 0x4a, 0x59, 0x7a, 0xfd, 0x4a, 0x59, 0xed, 0xc9, 0x4a, 0x59,
    0x7a, 0xfd, 0x4a, 0x59, 0x32, 0xfb, 0x4a, 0x59, 0x7a, 0xfd, 0x7a, 0xfd, 0x7a, 0xfd, 0x7a, 0xfd, 0x7a, 0xfd, 0x7a, 0xfd, 0x7a, 0xfd, 0x7a, 0xfd, 0x4a, 0x59, 0x00, 0x00, 0x00, 0x00, 0x00, 0x00,
    0x00, 0x00, 0x00, 0x00, 0x00, 0x00, 0x00, 0x00, 0x00, 0x00, 0x00, 0x00, 0x00, 0x00, 0x00, 0x00, 0x00, 0x00, 0x00, 0x00, 0x00, 0x00, 0x00, 0x00, 0x00, 0x00, 0x00, 0x00, 0x00, 0x00, 0x00, 0x00,
    0x00, 0x00, 0x00, 0x00, 0x00, 0x00, 0x00, 0x00, 0x00, 0x00, 0x00, 0x00, 0x00, 0x00, 0x00, 0x00, 0x00, 0x00, 0x00, 0x00, 0x00, 0x00, 0x00, 0x00, 0x00, 0x00, 0x00, 0x00, 0x00, 0x00, 0x00, 0x00,
    0x00, 0x00, 0x00, 0x00, 0x00, 0x00, 0x4a, 0x59, 0x7a, 0xfd, 0x7a, 0xfd, 0x5c, 0xfe, 0x7a, 0xfd, 0x7a, 0xfd, 0x4a, 0x59, 0x32, 0xfb, 0x4a, 0x59, 0x7a, 0xfd, 0x4a, 0x59, 0xed, 0xc9, 0x4a, 0x59,
    0x7a, 0xfd, 0x4a, 0x59, 0x32, 0xfb, 0x4a, 0x59, 0x7a, 0xfd, 0x7a, 0xfd, 0x7a, 0xfd, 0x7a, 0xfd, 0x7a, 0xfd, 0x7a, 0xfd, 0x7a, 0xfd, 0x7a, 0xfd, 0x7a, 0xfd, 0x4a, 0x59, 0x00, 0x00, 0x00, 0x00,
    0x00, 0x00, 0x00, 0x00, 0x00, 0x00, 0x00, 0x00, 0x00, 0x00, 0x00, 0x00, 0x00, 0x00, 0x00, 0x00, 0x00, 0x00, 0x00, 0x00, 0x00, 0x00, 0x00, 0x00, 0x00, 0x00, 0x00, 0x00, 0x00, 0x00, 0x00, 0x00,
    0x00, 0x00, 0x00, 0x00, 0x00, 0x00, 0x00, 0x00, 0x00, 0x00, 0x00, 0x00, 0x00, 0x00, 0x00, 0x00, 0x00, 0x00, 0x00, 0x00, 0x00, 0x00, 0x00, 0x00, 0x00, 0x00, 0x00, 0x00, 0x00, 0x00, 0x00, 0x00,
    0x00, 0x00, 0x00, 0x00, 0x4a, 0x59, 0x7a, 0xfd, 0x7a, 0xfd, 0x7a, 0xfd, 0x7a, 0xfd, 0x7a, 0xfd, 0x7a, 0xfd, 0x7a, 0xfd, 0x4a, 0x59, 0x7a, 0xfd, 0x7a, 0xfd, 0x4a, 0x59, 0xed, 0xc9, 0x4a, 0x59,
    0x7a, 0xfd, 0x7a, 0xfd, 0x4a, 0x59, 0x7a, 0xfd, 0x7a, 0xfd, 0x7a, 0xfd, 0x7a, 0xfd, 0x7a, 0xfd, 0x7a, 0xfd, 0x7a, 0xfd, 0x7a, 0xfd, 0x7a, 0xfd, 0x7a, 0xfd, 0x7a, 0xfd, 0x4a, 0x59, 0x00, 0x00,
    0x00, 0x00, 0x00, 0x00, 0x00, 0x00, 0x00, 0x00, 0x00, 0x00, 0x00, 0x00, 0x00, 0x00, 0x00, 0x00, 0x00, 0x00, 0x00, 0x00, 0x00, 0x00, 0x00, 0x00, 0x00, 0x00, 0x00, 0x00, 0x00, 0x00, 0x00, 0x00,
    0x00, 0x00, 0x00, 0x00, 0x00, 0x00, 0x00, 0x00, 0x00, 0x00, 0x00, 0x00, 0x00, 0x00, 0x00, 0x00, 0x00, 0x00, 0x00, 0x00, 0x00, 0x00, 0x00, 0x00, 0x00, 0x00, 0x00, 0x00, 0x00, 0x00, 0x00, 0x00,
    0x00, 0x00, 0x00, 0x00, 0x42, 0x08, 0x7a, 0xfd, 0x7a, 0xfd, 0x7a, 0xfd, 0x7a, 0xfd, 0x7a, 0xfd, 0x7a, 0xfd, 0x7a, 0xfd, 0x4a, 0x59, 0x7a, 0xfd, 0x7a, 0xfd, 0x4a, 0x59, 0x4a, 0x59, 0x7a, 0xfd,
    0x7a, 0xfd, 0x7a, 0xfd, 0x4a, 0x59, 0x7a, 0xfd, 0x7a, 0xfd, 0x7a, 0xfd, 0x7a, 0xfd, 0x7a, 0xfd, 0x7a, 0xfd, 0x7a, 0xfd, 0x7a, 0xfd, 0x7a, 0xfd, 0x7a, 0xfd, 0x7a, 0xfd, 0x42, 0x08, 0x00, 0x00,
    0x00, 0x00, 0x00, 0x00, 0x00, 0x00, 0x00, 0x00, 0x00, 0x00, 0x00, 0x00, 0x00, 0x00, 0x00, 0x00, 0x00, 0x00, 0x00, 0x00, 0x00, 0x00, 0x00, 0x00, 0x00, 0x00, 0x00, 0x00, 0x00, 0x00, 0x00, 0x00,
    0x00, 0x00, 0x00, 0x00, 0x00, 0x00, 0x00, 0x00, 0x00, 0x00, 0x00, 0x00, 0x00, 0x00, 0x00, 0x00, 0x00, 0x00, 0x00, 0x00, 0x00, 0x00, 0x00, 0x00, 0x00, 0x00, 0x00, 0x00, 0x00, 0x00, 0x00, 0x00,
    0x00, 0x00, 0x4a, 0x59, 0x7a, 0xfd, 0x42, 0x08, 0x7a, 0xfd, 0x7a, 0xfd, 0x7a, 0xfd, 0x7a, 0xfd, 0x7a, 0xfd, 0x7a, 0xfd, 0x7a, 0xfd, 0x7a, 0xfd, 0x7a, 0xfd, 0x7a, 0xfd, 0x4a, 0x59, 0x7a, 0xfd,
    0x7a, 0xfd, 0x7a, 0xfd, 0x7a, 0xfd, 0x7a, 0xfd, 0x7a, 0xfd, 0x7a, 0xfd, 0x7a, 0xfd, 0x7a, 0xfd, 0x7a, 0xfd, 0x7a, 0xfd, 0x7a, 0xfd, 0x7a, 0xfd, 0x7a, 0xfd, 0x42, 0x08, 0x7a, 0xfd, 0x4a, 0x59,
    0x00, 0x00, 0x00, 0x00, 0x00, 0x00, 0x00, 0x00, 0x00, 0x00, 0x00, 0x00, 0x00, 0x00, 0x00, 0x00, 0x00, 0x00, 0x00, 0x00, 0x00, 0x00, 0x00, 0x00, 0x00, 0x00, 0x00, 0x00, 0x00, 0x00, 0x00, 0x00,
    0x00, 0x00, 0x00, 0x00, 0x00, 0x00, 0x00, 0x00, 0x00, 0x00, 0x00, 0x00, 0x00, 0x00, 0x00, 0x00, 0x00, 0x00, 0x00, 0x00, 0x00, 0x00, 0x00, 0x00, 0x00, 0x00, 0x00, 0x00, 0x00, 0x00, 0x00, 0x00,
    0x00, 0x00, 0x4a, 0x59, 0x42, 0x08, 0x42, 0x08, 0x42, 0x08, 0x7a, 0xfd, 0x7a, 0xfd, 0x42, 0x08, 0x42, 0x08, 0x42, 0x08, 0x7a, 0xfd, 0x7a, 0xfd, 0x7a, 0xfd, 0x7a, 0xfd, 0x4a, 0x59, 0x7a, 0xfd,
    0x7a, 0xfd, 0x7a, 0xfd, 0x7a, 0xfd, 0x7a, 0xfd, 0x7a, 0xfd, 0x7a, 0xfd, 0x7a, 0xfd, 0x42, 0x08, 0x42, 0x08, 0x42, 0x08, 0x7a, 0xfd, 0x7a, 0xfd, 0x42, 0x08, 0x42, 0x08, 0x42, 0x08, 0x4a, 0x59,
    0x00, 0x00, 0x00, 0x00, 0x00, 0x00, 0x00, 0x00, 0x00, 0x00, 0x00, 0x00, 0x00, 0x00, 0x00, 0x00, 0x00, 0x00, 0x00, 0x00, 0x00, 0x00, 0x00, 0x00, 0x00, 0x00, 0x00, 0x00, 0x00, 0x00, 0x00, 0x00,
    0x00, 0x00, 0x00, 0x00, 0x00, 0x00, 0x00, 0x00, 0x00, 0x00, 0x00, 0x00, 0x00, 0x00, 0x00, 0x00, 0x00, 0x00, 0x00, 0x00, 0x00, 0x00, 0x00, 0x00, 0x00, 0x00, 0x00, 0x00, 0x00, 0x00, 0x00, 0x00,
    0x4a, 0x59, 0x7a, 0xfd, 0x7a, 0xfd, 0x7a, 0xfd, 0x42, 0x08, 0x42, 0x08, 0x42, 0x08, 0xff, 0xff, 0xa5, 0x88, 0xa5, 0x88, 0x42, 0x08, 0x42, 0x08, 0x7a, 0xfd, 0x7a, 0xfd, 0x7a, 0xfd, 0x7a, 0xfd,
    0x7a, 0xfd, 0x7a, 0xfd, 0x7a, 0xfd, 0x7a, 0xfd, 0x7a, 0xfd, 0x42, 0x08, 0x42, 0x08, 0xff, 0xff, 0xa5, 0x88, 0xa5, 0x88, 0x42, 0x08, 0x42, 0x08, 0x42, 0x08, 0x7a, 0xfd, 0x7a, 0xfd, 0x7a, 0xfd,
    0x4a, 0x59, 0x00, 0x00, 0x00, 0x00, 0x00, 0x00, 0x00, 0x00, 0x00, 0x00, 0x00, 0x00, 0x00, 0x00, 0x00, 0x00, 0x00, 0x00, 0x00, 0x00, 0x00, 0x00, 0x00, 0x00, 0x00, 0x00, 0x00, 0x00, 0x00, 0x00,
    0x00, 0x00, 0x00, 0x00, 0x00, 0x00, 0x00, 0x00, 0x00, 0x00, 0x00, 0x00, 0x00, 0x00, 0x00, 0x00, 0x00, 0x00, 0x00, 0x00, 0x00, 0x00, 0x00, 0x00, 0x00, 0x00, 0x00, 0x00, 0x00, 0x00, 0x00, 0x00,
    0x4a, 0x59, 0x7a, 0xfd, 0x7a, 0xfd, 0x7a, 0xfd, 0x7a, 0xfd, 0x42, 0x08, 0xff, 0xff, 0xa5, 0x88, 0xff, 0xff, 0x48, 0xd9, 0xa5, 0x88, 0x42, 0x08, 0x7a, 0xfd, 0x7a, 0xfd, 0x7a, 0xfd, 0x7a, 0xfd,
    0x7a, 0xfd, 0x7a, 0xfd, 0x7a, 0xfd, 0x7a, 0xfd, 0x7a, 0xfd, 0x42, 0x08, 0xff, 0xff, 0xa5, 0x88, 0xff, 0xff, 0x48, 0xd9, 0xa5, 0x88, 0x42, 0x08, 0x7a, 0xfd, 0x7a, 0xfd, 0x7a, 0xfd, 0x7a, 0xfd,
    0x4a, 0x59, 0x00, 0x00, 0x00, 0x00, 0x00, 0x00, 0x00, 0x00, 0x00, 0x00, 0x00, 0x00, 0x00, 0x00, 0x00, 0x00, 0x00, 0x00, 0x00, 0x00, 0x00, 0x00, 0x00, 0x00, 0x00, 0x00, 0x00, 0x00, 0x00, 0x00,
    0x00, 0x00, 0x00, 0x00, 0x00, 0x00, 0x00, 0x00, 0x00, 0x00, 0x00, 0x00, 0x00, 0x00, 0x00, 0x00, 0x00, 0x00, 0x00, 0x00, 0x00, 0x00, 0x00, 0x00, 0x00, 0x00, 0x00, 0x00, 0x00, 0x00, 0x00, 0x00,
    0x4a, 0x59, 0x7a, 0xfd, 0x7a, 0xfd, 0x7a, 0xfd, 0x42, 0x08, 0xff, 0xff, 0xa5, 0x88, 0x42, 0x08, 0x42, 0x08, 0x42, 0x08, 0x48, 0xd9, 0xa5, 0x88, 0x42, 0x08, 0x7a, 0xfd, 0x7a, 0xfd, 0x7a, 0xfd,
    0x7a, 0xfd, 0x7a, 0xfd, 0x7a, 0xfd, 0x7a, 0xfd, 0x42, 0x08, 0xff, 0xff, 0xa5, 0x88, 0x42, 0x08, 0x42, 0x08, 0x42, 0x08, 0x48, 0xd9, 0xa5, 0x88, 0x42, 0x08, 0x7a, 0xfd, 0x7a, 0xfd, 0x7a, 0xfd,
    0x4a, 0x59, 0x00, 0x00, 0x00, 0x00, 0x00, 0x00, 0x00, 0x00, 0x00, 0x00, 0x00, 0x00, 0x00, 0x00, 0x00, 0x00, 0x00, 0x00, 0x00, 0x00, 0x00, 0x00, 0x00, 0x00, 0x00, 0x00, 0x00, 0x00, 0x00, 0x00,
    0x00, 0x00, 0x00, 0x00, 0x00, 0x00, 0x00, 0x00, 0x00, 0x00, 0x00, 0x00, 0x00, 0x00, 0x00, 0x00, 0x00, 0x00, 0x00, 0x00, 0x00, 0x00, 0x00, 0x00, 0x00, 0x00, 0x00, 0x00, 0x00, 0x00, 0x00, 0x00,
    0x4a, 0x59, 0x7a, 0xfd, 0x7a, 0xfd, 0x7a, 0xfd, 0x42, 0x08, 0xff, 0xff, 0xa5, 0x88, 0x42, 0x08, 0x42, 0x08, 0x42, 0x08, 0x48, 0xd9, 0xa5, 0x88, 0x42, 0x08, 0x7a, 0xfd, 0x7a, 0xfd, 0x7a, 0xfd,
    0x7a, 0xfd, 0x7a, 0xfd, 0x7a, 0xfd, 0x7a, 0xfd, 0x42, 0x08, 0xff, 0xff, 0xa5, 0x88, 0x42, 0x08, 0x42, 0x08, 0x42, 0x08, 0x48, 0xd9, 0xa5, 0x88, 0x42, 0x08, 0x7a, 0xfd, 0x7a, 0xfd, 0x7a, 0xfd,
    0x4a, 0x59, 0x00, 0x00, 0x00, 0x00, 0x00, 0x00, 0x00, 0x00, 0x00, 0x00, 0x00, 0x00, 0x00, 0x00, 0x00, 0x00, 0x00, 0x00, 0x00, 0x00, 0x00, 0x00, 0x00, 0x00, 0x00, 0x00, 0x00, 0x00, 0x00, 0x00,
    0x00, 0x00, 0x00, 0x00, 0x00, 0x00, 0x00, 0x00, 0x00, 0x00, 0x00, 0x00, 0x00, 0x00, 0x00, 0x00, 0x00, 0x00, 0x00, 0x00, 0x00, 0x00, 0x00, 0x00, 0x00, 0x00, 0x00, 0x00, 0x00, 0x00, 0x00, 0x00,
    0x4a, 0x59, 0x7a, 0xfd, 0x7a, 0xfd, 0x7a, 0xfd, 0x42, 0x08, 0xff, 0xff, 0xa5, 0x88, 0x48, 0xd9, 0x42, 0x08, 0x48, 0xd9, 0x48, 0xd9, 0xa5, 0x88, 0x42, 0x08, 0x7a, 0xfd, 0x7a, 0xfd, 0x7a, 0xfd,
    0x7a, 0xfd, 0x7a, 0xfd, 0x7a, 0xfd, 0x7a, 0xfd, 0x42, 0x08, 0xff, 0xff, 0xa5, 0x88, 0x48, 0xd9, 0x42, 0x08, 0x48, 0xd9, 0x48, 0xd9, 0xa5, 0x88, 0x42, 0x08, 0x7a, 0xfd, 0x7a, 0xfd, 0x7a, 0xfd,
    0x4a, 0x59, 0x00, 0x00, 0x00, 0x00, 0x00, 0x00, 0x00, 0x00, 0x00, 0x00, 0x00, 0x00, 0x00, 0x00, 0x00, 0x00, 0x00, 0x00, 0x00, 0x00, 0x00, 0x00, 0x00, 0x00, 0x00, 0x00, 0x00, 0x00, 0x00, 0x00,
    0x00, 0x00, 0x00, 0x00, 0x00, 0x00, 0x00, 0x00, 0x00, 0x00, 0x00, 0x00, 0x00, 0x00, 0x00, 0x00, 0x00, 0x00, 0x00, 0x00, 0x00, 0x00, 0x00, 0x00, 0x00, 0x00, 0x00, 0x00, 0x00, 0x00, 0x00, 0x00,
    0x4a, 0x59, 0x7a, 0xfd, 0x7a, 0xfd, 0x7a, 0xfd, 0x7a, 0xfd, 0x42, 0x08, 0xff, 0xff, 0xa5, 0x88, 0x48, 0xd9, 0xff, 0xff, 0xa5, 0x88, 0x42, 0x08, 0x7a, 0xfd, 0x7a, 0xfd, 0x7a, 0xfd, 0x7a, 0xfd,
    0x7a, 0xfd, 0x7a, 0xfd, 0x7a, 0xfd, 0x7a, 0xfd, 0x7a, 0xfd, 0x42, 0x08, 0xff, 0xff, 0xa5, 0x88, 0x48, 0xd9, 0xff, 0xff, 0xa5, 0x88, 0x42, 0x08, 0x7a, 0xfd, 0x7a, 0xfd, 0x7a, 0xfd, 0x7a, 0xfd,
    0x4a, 0x59, 0x00, 0x00, 0x00, 0x00, 0x00, 0x00, 0x00, 0x00, 0x00, 0x00, 0x00, 0x00, 0x00, 0x00, 0x00, 0x00, 0x00, 0x00, 0x00, 0x00, 0x00, 0x00, 0x00, 0x00, 0x00, 0x00, 0x00, 0x00, 0x00, 0x00,
    0x00, 0x00, 0x00, 0x00, 0x00, 0x00, 0x00, 0x00, 0x00, 0x00, 0x00, 0x00, 0x00, 0x00, 0x00, 0x00, 0x00, 0x00, 0x00, 0x00, 0x00, 0x00, 0x00, 0x00, 0x00, 0x00, 0x00, 0x00, 0x00, 0x00, 0x00, 0x00,
    0x4a, 0x59, 0x7a, 0xfd, 0x7a, 0xfd, 0x7a, 0xfd, 0x7a, 0xfd, 0x42, 0x08, 0x42, 0x08, 0xff, 0xff, 0xa5, 0x88, 0xa5, 0x88, 0x42, 0x08, 0x42, 0x08, 0x7a, 0xfd, 0x7a, 0xfd, 0x7a, 0xfd, 0x7a, 0xfd,
    0x7a, 0xfd, 0x7a, 0xfd, 0x7a, 0xfd, 0x7a, 0xfd, 0x15, 0xd4, 0x42, 0x08, 0x42, 0x08, 0xff, 0xff, 0xa5, 0x88, 0xa5, 0x88, 0x42, 0x08, 0x42, 0x08, 0x15, 0xd4, 0x7a, 0xfd, 0x7a, 0xfd, 0x7a, 0xfd,
    0x4a, 0x59, 0x00, 0x00, 0x00, 0x00, 0x00, 0x00, 0x00, 0x00, 0x00, 0x00, 0x00, 0x00, 0x00, 0x00, 0x00, 0x00, 0x00, 0x00, 0x00, 0x00, 0x00, 0x00, 0x00, 0x00, 0x00, 0x00, 0x00, 0x00, 0x00, 0x00,
    0x00, 0x00, 0x00, 0x00, 0x00, 0x00, 0x00, 0x00, 0x00, 0x00, 0x00, 0x00, 0x00, 0x00, 0x00, 0x00, 0x00, 0x00, 0x00, 0x00, 0x00, 0x00, 0x00, 0x00, 0x00, 0x00, 0x00, 0x00, 0x00, 0x00, 0x00, 0x00,
    0x00, 0x00, 0x4a, 0x59, 0x7a, 0xfd, 0x74, 0xfb, 0x74, 0xfb, 0x7a, 0xfd, 0x7a, 0xfd, 0x42, 0x08, 0x42, 0x08, 0x42, 0x08, 0x7a, 0xfd, 0x7a, 0xfd, 0x7a, 0xfd, 0x7a, 0xfd, 0x7a, 0xfd, 0x7a, 0xfd,
    0x7a, 0xfd, 0x7a, 0xfd, 0x7a, 0xfd, 0x15, 0xd4, 0x15, 0xd4, 0x15, 0xd4, 0x15, 0xd4, 0x42, 0x08, 0x42, 0x08, 0x42, 0x08, 0x15, 0xd4, 0x15, 0xd4, 0x74, 0xfb, 0x74, 0xfb, 0x7a, 0xfd, 0x4a, 0x59,
    0x00, 0x00, 0x00, 0x00, 0x00, 0x00, 0x00, 0x00, 0x00, 0x00, 0x00, 0x00, 0x00, 0x00, 0x00, 0x00, 0x00, 0x00, 0x00, 0x00, 0x00, 0x00, 0x00, 0x00, 0x00, 0x00, 0x00, 0x00, 0x00, 0x00, 0x00, 0x00,
    0x00, 0x00, 0x00, 0x00, 0x00, 0x00, 0x00, 0x00, 0x00, 0x00, 0x00, 0x00, 0x00, 0x00, 0x00, 0x00, 0x00, 0x00, 0x00, 0x00, 0x00, 0x00, 0x00, 0x00, 0x00, 0x00, 0x00, 0x00, 0x00, 0x00, 0x00, 0x00,
    0x00, 0x00, 0x4a, 0x59, 0x74, 0xfb, 0x74, 0xfb, 0x74, 0xfb, 0x74, 0xfb, 0x7a, 0xfd, 0x7a, 0xfd, 0x7a, 0xfd, 0x7a, 0xfd, 0x7a, 0xfd, 0x7a, 0xfd, 0x7a, 0xfd, 0x7a, 0xfd, 0x7a, 0xfd, 0x7a, 0xfd,
    0x7a, 0xfd, 0x7a, 0xfd, 0x7a, 0xfd, 0x15, 0xd4, 0x15, 0xd4, 0x15, 0xd4, 0x15, 0xd4, 0x15, 0xd4, 0x15, 0xd4, 0x15, 0xd4, 0x15, 0xd4, 0x74, 0xfb, 0x74, 0xfb, 0x74, 0xfb, 0x74, 0xfb, 0x4a, 0x59,
    0x00, 0x00, 0x00, 0x00, 0x00, 0x00, 0x00, 0x00, 0x00, 0x00, 0x00, 0x00, 0x00, 0x00, 0x00, 0x00, 0x00, 0x00, 0x00, 0x00, 0x00, 0x00, 0x00, 0x00, 0x00, 0x00, 0x00, 0x00, 0x00, 0x00, 0x00, 0x00,
    0x00, 0x00, 0x00, 0x00, 0x00, 0x00, 0x00, 0x00, 0x00, 0x00, 0x00, 0x00, 0x00, 0x00, 0x00, 0x00, 0x00, 0x00, 0x00, 0x00, 0x00, 0x00, 0x00, 0x00, 0x00, 0x00, 0x00, 0x00, 0x00, 0x00, 0x00, 0x00,
    0x00, 0x00, 0x00, 0x00, 0x74, 0xfb, 0x74, 0xfb, 0x74, 0xfb, 0x74, 0xfb, 0x7a, 0xfd, 0x7a, 0xfd, 0x7a, 0xfd, 0x7a, 0xfd, 0x7a, 0xfd, 0x7a, 0xfd, 0x7a, 0xfd, 0x7a, 0xfd, 0x7a, 0xfd, 0x7a, 0xfd,
    0x7a, 0xfd, 0x7a, 0xfd, 0x15, 0xd4, 0x15, 0xd4, 0x15, 0xd4, 0x15, 0xd4, 0x15, 0xd4, 0x15, 0xd4, 0x15, 0xd4, 0x15, 0xd4, 0x15, 0xd4, 0x74, 0xfb, 0x74, 0xfb, 0x74, 0xfb, 0x74, 0xfb, 0x00, 0x00,
    0x00, 0x00, 0x00, 0x00, 0x00, 0x00, 0x00, 0x00, 0x00, 0x00, 0x00, 0x00, 0x00, 0x00, 0x00, 0x00, 0x00, 0x00, 0x00, 0x00, 0x00, 0x00, 0x00, 0x00, 0x00, 0x00, 0x00, 0x00, 0x00, 0x00, 0x00, 0x00,
    0x00, 0x00, 0x00, 0x00, 0x00, 0x00, 0x00, 0x00, 0x00, 0x00, 0x00, 0x00, 0x00, 0x00, 0x00, 0x00, 0x00, 0x00, 0x00, 0x00, 0x00, 0x00, 0x00, 0x00, 0x00, 0x00, 0x00, 0x00, 0x00, 0x00, 0x00, 0x00,
    0x00, 0x00, 0x00, 0x00, 0x4a, 0x59, 0x74, 0xfb, 0x74, 0xfb, 0x7a, 0xfd, 0x7a, 0xfd, 0x7a, 0xfd, 0x7a, 0xfd, 0x7a, 0xfd, 0x7a, 0xfd, 0x7a, 0xfd, 0x7a, 0xfd, 0x7a, 0xfd, 0x7a, 0xfd, 0x7a, 0xfd,
    0x7a, 0xfd, 0x7a, 0xfd, 0x15, 0xd4, 0x15, 0xd4, 0x15, 0xd4, 0x15, 0xd4, 0x15, 0xd4, 0x15, 0xd4, 0x15, 0xd4, 0x15, 0xd4, 0x15, 0xd4, 0x15, 0xd4, 0x74, 0xfb, 0x74, 0xfb, 0x4a, 0x59, 0x00, 0x00,
    0x00, 0x00, 0x00, 0x00, 0x00, 0x00, 0x00, 0x00, 0x00, 0x00, 0x00, 0x00, 0x00, 0x00, 0x00, 0x00, 0x00, 0x00, 0x00, 0x00, 0x00, 0x00, 0x00, 0x00, 0x00, 0x00, 0x00, 0x00, 0x00, 0x00, 0x00, 0x00,
    0x00, 0x00, 0x00, 0x00, 0x00, 0x00, 0x00, 0x00, 0x00, 0x00, 0x00, 0x00, 0x00, 0x00, 0x00, 0x00, 0x00, 0x00, 0x00, 0x00, 0x00, 0x00, 0x00, 0x00, 0x00, 0x00, 0x00, 0x00, 0x00, 0x00, 0x00, 0x00,
    0x00, 0x00, 0x00, 0x00, 0x00, 0x00, 0x4a, 0x59, 0x7a, 0xfd, 0x7a, 0xfd, 0x7a, 0xfd, 0x7a, 0xfd, 0x7a, 0xfd, 0x7a, 0xfd, 0x7a, 0xfd, 0x7a, 0xfd, 0x4a, 0x59, 0x7a, 0xfd, 0x7a, 0xfd, 0x7a, 0xfd,
    0x7a, 0xfd, 0x7a, 0xfd, 0x15, 0xd4, 0x15, 0xd4, 0x4a, 0x59, 0x15, 0xd4, 0x15, 0xd4, 0x15, 0xd4, 0x15, 0xd4, 0x15, 0xd4, 0x15, 0xd4, 0x15, 0xd4, 0x15, 0xd4, 0x4a, 0x59, 0x15, 0xd4, 0x00, 0x00,
    0x00, 0x00, 0x00, 0x00, 0x00, 0x00, 0x00, 0x00, 0x00, 0x00, 0x00, 0x00, 0x00, 0x00, 0x00, 0x00, 0x00, 0x00, 0x00, 0x00, 0x00, 0x00, 0x00, 0x00, 0x00, 0x00, 0x00, 0x00, 0x00, 0x00, 0x00, 0x00,
    0x00, 0x00, 0x00, 0x00, 0x00, 0x00, 0x00, 0x00, 0x00, 0x00, 0x00, 0x00, 0x00, 0x00, 0x00, 0x00, 0x00, 0x00, 0x00, 0x00, 0x00, 0x00, 0x00, 0x00, 0x00, 0x00, 0x00, 0x00, 0x00, 0x00, 0x00, 0x00,
    0x00, 0x00, 0x00, 0x00, 0x00, 0x00, 0x00, 0x00, 0x4a, 0x59, 0x7a, 0xfd, 0x7a, 0xfd, 0x7a, 0xfd, 0x7a, 0xfd, 0x7a, 0xfd, 0x7a, 0xfd, 0x7a, 0xfd, 0x7a, 0xfd, 0x4a, 0x59, 0x7a, 0xfd, 0x7a, 0xfd,
    0x7a, 0xfd, 0x7a, 0xfd, 0x7a, 0xfd, 0x4a, 0x59, 0x15, 0xd4, 0x15, 0xd4, 0x15, 0xd4, 0x15, 0xd4, 0x15, 0xd4, 0x15, 0xd4, 0x15, 0xd4, 0x15, 0xd4, 0x4a, 0x59, 0x15, 0xd4, 0x00, 0x00, 0x00, 0x00,
    0x00, 0x00, 0x00, 0x00, 0x00, 0x00, 0x00, 0x00, 0x00, 0x00, 0x00, 0x00, 0x00, 0x00, 0x00, 0x00, 0x00, 0x00, 0x00, 0x00, 0x00, 0x00, 0x00, 0x00, 0x00, 0x00, 0x00, 0x00, 0x00, 0x00, 0x00, 0x00,
    0x00, 0x00, 0x00, 0x00, 0x00, 0x00, 0x00, 0x00, 0x00, 0x00, 0x00, 0x00, 0x00, 0x00, 0x00, 0x00, 0x00, 0x00, 0x00, 0x00, 0x00, 0x00, 0x00, 0x00, 0x00, 0x00, 0x00, 0x00, 0x00, 0x00, 0x00, 0x00,
    0x00, 0x00, 0x00, 0x00, 0x00, 0x00, 0x00, 0x00, 0x00, 0x00, 0x4a, 0x59, 0x7a, 0xfd, 0x7a, 0xfd, 0x7a, 0xfd, 0x7a, 0xfd, 0x7a, 0xfd, 0x7a, 0xfd, 0x7a, 0xfd, 0x7a, 0xfd, 0x4a, 0x59, 0x4a, 0x59,
    0x4a, 0x59, 0x4a, 0x59, 0x4a, 0x59, 0x15, 0xd4, 0x15, 0xd4, 0x15, 0xd4, 0x15, 0xd4, 0x15, 0xd4, 0x15, 0xd4, 0x15, 0xd4, 0x15, 0xd4, 0x4a, 0x59, 0x15, 0xd4, 0x15, 0xd4, 0x00, 0x00, 0x00, 0x00,
    0x00, 0x00, 0x00, 0x00, 0x00, 0x00, 0x00, 0x00, 0x00, 0x00, 0x00, 0x00, 0x00, 0x00, 0x00, 0x00, 0x00, 0x00, 0x00, 0x00, 0x00, 0x00, 0x00, 0x00, 0x00, 0x00, 0x00, 0x00, 0x00, 0x00, 0x00, 0x00,
    0x00, 0x00, 0x00, 0x00, 0x00, 0x00, 0x00, 0x00, 0x00, 0x00, 0x00, 0x00, 0x00, 0x00, 0x00, 0x00, 0x00, 0x00, 0x00, 0x00, 0x00, 0x00, 0x00, 0x00, 0x00, 0x00, 0x00, 0x00, 0x00, 0x00, 0x00, 0x00,
    0x00, 0x00, 0x00, 0x00, 0x00, 0x00, 0x00, 0x00, 0x4a, 0x59, 0x4a, 0x59, 0x4a, 0x59, 0x7a, 0xfd, 0x7a, 0xfd, 0x7a, 0xfd, 0x7a, 0xfd, 0x7a, 0xfd, 0x7a, 0xfd, 0x7a, 0xfd, 0x7a, 0xfd, 0x7a, 0xfd,
    0x7a, 0xfd, 0x7a, 0xfd, 0x7a, 0xfd, 0x7a, 0xfd, 0x15, 0xd4, 0x15, 0xd4, 0x15, 0xd4, 0x15, 0xd4, 0x15, 0xd4, 0x15, 0xd4, 0x4a, 0x59, 0x15, 0xd4, 0x15, 0xd4, 0x00, 0x00, 0x00, 0x00, 0x00, 0x00,
    0x00, 0x00, 0x00, 0x00, 0x00, 0x00, 0x00, 0x00, 0x00, 0x00, 0x00, 0x00, 0x00, 0x00, 0x00, 0x00, 0x00, 0x00, 0x00, 0x00, 0x00, 0x00, 0x00, 0x00, 0x00, 0x00, 0x00, 0x00, 0x00, 0x00, 0x00, 0x00,
    0x00, 0x00, 0x00, 0x00, 0x00, 0x00, 0x00, 0x00, 0x00, 0x00, 0x00, 0x00, 0x00, 0x00, 0x00, 0x00, 0x00, 0x00, 0x00, 0x00, 0x00, 0x00, 0x00, 0x00, 0x00, 0x00, 0x00, 0x00, 0x00, 0x00, 0x00, 0x00,
    0x00, 0x00, 0x00, 0x00, 0x00, 0x00, 0x4a, 0x59, 0x1b, 0x6d, 0x1b, 0x6d, 0x1b, 0x6d, 0x4a, 0x59, 0x4a, 0x59, 0x7a, 0xfd, 0x7a, 0xfd, 0x7a, 0xfd, 0x7a, 0xfd, 0x7a, 0xfd, 0x7a, 0xfd, 0x7a, 0xfd,
    0x7a, 0xfd, 0x7a, 0xfd, 0x7a, 0xfd, 0x7a, 0xfd, 0x7a, 0xfd, 0x7a, 0xfd, 0x15, 0xd4, 0x15, 0xd4, 0x4a, 0x59, 0x4a, 0x59, 0x15, 0xd4, 0x1b, 0x6d, 0x1b, 0x6d, 0x4a, 0x59, 0x00, 0x00, 0x00, 0x00,
    0x00, 0x00, 0x00, 0x00, 0x00, 0x00, 0x00, 0x00, 0x00, 0x00, 0x00, 0x00, 0x00, 0x00, 0x00, 0x00, 0x00, 0x00, 0x00, 0x00, 0x00, 0x00, 0x00, 0x00, 0x00, 0x00, 0x00, 0x00, 0x00, 0x00, 0x00, 0x00,
    0x00, 0x00, 0x00, 0x00, 0x00, 0x00, 0x00, 0x00, 0x00, 0x00, 0x00, 0x00, 0x00, 0x00, 0x00, 0x00, 0x00, 0x00, 0x00, 0x00, 0x00, 0x00, 0x00, 0x00, 0x00, 0x00, 0x00, 0x00, 0x00, 0x00, 0x00, 0x00,
    0x00, 0x00, 0x00, 0x00, 0x00, 0x00, 0x4a, 0x59, 0x1b, 0x6d, 0x1b, 0x6d, 0x1b, 0x6d, 0x1b, 0x6d, 0x1b, 0x6d, 0x4a, 0x59, 0x4a, 0x59, 0x4a, 0x59, 0x7a, 0xfd, 0x7a, 0xfd, 0x7a, 0xfd, 0x7a, 0xfd,
    0x7a, 0xfd, 0x7a, 0xfd, 0x7a, 0xfd, 0x7a, 0xfd, 0x7a, 0xfd, 0x4a, 0x59, 0x4a, 0x59, 0x4a, 0x59, 0x1b, 0x6d, 0x1b, 0x6d, 0x1b, 0x6d, 0x1b, 0x6d, 0x1b, 0x6d, 0x4a, 0x59, 0x00, 0x00, 0x00, 0x00,
    0x00, 0x00, 0x00, 0x00, 0x00, 0x00, 0x00, 0x00, 0x00, 0x00, 0x00, 0x00, 0x00, 0x00, 0x00, 0x00, 0x00, 0x00, 0x00, 0x00, 0x00, 0x00, 0x00, 0x00, 0x00, 0x00, 0x00, 0x00, 0x00, 0x00, 0x00, 0x00,
    0x00, 0x00, 0x00, 0x00, 0x00, 0x00, 0x00, 0x00, 0x00, 0x00, 0x00, 0x00, 0x00, 0x00, 0x00, 0x00, 0x00, 0x00, 0x00, 0x00, 0x00, 0x00, 0x00, 0x00, 0x00, 0x00, 0x00, 0x00, 0x00, 0x00, 0x00, 0x00,
    0x00, 0x00, 0x00, 0x00, 0x4a, 0x59, 0x1b, 0x6d, 0x1b, 0x6d, 0x1b, 0x6d, 0x1b, 0x6d, 0x1b, 0x6d, 0x1b, 0x6d, 0x5e, 0xa6, 0x1b, 0x6d, 0x1b, 0x6d, 0x4a, 0x59, 0x4a, 0x59, 0x4a, 0x59, 0x4a, 0x59,
    0x4a, 0x59, 0x4a, 0x59, 0x4a, 0x59, 0x4a, 0x59, 0x4a, 0x59, 0x1b, 0x6d, 0x1b, 0x6d, 0x5e, 0xa6, 0x1b, 0x6d, 0x1b, 0x6d, 0x1b, 0x6d, 0x1b, 0x6d, 0x1b, 0x6d, 0x1b, 0x6d, 0x4a, 0x59, 0x00, 0x00,
    0x00, 0x00, 0x00, 0x00, 0x00, 0x00, 0x00, 0x00, 0x00, 0x00, 0x00, 0x00, 0x00, 0x00, 0x00, 0x00, 0x00, 0x00, 0x00, 0x00, 0x00, 0x00, 0x00, 0x00, 0x00, 0x00, 0x00, 0x00, 0x00, 0x00, 0x00, 0x00,
    0x00, 0x00, 0x00, 0x00, 0x00, 0x00, 0x00, 0x00, 0x00, 0x00, 0x00, 0x00, 0x00, 0x00, 0x00, 0x00, 0x00, 0x00, 0x00, 0x00, 0x00, 0x00, 0x00, 0x00, 0x00, 0x00, 0x00, 0x00, 0x00, 0x00, 0x00, 0x00,
    0x00, 0x00, 0x00, 0x00, 0x4a, 0x59, 0x1b, 0x6d, 0x1b, 0x6d, 0x1b, 0x6d, 0x1b, 0x6d, 0x1b, 0x6d, 0x1b, 0x6d, 0x5e, 0xa6, 0x1b, 0x6d, 0x1b, 0x6d, 0x1b, 0x6d, 0x1b, 0x6d, 0x1b, 0x6d, 0x1b, 0x6d,
    0x5e, 0xa6, 0x1b, 0x6d, 0x1b, 0x6d, 0x1b, 0x6d, 0x1b, 0x6d, 0x1b, 0x6d, 0x1b, 0x6d, 0x5e, 0xa6, 0x1b, 0x6d, 0x1b, 0x6d, 0x1b, 0x6d, 0x1b, 0x6d, 0x1b, 0x6d, 0x1b, 0x6d, 0x4a, 0x59, 0x00, 0x00,
    0x00, 0x00, 0x00, 0x00, 0x00, 0x00, 0x00, 0x00, 0x00, 0x00, 0x00, 0x00, 0x00, 0x00, 0x00, 0x00, 0x00, 0x00, 0x00, 0x00, 0x00, 0x00, 0x00, 0x00, 0x00, 0x00, 0x00, 0x00, 0x00, 0x00, 0x00, 0x00,
    0x00, 0x00, 0x00, 0x00, 0x00, 0x00, 0x00, 0x00, 0x00, 0x00, 0x00, 0x00, 0x00, 0x00, 0x00, 0x00, 0x00, 0x00, 0x00, 0x00, 0x00, 0x00, 0x00, 0x00, 0x00, 0x00, 0x00, 0x00, 0x00, 0x00, 0x00, 0x00,
    0x00, 0x00, 0x4a, 0x59, 0x1b, 0x6d, 0x1b, 0x6d, 0x1b, 0x6d, 0x1b, 0x6d, 0x1b, 0x6d, 0x1b, 0x6d, 0x5e, 0xa6, 0x1b, 0x6d, 0x1b, 0x6d, 0x1b, 0x6d, 0x1b, 0x6d, 0x1b, 0x6d, 0x1b, 0x6d, 0x1b, 0x6d,
    0x5e, 0xa6, 0x1b, 0x6d, 0x1b, 0x6d, 0x1b, 0x6d, 0x1b, 0x6d, 0x1b, 0x6d, 0x1b, 0x6d, 0x1b, 0x6d, 0x5e, 0xa6, 0x1b, 0x6d, 0x1b, 0x6d, 0x1b, 0x6d, 0x1b, 0x6d, 0x1b, 0x6d, 0x1b, 0x6d, 0x4a, 0x59,
    0x00, 0x00, 0x00, 0x00, 0x00, 0x00, 0x00, 0x00, 0x00, 0x00, 0x00, 0x00, 0x00, 0x00, 0x00, 0x00, 0x00, 0x00, 0x00, 0x00, 0x00, 0x00, 0x00, 0x00, 0x00, 0x00, 0x00, 0x00, 0x00, 0x00, 0x00, 0x00,
    0x00, 0x00, 0x00, 0x00, 0x00, 0x00, 0x00, 0x00, 0x00, 0x00, 0x00, 0x00, 0x00, 0x00, 0x00, 0x00, 0x00, 0x00, 0x00, 0x00, 0x00, 0x00, 0x00, 0x00, 0x00, 0x00, 0x00, 0x00, 0x00, 0x00, 0x00, 0x00,
    0x00, 0x00, 0x4a, 0x59, 0x1b, 0x6d, 0x1b, 0x6d, 0x1b, 0x6d, 0x1b, 0x6d, 0x1b, 0x6d, 0x1b, 0x6d, 0x5e, 0xa6, 0x1b, 0x6d, 0x1b, 0x6d, 0x1b, 0x6d, 0x1b, 0x6d, 0x1b, 0x6d, 0x1b, 0x6d, 0x1b, 0x6d,
    0x5e, 0xa6, 0x1b, 0x6d, 0x1b, 0x6d, 0x1b, 0x6d, 0x1b, 0x6d, 0x1b, 0x6d, 0x1b, 0x6d, 0x1b, 0x6d, 0x5e, 0xa6, 0x1b, 0x6d, 0x1b, 0x6d, 0x1b, 0x6d, 0x1b, 0x6d, 0x1b, 0x6d, 0x1b, 0x6d, 0x4a, 0x59,
    0x00, 0x00, 0x00, 0x00, 0x00, 0x00, 0x00, 0x00, 0x00, 0x00, 0x00, 0x00, 0x00, 0x00, 0x00, 0x00, 0x00, 0x00, 0x00, 0x00, 0x00, 0x00, 0x00, 0x00, 0x00, 0x00, 0x00, 0x00, 0x00, 0x00, 0x00, 0x00,
    0x00, 0x00, 0x00, 0x00, 0x00, 0x00, 0x00, 0x00, 0x00, 0x00, 0x00, 0x00, 0x00, 0x00, 0x00, 0x00, 0x00, 0x00, 0x00, 0x00, 0x00, 0x00, 0x00, 0x00, 0x00, 0x00, 0x00, 0x00, 0x00, 0x00, 0x00, 0x00,
    0x4a, 0x59, 0x1b, 0x6d, 0x1b, 0x6d, 0x1b, 0x6d, 0x1b, 0x6d, 0x1b, 0x6d, 0x1b, 0x6d, 0x5e, 0xa6, 0x1b, 0x6d, 0x1b, 0x6d, 0x1b, 0x6d, 0x1b, 0x6d, 0x1b, 0x6d, 0x1b, 0x6d, 0x1b, 0x6d, 0x1b, 0x6d,
    0x5e, 0xa6, 0x1b, 0x6d, 0x1b, 0x6d, 0x1b, 0x6d, 0x1b, 0x6d, 0x1b, 0x6d, 0x1b, 0x6d, 0x1b, 0x6d, 0x1b, 0x6d, 0x5e, 0xa6, 0x1b, 0x6d, 0x1b, 0x6d, 0x1b, 0x6d, 0x1b, 0x6d, 0x1b, 0x6d, 0x1b, 0x6d,
    0x4a, 0x59, 0x00, 0x00, 0x00, 0x00, 0x00, 0x00, 0x00, 0x00, 0x00, 0x00, 0x00, 0x00, 0x00, 0x00, 0x00, 0x00, 0x00, 0x00, 0x00, 0x00, 0x00, 0x00, 0x00, 0x00, 0x00, 0x00, 0x00, 0x00, 0x00, 0x00,
    0x00, 0x00, 0x00, 0x00, 0x00, 0x00, 0x00, 0x00, 0x00, 0x00, 0x00, 0x00, 0x00, 0x00, 0x00, 0x00, 0x00, 0x00, 0x00, 0x00, 0x00, 0x00, 0x00, 0x00, 0x00, 0x00, 0x00, 0x00, 0x00, 0x00, 0x00, 0x00,
    0x4a, 0x59, 0x1b, 0x6d, 0x1b, 0x6d, 0x1b, 0x6d, 0x1b, 0x6d, 0x1b, 0x6d, 0x1b, 0x6d, 0x5e, 0xa6, 0x1b, 0x6d, 0x1b, 0x6d, 0x1b, 0x6d, 0x1b, 0x6d, 0x1b, 0x6d, 0x1b, 0x6d, 0x1b, 0x6d, 0x1b, 0x6d,
    0x5e, 0xa6, 0x1b, 0x6d, 0x1b, 0x6d, 0x1b, 0x6d, 0x1b, 0x6d, 0x1b, 0x6d, 0x1b, 0x6d, 0x1b, 0x6d, 0x1b, 0x6d, 0x5e, 0xa6, 0x1b, 0x6d, 0x1b, 0x6d, 0x1b, 0x6d, 0x1b, 0x6d, 0x1b, 0x6d, 0x1b, 0x6d,
    0x4a, 0x59, 0x00, 0x00, 0x00, 0x00, 0x00, 0x00, 0x00, 0x00, 0x00, 0x00, 0x00, 0x00, 0x00, 0x00, 0x00, 0x00, 0x00, 0x00, 0x00, 0x00, 0x00, 0x00, 0x00, 0x00, 0x00, 0x00, 0x00, 0x00, 0x00, 0x00,
    0x00, 0x00, 0x00, 0x00, 0x00, 0x00, 0x00, 0x00, 0x00, 0x00, 0x00, 0x00, 0x00, 0x00, 0x00, 0x00, 0x00, 0x00, 0x00, 0x00, 0x00, 0x00, 0x00, 0x00, 0x00, 0x00, 0x00, 0x00, 0x00, 0x00, 0x4a, 0x59,
    0x1b, 0x6d, 0x1b, 0x6d, 0x1b, 0x6d, 0x1b, 0x6d, 0x1b, 0x6d, 0x1b, 0x6d, 0x5e, 0xa6, 0x1b, 0x6d, 0x1b, 0x6d, 0x1b, 0x6d, 0x1b, 0x6d, 0x1b, 0x6d, 0x1b, 0x6d, 0x1b, 0x6d, 0x1b, 0x6d, 0x1b, 0x6d,
    0x5e, 0xa6, 0x1b, 0x6d, 0x1b, 0x6d, 0x1b, 0x6d, 0x1b, 0x6d, 0x1b, 0x6d, 0x1b, 0x6d, 0x1b, 0x6d, 0x1b, 0x6d, 0x1b, 0x6d, 0x5e, 0xa6, 0x1b, 0x6d, 0x1b, 0x6d, 0x1b, 0x6d, 0x1b, 0x6d, 0x1b, 0x6d,
    0x1b, 0x6d, 0x4a, 0x59, 0x00, 0x00, 0x00, 0x00, 0x00, 0x00, 0x00, 0x00, 0x00, 0x00, 0x00, 0x00, 0x00, 0x00, 0x00, 0x00, 0x00, 0x00, 0x00, 0x00, 0x00, 0x00, 0x00, 0x00, 0x00, 0x00, 0x00, 0x00,
    0x00, 0x00, 0x00, 0x00, 0x00, 0x00, 0x00, 0x00, 0x00, 0x00, 0x00, 0x00, 0x00, 0x00, 0x00, 0x00, 0x00, 0x00, 0x00, 0x00, 0x00, 0x00, 0x00, 0x00, 0x00, 0x00, 0x00, 0x00, 0x4a, 0x59, 0x1b, 0x6d,
    0x1b, 0x6d, 0x1b, 0x6d, 0x1b, 0x6d, 0x1b, 0x6d, 0x1b, 0x6d, 0x1b, 0x6d, 0x5e, 0xa6, 0x1b, 0x6d, 0x1b, 0x6d, 0x1b, 0x6d, 0x1b, 0x6d, 0x1b, 0x6d, 0x1b, 0x6d, 0x1b, 0x6d, 0x1b, 0x6d, 0x1b, 0x6d,
    0x5e, 0xa6, 0x1b, 0x6d, 0x1b, 0x6d, 0x1b, 0x6d, 0x1b, 0x6d, 0x1b, 0x6d, 0x1b, 0x6d, 0x1b, 0x6d, 0x1b, 0x6d, 0x1b, 0x6d, 0x5e, 0xa6, 0x1b, 0x6d, 0x1b, 0x6d, 0x1b, 0x6d, 0x1b, 0x6d, 0x1b, 0x6d,
    0x1b, 0x6d, 0x1b, 0x6d, 0x4a, 0x59, 0x00, 0x00, 0x00, 0x00, 0x00, 0x00, 0x00, 0x00, 0x00, 0x00, 0x00, 0x00, 0x00, 0x00, 0x00, 0x00, 0x00, 0x00, 0x00, 0x00, 0x00, 0x00, 0x00, 0x00, 0x00, 0x00,
    0x00, 0x00, 0x00, 0x00, 0x00, 0x00, 0x00, 0x00, 0x00, 0x00, 0x00, 0x00, 0x00, 0x00, 0x00, 0x00, 0x00, 0x00, 0x00, 0x00, 0x00, 0x00, 0x00, 0x00, 0x00, 0x00, 0x00, 0x00, 0x4a, 0x59, 0x1b, 0x6d,
    0x1b, 0x6d, 0x1b, 0x6d, 0x1b, 0x6d, 0x1b, 0x6d, 0x1b, 0x6d, 0x5e, 0xa6, 0x1b, 0x6d, 0x1b, 0x6d, 0x1b, 0x6d, 0x1b, 0x6d, 0x1b, 0x6d, 0x1b, 0x6d, 0x1b, 0x6d, 0x1b, 0x6d, 0x1b, 0x6d, 0x1b, 0x6d,
    0x5e, 0xa6, 0x1b, 0x6d, 0x1b, 0x6d, 0x1b, 0x6d, 0x1b, 0x6d, 0x1b, 0x6d, 0x1b, 0x6d, 0x1b, 0x6d, 0x1b, 0x6d, 0x1b, 0x6d, 0x1b, 0x6d, 0x5e, 0xa6, 0x1b, 0x6d, 0x1b, 0x6d, 0x1b, 0x6d, 0x1b, 0x6d,
    0x1b, 0x6d, 0x1b, 0x6d, 0x4a, 0x59, 0x00, 0x00, 0x00, 0x00, 0x00, 0x00, 0x00, 0x00, 0x00, 0x00, 0x00, 0x00, 0x00, 0x00, 0x00, 0x00, 0x00, 0x00, 0x00, 0x00, 0x00, 0x00, 0x00, 0x00, 0x00, 0x00,
    0x00, 0x00, 0x00, 0x00, 0x00, 0x00, 0x00, 0x00, 0x00, 0x00, 0x00, 0x00, 0x00, 0x00, 0x00, 0x00, 0x00, 0x00, 0x00, 0x00, 0x00, 0x00, 0x00, 0x00, 0x00, 0x00, 0x4a, 0x59, 0x1b, 0x6d, 0x1b, 0x6d,
    0x1b, 0x6d, 0x1b, 0x6d, 0x1b, 0x6d, 0x1b, 0x6d, 0x1b, 0x6d, 0x5e, 0xa6, 0x1b, 0x6d, 0x1b, 0x6d, 0x1b, 0x6d, 0x1b, 0x6d, 0x1b, 0x6d, 0x1b, 0x6d, 0x1b, 0x6d, 0x1b, 0x6d, 0x1b, 0x6d, 0x1b, 0x6d,
    0x5e, 0xa6, 0x1b, 0x6d, 0x1b, 0x6d, 0x1b, 0x6d, 0x1b, 0x6d, 0x1b, 0x6d, 0x1b, 0x6d, 0x1b, 0x6d, 0x1b, 0x6d, 0x1b, 0x6d, 0x1b, 0x6d, 0x5e, 0xa6, 0x1b, 0x6d, 0x1b, 0x6d, 0x1b, 0x6d, 0x1b, 0x6d,
    0x1b, 0x6d, 0x1b, 0x6d, 0x1b, 0x6d, 0x4a, 0x59, 0x00, 0x00, 0x00, 0x00, 0x00, 0x00, 0x00, 0x00, 0x00, 0x00, 0x00, 0x00, 0x00, 0x00, 0x00, 0x00, 0x00, 0x00, 0x00, 0x00, 0x00, 0x00, 0x00, 0x00,
    0x00, 0x00, 0x00, 0x00, 0x00, 0x00, 0x00, 0x00, 0x00, 0x00, 0x00, 0x00, 0x00, 0x00, 0x00, 0x00, 0x00, 0x00, 0x00, 0x00, 0x00, 0x00, 0x00, 0x00, 0x00, 0x00, 0x4a, 0x59, 0x1b, 0x6d, 0x1b, 0x6d,
    0x1b, 0x6d, 0x1b, 0x6d, 0x1b, 0x6d, 0x1b, 0x6d, 0x5e, 0xa6, 0x1b, 0x6d, 0x1b, 0x6d, 0x1b, 0x6d, 0x1b, 0x6d, 0x1b, 0x6d, 0x1b, 0x6d, 0x1b, 0x6d, 0x1b, 0x6d, 0x1b, 0x6d, 0x1b, 0x6d, 0x1b, 0x6d,
    0x5e, 0xa6, 0x1b, 0x6d, 0x1b, 0x6d, 0x1b, 0x6d, 0x1b, 0x6d, 0x1b, 0x6d, 0x1b, 0x6d, 0x1b, 0x6d, 0x1b, 0x6d, 0x1b, 0x6d, 0x1b, 0x6d, 0x1b, 0x6d, 0x5e, 0xa6, 0x1b, 0x6d, 0x1b, 0x6d, 0x1b, 0x6d,
    0x1b, 0x6d, 0x1b, 0x6d, 0x1b, 0x6d, 0x4a, 0x59, 0x00, 0x00, 0x00, 0x00, 0x00, 0x00, 0x00, 0x00, 0x00, 0x00, 0x00, 0x00, 0x00, 0x00, 0x00, 0x00, 0x00, 0x00, 0x00, 0x00, 0x00, 0x00, 0x00, 0x00,
    0x00, 0x00, 0x00, 0x00, 0x00, 0x00, 0x00, 0x00, 0x00, 0x00, 0x00, 0x00, 0x00, 0x00, 0x00, 0x00, 0x00, 0x00, 0x00, 0x00, 0x00, 0x00, 0x00, 0x00, 0x4a, 0x59, 0x1b, 0x6d, 0x1b, 0x6d, 0x1b, 0x6d,
    0x1b, 0x6d, 0x1b, 0x6d, 0x1b, 0x6d, 0x1b, 0x6d, 0x5e, 0xa6, 0x1b, 0x6d, 0x1b, 0x6d, 0x1b, 0x6d, 0x1b, 0x6d, 0x1b, 0x6d, 0x1b, 0x6d, 0x1b, 0x6d, 0x1b, 0x6d, 0x1b, 0x6d, 0x1b, 0x6d, 0x1b, 0x6d,
    0x5e, 0xa6, 0x1b, 0x6d, 0x1b, 0x6d, 0x1b, 0x6d, 0x1b, 0x6d, 0x1b, 0x6d, 0xe5, 0x88, 0xe5, 0x88, 0xe5, 0x88, 0xe5, 0x88, 0xe5, 0x88, 0x1b, 0x6d, 0x5e, 0xa6, 0x1b, 0x6d, 0x1b, 0x6d, 0x1b, 0x6d,
    0x1b, 0x6d, 0x1b, 0x6d, 0x1b, 0x6d, 0x1b, 0x6d, 0x4a, 0x59, 0x00, 0x00, 0x00, 0x00, 0x00, 0x00, 0x00, 0x00, 0x00, 0x00, 0x00, 0x00, 0x00, 0x00, 0x00, 0x00, 0x00, 0x00, 0x00, 0x00, 0x00, 0x00,
    0x00, 0x00, 0x00, 0x00, 0x00, 0x00, 0x00, 0x00, 0x00, 0x00, 0x00, 0x00, 0x00, 0x00, 0x00, 0x00, 0x00, 0x00, 0x00, 0x00, 0x00, 0x00, 0x00, 0x00, 0x4a, 0x59, 0x1b, 0x6d, 0x1b, 0x6d, 0x1b, 0x6d,
    0x1b, 0x6d, 0x1b, 0x6d, 0x1b, 0x6d, 0x5e, 0xa6, 0x1b, 0x6d, 0x1b, 0x6d, 0x1b, 0x6d, 0x1b, 0x6d, 0x1b, 0x6d, 0x1b, 0x6d, 0x1b, 0x6d, 0x1b, 0x6d, 0x1b, 0x6d, 0x1b, 0x6d, 0x1b, 0x6d, 0x1b, 0x6d,
    0x5e, 0xa6, 0x1b, 0x6d, 0x1b, 0x6d, 0x1b, 0x6d, 0x1b, 0x6d, 0x1b, 0x6d, 0xe5, 0x88, 0x87, 0xd1, 0x87, 0xd1, 0x87, 0xd1, 0xe5, 0x88, 0x1b, 0x6d, 0x1b, 0x6d, 0x5e, 0xa6, 0x1b, 0x6d, 0x1b, 0x6d,
    0x1b, 0x6d, 0x1b, 0x6d, 0x1b, 0x6d, 0x1b, 0x6d, 0x4a, 0x59, 0x00, 0x00, 0x00, 0x00, 0x00, 0x00, 0x00, 0x00, 0x00, 0x00, 0x00, 0x00, 0x00, 0x00, 0x00, 0x00, 0x00, 0x00, 0x00, 0x00, 0x00, 0x00,
    0x00, 0x00, 0x00, 0x00, 0x00, 0x00, 0x00, 0x00, 0x00, 0x00, 0x00, 0x00, 0x00, 0x00, 0x00, 0x00, 0x00, 0x00, 0x00, 0x00, 0x00, 0x00, 0x4a, 0x59, 0x35, 0x3b, 0x35, 0x3b, 0x35, 0x3b, 0x35, 0x3b,
    0x35, 0x3b, 0x35, 0x3b, 0x35, 0x3b, 0x35, 0x3b, 0x35, 0x3b, 0x35, 0x3b, 0xe5, 0x88, 0xe5, 0x88, 0xe5, 0x88, 0xe5, 0x88, 0xe5, 0x88, 0x35, 0x3b, 0x35, 0x3b, 0x35, 0x3b, 0x35, 0x3b, 0x35, 0x3b,
    0x35, 0x3b, 0x35, 0x3b, 0x35, 0x3b, 0x35, 0x3b, 0x35, 0x3b, 0x35, 0x3b, 0xe5, 0x88, 0x87, 0xd1, 0x87, 0xd1, 0x87, 0xd1, 0xe5, 0x88, 0x35, 0x3b, 0x35, 0x3b, 0x35, 0x3b, 0x35, 0x3b, 0x35, 0x3b,
    0x35, 0x3b, 0x35, 0x3b, 0x35, 0x3b, 0x35, 0x3b, 0x35, 0x3b, 0x4a, 0x59, 0x00, 0x00, 0x00, 0x00, 0x00, 0x00, 0x00, 0x00, 0x00, 0x00, 0x00, 0x00, 0x00, 0x00, 0x00, 0x00, 0x00, 0x00, 0x00, 0x00,
    0x00, 0x00, 0x00, 0x00, 0x00, 0x00, 0x00, 0x00, 0x00, 0x00, 0x00, 0x00, 0x00, 0x00, 0x00, 0x00, 0x00, 0x00, 0x00, 0x00, 0x00, 0x00, 0x4a, 0x59, 0x1b, 0x6d, 0x1b, 0x6d, 0x1b, 0x6d, 0x1b, 0x6d,
    0x1b, 0x6d, 0x1b, 0x6d, 0x5e, 0xa6, 0x1b, 0x6d, 0x1b, 0x6d, 0x1b, 0x6d, 0xe5, 0x88, 0x87, 0xd1, 0x87, 0xd1, 0x87, 0xd1, 0xe5, 0x88, 0x1b, 0x6d, 0x1b, 0x6d, 0x1b, 0x6d, 0x1b, 0x6d, 0x1b, 0x6d,
    0x5e, 0xa6, 0x1b, 0x6d, 0x1b, 0x6d, 0x1b, 0x6d, 0x1b, 0x6d, 0x1b, 0x6d, 0xe5, 0x88, 0x87, 0xd1, 0x87, 0xd1, 0x87, 0xd1, 0xe5, 0x88, 0x1b, 0x6d, 0x1b, 0x6d, 0x1b, 0x6d, 0x5e, 0xa6, 0x1b, 0x6d,
    0x1b, 0x6d, 0x1b, 0x6d, 0x1b, 0x6d, 0x1b, 0x6d, 0x1b, 0x6d, 0x4a, 0x59, 0x00, 0x00, 0x00, 0x00, 0x00, 0x00, 0x00, 0x00, 0x00, 0x00, 0x00, 0x00, 0x00, 0x00, 0x00, 0x00, 0x00, 0x00, 0x00, 0x00,
    0x00, 0x00, 0x00, 0x00, 0x00, 0x00, 0x00, 0x00, 0x00, 0x00, 0x00, 0x00, 0x00, 0x00, 0x00, 0x00, 0x00, 0x00, 0x00, 0x00, 0x4a, 0x59, 0x4a, 0x59, 0x4a, 0x59, 0x4a, 0x59, 0x4a, 0x59, 0x4a, 0x59,
    0x4a, 0x59, 0x4a, 0x59, 0x5e, 0xa6, 0x4a, 0x59, 0x4a, 0x59, 0x4a, 0x59, 0xe5, 0x88, 0x87, 0xd1, 0x87, 0xd1, 0x87, 0xd1, 0xe5, 0x88, 0x4a, 0x59, 0x4a, 0x59, 0x4a, 0x59, 0x4a, 0x59, 0x4a, 0x59,
    0x5e, 0xa6, 0x4a, 0x59, 0x4a, 0x59, 0x4a, 0x59, 0x4a, 0x59, 0x4a, 0x59, 0x4a, 0x59, 0x4a, 0x59, 0x4a, 0x59, 0x4a, 0x59, 0x4a, 0x59, 0x4a, 0x59, 0x4a, 0x59, 0x4a, 0x59, 0x5e, 0xa6, 0x4a, 0x59,
    0x4a, 0x59, 0x4a, 0x59, 0x4a, 0x59, 0x4a, 0x59, 0x4a, 0x59, 0x4a, 0x59, 0x4a, 0x59, 0x00, 0x00, 0x00, 0x00, 0x00, 0x00, 0x00, 0x00, 0x00, 0x00, 0x00, 0x00, 0x00, 0x00, 0x00, 0x00, 0x00, 0x00,
    0x00, 0x00, 0x00, 0x00, 0x00, 0x00, 0x00, 0x00, 0x00, 0x00, 0x00, 0x00, 0x00, 0x00, 0x00, 0x00, 0x00, 0x00, 0x00, 0x00, 0x00, 0x00, 0x00, 0x00, 0x00, 0x00, 0x00, 0x00, 0x00, 0x00, 0x00, 0x00,
    0x00, 0x00, 0x00, 0x00, 0x00, 0x00, 0x00, 0x00, 0x00, 0x00, 0x00, 0x00, 0xe5, 0x88, 0x87, 0xd1, 0x87, 0xd1, 0x87, 0xd1, 0xe5, 0x88, 0x00, 0x00, 0x00, 0x00, 0x00, 0x00, 0x00, 0x00, 0x00, 0x00,
    0x00, 0x00, 0x00, 0x00, 0x00, 0x00, 0x00, 0x00, 0x00, 0x00, 0x4a, 0x59, 0x4a, 0x59, 0x4a, 0x59, 0x4a, 0x59, 0x4a, 0x59, 0x4a, 0x59, 0x4a, 0x59, 0x00, 0x00, 0x00, 0x00, 0x00, 0x00, 0x00, 0x00,
    0x00, 0x00, 0x00, 0x00, 0x00, 0x00, 0x00, 0x00, 0x00, 0x00, 0x00, 0x00, 0x00, 0x00, 0x00, 0x00, 0x00, 0x00, 0x00, 0x00, 0x00, 0x00, 0x00, 0x00, 0x00, 0x00, 0x00, 0x00, 0x00, 0x00, 0x00, 0x00,
    0x00, 0x00, 0x00, 0x00, 0x00, 0x00, 0x00, 0x00, 0x00, 0x00, 0x00, 0x00, 0x00, 0x00, 0x00, 0x00, 0x00, 0x00, 0x00, 0x00, 0x00, 0x00, 0x00, 0x00, 0x00, 0x00, 0x00, 0x00, 0x00, 0x00, 0x00, 0x00,
    0x00, 0x00, 0x00, 0x00, 0x00, 0x00, 0x00, 0x00, 0x00, 0x00, 0x4a, 0x59, 0x4a, 0x59, 0x4a, 0x59, 0x4a, 0x59, 0x4a, 0x59, 0x4a, 0x59, 0x4a, 0x59, 0x00, 0x00, 0x00, 0x00, 0x00, 0x00, 0x00, 0x00,
    0x00, 0x00, 0x00, 0x00, 0x00, 0x00, 0x00, 0x00, 0x00, 0x00, 0x00, 0x00, 0x00, 0x00, 0x00, 0x00, 0x00, 0x00, 0x00, 0x00, 0x00, 0x00, 0x00, 0x00, 0x00, 0x00, 0x00, 0x00, 0x00, 0x00, 0x00, 0x00,
    0x00, 0x00, 0x00, 0x00, 0x00, 0x00, 0x00, 0x00, 0x00, 0x00, 0x00, 0x00, 0x00, 0x00, 0x00, 0x00, 0x00, 0x00, 0x00, 0x00, 0x00, 0x00, 0x00, 0x00, 0x00, 0x00, 0x00, 0x00, 0x00, 0x00, 0x00, 0x00,
    0x00, 0x00, 0x00, 0x00, 0x00, 0x00, 0x00, 0x00, 0x00, 0x00, 0x00, 0x00, 0x00, 0x00, 0x00, 0x00, 0x00, 0x00, 0x00, 0x00, 0x00, 0x00, 0x00, 0x00, 0x00, 0x00, 0x00, 0x00, 0x00, 0x00, 0x00, 0x00,
    0x00, 0x00, 0x00, 0x00, 0x00, 0x00, 0x00, 0x00, 0x00, 0x00, 0x4a, 0x59, 0x4a, 0x59, 0x4a, 0x59, 0x4a, 0x59, 0x4a, 0x59, 0x4a, 0x59, 0x4a, 0x59, 0x00, 0x00, 0x00, 0x00, 0x00, 0x00, 0x00, 0x00,
    0x00, 0x00, 0x00, 0x00, 0x00, 0x00, 0x00, 0x00, 0x00, 0x00, 0x00, 0x00, 0x00, 0x00, 0x00, 0x00, 0x00, 0x00, 0x00, 0x00, 0x00, 0x00, 0x00, 0x00, 0x00, 0x00, 0x00, 0x00, 0x00, 0x00, 0x00, 0x00,
    0x00, 0x00, 0x00, 0x00, 0x00, 0x00, 0x00, 0x00, 0x00, 0x00, 0x00, 0x00, 0x00, 0x00, 0x00, 0x00, 0x00, 0x00, 0x00, 0x00, 0x00, 0x00, 0x00, 0x00, 0x00, 0x00, 0x00, 0x00, 0x00, 0x00, 0x00, 0x00,
    0x00, 0x00, 0x00, 0x00, 0x00, 0x00, 0x00, 0x00, 0x00, 0x00, 0x00, 0x00, 0x00, 0x00, 0x00, 0x00, 0x00, 0x00, 0x00, 0x00, 0x00, 0x00, 0x00, 0x00, 0x00, 0x00, 0x00, 0x00, 0x00, 0x00, 0x00, 0x00,
    0x00, 0x00, 0x00, 0x00, 0x00, 0x00, 0x00, 0x00, 0x00, 0x00, 0x00, 0x00, 0x00, 0x00, 0x00, 0x00, 0x00, 0x00, 0x00, 0x00, 0x00, 0x00, 0x00, 0x00, 0x00, 0x00, 0x00, 0x00, 0x00, 0x00, 0x00, 0x00,
    0x00, 0x00, 0x00, 0x00, 0x00, 0x00, 0x00, 0x00, 0x00, 0x00, 0x00, 0x00, 0x00, 0x00, 0x00, 0x00, 0x00, 0x00, 0x00, 0x00, 0x00, 0x00, 0x00, 0x00, 0x00, 0x00, 0x00, 0x00, 0x00, 0x00, 0x00, 0x00,
    0x00, 0x00, 0x00, 0x00, 0x00, 0x00, 0x00, 0x00, 0x00, 0x00, 0x00, 0x00, 0x00, 0x00, 0x00, 0x00, 0x00, 0x00, 0x00, 0x00, 0x00, 0x00, 0x00, 0x00, 0x00, 0x00, 0x00, 0x00, 0x00, 0x00, 0x00, 0x00,
    0x00, 0x00, 0x00, 0x00, 0x00, 0x00, 0x00, 0x00, 0x00, 0x00, 0x00, 0x00, 0x00, 0x00, 0x00, 0x00, 0x00, 0x00, 0x00, 0x00, 0x00, 0x00, 0x00, 0x00, 0x00, 0x00, 0x00, 0x00, 0x00, 0x00, 0x00, 0x00,
    0x00, 0x00, 0x00, 0x00, 0x00, 0x00, 0x00, 0x00, 0x00, 0x00, 0x00, 0x00, 0x00, 0x00, 0x00, 0x00, 0x00, 0x00, 0x00, 0x00, 0x00, 0x00, 0x00, 0x00, 0x00, 0x00, 0x00, 0x00, 0x00, 0x00, 0x00, 0x00,
    0x00, 0x00, 0x00, 0x00, 0x00, 0x00, 0x00, 0x00, 0x00, 0x00, 0x00, 0x00, 0x00, 0x00, 0x00, 0x00, 0x00, 0x00, 0x00, 0x00, 0x00, 0x00, 0x00, 0x00, 0x00, 0x00, 0x00, 0x00, 0x00, 0x00, 0x00, 0x00,
    0x00, 0x00, 0x00, 0x00, 0x00, 0x00, 0x00, 0x00, 0x00, 0x00, 0x00, 0x00, 0x00, 0x00, 0x00, 0x00, 0x00, 0x00, 0x00, 0x00, 0x00, 0x00, 0x00, 0x00, 0x00, 0x00, 0x00, 0x00, 0x00, 0x00, 0x00, 0x00,
    0x00, 0x00, 0x00, 0x00, 0x00, 0x00, 0x00, 0x00, 0x00, 0x00, 0x00, 0x00, 0x00, 0x00, 0x00, 0x00, 0x00, 0x00, 0x00, 0x00, 0x00, 0x00, 0x00, 0x00, 0x00, 0x00, 0x00, 0x00, 0x00, 0x00, 0x00, 0x00,
    0x00, 0x00, 0x00, 0x00, 0x00, 0x00, 0x00, 0x00, 0x00, 0x00, 0x00, 0x00, 0x00, 0x00, 0x00, 0x00, 0x00, 0x00, 0x00, 0x00, 0x00, 0x00, 0x00, 0x00, 0x00, 0x00, 0x00, 0x00, 0x00, 0x00, 0x00, 0x00,
    0x00, 0x00, 0x00, 0x00, 0x00, 0x00, 0x00, 0x00, 0x00, 0x00, 0x00, 0x00, 0x00, 0x00, 0x00, 0x00, 0x00, 0x00, 0xff, 0x00, 0x00, 0x00, 0x00, 0x00, 0x00, 0x00, 0x00, 0x00, 0x00, 0x00, 0x00, 0x00,
    0x00, 0x00, 0x00, 0x00, 0x00, 0x00, 0x00, 0x00, 0x00, 0x00, 0x00, 0x00, 0x00, 0x00, 0xff, 0x00, 0x00, 0x00, 0x00, 0x00, 0x00, 0x00, 0x00, 0x00, 0x00, 0x00, 0x00, 0x00, 0x00, 0x00, 0x00, 0x00,
    0x00, 0x00, 0x00, 0x00, 0x00, 0x00, 0x00, 0x00, 0x00, 0x00, 0x00, 0x00, 0x00, 0x00, 0x00, 0x00, 0x00, 0x00, 0xff, 0x00, 0x00, 0x00, 0x00, 0x00, 0x00, 0x00, 0x00, 0x00, 0x00, 0x00, 0x00, 0x00,
    0x00, 0x00, 0x00, 0x00, 0x00, 0x00, 0x00, 0x00, 0x00, 0x00, 0x00, 0x00, 0x00, 0xff, 0xff, 0x00, 0x00, 0x00, 0x00, 0x00, 0x00, 0x00, 0x00, 0x00, 0x00, 0x00, 0x00, 0x00, 0x00, 0x00, 0x00, 0x00,
    0x00, 0x00, 0x00, 0x00, 0x00, 0x00, 0x00, 0x00, 0x00, 0x00, 0x00, 0x00, 0x00, 0x00, 0x00, 0x00, 0x00, 0xff, 0xff, 0xff, 0x00, 0x00, 0x00, 0x00, 0x00, 0x00, 0x00, 0x00, 0x00, 0x00, 0x00, 0x00,
    0x00, 0x00, 0x00, 0x00, 0x00, 0x00, 0x00, 0x00, 0x00, 0x00, 0x00, 0x00, 0x00, 0xff, 0xff, 0x00, 0x00, 0x00, 0x00, 0x00, 0x00, 0x00, 0x00, 0x00, 0x00, 0x00, 0x00, 0x00, 0x00, 0x00, 0x00, 0x00,
    0x00, 0x00, 0x00, 0x00, 0x00, 0x00, 0x00, 0x00, 0x00, 0x00, 0x00, 0x00, 0x00, 0x00, 0x00, 0x00, 0x00, 0xff, 0xff, 0xff, 0x00, 0x00, 0x00, 0x00, 0x00, 0x00, 0x00, 0x00, 0x00, 0x00, 0x00, 0x00,
    0x00, 0x00, 0x00, 0x00, 0x00, 0x00, 0x00, 0x00, 0x00, 0x00, 0x00, 0x00, 0xff, 0xff, 0xff, 0xff, 0x00, 0x00, 0x00, 0x00, 0x00, 0x00, 0x00, 0x00, 0x00, 0x00, 0x00, 0x00, 0x00, 0x00, 0x00, 0x00,
    0x00, 0x00, 0x00, 0x00, 0x00, 0x00, 0x00, 0x00, 0x00, 0x00, 0x00, 0x00, 0x00, 0x00, 0x00, 0x00, 0x00, 0xff, 0xff, 0xff, 0xff, 0x00, 0x00, 0x00, 0xff, 0xff, 0xff, 0x00, 0x00, 0x00, 0x00, 0x00,
    0x00, 0x00, 0x00, 0x00, 0x00, 0x00, 0xff, 0xff, 0xff, 0x00, 0x00, 0x00, 0xff, 0xff, 0xff, 0xff, 0x00, 0x00, 0x00, 0x00, 0x00, 0x00, 0x00, 0x00, 0x00, 0x00, 0x00, 0x00, 0x00, 0x00, 0x00, 0x00,
    0x00, 0x00, 0x00, 0x00, 0x00, 0x00, 0x00, 0x00, 0x00, 0x00, 0x00, 0x00, 0x00, 0x00, 0x00, 0x00, 0x00, 0xff, 0xff, 0xff, 0xff, 0x00, 0xff, 0xff, 0xff, 0xff, 0xff, 0xff, 0xff, 0x00, 0x00, 0x00,
    0x00, 0x00, 0x00, 0x00, 0xff, 0xff, 0xff, 0xff, 0xff, 0xff, 0xff, 0xff, 0xff, 0xff, 0xff, 0xff, 0x00, 0x00, 0x00, 0x00, 0x00, 0x00, 0x00, 0x00, 0x00, 0x00, 0x00, 0x00, 0x00, 0x00, 0x00, 0x00,
    0x00, 0x00, 0x00, 0x00, 0x00, 0x00, 0x00, 0x00, 0x00, 0x00, 0x00, 0x00, 0x00, 0x00, 0x00, 0x00, 0xff, 0xff, 0xff, 0xff, 0xff, 0xff, 0xff, 0xff, 0xff, 0xff, 0xff, 0xff, 0xff, 0xff, 0xff, 0xff,
    0xff, 0xff, 0xff, 0xff, 0xff, 0xff, 0xff, 0xff, 0xff, 0xff, 0xff, 0xff, 0xff, 0xff, 0xff, 0xff, 0x00, 0x00, 0x00, 0x00, 0x00, 0x00, 0x00, 0x00, 0x00, 0x00, 0x00, 0x00, 0x00, 0x00, 0x00, 0x00,
    0x00, 0x00, 0x00, 0x00, 0x00, 0x00, 0x00, 0x00, 0x00, 0x00, 0x00, 0x00, 0x00, 0x00, 0x00, 0x00, 0xff, 0xff, 0xff, 0xff, 0xff, 0xff, 0xff, 0xff, 0xff, 0xff, 0xff, 0xff, 0xff, 0xff, 0xff, 0xff,
    0xff, 0xff, 0xff, 0xff, 0xff, 0xff, 0xff, 0xff, 0xff, 0xff, 0xff, 0xff, 0xff, 0xff, 0xff, 0xff, 0xff, 0x00, 0x00, 0x00, 0x00, 0x00, 0x00, 0x00, 0x00, 0x00, 0x00, 0x00, 0x00, 0x00, 0x00, 0x00,
    0x00, 0x00, 0x00, 0x00, 0x00, 0x00, 0x00, 0x00, 0x00, 0x00, 0x00, 0x00, 0x00, 0x00, 0x00, 0x00, 0xff, 0xff, 0xff, 0xff, 0xff, 0xff, 0xff, 0xff, 0xff, 0xff, 0xff, 0xff, 0xff, 0xff, 0xff, 0xff,
    0xff, 0xff, 0xff, 0xff, 0xff, 0xff, 0xff, 0xff, 0xff, 0xff, 0xff, 0xff, 0xff, 0xff, 0xff, 0xff, 0xff, 0x00, 0x00, 0x00, 0x00, 0x00, 0x00, 0x00, 0x00, 0x00, 0x00, 0x00, 0x00, 0x00, 0x00, 0x00,
    0x00, 0x00, 0x00, 0x00, 0x00, 0x00, 0x00, 0x00, 0x00, 0x00, 0x00, 0x00, 0x00, 0x00, 0x00, 0x00, 0xff, 0xff, 0xff, 0xff, 0xff, 0xff, 0xff, 0xff, 0xff, 0xff, 0xff, 0xff, 0xff, 0xff, 0xff, 0xff,
    0xff, 0xff, 0xff, 0xff, 0xff, 0xff, 0xff, 0xff, 0xff, 0xff, 0xff, 0xff, 0xff, 0xff, 0xff, 0xff, 0xff, 0x00, 0x00, 0x00, 0x00, 0x00, 0x00, 0x00, 0x00, 0x00, 0x00, 0x00, 0x00, 0x00, 0x00, 0x00,
    0x00, 0x00, 0x00, 0x00, 0x00, 0x00, 0x00, 0x00, 0x00, 0x00, 0x00, 0x00, 0x00, 0x00, 0x00, 0xff, 0xff, 0xff, 0xff, 0xff, 0xff, 0xff, 0xff, 0xff, 0xff, 0xff, 0xff, 0xff, 0xff, 0xff, 0xff, 0xff,
    0xff, 0xff, 0xff, 0xff, 0xff, 0xff, 0xff, 0xff, 0xff, 0xff, 0xff, 0xff, 0xff, 0xff, 0xff, 0xff, 0xff, 0x00, 0x00, 0x00, 0x00, 0x00, 0x00, 0x00, 0x00, 0x00, 0x00, 0x00, 0x00, 0x00, 0x00, 0x00,
    0x00, 0x00, 0x00, 0x00, 0x00, 0x00, 0x00, 0x00, 0x00, 0x00, 0x00, 0x00, 0x00, 0x00, 0x00, 0xff, 0xff, 0xff, 0xff, 0xff, 0xff, 0xff, 0xff, 0xff, 0xff, 0xff, 0xff, 0xff, 0xff, 0xff, 0xff, 0xff,
    0xff, 0xff, 0xff, 0xff, 0xff, 0xff, 0xff, 0xff, 0xff, 0xff, 0xff, 0xff, 0xff, 0xff, 0xff, 0xff, 0xff, 0xff, 0x00, 0x00, 0x00, 0x00, 0x00, 0x00, 0x00, 0x00, 0x00, 0x00, 0x00, 0x00, 0x00, 0x00,
    0x00, 0x00, 0x00, 0x00, 0x00, 0x00, 0x00, 0x00, 0x00, 0x00, 0x00, 0x00, 0x00, 0x00, 0x00, 0xff, 0xff, 0xff, 0xff, 0xff, 0xff, 0xff, 0xff, 0xff, 0xff, 0xff, 0xff, 0xff, 0xff, 0xff, 0xff, 0xff,
    0xff, 0xff, 0xff, 0xff, 0xff, 0xff, 0xff, 0xff, 0xff, 0xff, 0xff, 0xff, 0xff, 0xff, 0xff, 0xff, 0xff, 0xff, 0x00, 0x00, 0x00, 0x00, 0x00, 0x00, 0x00, 0x00, 0x00, 0x00, 0x00, 0x00, 0x00, 0x00,
    0x00, 0x00, 0x00, 0x00, 0x00, 0x00, 0x00, 0x00, 0x00, 0x00, 0x00, 0x00, 0x00, 0x00, 0x00, 0xff, 0xff, 0xff, 0xff, 0xff, 0xff, 0xff, 0xff, 0xff, 0xff, 0xff, 0xff, 0xff, 0xff, 0xff, 0xff, 0xff,
    0xff, 0xff, 0xff, 0xff, 0xff, 0xff, 0xff, 0xff, 0xff, 0xff, 0xff, 0xff, 0xff, 0xff, 0xff, 0xff, 0xff, 0xff, 0x00, 0x00, 0x00, 0x00, 0x00, 0x00, 0x00, 0x00, 0x00, 0x00, 0x00, 0x00, 0x00, 0x00,
    0x00, 0x00, 0x00, 0x00, 0x00, 0x00, 0x00, 0x00, 0x00, 0x00, 0x00, 0x00, 0x00, 0x00, 0xff, 0xff, 0xff, 0xff, 0xff, 0xff, 0xff, 0xff, 0xff, 0xff, 0xff, 0xff, 0xff, 0xff, 0xff, 0xff, 0xff, 0xff,
    0xff, 0xff, 0xff, 0xff, 0xff, 0xff, 0xff, 0xff, 0xff, 0xff, 0xff, 0xff, 0xff, 0xff, 0xff, 0xff, 0xff, 0xff, 0x00, 0x00, 0x00, 0x00, 0x00, 0x00, 0x00, 0x00, 0x00, 0x00, 0x00, 0x00, 0x00, 0x00,
    0x00, 0x00, 0x00, 0x00, 0x00, 0x00, 0x00, 0x00, 0x00, 0x00, 0x00, 0x00, 0x00, 0x00, 0xff, 0xff, 0xff, 0xff, 0xff, 0xff, 0xff, 0xff, 0xff, 0xff, 0xff, 0xff, 0xff, 0xff, 0xff, 0xff, 0xff, 0xff,
    0xff, 0xff, 0xff, 0xff, 0xff, 0xff, 0xff, 0xff, 0xff, 0xff, 0xff, 0xff, 0xff, 0xff, 0xff, 0xff, 0xff, 0xff, 0xff, 0x00, 0x00, 0x00, 0x00, 0x00, 0x00, 0x00, 0x00, 0x00, 0x00, 0x00, 0x00, 0x00,
    0x00, 0x00, 0x00, 0x00, 0x00, 0x00, 0x00, 0x00, 0x00, 0x00, 0x00, 0x00, 0x00, 0x00, 0xff, 0xff, 0xff, 0xff, 0xff, 0xff, 0xff, 0xff, 0xff, 0xff, 0xff, 0xff, 0xff, 0xff, 0xff, 0xff, 0xff, 0xff,
    0xff, 0xff, 0xff, 0xff, 0xff, 0xff, 0xff, 0xff, 0xff, 0xff, 0xff, 0xff, 0xff, 0xff, 0xff, 0xff, 0xff, 0xff, 0xff, 0x00, 0x00, 0x00, 0x00, 0x00, 0x00, 0x00, 0x00, 0x00, 0x00, 0x00, 0x00, 0x00,
    0x00, 0x00, 0x00, 0x00, 0x00, 0x00, 0x00, 0x00, 0x00, 0x00, 0x00, 0x00, 0x00, 0x00, 0x00, 0x00, 0x00, 0x00, 0x00, 0x00, 0x00, 0x00, 0xff, 0xff, 0xff, 0xff, 0xff, 0xff, 0xff, 0xff, 0xff, 0xff,
    0xff, 0xff, 0xff, 0xff, 0xff, 0xff, 0xff, 0xff, 0xff, 0xff, 0xff, 0x00, 0x00, 0x00, 0x00, 0x00, 0x00, 0x00, 0x00, 0x00, 0x00, 0x00, 0x00, 0x00, 0x00, 0x00, 0x00, 0x00, 0x00, 0x00, 0x00, 0x00,
    0x00, 0x00, 0x00, 0x00, 0x00, 0x00, 0x00, 0x00, 0x00, 0x00, 0x00, 0x00, 0x00, 0x00, 0x00, 0x00, 0x00, 0x00, 0x00, 0x00, 0x00, 0xff, 0xff, 0xff, 0xff, 0xff, 0xff, 0xff, 0xff, 0xff, 0xff, 0xff,
    0xff, 0xff, 0xff, 0xff, 0xff, 0xff, 0xff, 0xff, 0xff, 0xff, 0xff, 0xff, 0x00, 0x00, 0x00, 0x00, 0x00, 0x00, 0x00, 0x00, 0x00, 0x00, 0x00, 0x00, 0x00, 0x00, 0x00, 0x00, 0x00, 0x00, 0x00, 0x00,
    0x00, 0x00, 0x00, 0x00, 0x00, 0x00, 0x00, 0x00, 0x00, 0x00, 0x00, 0x00, 0x00, 0x00, 0x00, 0x00, 0x00, 0x00, 0x00, 0x00, 0xff, 0xff, 0xff, 0xff, 0xff, 0xff, 0xff, 0xff, 0xff, 0xff, 0xff, 0xff,
    0xff, 0xff, 0xff, 0xff, 0xff, 0xff, 0xff, 0xff, 0xff, 0xff, 0xff, 0xff, 0xff, 0x00, 0x00, 0x00, 0x00, 0x00, 0x00, 0x00, 0x00, 0x00, 0x00, 0x00, 0x00, 0x00, 0x00, 0x00, 0x00, 0x00, 0x00, 0x00,
    0x00, 0x00, 0x00, 0x00, 0x00, 0x00, 0x00, 0x00, 0x00, 0x00, 0x00, 0x00, 0x00, 0x00, 0x00, 0x00, 0x00, 0x00, 0x00, 0xff, 0xff, 0xff, 0xff, 0xff, 0xff, 0xff, 0xff, 0xff, 0xff, 0xff, 0xff, 0xff,
    0xff, 0xff, 0xff, 0xff, 0xff, 0xff, 0xff, 0xff, 0xff, 0xff, 0xff, 0xff, 0xff, 0xff, 0x00, 0x00, 0x00, 0x00, 0x00, 0x00, 0x00, 0x00, 0x00, 0x00, 0x00, 0x00, 0x00, 0x00, 0x00, 0x00, 0x00, 0x00,
    0x00, 0x00, 0x00, 0x00, 0x00, 0x00, 0x00, 0x00, 0x00, 0x00, 0x00, 0x00, 0x00, 0x00, 0x00, 0x00, 0x00, 0x00, 0xff, 0xff, 0xff, 0xff, 0xff, 0xff, 0xff, 0xff, 0xff, 0xff, 0xff, 0xff, 0xff, 0xff,
    0xff, 0xff, 0xff, 0xff, 0xff, 0xff, 0xff, 0xff, 0xff, 0xff, 0xff, 0xff, 0xff, 0xff, 0xff, 0x00, 0x00, 0x00, 0x00, 0x00, 0x00, 0x00, 0x00, 0x00, 0x00, 0x00, 0x00, 0x00, 0x00, 0x00, 0x00, 0x00,
    0x00, 0x00, 0x00, 0x00, 0x00, 0x00, 0x00, 0x00, 0x00, 0x00, 0x00, 0x00, 0x00, 0x00, 0x00, 0x00, 0x00, 0x00, 0xff, 0xff, 0xff, 0xff, 0xff, 0xff, 0xff, 0xff, 0xff, 0xff, 0xff, 0xff, 0xff, 0xff,
    0xff, 0xff, 0xff, 0xff, 0xff, 0xff, 0xff, 0xff, 0xff, 0xff, 0xff, 0xff, 0xff, 0xff, 0xff, 0x00, 0x00, 0x00, 0x00, 0x00, 0x00, 0x00, 0x00, 0x00, 0x00, 0x00, 0x00, 0x00, 0x00, 0x00, 0x00, 0x00,
    0x00, 0x00, 0x00, 0x00, 0x00, 0x00, 0x00, 0x00, 0x00, 0x00, 0x00, 0x00, 0x00, 0x00, 0x00, 0x00, 0x00, 0xff, 0xff, 0xff, 0xff, 0xff, 0xff, 0xff, 0xff, 0xff, 0xff, 0xff, 0xff, 0xff, 0xff, 0xff,
    0xff, 0xff, 0xff, 0xff, 0xff, 0xff, 0xff, 0xff, 0xff, 0xff, 0xff, 0xff, 0xff, 0xff, 0xff, 0xff, 0x00, 0x00, 0x00, 0x00, 0x00, 0x00, 0x00, 0x00, 0x00, 0x00, 0x00, 0x00, 0x00, 0x00, 0x00, 0x00,
    0x00, 0x00, 0x00, 0x00, 0x00, 0x00, 0x00, 0x00, 0x00, 0x00, 0x00, 0x00, 0x00, 0x00, 0x00, 0x00, 0x00, 0xff, 0xff, 0xff, 0xff, 0xff, 0xff, 0xff, 0xff, 0xff, 0xff, 0xff, 0xff, 0xff, 0xff, 0xff,
    0xff, 0xff, 0xff, 0xff, 0xff, 0xff, 0xff, 0xff, 0xff, 0xff, 0xff, 0xff, 0xff, 0xff, 0xff, 0xff, 0x00, 0x00, 0x00, 0x00, 0x00, 0x00, 0x00, 0x00, 0x00, 0x00, 0x00, 0x00, 0x00, 0x00, 0x00, 0x00,
    0x00, 0x00, 0x00, 0x00, 0x00, 0x00, 0x00, 0x00, 0x00, 0x00, 0x00, 0x00, 0x00, 0x00, 0x00, 0x00, 0xff, 0xff, 0xff, 0xff, 0xff, 0xff, 0xff, 0xff, 0xff, 0xff, 0xff, 0xff, 0xff, 0xff, 0xff, 0xff,
    0xff, 0xff, 0xff, 0xff, 0xff, 0xff, 0xff, 0xff, 0xff, 0xff, 0xff, 0xff, 0xff, 0xff, 0xff, 0xff, 0xff, 0x00, 0x00, 0x00, 0x00, 0x00, 0x00, 0x00, 0x00, 0x00, 0x00, 0x00, 0x00, 0x00, 0x00, 0x00,
    0x00, 0x00, 0x00, 0x00, 0x00, 0x00, 0x00, 0x00, 0x00, 0x00, 0x00, 0x00, 0x00, 0x00, 0x00, 0x00, 0xff, 0xff, 0xff, 0xff, 0xff, 0xff, 0xff, 0xff, 0xff, 0xff, 0xff, 0xff, 0xff, 0xff, 0xff, 0xff,
    0xff, 0xff, 0xff, 0xff, 0xff, 0xff, 0xff, 0xff, 0xff, 0xff, 0xff, 0xff, 0xff, 0xff, 0xff, 0xff, 0xff, 0x00, 0x00, 0x00, 0x00, 0x00, 0x00, 0x00, 0x00, 0x00, 0x00, 0x00, 0x00, 0x00, 0x00, 0x00,
    0x00, 0x00, 0x00, 0x00, 0x00, 0x00, 0x00, 0x00, 0x00, 0x00, 0x00, 0x00, 0x00, 0x00, 0x00, 0x00, 0xff, 0xff, 0xff, 0xff, 0xff, 0xff, 0xff, 0xff, 0xff, 0xff, 0xff, 0xff, 0xff, 0xff, 0xff, 0xff,
    0xff, 0xff, 0xff, 0xff, 0xff, 0xff, 0xff, 0xff, 0xff, 0xff, 0xff, 0xff, 0xff, 0xff, 0xff, 0xff, 0xff, 0x00, 0x00, 0x00, 0x00, 0x00, 0x00, 0x00, 0x00, 0x00, 0x00, 0x00, 0x00, 0x00, 0x00, 0x00,
    0x00, 0x00, 0x00, 0x00, 0x00, 0x00, 0x00, 0x00, 0x00, 0x00, 0x00, 0x00, 0x00, 0x00, 0x00, 0x00, 0xff, 0xff, 0xff, 0xff, 0xff, 0xff, 0xff, 0xff, 0xff, 0xff, 0xff, 0xff, 0xff, 0xff, 0xff, 0xff,
    0xff, 0xff, 0xff, 0xff, 0xff, 0xff, 0xff, 0xff, 0xff, 0xff, 0xff, 0xff, 0xff, 0xff, 0xff, 0xff, 0xff, 0x00, 0x00, 0x00, 0x00, 0x00, 0x00, 0x00, 0x00, 0x00, 0x00, 0x00, 0x00, 0x00, 0x00, 0x00,
    0x00, 0x00, 0x00, 0x00, 0x00, 0x00, 0x00, 0x00, 0x00, 0x00, 0x00, 0x00, 0x00, 0x00, 0x00, 0x00, 0xff, 0xff, 0xff, 0xff, 0xff, 0xff, 0xff, 0xff, 0xff, 0xff, 0xff, 0xff, 0xff, 0xff, 0xff, 0xff,
    0xff, 0xff, 0xff, 0xff, 0xff, 0xff, 0xff, 0xff, 0xff, 0xff, 0xff, 0xff, 0xff, 0xff, 0xff, 0xff, 0xff, 0x00, 0x00, 0x00, 0x00, 0x00, 0x00, 0x00, 0x00, 0x00, 0x00, 0x00, 0x00, 0x00, 0x00, 0x00,
    0x00, 0x00, 0x00, 0x00, 0x00, 0x00, 0x00, 0x00, 0x00, 0x00, 0x00, 0x00, 0x00, 0x00, 0x00, 0x00, 0xff, 0xff, 0xff, 0xff, 0xff, 0xff, 0xff, 0xff, 0xff, 0xff, 0xff, 0xff, 0xff, 0xff, 0xff, 0xff,
    0xff, 0xff, 0xff, 0xff, 0xff, 0xff, 0xff, 0xff, 0xff, 0xff, 0xff, 0xff, 0xff, 0xff, 0xff, 0xff, 0xff, 0x00, 0x00, 0x00, 0x00, 0x00, 0x00, 0x00, 0x00, 0x00, 0x00, 0x00, 0x00, 0x00, 0x00, 0x00,
    0x00, 0x00, 0x00, 0x00, 0x00, 0x00, 0x00, 0x00, 0x00, 0x00, 0x00, 0x00, 0x00, 0x00, 0x00, 0x00, 0xff, 0xff, 0xff, 0xff, 0xff, 0xff, 0xff, 0xff, 0xff, 0xff, 0xff, 0xff, 0xff, 0xff, 0xff, 0xff,
    0xff, 0xff, 0xff, 0xff, 0xff, 0xff, 0xff, 0xff, 0xff, 0xff, 0xff, 0xff, 0xff, 0xff, 0xff, 0xff, 0xff, 0x00, 0x00, 0x00, 0x00, 0x00, 0x00, 0x00, 0x00, 0x00, 0x00, 0x00, 0x00, 0x00, 0x00, 0x00,
    0x00, 0x00, 0x00, 0x00, 0x00, 0x00, 0x00, 0x00, 0x00, 0x00, 0x00, 0x00, 0x00, 0x00, 0x00, 0x00, 0x00, 0xff, 0xff, 0xff, 0xff, 0xff, 0xff, 0xff, 0xff, 0xff, 0xff, 0xff, 0xff, 0xff, 0xff, 0xff,
    0xff, 0xff, 0xff, 0xff, 0xff, 0xff, 0xff, 0xff, 0xff, 0xff, 0xff, 0xff, 0xff, 0xff, 0xff, 0xff, 0x00, 0x00, 0x00, 0x00, 0x00, 0x00, 0x00, 0x00, 0x00, 0x00, 0x00, 0x00, 0x00, 0x00, 0x00, 0x00,
    0x00, 0x00, 0x00, 0x00, 0x00, 0x00, 0x00, 0x00, 0x00, 0x00, 0x00, 0x00, 0x00, 0x00, 0x00, 0x00, 0x00, 0xff, 0xff, 0xff, 0xff, 0xff, 0xff, 0xff, 0xff, 0xff, 0xff, 0xff, 0xff, 0xff, 0xff, 0xff,
    0xff, 0xff, 0xff, 0xff, 0xff, 0xff, 0xff, 0xff, 0xff, 0xff, 0xff, 0xff, 0xff, 0xff, 0xff, 0xff, 0x00, 0x00, 0x00, 0x00, 0x00, 0x00, 0x00, 0x00, 0x00, 0x00, 0x00, 0x00, 0x00, 0x00, 0x00, 0x00,
    0x00, 0x00, 0x00, 0x00, 0x00, 0x00, 0x00, 0x00, 0x00, 0x00, 0x00, 0x00, 0x00, 0x00, 0x00, 0x00, 0x00, 0x00, 0xff, 0xff, 0xff, 0xff, 0xff, 0xff, 0xff, 0xff, 0xff, 0xff, 0xff, 0xff, 0xff, 0xff,
    0xff, 0xff, 0xff, 0xff, 0xff, 0xff, 0xff, 0xff, 0xff, 0xff, 0xff, 0xff, 0xff, 0xff, 0xff, 0x00, 0x00, 0x00, 0x00, 0x00, 0x00, 0x00, 0x00, 0x00, 0x00, 0x00, 0x00, 0x00, 0x00, 0x00, 0x00, 0x00,
    0x00, 0x00, 0x00, 0x00, 0x00, 0x00, 0x00, 0x00, 0x00, 0x00, 0x00, 0x00, 0x00, 0x00, 0x00, 0x00, 0x00, 0x00, 0xff, 0xff, 0xff, 0xff, 0xff, 0xff, 0xff, 0xff, 0xff, 0xff, 0xff, 0xff, 0xff, 0xff,
    0xff, 0xff, 0xff, 0xff, 0xff, 0xff, 0xff, 0xff, 0xff, 0xff, 0xff, 0xff, 0xff, 0xff, 0xff, 0x00, 0x00, 0x00, 0x00, 0x00, 0x00, 0x00, 0x00, 0x00, 0x00, 0x00, 0x00, 0x00, 0x00, 0x00, 0x00, 0x00,
    0x00, 0x00, 0x00, 0x00, 0x00, 0x00, 0x00, 0x00, 0x00, 0x00, 0x00, 0x00, 0x00, 0x00, 0x00, 0x00, 0x00, 0x00, 0x00, 0xff, 0xff, 0xff, 0xff, 0xff, 0xff, 0xff, 0xff, 0xff, 0xff, 0xff, 0xff, 0xff,
    0xff, 0xff, 0xff, 0xff, 0xff, 0xff, 0xff, 0xff, 0xff, 0xff, 0xff, 0xff, 0xff, 0xff, 0xff, 0x00, 0x00, 0x00, 0x00, 0x00, 0x00, 0x00, 0x00, 0x00, 0x00, 0x00, 0x00, 0x00, 0x00, 0x00, 0x00, 0x00,
    0x00, 0x00, 0x00, 0x00, 0x00, 0x00, 0x00, 0x00, 0x00, 0x00, 0x00, 0x00, 0x00, 0x00, 0x00, 0x00, 0x00, 0x00, 0x00, 0x00, 0xff, 0xff, 0xff, 0xff, 0xff, 0xff, 0xff, 0xff, 0xff, 0xff, 0xff, 0xff,
    0xff, 0xff, 0xff, 0xff, 0xff, 0xff, 0xff, 0xff, 0xff, 0xff, 0xff, 0xff, 0xff, 0xff, 0x00, 0x00, 0x00, 0x00, 0x00, 0x00, 0x00, 0x00, 0x00, 0x00, 0x00, 0x00, 0x00, 0x00, 0x00, 0x00, 0x00, 0x00,
    0x00, 0x00, 0x00, 0x00, 0x00, 0x00, 0x00, 0x00, 0x00, 0x00, 0x00, 0x00, 0x00, 0x00, 0x00, 0x00, 0x00, 0x00, 0x00, 0x00, 0x00, 0xff, 0xff, 0xff, 0xff, 0xff, 0xff, 0xff, 0xff, 0xff, 0xff, 0xff,
    0xff, 0xff, 0xff, 0xff, 0xff, 0xff, 0xff, 0xff, 0xff, 0xff, 0xff, 0xff, 0xff, 0xff, 0x00, 0x00, 0x00, 0x00, 0x00, 0x00, 0x00, 0x00, 0x00, 0x00, 0x00, 0x00, 0x00, 0x00, 0x00, 0x00, 0x00, 0x00,
    0x00, 0x00, 0x00, 0x00, 0x00, 0x00, 0x00, 0x00, 0x00, 0x00, 0x00, 0x00, 0x00, 0x00, 0x00, 0x00, 0x00, 0x00, 0x00, 0x00, 0xff, 0xff, 0xff, 0xff, 0xff, 0xff, 0xff, 0xff, 0xff, 0xff, 0xff, 0xff,
    0xff, 0xff, 0xff, 0xff, 0xff, 0xff, 0xff, 0xff, 0xff, 0xff, 0xff, 0xff, 0xff, 0x00, 0x00, 0x00, 0x00, 0x00, 0x00, 0x00, 0x00, 0x00, 0x00, 0x00, 0x00, 0x00, 0x00, 0x00, 0x00, 0x00, 0x00, 0x00,
    0x00, 0x00, 0x00, 0x00, 0x00, 0x00, 0x00, 0x00, 0x00, 0x00, 0x00, 0x00, 0x00, 0x00, 0x00, 0x00, 0x00, 0x00, 0x00, 0xff, 0xff, 0xff, 0xff, 0xff, 0xff, 0xff, 0xff, 0xff, 0xff, 0xff, 0xff, 0xff,
    0xff, 0xff, 0xff, 0xff, 0xff, 0xff, 0xff, 0xff, 0xff, 0xff, 0xff, 0xff, 0xff, 0xff, 0x00, 0x00, 0x00, 0x00, 0x00, 0x00, 0x00, 0x00, 0x00, 0x00, 0x00, 0x00, 0x00, 0x00, 0x00, 0x00, 0x00, 0x00,
    0x00, 0x00, 0x00, 0x00, 0x00, 0x00, 0x00, 0x00, 0x00, 0x00, 0x00, 0x00, 0x00, 0x00, 0x00, 0x00, 0x00, 0x00, 0x00, 0xff, 0xff, 0xff, 0xff, 0xff, 0xff, 0xff, 0xff, 0xff, 0xff, 0xff, 0xff, 0xff,
    0xff, 0xff, 0xff, 0xff, 0xff, 0xff, 0xff, 0xff, 0xff, 0xff, 0xff, 0xff, 0xff, 0xff, 0x00, 0x00, 0x00, 0x00, 0x00, 0x00, 0x00, 0x00, 0x00, 0x00, 0x00, 0x00, 0x00, 0x00, 0x00, 0x00, 0x00, 0x00,
    0x00, 0x00, 0x00, 0x00, 0x00, 0x00, 0x00, 0x00, 0x00, 0x00, 0x00, 0x00, 0x00, 0x00, 0x00, 0x00, 0x00, 0x00, 0xff, 0xff, 0xff, 0xff, 0xff, 0xff, 0xff, 0xff, 0xff, 0xff, 0xff, 0xff, 0xff, 0xff,
    0xff, 0xff, 0xff, 0xff, 0xff, 0xff, 0xff, 0xff, 0xff, 0xff, 0xff, 0xff, 0xff, 0xff, 0xff, 0x00, 0x00, 0x00, 0x00, 0x00, 0x00, 0x00, 0x00, 0x00, 0x00, 0x00, 0x00, 0x00, 0x00, 0x00, 0x00, 0x00,
    0x00, 0x00, 0x00, 0x00, 0x00, 0x00, 0x00, 0x00, 0x00, 0x00, 0x00, 0x00, 0x00, 0x00, 0x00, 0x00, 0x00, 0x00, 0xff, 0xff, 0xff, 0xff, 0xff, 0xff, 0xff, 0xff, 0xff, 0xff, 0xff, 0xff, 0xff, 0xff,
    0xff, 0xff, 0xff, 0xff, 0xff, 0xff, 0xff, 0xff, 0xff, 0xff, 0xff, 0xff, 0xff, 0xff, 0xff, 0x00, 0x00, 0x00, 0x00, 0x00, 0x00, 0x00, 0x00, 0x00, 0x00, 0x00, 0x00, 0x00, 0x00, 0x00, 0x00, 0x00,
    0x00, 0x00, 0x00, 0x00, 0x00, 0x00, 0x00, 0x00, 0x00, 0x00, 0x00, 0x00, 0x00, 0x00, 0x00, 0x00, 0x00, 0xff, 0xff, 0xff, 0xff, 0xff, 0xff, 0xff, 0xff, 0xff, 0xff, 0xff, 0xff, 0xff, 0xff, 0xff,
    0xff, 0xff, 0xff, 0xff, 0xff, 0xff, 0xff, 0xff, 0xff, 0xff, 0xff, 0xff, 0xff, 0xff, 0xff, 0xff, 0x00, 0x00, 0x00, 0x00, 0x00, 0x00, 0x00, 0x00, 0x00, 0x00, 0x00, 0x00, 0x00, 0x00, 0x00, 0x00,
    0x00, 0x00, 0x00, 0x00, 0x00, 0x00, 0x00, 0x00, 0x00, 0x00, 0x00, 0x00, 0x00, 0x00, 0x00, 0x00, 0x00, 0xff, 0xff, 0xff, 0xff, 0xff, 0xff, 0xff, 0xff, 0xff, 0xff, 0xff, 0xff, 0xff, 0xff, 0xff,
    0xff, 0xff, 0xff, 0xff, 0xff, 0xff, 0xff, 0xff, 0xff, 0xff, 0xff, 0xff, 0xff, 0xff, 0xff, 0xff, 0x00, 0x00, 0x00, 0x00, 0x00, 0x00, 0x00, 0x00, 0x00, 0x00, 0x00, 0x00, 0x00, 0x00, 0x00, 0x00,
    0x00, 0x00, 0x00, 0x00, 0x00, 0x00, 0x00, 0x00, 0x00, 0x00, 0x00, 0x00, 0x00, 0x00, 0x00, 0x00, 0xff, 0xff, 0xff, 0xff, 0xff, 0xff, 0xff, 0xff, 0xff, 0xff, 0xff, 0xff, 0xff, 0xff, 0xff, 0xff,
    0xff, 0xff, 0xff, 0xff, 0xff, 0xff, 0xff, 0xff, 0xff, 0xff, 0xff, 0xff, 0xff, 0xff, 0xff, 0xff, 0xff, 0x00, 0x00, 0x00, 0x00, 0x00, 0x00, 0x00, 0x00, 0x00, 0x00, 0x00, 0x00, 0x00, 0x00, 0x00,
    0x00, 0x00, 0x00, 0x00, 0x00, 0x00, 0x00, 0x00, 0x00, 0x00, 0x00, 0x00, 0x00, 0x00, 0x00, 0x00, 0xff, 0xff, 0xff, 0xff, 0xff, 0xff, 0xff, 0xff, 0xff, 0xff, 0xff, 0xff, 0xff, 0xff, 0xff, 0xff,
    0xff, 0xff, 0xff, 0xff, 0xff, 0xff, 0xff, 0xff, 0xff, 0xff, 0xff, 0xff, 0xff, 0xff, 0xff, 0xff, 0xff, 0x00, 0x00, 0x00, 0x00, 0x00, 0x00, 0x00, 0x00, 0x00, 0x00, 0x00, 0x00, 0x00, 0x00, 0x00,
    0x00, 0x00, 0x00, 0x00, 0x00, 0x00, 0x00, 0x00, 0x00, 0x00, 0x00, 0x00, 0x00, 0x00, 0x00, 0xff, 0xff, 0xff, 0xff, 0xff, 0xff, 0xff, 0xff, 0xff, 0xff, 0xff, 0xff, 0xff, 0xff, 0xff, 0xff, 0xff,
    0xff, 0xff, 0xff, 0xff, 0xff, 0xff, 0xff, 0xff, 0xff, 0xff, 0xff, 0xff, 0xff, 0xff, 0xff, 0xff, 0xff, 0xff, 0x00, 0x00, 0x00, 0x00, 0x00, 0x00, 0x00, 0x00, 0x00, 0x00, 0x00, 0x00, 0x00, 0x00,
    0x00, 0x00, 0x00, 0x00, 0x00, 0x00, 0x00, 0x00, 0x00, 0x00, 0x00, 0x00, 0x00, 0x00, 0xff, 0xff, 0xff, 0xff, 0xff, 0xff, 0xff, 0xff, 0xff, 0xff, 0xff, 0xff, 0xff, 0xff, 0xff, 0xff, 0xff, 0xff,
    0xff, 0xff, 0xff, 0xff, 0xff, 0xff, 0xff, 0xff, 0xff, 0xff, 0xff, 0xff, 0xff, 0xff, 0xff, 0xff, 0xff, 0xff, 0xff, 0x00, 0x00, 0x00, 0x00, 0x00, 0x00, 0x00, 0x00, 0x00, 0x00, 0x00, 0x00, 0x00,
    0x00, 0x00, 0x00, 0x00, 0x00, 0x00, 0x00, 0x00, 0x00, 0x00, 0x00, 0x00, 0x00, 0x00, 0xff, 0xff, 0xff, 0xff, 0xff, 0xff, 0xff, 0xff, 0xff, 0xff, 0xff, 0xff, 0xff, 0xff, 0xff, 0xff, 0xff, 0xff,
    0xff, 0xff, 0xff, 0xff, 0xff, 0xff, 0xff, 0xff, 0xff, 0xff, 0xff, 0xff, 0xff, 0xff, 0xff, 0xff, 0xff, 0xff, 0xff, 0x00, 0x00, 0x00, 0x00, 0x00, 0x00, 0x00, 0x00, 0x00, 0x00, 0x00, 0x00, 0x00,
    0x00, 0x00, 0x00, 0x00, 0x00, 0x00, 0x00, 0x00, 0x00, 0x00, 0x00, 0x00, 0x00, 0xff, 0xff, 0xff, 0xff, 0xff, 0xff, 0xff, 0xff, 0xff, 0xff, 0xff, 0xff, 0xff, 0xff, 0xff, 0xff, 0xff, 0xff, 0xff,
    0xff, 0xff, 0xff, 0xff, 0xff, 0xff, 0xff, 0xff, 0xff, 0xff, 0xff, 0xff, 0xff, 0xff, 0xff, 0xff, 0xff, 0xff, 0xff, 0xff, 0x00, 0x00, 0x00, 0x00, 0x00, 0x00, 0x00, 0x00, 0x00, 0x00, 0x00, 0x00,
    0x00, 0x00, 0x00, 0x00, 0x00, 0x00, 0x00, 0x00, 0x00, 0x00, 0x00, 0x00, 0x00, 0xff, 0xff, 0xff, 0xff, 0xff, 0xff, 0xff, 0xff, 0xff, 0xff, 0xff, 0xff, 0xff, 0xff, 0xff, 0xff, 0xff, 0xff, 0xff,
    0xff, 0xff, 0xff, 0xff, 0xff, 0xff, 0xff, 0xff, 0xff, 0xff, 0xff, 0xff, 0xff, 0xff, 0xff, 0xff, 0xff, 0xff, 0xff, 0xff, 0x00, 0x00, 0x00, 0x00, 0x00, 0x00, 0x00, 0x00, 0x00, 0x00, 0x00, 0x00,
    0x00, 0x00, 0x00, 0x00, 0x00, 0x00, 0x00, 0x00, 0x00, 0x00, 0x00, 0x00, 0xff, 0xff, 0xff, 0xff, 0xff, 0xff, 0xff, 0xff, 0xff, 0xff, 0xff, 0xff, 0xff, 0xff, 0xff, 0xff, 0xff, 0xff, 0xff, 0xff,
    0xff, 0xff, 0xff, 0xff, 0xff, 0xff, 0xff, 0xff, 0xff, 0xff, 0xff, 0xff, 0xff, 0xff, 0xff, 0xff, 0xff, 0xff, 0xff, 0xff, 0xff, 0x00, 0x00, 0x00, 0x00, 0x00, 0x00, 0x00, 0x00, 0x00, 0x00, 0x00,
    0x00, 0x00, 0x00, 0x00, 0x00, 0x00, 0x00, 0x00, 0x00, 0x00, 0x00, 0x00, 0xff, 0xff, 0xff, 0xff, 0xff, 0xff, 0xff, 0xff, 0xff, 0xff, 0xff, 0xff, 0xff, 0xff, 0xff, 0xff, 0xff, 0xff, 0xff, 0xff,
    0xff, 0xff, 0xff, 0xff, 0xff, 0xff, 0xff, 0xff, 0xff, 0xff, 0xff, 0xff, 0xff, 0xff, 0xff, 0xff, 0xff, 0xff, 0xff, 0xff, 0xff, 0x00, 0x00, 0x00, 0x00, 0x00, 0x00, 0x00, 0x00, 0x00, 0x00, 0x00,
    0x00, 0x00, 0x00, 0x00, 0x00, 0x00, 0x00, 0x00, 0x00, 0x00, 0x00, 0xff, 0xff, 0xff, 0xff, 0xff, 0xff, 0xff, 0xff, 0xff, 0xff, 0xff, 0xff, 0xff, 0xff, 0xff, 0xff, 0xff, 0xff, 0xff, 0xff, 0xff,
    0xff, 0xff, 0xff, 0xff, 0xff, 0xff, 0xff, 0xff, 0xff, 0xff, 0xff, 0xff, 0xff, 0xff, 0xff, 0xff, 0xff, 0xff, 0xff, 0xff, 0xff, 0xff, 0x00, 0x00, 0x00, 0x00, 0x00, 0x00, 0x00, 0x00, 0x00, 0x00,
    0x00, 0x00, 0x00, 0x00, 0x00, 0x00, 0x00, 0x00, 0x00, 0x00, 0x00, 0xff, 0xff, 0xff, 0xff, 0xff, 0xff, 0xff, 0xff, 0xff, 0xff, 0xff, 0xff, 0xff, 0xff, 0xff, 0xff, 0xff, 0xff, 0xff, 0xff, 0xff,
    0xff, 0xff, 0xff, 0xff, 0xff, 0xff, 0xff, 0xff, 0xff, 0xff, 0xff, 0xff, 0xff, 0xff, 0xff, 0xff, 0xff, 0xff, 0xff, 0xff, 0xff, 0xff, 0x00, 0x00, 0x00, 0x00, 0x00, 0x00, 0x00, 0x00, 0x00, 0x00,
    0x00, 0x00, 0x00, 0x00, 0x00, 0x00, 0x00, 0x00, 0x00, 0x00, 0xff, 0xff, 0xff, 0xff, 0xff, 0xff, 0xff, 0xff, 0xff, 0xff, 0xff, 0xff, 0xff, 0xff, 0xff, 0xff, 0xff, 0xff, 0xff, 0xff, 0xff, 0xff,
    0xff, 0xff, 0xff, 0xff, 0xff, 0xff, 0xff, 0xff, 0xff, 0xff, 0xff, 0xff, 0xff, 0xff, 0xff, 0xff, 0xff, 0xff, 0xff, 0xff, 0xff, 0xff, 0xff, 0x00, 0x00, 0x00, 0x00, 0x00, 0x00, 0x00, 0x00, 0x00,
    0x00, 0x00, 0x00, 0x00, 0x00, 0x00, 0x00, 0x00, 0x00, 0x00, 0x00, 0x00, 0x00, 0x00, 0x00, 0x00, 0x00, 0x00, 0x00, 0x00, 0x00, 0x00, 0xff, 0xff, 0xff, 0xff, 0xff, 0x00, 0x00, 0x00, 0x00, 0x00,
    0x00, 0x00, 0x00, 0x00, 0x00, 0xff, 0xff, 0xff, 0xff, 0xff, 0xff, 0xff, 0x00, 0x00, 0x00, 0x00, 0x00, 0x00, 0x00, 0x00, 0x00, 0x00, 0x00, 0x00, 0x00, 0x00, 0x00, 0x00, 0x00, 0x00, 0x00, 0x00,
    0x00, 0x00, 0x00, 0x00, 0x00, 0x00, 0x00, 0x00, 0x00, 0x00, 0x00, 0x00, 0x00, 0x00, 0x00, 0x00, 0x00, 0x00, 0x00, 0x00, 0x00, 0xff, 0xff, 0xff, 0xff, 0xff, 0xff, 0xff, 0x00, 0x00, 0x00, 0x00,
    0x00, 0x00, 0x00, 0x00, 0x00, 0x00, 0x00, 0x00, 0x00, 0x00, 0x00, 0x00, 0x00, 0x00, 0x00, 0x00, 0x00, 0x00, 0x00, 0x00, 0x00, 0x00, 0x00, 0x00, 0x00, 0x00, 0x00, 0x00, 0x00, 0x00, 0x00, 0x00,
    0x00, 0x00, 0x00, 0x00, 0x00, 0x00, 0x00, 0x00, 0x00, 0x00, 0x00, 0x00, 0x00, 0x00, 0x00, 0x00, 0x00, 0x00, 0x00, 0x00, 0x00, 0xff, 0xff, 0xff, 0xff, 0xff, 0xff, 0xff, 0x00, 0x00, 0x00, 0x00,
    0x00, 0x00, 0x00, 0x00, 0x00, 0x00, 0x00, 0x00, 0x00, 0x00, 0x00, 0x00, 0x00, 0x00, 0x00, 0x00, 0x00, 0x00, 0x00, 0x00, 0x00, 0x00, 0x00, 0x00, 0x00, 0x00, 0x00, 0x00, 0x00, 0x00, 0x00, 0x00,
    0x00, 0x00, 0x00, 0x00, 0x00, 0x00, 0x00, 0x00, 0x00, 0x00, 0x00, 0x00, 0x00, 0x00, 0x00, 0x00, 0x00, 0x00, 0x00, 0x00, 0x00, 0x00, 0x00, 0x00, 0x00, 0x00, 0x00, 0x00, 0x00, 0x00, 0x00, 0x00,
    0x00, 0x00, 0x00, 0x00, 0x00, 0x00, 0x00, 0x00, 0x00, 0x00, 0x00, 0x00, 0x00, 0x00, 0x00, 0x00, 0x00, 0x00, 0x00, 0x00, 0x00, 0x00, 0x00, 0x00, 0x00, 0x00, 0x00, 0x00, 0x00, 0x00, 0x00, 0x00,
    0x00, 0x00, 0x00, 0x00, 0x00, 0x00, 0x00, 0x00, 0x00, 0x00, 0x00, 0x00, 0x00, 0x00, 0x00, 0x00, 0x00, 0x00, 0x00, 0x00, 0x00, 0x00, 0x00, 0x00, 0x00, 0x00, 0x00, 0x00, 0x00, 0x00, 0x00, 0x00,
    0x00, 0x00, 0x00, 0x00, 0x00, 0x00, 0x00, 0x00, 0x00, 0x00, 0x00, 0x00, 0x00, 0x00, 0x00, 0x00, 0x00, 0x00, 0x00, 0x00, 0x00, 0x00, 0x00, 0x00, 0x00, 0x00, 0x00, 0x00, 0x00, 0x00, 0x00, 0x00,
};

const lv_image_dsc_t sabrina_walk_b = {
    .header = {
        .magic = LV_IMAGE_HEADER_MAGIC,
        .cf = LV_COLOR_FORMAT_RGB565A8,
        .flags = 0,
        .w = 64,
        .h = 64,
        .stride = 128,
    },
    .data_size = sizeof(sabrina_walk_b_map),
    .data = sabrina_walk_b_map,
};

static const uint8_t sabrina_happy_a_map[] = {
    0x00, 0x00, 0x00, 0x00, 0x00, 0x00, 0x00, 0x00, 0x00, 0x00, 0x00, 0x00, 0x00, 0x00, 0x00, 0x00, 0x00, 0x00, 0x00, 0x00, 0x00, 0x00, 0x00, 0x00, 0x00, 0x00, 0x00, 0x00, 0x00, 0x00, 0x00, 0x00,
    0x00, 0x00, 0x00, 0x00, 0x4a, 0x59, 0x00, 0x00, 0x00, 0x00, 0x00, 0x00, 0x00, 0x00, 0x00, 0x00, 0x00, 0x00, 0x00, 0x00, 0x00, 0x00, 0x00, 0x00, 0x00, 0x00, 0x00, 0x00, 0x00, 0x00, 0x00, 0x00,
    0x00, 0x00, 0x00, 0x00, 0x00, 0x00, 0x00, 0x00, 0x00, 0x00, 0x00, 0x00, 0x00, 0x00, 0x00, 0x00, 0x00, 0x00, 0x00, 0x00, 0x00, 0x00, 0x00, 0x00, 0x00, 0x00, 0x00, 0x00, 0x4a, 0x59, 0x00, 0x00,
    0x00, 0x00, 0x00, 0x00, 0x00, 0x00, 0x00, 0x00, 0x00, 0x00, 0x00, 0x00, 0x00, 0x00, 0x00, 0x00, 0x00, 0x00, 0x00, 0x00, 0x00, 0x00, 0x00, 0x00, 0x00, 0x00, 0x00, 0x00, 0x00, 0x00, 0x00, 0x00,
    0x00, 0x00, 0x00, 0x00, 0x00, 0x00, 0x00, 0x00, 0x00, 0x00, 0x00, 0x00, 0x00, 0x00, 0x00, 0x00, 0x00, 0x00, 0x00, 0x00, 0x00, 0x00, 0x00, 0x00, 0x00, 0x00, 0x00, 0x00, 0x00, 0x00, 0x00, 0x00,
    0x00, 0x00, 0x00, 0x00, 0x4a, 0x59, 0x00, 0x00, 0x00, 0x00, 0x00, 0x00, 0x00, 0x00, 0x00, 0x00, 0x00, 0x00, 0x00, 0x00, 0x00, 0x00, 0x00, 0x00, 0x00, 0x00, 0x00, 0x00, 0x00, 0x00, 0x00, 0x00,
    0x00, 0x00, 0x00, 0x00, 0x00, 0x00, 0x00, 0x00, 0x00, 0x00, 0x00, 0x00, 0x00, 0x00, 0x00, 0x00, 0x00, 0x00, 0x00, 0x00, 0x00, 0x00, 0x00, 0x00, 0x00, 0x00, 0x4a, 0x59, 0x4a, 0x59, 0x00, 0x00,
    0x00, 0x00, 0x00, 0x00, 0x00, 0x00, 0x00, 0x00, 0x00, 0x00, 0x00, 0x00, 0x00, 0x00, 0x00, 0x00, 0x00, 0x00, 0x00, 0x00, 0x00, 0x00, 0x00, 0x00, 0x00, 0x00, 0x00, 0x00, 0x00, 0x00, 0x00, 0x00,
    0x00, 0x00, 0x00, 0x00, 0x00, 0x00, 0x00, 0x00, 0x00, 0x00, 0x00, 0x00, 0x00, 0x00, 0x00, 0x00, 0x00, 0x00, 0x00, 0x00, 0x00, 0x00, 0x00, 0x00, 0x00, 0x00, 0x00, 0x00, 0x00, 0x00, 0x00, 0x00,
    0x00, 0x00, 0x4a, 0x59, 0x7a, 0xfd, 0x4a, 0x59, 0x00, 0x00, 0x00, 0x00, 0x00, 0x00, 0x00, 0x00, 0x00, 0x00, 0x00, 0x00, 0x00, 0x00, 0x00, 0x00, 0x00, 0x00, 0x00, 0x00, 0x00, 0x00, 0x00, 0x00,
    0x00, 0x00, 0x00, 0x00, 0x00, 0x00, 0x00, 0x00, 0x00, 0x00, 0x00, 0x00, 0x00, 0x00, 0x00, 0x00, 0x00, 0x00, 0x00, 0x00, 0x00, 0x00, 0x00, 0x00, 0x00, 0x00, 0x4a, 0x59, 0x4a, 0x59, 0x00, 0x00,
    0x00, 0x00, 0x00, 0x00, 0x00, 0x00, 0x00, 0x00, 0x00, 0x00, 0x00, 0x00, 0x00, 0x00, 0x00, 0x00, 0x00, 0x00, 0x00, 0x00, 0x00, 0x00, 0x00, 0x00, 0x00, 0x00, 0x00, 0x00, 0x00, 0x00, 0x00, 0x00,
    0x00, 0x00, 0x00, 0x00, 0x00, 0x00, 0x00, 0x00, 0x00, 0x00, 0x00, 0x00, 0x00, 0x00, 0x00, 0x00, 0x00, 0x00, 0x00, 0x00, 0x00, 0x00, 0x00, 0x00, 0x00, 0x00, 0x00, 0x00, 0x00, 0x00, 0x00, 0x00,
    0x00, 0x00, 0x4a, 0x59, 0x7a, 0xfd, 0x4a, 0x59, 0x00, 0x00, 0x00, 0x00, 0x00, 0x00, 0x00, 0x00, 0x00, 0x00, 0x00, 0x00, 0x00, 0x00, 0x00, 0x00, 0x00, 0x00, 0x00, 0x00, 0x00, 0x00, 0x00, 0x00,
    0x00, 0x00, 0x00, 0x00, 0x00, 0x00, 0x00, 0x00, 0x00, 0x00, 0x00, 0x00, 0x00, 0x00, 0x00, 0x00, 0x00, 0x00, 0x00, 0x00, 0x00, 0x00, 0x00, 0x00, 0x4a, 0x59, 0x7a, 0xfd, 0x7a, 0xfd, 0x4a, 0x59,
    0x00, 0x00, 0x00, 0x00, 0x00, 0x00, 0x00, 0x00, 0x00, 0x00, 0x00, 0x00, 0x00, 0x00, 0x00, 0x00, 0x00, 0x00, 0x00, 0x00, 0x00, 0x00, 0x00, 0x00, 0x00, 0x00, 0x00, 0x00, 0x00, 0x00, 0x00, 0x00,
    0x00, 0x00, 0x00, 0x00, 0x00, 0x00, 0x00, 0x00, 0x00, 0x00, 0x00, 0x00, 0x00, 0x00, 0x00, 0x00, 0x00, 0x00, 0x00, 0x00, 0x00, 0x00, 0x00, 0x00, 0x00, 0x00, 0x00, 0x00, 0x00, 0x00, 0x00, 0x00,
    0x00, 0x00, 0x4a, 0x59, 0x7a, 0xfd, 0x7a, 0xfd, 0x32, 0xfb, 0x00, 0x00, 0x00, 0x00, 0x00, 0x00, 0x4a, 0x59, 0x4a, 0x59, 0x4a, 0x59, 0x00, 0x00, 0x00, 0x00, 0x00, 0x00, 0x00, 0x00, 0x00, 0x00,
    0x00, 0x00, 0x00, 0x00, 0x00, 0x00, 0x00, 0x00, 0x00, 0x00, 0x00, 0x00, 0x4a, 0x59, 0x4a, 0x59, 0x4a, 0x59, 0x00, 0x00, 0x00, 0x00, 0x00, 0x00, 0x32, 0xfb, 0x7a, 0xfd, 0x7a, 0xfd, 0x4a, 0x59,
    0x00, 0x00, 0x00, 0x00, 0x00, 0x00, 0x00, 0x00, 0x00, 0x00, 0x00, 0x00, 0x00, 0x00, 0x00, 0x00, 0x00, 0x00, 0x00, 0x00, 0x00, 0x00, 0x00, 0x00, 0x00, 0x00, 0x00, 0x00, 0x00, 0x00, 0x00, 0x00,
    0x00, 0x00, 0x00, 0x00, 0x00, 0x00, 0x00, 0x00, 0x00, 0x00, 0x00, 0x00, 0x00, 0x00, 0x00, 0x00, 0x00, 0x00, 0x00, 0x00, 0x00, 0x00, 0x00, 0x00, 0x00, 0x00, 0x00, 0x00, 0x00, 0x00, 0x00, 0x00,
    0x00, 0x00, 0x4a, 0x59, 0x7a, 0xfd, 0x7a, 0xfd, 0x32, 0xfb, 0x00, 0x00, 0x4a, 0x59, 0x4a, 0x59, 0x32, 0xfb, 0x32, 0xfb, 0x32, 0xfb, 0x4a, 0x59, 0x4a, 0x59, 0x00, 0x00, 0x00, 0x00, 0x00, 0x00,
    0x00, 0x00, 0x00, 0x00, 0x00, 0x00, 0x00, 0x00, 0x4a, 0x59, 0x4a, 0x59, 0x32, 0xfb, 0x32, 0xfb, 0x32, 0xfb, 0x4a, 0x59, 0x4a, 0x59, 0x4a, 0x59, 0x32, 0xfb, 0x7a, 0xfd, 0x7a, 0xfd, 0x4a, 0x59,
    0x00, 0x00, 0x00, 0x00, 0x00, 0x00, 0x00, 0x00, 0x00, 0x00, 0x00, 0x00, 0x00, 0x00, 0x00, 0x00, 0x00, 0x00, 0x00, 0x00, 0x00, 0x00, 0x00, 0x00, 0x00, 0x00, 0x00, 0x00, 0x00, 0x00, 0x00, 0x00,
    0x00, 0x00, 0x00, 0x00, 0x00, 0x00, 0x00, 0x00, 0x00, 0x00, 0x00, 0x00, 0x00, 0x00, 0x00, 0x00, 0x00, 0x00, 0x00, 0x00, 0x00, 0x00, 0x00, 0x00, 0x00, 0x00, 0x00, 0x00, 0x00, 0x00, 0x00, 0x00,
    0x4a, 0x59, 0x7a, 0xfd, 0x7a, 0xfd, 0x32, 0xfb, 0xed, 0xc9, 0x4a, 0x59, 0x32, 0xfb, 0x32, 0xfb, 0x32, 0xfb, 0x32, 0xfb, 0x32, 0xfb, 0x32, 0xfb, 0x32, 0xfb, 0x4a, 0x59, 0x4a, 0x59, 0x4a, 0x59,
    0x4a, 0x59, 0x4a, 0x59, 0x4a, 0x59, 0x4a, 0x59, 0x32, 0xfb, 0x32, 0xfb, 0x32, 0xfb, 0x32, 0xfb, 0x32, 0xfb, 0x32, 0xfb, 0x32, 0xfb, 0x4a, 0x59, 0xed, 0xc9, 0x32, 0xfb, 0x7a, 0xfd, 0x4a, 0x59,
    0x00, 0x00, 0x00, 0x00, 0x00, 0x00, 0x00, 0x00, 0x00, 0x00, 0x00, 0x00, 0x00, 0x00, 0x00, 0x00, 0x00, 0x00, 0x00, 0x00, 0x00, 0x00, 0x00, 0x00, 0x00, 0x00, 0x00, 0x00, 0x00, 0x00, 0x00, 0x00,
    0x00, 0x00, 0x00, 0x00, 0x00, 0x00, 0x00, 0x00, 0x00, 0x00, 0x00, 0x00, 0x00, 0x00, 0x00, 0x00, 0x00, 0x00, 0x00, 0x00, 0x00, 0x00, 0x00, 0x00, 0x00, 0x00, 0x00, 0x00, 0x00, 0x00, 0x00, 0x00,
    0x4a, 0x59, 0x7a, 0xfd, 0x7a, 0xfd, 0x32, 0xfb, 0xed, 0xc9, 0x4a, 0x59, 0x32, 0xfb, 0x32, 0xfb, 0x32, 0xfb, 0x32, 0xfb, 0x32, 0xfb, 0x32, 0xfb, 0x32, 0xfb, 0x4a, 0x59, 0xed, 0xc9, 0xed, 0xc9,
    0xed, 0xc9, 0xed, 0xc9, 0xed, 0xc9, 0x4a, 0x59, 0x32, 0xfb, 0x32, 0xfb, 0x32, 0xfb, 0x32, 0xfb, 0x32, 0xfb, 0x32, 0xfb, 0x32, 0xfb, 0x4a, 0x59, 0xed, 0xc9, 0x32, 0xfb, 0x7a, 0xfd, 0x7a, 0xfd,
    0x4a, 0x59, 0x00, 0x00, 0x00, 0x00, 0x00, 0x00, 0x00, 0x00, 0x00, 0x00, 0x00, 0x00, 0x00, 0x00, 0x00, 0x00, 0x00, 0x00, 0x00, 0x00, 0x00, 0x00, 0x00, 0x00, 0x00, 0x00, 0x00, 0x00, 0x00, 0x00,
    0x00, 0x00, 0x00, 0x00, 0x00, 0x00, 0x00, 0x00, 0x00, 0x00, 0x00, 0x00, 0x00, 0x00, 0x00, 0x00, 0x00, 0x00, 0x00, 0x00, 0x00, 0x00, 0x00, 0x00, 0x00, 0x00, 0x00, 0x00, 0x00, 0x00, 0x00, 0x00,
    0x4a, 0x59, 0x7a, 0xfd, 0x7a, 0xfd, 0x32, 0xfb, 0x4a, 0x59, 0x32, 0xfb, 0x32, 0xfb, 0x32, 0xfb, 0x32, 0xfb, 0x32, 0xfb, 0x32, 0xfb, 0x32, 0xfb, 0x32, 0xfb, 0x4a, 0x59, 0xff, 0xff, 0xec, 0xf1,
    0xed, 0xc9, 0xec, 0xf1, 0xec, 0xf1, 0x4a, 0x59, 0x32, 0xfb, 0x32, 0xfb, 0x32, 0xfb, 0x32, 0xfb, 0x32, 0xfb, 0x32, 0xfb, 0x32, 0xfb, 0x32, 0xfb, 0x4a, 0x59, 0x32, 0xfb, 0x7a, 0xfd, 0x7a, 0xfd,
    0x4a, 0x59, 0x00, 0x00, 0x00, 0x00, 0x00, 0x00, 0x00, 0x00, 0x00, 0x00, 0x00, 0x00, 0x00, 0x00, 0x00, 0x00, 0x00, 0x00, 0x00, 0x00, 0x00, 0x00, 0x00, 0x00, 0x00, 0x00, 0x00, 0x00, 0x00, 0x00,
    0x00, 0x00, 0x00, 0x00, 0x00, 0x00, 0x00, 0x00, 0x00, 0x00, 0x00, 0x00, 0x00, 0x00, 0x00, 0x00, 0x00, 0x00, 0x00, 0x00, 0x00, 0x00, 0x00, 0x00, 0x00, 0x00, 0x00, 0x00, 0x00, 0x00, 0x00, 0x00,
    0x4a, 0x59, 0x7a, 0xfd, 0x7a, 0xfd, 0x32, 0xfb, 0x4a, 0x59, 0x32, 0xfb, 0x32, 0xfb, 0x32, 0xfb, 0x32, 0xfb, 0x32, 0xfb, 0x32, 0xfb, 0x32, 0xfb, 0x32, 0xfb, 0x4a, 0x59, 0xec, 0xf1, 0xec, 0xf1,
    0xec, 0xf1, 0xec, 0xf1, 0xec, 0xf1, 0x4a, 0x59, 0x32, 0xfb, 0x32, 0xfb, 0x32, 0xfb, 0x32, 0xfb, 0x32, 0xfb, 0x32, 0xfb, 0x32, 0xfb, 0x32, 0xfb, 0x4a, 0x59, 0x32, 0xfb, 0x7a, 0xfd, 0x7a, 0xfd,
    0x4a, 0x59, 0x00, 0x00, 0x00, 0x00, 0x00, 0x00, 0x00, 0x00, 0x00, 0x00, 0x00, 0x00, 0x00, 0x00, 0x00, 0x00, 0x00, 0x00, 0x00, 0x00, 0x00, 0x00, 0x00, 0x00, 0x00, 0x00, 0x00, 0x00, 0x00, 0x00,
    0x00, 0x00, 0x00, 0x00, 0x00, 0x00, 0x00, 0x00, 0x00, 0x00, 0x00, 0x00, 0x00, 0x00, 0x00, 0x00, 0x00, 0x00, 0x00, 0x00, 0x00, 0x00, 0x00, 0x00, 0x00, 0x00, 0x00, 0x00, 0x00, 0x00, 0x4a, 0x59,
    0x7a, 0xfd, 0x7a, 0xfd, 0x32, 0xfb, 0x32, 0xfb, 0x4a, 0x59, 0x32, 0xfb, 0x32, 0xfb, 0x32, 0xfb, 0x32, 0xfb, 0x32, 0xfb, 0x32, 0xfb, 0x32, 0xfb, 0x32, 0xfb, 0x4a, 0x59, 0xed, 0xc9, 0xec, 0xf1,
    0xec, 0xf1, 0xec, 0xf1, 0xed, 0xc9, 0x4a, 0x59, 0x32, 0xfb, 0x32, 0xfb, 0x32, 0xfb, 0x32, 0xfb, 0x32, 0xfb, 0x32, 0xfb, 0x32, 0xfb, 0x32, 0xfb, 0x4a, 0x59, 0x32, 0xfb, 0x32, 0xfb, 0x7a, 0xfd,
    0x4a, 0x59, 0x00, 0x00, 0x00, 0x00, 0x00, 0x00, 0x00, 0x00, 0x00, 0x00, 0x00, 0x00, 0x00, 0x00, 0x00, 0x00, 0x00, 0x00, 0x00, 0x00, 0x00, 0x00, 0x00, 0x00, 0x00, 0x00, 0x00, 0x00, 0x00, 0x00,
    0x00, 0x00, 0x00, 0x00, 0x00, 0x00, 0x00, 0x00, 0x00, 0x00, 0x00, 0x00, 0x00, 0x00, 0x00, 0x00, 0x00, 0x00, 0x00, 0x00, 0x00, 0x00, 0x00, 0x00, 0x00, 0x00, 0x00, 0x00, 0x00, 0x00, 0x4a, 0x59,
    0x7a, 0xfd, 0x7a, 0xfd, 0x32, 0xfb, 0x32, 0xfb, 0x4a, 0x59, 0x32, 0xfb, 0x32, 0xfb, 0x32, 0xfb, 0x32, 0xfb, 0x32, 0xfb, 0x32, 0xfb, 0x32, 0xfb, 0x32, 0xfb, 0x4a, 0x59, 0xed, 0xc9, 0xed, 0xc9,
    0xec, 0xf1, 0xed, 0xc9, 0xed, 0xc9, 0x4a, 0x59, 0x32, 0xfb, 0x32, 0xfb, 0x32, 0xfb, 0x32, 0xfb, 0x32, 0xfb, 0x32, 0xfb, 0x32, 0xfb, 0x32, 0xfb, 0x4a, 0x59, 0x32, 0xfb, 0x32, 0xfb, 0x7a, 0xfd,
    0x7a, 0xfd, 0x4a, 0x59, 0x00, 0x00, 0x00, 0x00, 0x00, 0x00, 0x00, 0x00, 0x00, 0x00, 0x00, 0x00, 0x00, 0x00, 0x00, 0x00, 0x00, 0x00, 0x00, 0x00, 0x00, 0x00, 0x00, 0x00, 0x00, 0x00, 0x00, 0x00,
    0x00, 0x00, 0x00, 0x00, 0x00, 0x00, 0x00, 0x00, 0x00, 0x00, 0x00, 0x00, 0x00, 0x00, 0x00, 0x00, 0x00, 0x00, 0x00, 0x00, 0x00, 0x00, 0x00, 0x00, 0x00, 0x00, 0x00, 0x00, 0x00, 0x00, 0x4a, 0x59,
    0x7a, 0xfd, 0x7a, 0xfd, 0x32, 0xfb, 0x32, 0xfb, 0x4a, 0x59, 0x32, 0xfb, 0x32, 0xfb, 0x32, 0xfb, 0x32, 0xfb, 0x32, 0xfb, 0x32, 0xfb, 0x32, 0xfb, 0x32, 0xfb, 0x4a, 0x59, 0xed, 0xc9, 0xed, 0xc9,
    0xed, 0xc9, 0xed, 0xc9, 0xed, 0xc9, 0x4a, 0x59, 0x32, 0xfb, 0x32, 0xfb, 0x32, 0xfb, 0x32, 0xfb, 0x32, 0xfb, 0x32, 0xfb, 0x32, 0xfb, 0x32, 0xfb, 0x4a, 0x59, 0x32, 0xfb, 0x32, 0xfb, 0x7a, 0xfd,
    0x7a, 0xfd, 0x4a, 0x59, 0x00, 0x00, 0x00, 0x00, 0x00, 0x00, 0x00, 0x00, 0x00, 0x00, 0x00, 0x00, 0x00, 0x00, 0x00, 0x00, 0x00, 0x00, 0x00, 0x00, 0x00, 0x00, 0x00, 0x00, 0x00, 0x00, 0x00, 0x00,
    0x00, 0x00, 0x00, 0x00, 0x00, 0x00, 0x00, 0x00, 0x00, 0x00, 0x00, 0x00, 0x00, 0x00, 0x00, 0x00, 0x00, 0x00, 0x00, 0x00, 0x00, 0x00, 0x00, 0x00, 0x00, 0x00, 0x00, 0x00, 0x00, 0x00, 0x4a, 0x59,
    0x7a, 0xfd, 0x32, 0xfb, 0x32, 0xfb, 0x32, 0xfb, 0x32, 0xfb, 0x4a, 0x59, 0x32, 0xfb, 0x32, 0xfb, 0x32, 0xfb, 0x32, 0xfb, 0x32, 0xfb, 0x32, 0xfb, 0x32, 0xfb, 0x4a, 0x59, 0xed, 0xc9, 0xed, 0xc9,
    0xed, 0xc9, 0xed, 0xc9, 0xed, 0xc9, 0x4a, 0x59, 0x32, 0xfb, 0x32, 0xfb, 0x32, 0xfb, 0x32, 0xfb, 0x32, 0xfb, 0x32, 0xfb, 0x32, 0xfb, 0x4a, 0x59, 0x32, 0xfb, 0x32, 0xfb, 0x32, 0xfb, 0x32, 0xfb,
    0x7a, 0xfd, 0x4a, 0x59, 0x00, 0x00, 0x00, 0x00, 0x00, 0x00, 0x00, 0x00, 0x00, 0x00, 0x00, 0x00, 0x00, 0x00, 0x00, 0x00, 0x00, 0x00, 0x00, 0x00, 0x00, 0x00, 0x00, 0x00, 0x00, 0x00, 0x00, 0x00,
    0x00, 0x00, 0x00, 0x00, 0x00, 0x00, 0x00, 0x00, 0x00, 0x00, 0x00, 0x00, 0x00, 0x00, 0x00, 0x00, 0x00, 0x00, 0x00, 0x00, 0x00, 0x00, 0x00, 0x00, 0x00, 0x00, 0x00, 0x00, 0x4a, 0x59, 0x7a, 0xfd,
    0x7a, 0xfd, 0x32, 0xfb, 0x32, 0xfb, 0x32, 0xfb, 0x32, 0xfb, 0x4a, 0x59, 0x32, 0xfb, 0x32, 0xfb, 0x32, 0xfb, 0x32, 0xfb, 0x32, 0xfb, 0x32, 0xfb, 0x4a, 0x59, 0x4a, 0x59, 0x4a, 0x59, 0x4a, 0x59,
    0x4a, 0x59, 0x4a, 0x59, 0x4a, 0x59, 0x4a, 0x59, 0x4a, 0x59, 0x32, 0xfb, 0x32, 0xfb, 0x32, 0xfb, 0x32, 0xfb, 0x32, 0xfb, 0x32, 0xfb, 0x4a, 0x59, 0x32, 0xfb, 0x32, 0xfb, 0x32, 0xfb, 0x32, 0xfb,
    0x7a, 0xfd, 0x4a, 0x59, 0x00, 0x00, 0x00, 0x00, 0x00, 0x00, 0x00, 0x00, 0x00, 0x00, 0x00, 0x00, 0x00, 0x00, 0x00, 0x00, 0x00, 0x00, 0x00, 0x00, 0x00, 0x00, 0x00, 0x00, 0x00, 0x00, 0x00, 0x00,
    0x00, 0x00, 0x00, 0x00, 0x00, 0x00, 0x00, 0x00, 0x00, 0x00, 0x00, 0x00, 0x00, 0x00, 0x00, 0x00, 0x00, 0x00, 0x00, 0x00, 0x00, 0x00, 0x00, 0x00, 0x00, 0x00, 0x00, 0x00, 0x4a, 0x59, 0x7a, 0xfd,
    0x7a, 0xfd, 0x7a, 0xfd, 0x7a, 0xfd, 0x7a, 0xfd, 0x7a, 0xfd, 0x7a, 0xfd, 0x4a, 0x59, 0x4a, 0x59, 0x32, 0xfb, 0x4a, 0x59, 0x4a, 0x59, 0x4a, 0x59, 0x7a, 0xfd, 0x7a, 0xfd, 0x7a, 0xfd, 0x7a, 0xfd,
    0x7a, 0xfd, 0x7a, 0xfd, 0x7a, 0xfd, 0x7a, 0xfd, 0x7a, 0xfd, 0x4a, 0x59, 0x4a, 0x59, 0x4a, 0x59, 0x32, 0xfb, 0x4a, 0x59, 0x4a, 0x59, 0x7a, 0xfd, 0x7a, 0xfd, 0x7a, 0xfd, 0x7a, 0xfd, 0x7a, 0xfd,
    0x7a, 0xfd, 0x7a, 0xfd, 0x4a, 0x59, 0x00, 0x00, 0x00, 0x00, 0x00, 0x00, 0x00, 0x00, 0x00, 0x00, 0x00, 0x00, 0x00, 0x00, 0x00, 0x00, 0x00, 0x00, 0x00, 0x00, 0x00, 0x00, 0x00, 0x00, 0x00, 0x00,
    0x00, 0x00, 0x00, 0x00, 0x00, 0x00, 0x00, 0x00, 0x00, 0x00, 0x00, 0x00, 0x00, 0x00, 0x00, 0x00, 0x00, 0x00, 0x00, 0x00, 0x00, 0x00, 0x00, 0x00, 0x00, 0x00, 0x00, 0x00, 0x4a, 0x59, 0x4a, 0x59,
    0x4a, 0x59, 0x4a, 0x59, 0x4a, 0x59, 0x4a, 0x59, 0x4a, 0x59, 0x4a, 0x59, 0x4a, 0x59, 0x4a, 0x59, 0x4a, 0x59, 0x4a, 0x59, 0x4a, 0x59, 0x4a, 0x59, 0x4a, 0x59, 0x4a, 0x59, 0x4a, 0x59, 0x4a, 0x59,
    0x4a, 0x59, 0x4a, 0x59, 0x4a, 0x59, 0x4a, 0x59, 0x4a, 0x59, 0x7a, 0xfd, 0x7a, 0xfd, 0x7a, 0xfd, 0x4a, 0x59, 0x4a, 0x59, 0x4a, 0x59, 0x4a, 0x59, 0x4a, 0x59, 0x4a, 0x59, 0x4a, 0x59, 0x4a, 0x59,
    0x4a, 0x59, 0x4a, 0x59, 0x4a, 0x59, 0x00, 0x00, 0x00, 0x00, 0x00, 0x00, 0x00, 0x00, 0x00, 0x00, 0x00, 0x00, 0x00, 0x00, 0x00, 0x00, 0x00, 0x00, 0x00, 0x00, 0x00, 0x00, 0x00, 0x00, 0x00, 0x00,
    0x00, 0x00, 0x00, 0x00, 0x00, 0x00, 0x00, 0x00, 0x00, 0x00, 0x00, 0x00, 0x00, 0x00, 0x00, 0x00, 0x00, 0x00, 0x00, 0x00, 0x00, 0x00, 0x00, 0x00, 0x00, 0x00, 0x00, 0x00, 0x00, 0x00, 0x00, 0x00,
    0x00, 0x00, 0x00, 0x00, 0x00, 0x00, 0x00, 0x00, 0x00, 0x00, 0x00, 0x00, 0x4a, 0x59, 0x7a, 0xfd, 0x4a, 0x59, 0x32, 0xfb, 0x32, 0xfb, 0x32, 0xfb, 0x4a, 0x59, 0xed, 0xc9, 0xed, 0xc9, 0xed, 0xc9,
    0x4a, 0x59, 0x32, 0xfb, 0x32, 0xfb, 0x32, 0xfb, 0x4a, 0x59, 0x7a, 0xfd, 0x7a, 0xfd, 0x7a, 0xfd, 0x7a, 0xfd, 0x7a, 0xfd, 0x4a, 0x59, 0x00, 0x00, 0x00, 0x00, 0x00, 0x00, 0x00, 0x00, 0x00, 0x00,
    0x00, 0x00, 0x00, 0x00, 0x00, 0x00, 0x00, 0x00, 0x00, 0x00, 0x00, 0x00, 0x00, 0x00, 0x00, 0x00, 0x00, 0x00, 0x00, 0x00, 0x00, 0x00, 0x00, 0x00, 0x00, 0x00, 0x00, 0x00, 0x00, 0x00, 0x00, 0x00,
    0x00, 0x00, 0x00, 0x00, 0x00, 0x00, 0x00, 0x00, 0x00, 0x00, 0x00, 0x00, 0x00, 0x00, 0x00, 0x00, 0x00, 0x00, 0x00, 0x00, 0x00, 0x00, 0x00, 0x00, 0x00, 0x00, 0x00, 0x00, 0x00, 0x00, 0x00, 0x00,
    0x00, 0x00, 0x00, 0x00, 0x00, 0x00, 0x00, 0x00, 0x00, 0x00, 0x4a, 0x59, 0x7a, 0xfd, 0x7a, 0xfd, 0x7a, 0xfd, 0x4a, 0x59, 0x32, 0xfb, 0x4a, 0x59, 0x4a, 0x59, 0xed, 0xc9, 0xed, 0xc9, 0x4a, 0x59,
    0x7a, 0xfd, 0x4a, 0x59, 0x32, 0xfb, 0x4a, 0x59, 0x7a, 0xfd, 0x7a, 0xfd, 0x7a, 0xfd, 0x7a, 0xfd, 0x7a, 0xfd, 0x7a, 0xfd, 0x7a, 0xfd, 0x4a, 0x59, 0x00, 0x00, 0x00, 0x00, 0x00, 0x00, 0x00, 0x00,
    0x00, 0x00, 0x00, 0x00, 0x00, 0x00, 0x00, 0x00, 0x00, 0x00, 0x00, 0x00, 0x00, 0x00, 0x00, 0x00, 0x00, 0x00, 0x00, 0x00, 0x00, 0x00, 0x00, 0x00, 0x00, 0x00, 0x00, 0x00, 0x00, 0x00, 0x00, 0x00,
    0x00, 0x00, 0x00, 0x00, 0x00, 0x00, 0x00, 0x00, 0x00, 0x00, 0x00, 0x00, 0x00, 0x00, 0x00, 0x00, 0x00, 0x00, 0x00, 0x00, 0x00, 0x00, 0x00, 0x00, 0x00, 0x00, 0x00, 0x00, 0x00, 0x00, 0x00, 0x00,
    0x00, 0x00, 0x00, 0x00, 0x00, 0x00, 0x00, 0x00, 0x4a, 0x59, 0x7a, 0xfd, 0x5c, 0xfe, 0x5c, 0xfe, 0x7a, 0xfd, 0x4a, 0x59, 0x32, 0xfb, 0x4a, 0x59, 0x7a, 0xfd, 0x4a, 0x59, 0xed, 0xc9, 0x4a, 0x59,
    0x7a, 0xfd, 0x4a, 0x59, 0x32, 0xfb, 0x4a, 0x59, 0x7a, 0xfd, 0x7a, 0xfd, 0x7a, 0xfd, 0x7a, 0xfd, 0x7a, 0xfd, 0x7a, 0xfd, 0x7a, 0xfd, 0x7a, 0xfd, 0x4a, 0x59, 0x00, 0x00, 0x00, 0x00, 0x00, 0x00,
    0x00, 0x00, 0x00, 0x00, 0x00, 0x00, 0x00, 0x00, 0x00, 0x00, 0x00, 0x00, 0x00, 0x00, 0x00, 0x00, 0x00, 0x00, 0x00, 0x00, 0x00, 0x00, 0x00, 0x00, 0x00, 0x00, 0x00, 0x00, 0x00, 0x00, 0x00, 0x00,
    0x00, 0x00, 0x00, 0x00, 0x00, 0x00, 0x00, 0x00, 0x00, 0x00, 0x00, 0x00, 0x00, 0x00, 0x00, 0x00, 0x00, 0x00, 0x00, 0x00, 0x00, 0x00, 0x00, 0x00, 0x00, 0x00, 0x00, 0x00, 0x00, 0x00, 0x00, 0x00,
    0x00, 0x00, 0x00, 0x00, 0x00, 0x00, 0x4a, 0x59, 0x7a, 0xfd, 0x7a, 0xfd, 0x5c, 0xfe, 0x7a, 0xfd, 0x7a, 0xfd, 0x4a, 0x59, 0x32, 0xfb, 0x4a, 0x59, 0x7a, 0xfd, 0x4a, 0x59, 0xed, 0xc9, 0x4a, 0x59,
    0x7a, 0xfd, 0x4a, 0x59, 0x32, 0xfb, 0x4a, 0x59, 0x7a, 0xfd, 0x7a, 0xfd, 0x7a, 0xfd, 0x7a, 0xfd, 0x7a, 0xfd, 0x7a, 0xfd, 0x7a, 0xfd, 0x7a, 0xfd, 0x7a, 0xfd, 0x4a, 0x59, 0x00, 0x00, 0x00, 0x00,
    0x00, 0x00, 0x00, 0x00, 0x00, 0x00, 0x00, 0x00, 0x00, 0x00, 0x00, 0x00, 0x00, 0x00, 0x00, 0x00, 0x00, 0x00, 0x00, 0x00, 0x00, 0x00, 0x00, 0x00, 0x00, 0x00, 0x00, 0x00, 0x00, 0x00, 0x00, 0x00,
    0x00, 0x00, 0x00, 0x00, 0x00, 0x00, 0x00, 0x00, 0x00, 0x00, 0x00, 0x00, 0x00, 0x00, 0x00, 0x00, 0x00, 0x00, 0x00, 0x00, 0x00, 0x00, 0x00, 0x00, 0x00, 0x00, 0x00, 0x00, 0x00, 0x00, 0x00, 0x00,
    0x00, 0x00, 0x00, 0x00, 0x4a, 0x59, 0x7a, 0xfd, 0x7a, 0xfd, 0x7a, 0xfd, 0x7a, 0xfd, 0x7a, 0xfd, 0x7a, 0xfd, 0x7a, 0xfd, 0x4a, 0x59, 0x7a, 0xfd, 0x7a, 0xfd, 0x4a, 0x59, 0xed, 0xc9, 0x4a, 0x59,
    0x7a, 0xfd, 0x7a, 0xfd, 0x4a, 0x59, 0x7a, 0xfd, 0x7a, 0xfd, 0x7a, 0xfd, 0x7a, 0xfd, 0x7a, 0xfd, 0x7a, 0xfd, 0x7a, 0xfd, 0x7a, 0xfd, 0x7a, 0xfd, 0x7a, 0xfd, 0x7a, 0xfd, 0x4a, 0x59, 0x00, 0x00,
    0x00, 0x00, 0x00, 0x00, 0x00, 0x00, 0x00, 0x00, 0x00, 0x00, 0x00, 0x00, 0x00, 0x00, 0x00, 0x00, 0x00, 0x00, 0x00, 0x00, 0x00, 0x00, 0x00, 0x00, 0x00, 0x00, 0x00, 0x00, 0x00, 0x00, 0x00, 0x00,
    0x00, 0x00, 0x00, 0x00, 0x00, 0x00, 0x00, 0x00, 0x00, 0x00, 0x00, 0x00, 0x00, 0x00, 0x00, 0x00, 0x00, 0x00, 0x00, 0x00, 0x00, 0x00, 0x00, 0x00, 0x00, 0x00, 0x00, 0x00, 0x00, 0x00, 0x00, 0x00,
    0x00, 0x00, 0x00, 0x00, 0x4a, 0x59, 0x7a, 0xfd, 0x7a, 0xfd, 0x7a, 0xfd, 0x7a, 0xfd, 0x7a, 0xfd, 0x7a, 0xfd, 0x7a, 0xfd, 0x4a, 0x59, 0x7a, 0xfd, 0x7a, 0xfd, 0x4a, 0x59, 0x4a, 0x59, 0x7a, 0xfd,
    0x7a, 0xfd, 0x7a, 0xfd, 0x4a, 0x59, 0x7a, 0xfd, 0x7a, 0xfd, 0x7a, 0xfd, 0x7a, 0xfd, 0x7a, 0xfd, 0x7a, 0xfd, 0x7a, 0xfd, 0x7a, 0xfd, 0x7a, 0xfd, 0x7a, 0xfd, 0x7a, 0xfd, 0x4a, 0x59, 0x00, 0x00,
    0x00, 0x00, 0x00, 0x00, 0x00, 0x00, 0x00, 0x00, 0x00, 0x00, 0x00, 0x00, 0x00, 0x00, 0x00, 0x00, 0x00, 0x00, 0x00, 0x00, 0x00, 0x00, 0x00, 0x00, 0x00, 0x00, 0x00, 0x00, 0x00, 0x00, 0x00, 0x00,
    0x00, 0x00, 0x00, 0x00, 0x00, 0x00, 0x00, 0x00, 0x00, 0x00, 0x00, 0x00, 0x00, 0x00, 0x00, 0x00, 0x00, 0x00, 0x00, 0x00, 0x00, 0x00, 0x00, 0x00, 0x00, 0x00, 0x00, 0x00, 0x00, 0x00, 0x00, 0x00,
    0x00, 0x00, 0x4a, 0x59, 0x7a, 0xfd, 0x7a, 0xfd, 0x7a, 0xfd, 0x7a, 0xfd, 0x7a, 0xfd, 0x7a, 0xfd, 0x7a, 0xfd, 0x7a, 0xfd, 0x7a, 0xfd, 0x7a, 0xfd, 0x7a, 0xfd, 0x7a, 0xfd, 0x4a, 0x59, 0x7a, 0xfd,
    0x7a, 0xfd, 0x7a, 0xfd, 0x7a, 0xfd, 0x7a, 0xfd, 0x7a, 0xfd, 0x7a, 0xfd, 0x7a, 0xfd, 0x7a, 0xfd, 0x7a, 0xfd, 0x7a, 0xfd, 0x7a, 0xfd, 0x7a, 0xfd, 0x7a, 0xfd, 0x7a, 0xfd, 0x7a, 0xfd, 0x4a, 0x59,
    0x00, 0x00, 0x00, 0x00, 0x00, 0x00, 0x00, 0x00, 0x00, 0x00, 0x00, 0x00, 0x00, 0x00, 0x00, 0x00, 0x00, 0x00, 0x00, 0x00, 0x00, 0x00, 0x00, 0x00, 0x00, 0x00, 0x00, 0x00, 0x00, 0x00, 0x00, 0x00,
    0x00, 0x00, 0x00, 0x00, 0x00, 0x00, 0x00, 0x00, 0x00, 0x00, 0x00, 0x00, 0x00, 0x00, 0x00, 0x00, 0x00, 0x00, 0x00, 0x00, 0x00, 0x00, 0x00, 0x00, 0x00, 0x00, 0x00, 0x00, 0x00, 0x00, 0x00, 0x00,
    0x00, 0x00, 0x4a, 0x59, 0x7a, 0xfd, 0x7a, 0xfd, 0x7a, 0xfd, 0x7a, 0xfd, 0x7a, 0xfd, 0x42, 0x08, 0x7a, 0xfd, 0x42, 0x08, 0x7a, 0xfd, 0x7a, 0xfd, 0x7a, 0xfd, 0x7a, 0xfd, 0x4a, 0x59, 0x7a, 0xfd,
    0x7a, 0xfd, 0x7a, 0xfd, 0x7a, 0xfd, 0x7a, 0xfd, 0x7a, 0xfd, 0x7a, 0xfd, 0x7a, 0xfd, 0x42, 0x08, 0x7a, 0xfd, 0x42, 0x08, 0x7a, 0xfd, 0x7a, 0xfd, 0x7a, 0xfd, 0x7a, 0xfd, 0x7a, 0xfd, 0x4a, 0x59,
    0x00, 0x00, 0x00, 0x00, 0x00, 0x00, 0x00, 0x00, 0x00, 0x00, 0x00, 0x00, 0x00, 0x00, 0x00, 0x00, 0x00, 0x00, 0x00, 0x00, 0x00, 0x00, 0x00, 0x00, 0x00, 0x00, 0x00, 0x00, 0x00, 0x00, 0x00, 0x00,
    0x00, 0x00, 0x00, 0x00, 0x00, 0x00, 0x00, 0x00, 0x00, 0x00, 0x00, 0x00, 0x00, 0x00, 0x00, 0x00, 0x00, 0x00, 0x00, 0x00, 0x00, 0x00, 0x00, 0x00, 0x00, 0x00, 0x00, 0x00, 0x00, 0x00, 0x00, 0x00,
    0x4a, 0x59, 0x7a, 0xfd, 0x7a, 0xfd, 0x7a, 0xfd, 0x7a, 0xfd, 0x7a, 0xfd, 0x42, 0x08, 0x42, 0x08, 0x42, 0x08, 0x42, 0x08, 0x42, 0x08, 0x7a, 0xfd, 0x7a, 0xfd, 0x7a, 0xfd, 0x7a, 0xfd, 0x7a, 0xfd,
    0x7a, 0xfd, 0x7a, 0xfd, 0x7a, 0xfd, 0x7a, 0xfd, 0x7a, 0xfd, 0x7a, 0xfd, 0x42, 0x08, 0x42, 0x08, 0x42, 0x08, 0x42, 0x08, 0x42, 0x08, 0x7a, 0xfd, 0x7a, 0xfd, 0x7a, 0xfd, 0x7a, 0xfd, 0x7a, 0xfd,
    0x4a, 0x59, 0x00, 0x00, 0x00, 0x00, 0x00, 0x00, 0x00, 0x00, 0x00, 0x00, 0x00, 0x00, 0x00, 0x00, 0x00, 0x00, 0x00, 0x00, 0x00, 0x00, 0x00, 0x00, 0x00, 0x00, 0x00, 0x00, 0x00, 0x00, 0x00, 0x00,
    0x00, 0x00, 0x00, 0x00, 0x00, 0x00, 0x00, 0x00, 0x00, 0x00, 0x00, 0x00, 0x00, 0x00, 0x00, 0x00, 0x00, 0x00, 0x00, 0x00, 0x00, 0x00, 0x00, 0x00, 0x00, 0x00, 0x00, 0x00, 0x00, 0x00, 0x00, 0x00,
    0x4a, 0x59, 0x7a, 0xfd, 0x7a, 0xfd, 0x7a, 0xfd, 0x7a, 0xfd, 0x7a, 0xfd, 0x42, 0x08, 0x42, 0x08, 0x7a, 0xfd, 0x42, 0x08, 0x42, 0x08, 0x7a, 0xfd, 0x7a, 0xfd, 0x7a, 0xfd, 0x7a, 0xfd, 0x7a, 0xfd,
    0x7a, 0xfd, 0x7a, 0xfd, 0x7a, 0xfd, 0x7a, 0xfd, 0x7a, 0xfd, 0x7a, 0xfd, 0x42, 0x08, 0x42, 0x08, 0x7a, 0xfd, 0x42, 0x08, 0x42, 0x08, 0x7a, 0xfd, 0x7a, 0xfd, 0x7a, 0xfd, 0x7a, 0xfd, 0x7a, 0xfd,
    0x4a, 0x59, 0x00, 0x00, 0x00, 0x00, 0x00, 0x00, 0x00, 0x00, 0x00, 0x00, 0x00, 0x00, 0x00, 0x00, 0x00, 0x00, 0x00, 0x00, 0x00, 0x00, 0x00, 0x00, 0x00, 0x00, 0x00, 0x00, 0x00, 0x00, 0x00, 0x00,
    0x00, 0x00, 0x00, 0x00, 0x00, 0x00, 0x00, 0x00, 0x00, 0x00, 0x00, 0x00, 0x00, 0x00, 0x00, 0x00, 0x00, 0x00, 0x00, 0x00, 0x00, 0x00, 0x00, 0x00, 0x00, 0x00, 0x00, 0x00, 0x00, 0x00, 0x00, 0x00,
    0x4a, 0x59, 0x7a, 0xfd, 0x7a, 0xfd, 0x7a, 0xfd, 0x7a, 0xfd, 0x42, 0x08, 0x42, 0x08, 0x42, 0x08, 0x7a, 0xfd, 0x42, 0x08, 0x42, 0x08, 0x42, 0x08, 0x7a, 0xfd, 0x7a, 0xfd, 0x7a, 0xfd, 0x7a, 0xfd,
    0x7a, 0xfd, 0x7a, 0xfd, 0x7a, 0xfd, 0x7a, 0xfd, 0x7a, 0xfd, 0x42, 0x08, 0x42, 0x08, 0x42, 0x08, 0x7a, 0xfd, 0x42, 0x08, 0x42, 0x08, 0x42, 0x08, 0x7a, 0xfd, 0x7a, 0xfd, 0x7a, 0xfd, 0x7a, 0xfd,
    0x4a, 0x59, 0x00, 0x00, 0x00, 0x00, 0x00, 0x00, 0x00, 0x00, 0x00, 0x00, 0x00, 0x00, 0x00, 0x00, 0x00, 0x00, 0x00, 0x00, 0x00, 0x00, 0x00, 0x00, 0x00, 0x00, 0x00, 0x00, 0x00, 0x00, 0x00, 0x00,
    0x00, 0x00, 0x00, 0x00, 0x00, 0x00, 0x00, 0x00, 0x00, 0x00, 0x00, 0x00, 0x00, 0x00, 0x00, 0x00, 0x00, 0x00, 0x00, 0x00, 0x00, 0x00, 0x00, 0x00, 0x00, 0x00, 0x00, 0x00, 0x00, 0x00, 0x00, 0x00,
    0x4a, 0x59, 0x7a, 0xfd, 0x7a, 0xfd, 0x7a, 0xfd, 0x42, 0x08, 0x42, 0x08, 0x42, 0x08, 0x7a, 0xfd, 0x7a, 0xfd, 0x7a, 0xfd, 0x42, 0x08, 0x42, 0x08, 0x42, 0x08, 0x7a, 0xfd, 0x7a, 0xfd, 0x7a, 0xfd,
    0x7a, 0xfd, 0x7a, 0xfd, 0x7a, 0xfd, 0x7a, 0xfd, 0x42, 0x08, 0x42, 0x08, 0x42, 0x08, 0x7a, 0xfd, 0x7a, 0xfd, 0x7a, 0xfd, 0x42, 0x08, 0x42, 0x08, 0x42, 0x08, 0x7a, 0xfd, 0x7a, 0xfd, 0x7a, 0xfd,
    0x4a, 0x59, 0x00, 0x00, 0x00, 0x00, 0x00, 0x00, 0x00, 0x00, 0x00, 0x00, 0x00, 0x00, 0x00, 0x00, 0x00, 0x00, 0x00, 0x00, 0x00, 0x00, 0x00, 0x00, 0x00, 0x00, 0x00, 0x00, 0x00, 0x00, 0x00, 0x00,
    0x00, 0x00, 0x00, 0x00, 0x00, 0x00, 0x00, 0x00, 0x00, 0x00, 0x00, 0x00, 0x00, 0x00, 0x00, 0x00, 0x00, 0x00, 0x00, 0x00, 0x00, 0x00, 0x00, 0x00, 0x00, 0x00, 0x00, 0x00, 0x00, 0x00, 0x00, 0x00,
    0x4a, 0x59, 0x7a, 0xfd, 0x7a, 0xfd, 0x7a, 0xfd, 0x42, 0x08, 0x42, 0x08, 0x7a, 0xfd, 0x7a, 0xfd, 0x7a, 0xfd, 0x7a, 0xfd, 0x7a, 0xfd, 0x42, 0x08, 0x42, 0x08, 0x7a, 0xfd, 0x7a, 0xfd, 0x7a, 0xfd,
    0x7a, 0xfd, 0x7a, 0xfd, 0x7a, 0xfd, 0x7a, 0xfd, 0x42, 0x08, 0x42, 0x08, 0x7a, 0xfd, 0x7a, 0xfd, 0x7a, 0xfd, 0x7a, 0xfd, 0x7a, 0xfd, 0x42, 0x08, 0x42, 0x08, 0x7a, 0xfd, 0x7a, 0xfd, 0x7a, 0xfd,
    0x4a, 0x59, 0x00, 0x00, 0x00, 0x00, 0x00, 0x00, 0x00, 0x00, 0x00, 0x00, 0x00, 0x00, 0x00, 0x00, 0x00, 0x00, 0x00, 0x00, 0x00, 0x00, 0x00, 0x00, 0x00, 0x00, 0x00, 0x00, 0x00, 0x00, 0x00, 0x00,
    0x00, 0x00, 0x00, 0x00, 0x00, 0x00, 0x00, 0x00, 0x00, 0x00, 0x00, 0x00, 0x00, 0x00, 0x00, 0x00, 0x00, 0x00, 0x00, 0x00, 0x00, 0x00, 0x00, 0x00, 0x00, 0x00, 0x00, 0x00, 0x00, 0x00, 0x00, 0x00,
    0x4a, 0x59, 0x7a, 0xfd, 0x7a, 0xfd, 0x42, 0x08, 0x42, 0x08, 0x42, 0x08, 0x7a, 0xfd, 0x7a, 0xfd, 0x7a, 0xfd, 0x7a, 0xfd, 0x7a, 0xfd, 0x42, 0x08, 0x42, 0x08, 0x42, 0x08, 0x7a, 0xfd, 0x7a, 0xfd,
    0x7a, 0xfd, 0x7a, 0xfd, 0x7a, 0xfd, 0x42, 0x08, 0x42, 0x08, 0x42, 0x08, 0x15, 0xd4, 0x15, 0xd4, 0x15, 0xd4, 0x15, 0xd4, 0x15, 0xd4, 0x42, 0x08, 0x42, 0x08, 0x42, 0x08, 0x7a, 0xfd, 0x7a, 0xfd,
    0x4a, 0x59, 0x00, 0x00, 0x00, 0x00, 0x00, 0x00, 0x00, 0x00, 0x00, 0x00, 0x00, 0x00, 0x00, 0x00, 0x00, 0x00, 0x00, 0x00, 0x00, 0x00, 0x00, 0x00, 0x00, 0x00, 0x00, 0x00, 0x00, 0x00, 0x00, 0x00,
    0x00, 0x00, 0x00, 0x00, 0x00, 0x00, 0x00, 0x00, 0x00, 0x00, 0x00, 0x00, 0x00, 0x00, 0x00, 0x00, 0x00, 0x00, 0x00, 0x00, 0x00, 0x00, 0x00, 0x00, 0x00, 0x00, 0x00, 0x00, 0x00, 0x00, 0x00, 0x00,
    0x4a, 0x59, 0x7a, 0xfd, 0x7a, 0xfd, 0x74, 0xfb, 0x74, 0xfb, 0x7a, 0xfd, 0x7a, 0xfd, 0x7a, 0xfd, 0x7a, 0xfd, 0x7a, 0xfd, 0x7a, 0xfd, 0x7a, 0xfd, 0x42, 0x08, 0x7a, 0xfd, 0x7a, 0xfd, 0x7a, 0xfd,
    0x7a, 0xfd, 0x7a, 0xfd, 0x7a, 0xfd, 0x7a, 0xfd, 0x42, 0x08, 0x15, 0xd4, 0x15, 0xd4, 0x15, 0xd4, 0x15, 0xd4, 0x15, 0xd4, 0x15, 0xd4, 0x15, 0xd4, 0x74, 0xfb, 0x74, 0xfb, 0x7a, 0xfd, 0x7a, 0xfd,
    0x4a, 0x59, 0x00, 0x00, 0x00, 0x00, 0x00, 0x00, 0x00, 0x00, 0x00, 0x00, 0x00, 0x00, 0x00, 0x00, 0x00, 0x00, 0x00, 0x00, 0x00, 0x00, 0x00, 0x00, 0x00, 0x00, 0x00, 0x00, 0x00, 0x00, 0x00, 0x00,
    0x00, 0x00, 0x00, 0x00, 0x00, 0x00, 0x00, 0x00, 0x00, 0x00, 0x00, 0x00, 0x00, 0x00, 0x00, 0x00, 0x00, 0x00, 0x00, 0x00, 0x00, 0x00, 0x00, 0x00, 0x00, 0x00, 0x00, 0x00, 0x00, 0x00, 0x00, 0x00,
    0x00, 0x00, 0x4a, 0x59, 0x74, 0xfb, 0x74, 0xfb, 0x74, 0xfb, 0x74, 0xfb, 0x7a, 0xfd, 0x7a, 0xfd, 0x7a, 0xfd, 0x7a, 0xfd, 0x7a, 0xfd, 0x7a, 0xfd, 0x7a, 0xfd, 0x7a, 0xfd, 0x7a, 0xfd, 0x7a, 0xfd,
    0x7a, 0xfd, 0x7a, 0xfd, 0x7a, 0xfd, 0x15, 0xd4, 0x15, 0xd4, 0x15, 0xd4, 0x15, 0xd4, 0x15, 0xd4, 0x15, 0xd4, 0x15, 0xd4, 0x15, 0xd4, 0x74, 0xfb, 0x74, 0xfb, 0x74, 0xfb, 0x74, 0xfb, 0x4a, 0x59,
    0x00, 0x00, 0x00, 0x00, 0x00, 0x00, 0x00, 0x00, 0x00, 0x00, 0x00, 0x00, 0x00, 0x00, 0x00, 0x00, 0x00, 0x00, 0x00, 0x00, 0x00, 0x00, 0x00, 0x00, 0x00, 0x00, 0x00, 0x00, 0x00, 0x00, 0x00, 0x00,
    0x00, 0x00, 0x00, 0x00, 0x00, 0x00, 0x00, 0x00, 0x00, 0x00, 0x00, 0x00, 0x00, 0x00, 0x00, 0x00, 0x00, 0x00, 0x00, 0x00, 0x00, 0x00, 0x00, 0x00, 0x00, 0x00, 0x00, 0x00, 0x00, 0x00, 0x00, 0x00,
    0x00, 0x00, 0x74, 0xfb, 0x74, 0xfb, 0x74, 0xfb, 0x74, 0xfb, 0x74, 0xfb, 0x74, 0xfb, 0x7a, 0xfd, 0x7a, 0xfd, 0x7a, 0xfd, 0x7a, 0xfd, 0x7a, 0xfd, 0x7a, 0xfd, 0x7a, 0xfd, 0x7a, 0xfd, 0x7a, 0xfd,
    0x7a, 0xfd, 0x7a, 0xfd, 0x7a, 0xfd, 0x15, 0xd4, 0x15, 0xd4, 0x15, 0xd4, 0x15, 0xd4, 0x15, 0xd4, 0x15, 0xd4, 0x15, 0xd4, 0x74, 0xfb, 0x74, 0xfb, 0x74, 0xfb, 0x74, 0xfb, 0x74, 0xfb, 0x74, 0xfb,
    0x00, 0x00, 0x00, 0x00, 0x00, 0x00, 0x00, 0x00, 0x00, 0x00, 0x00, 0x00, 0x00, 0x00, 0x00, 0x00, 0x00, 0x00, 0x00, 0x00, 0x00, 0x00, 0x00, 0x00, 0x00, 0x00, 0x00, 0x00, 0x00, 0x00, 0x00, 0x00,
    0x00, 0x00, 0x00, 0x00, 0x00, 0x00, 0x00, 0x00, 0x00, 0x00, 0x00, 0x00, 0x00, 0x00, 0x00, 0x00, 0x00, 0x00, 0x00, 0x00, 0x00, 0x00, 0x00, 0x00, 0x00, 0x00, 0x00, 0x00, 0x00, 0x00, 0x00, 0x00,
    0x00, 0x00, 0x74, 0xfb, 0x74, 0xfb, 0x74, 0xfb, 0x74, 0xfb, 0x74, 0xfb, 0x74, 0xfb, 0x7a, 0xfd, 0x7a, 0xfd, 0x7a, 0xfd, 0x7a, 0xfd, 0x7a, 0xfd, 0x7a, 0xfd, 0x7a, 0xfd, 0x7a, 0xfd, 0x7a, 0xfd,
    0x7a, 0xfd, 0x7a, 0xfd, 0x15, 0xd4, 0x15, 0xd4, 0x15, 0xd4, 0x15, 0xd4, 0x15, 0xd4, 0x15, 0xd4, 0x15, 0xd4, 0x15, 0xd4, 0x74, 0xfb, 0x74, 0xfb, 0x74, 0xfb, 0x74, 0xfb, 0x74, 0xfb, 0x74, 0xfb,
    0x00, 0x00, 0x00, 0x00, 0x00, 0x00, 0x00, 0x00, 0x00, 0x00, 0x00, 0x00, 0x00, 0x00, 0x00, 0x00, 0x00, 0x00, 0x00, 0x00, 0x00, 0x00, 0x00, 0x00, 0x00, 0x00, 0x00, 0x00, 0x00, 0x00, 0x00, 0x00,
    0x00, 0x00, 0x00, 0x00, 0x00, 0x00, 0x00, 0x00, 0x00, 0x00, 0x00, 0x00, 0x00, 0x00, 0x00, 0x00, 0x00, 0x00, 0x00, 0x00, 0x00, 0x00, 0x00, 0x00, 0x00, 0x00, 0x00, 0x00, 0x00, 0x00, 0x00, 0x00,
    0x00, 0x00, 0x00, 0x00, 0x74, 0xfb, 0x74, 0xfb, 0x74, 0xfb, 0x74, 0xfb, 0x7a, 0xfd, 0x7a, 0xfd, 0x7a, 0xfd, 0x7a, 0xfd, 0x7a, 0xfd, 0x7a, 0xfd, 0x7a, 0xfd, 0x7a, 0xfd, 0x7a, 0xfd, 0x7a, 0xfd,
    0x7a, 0xfd, 0x7a, 0xfd, 0x15, 0xd4, 0x15, 0xd4, 0x15, 0xd4, 0x15, 0xd4, 0x15, 0xd4, 0x15, 0xd4, 0x15, 0xd4, 0x15, 0xd4, 0x15, 0xd4, 0x74, 0xfb, 0x74, 0xfb, 0x74, 0xfb, 0x74, 0xfb, 0x00, 0x00,
    0x00, 0x00, 0x00, 0x00, 0x00, 0x00, 0x00, 0x00, 0x00, 0x00, 0x00, 0x00, 0x00, 0x00, 0x00, 0x00, 0x00, 0x00, 0x00, 0x00, 0x00, 0x00, 0x00, 0x00, 0x00, 0x00, 0x00, 0x00, 0x00, 0x00, 0x00, 0x00,
    0x00, 0x00, 0x00, 0x00, 0x00, 0x00, 0x00, 0x00, 0x00, 0x00, 0x00, 0x00, 0x00, 0x00, 0x00, 0x00, 0x00, 0x00, 0x00, 0x00, 0x00, 0x00, 0x00, 0x00, 0x00, 0x00, 0x00, 0x00, 0x00, 0x00, 0x00, 0x00,
    0x00, 0x00, 0x00, 0x00, 0x00, 0x00, 0x74, 0xfb, 0x74, 0xfb, 0x7a, 0xfd, 0x7a, 0xfd, 0x7a, 0xfd, 0x7a, 0xfd, 0x7a, 0xfd, 0x7a, 0xfd, 0x7a, 0xfd, 0x7a, 0xfd, 0x7a, 0xfd, 0x4a, 0x59, 0x4a, 0x59,
    0x4a, 0x59, 0x4a, 0x59, 0x4a, 0x59, 0x15, 0xd4, 0x15, 0xd4, 0x15, 0xd4, 0x15, 0xd4, 0x15, 0xd4, 0x15, 0xd4, 0x15, 0xd4, 0x15, 0xd4, 0x15, 0xd4, 0x74, 0xfb, 0x74, 0xfb, 0x15, 0xd4, 0x00, 0x00,
    0x00, 0x00, 0x00, 0x00, 0x00, 0x00, 0x00, 0x00, 0x00, 0x00, 0x00, 0x00, 0x00, 0x00, 0x00, 0x00, 0x00, 0x00, 0x00, 0x00, 0x00, 0x00, 0x00, 0x00, 0x00, 0x00, 0x00, 0x00, 0x00, 0x00, 0x00, 0x00,
    0x00, 0x00, 0x00, 0x00, 0x00, 0x00, 0x00, 0x00, 0x00, 0x00, 0x00, 0x00, 0x00, 0x00, 0x00, 0x00, 0x00, 0x00, 0x00, 0x00, 0x00, 0x00, 0x00, 0x00, 0x00, 0x00, 0x00, 0x00, 0x00, 0x00, 0x00, 0x00,
    0x00, 0x00, 0x00, 0x00, 0x00, 0x00, 0x00, 0x00, 0x4a, 0x59, 0x7a, 0xfd, 0x7a, 0xfd, 0x7a, 0xfd, 0x7a, 0xfd, 0x7a, 0xfd, 0x7a, 0xfd, 0x7a, 0xfd, 0x7a, 0xfd, 0xff, 0xff, 0xff, 0xff, 0xff, 0xff,
    0xff, 0xff, 0xff, 0xff, 0xff, 0xff, 0xff, 0xff, 0x15, 0xd4, 0x15, 0xd4, 0x15, 0xd4, 0x15, 0xd4, 0x15, 0xd4, 0x15, 0xd4, 0x15, 0xd4, 0x15, 0xd4, 0x4a, 0x59, 0x15, 0xd4, 0x00, 0x00, 0x00, 0x00,
    0x00, 0x00, 0x00, 0x00, 0x00, 0x00, 0x00, 0x00, 0x00, 0x00, 0x00, 0x00, 0x00, 0x00, 0x00, 0x00, 0x00, 0x00, 0x00, 0x00, 0x00, 0x00, 0x00, 0x00, 0x00, 0x00, 0x00, 0x00, 0x00, 0x00, 0x00, 0x00,
    0x00, 0x00, 0x00, 0x00, 0x00, 0x00, 0x00, 0x00, 0x00, 0x00, 0x00, 0x00, 0x00, 0x00, 0x00, 0x00, 0x00, 0x00, 0x00, 0x00, 0x00, 0x00, 0x00, 0x00, 0x00, 0x00, 0x00, 0x00, 0x00, 0x00, 0x00, 0x00,
    0x00, 0x00, 0x00, 0x00, 0x00, 0x00, 0x00, 0x00, 0x00, 0x00, 0x4a, 0x59, 0x7a, 0xfd, 0x7a, 0xfd, 0x7a, 0xfd, 0x7a, 0xfd, 0x7a, 0xfd, 0x7a, 0xfd, 0x4a, 0x59, 0xed, 0xc9, 0xed, 0xc9, 0xed, 0xc9,
    0xed, 0xc9, 0xed, 0xc9, 0xed, 0xc9, 0xed, 0xc9, 0x4a, 0x59, 0x15, 0xd4, 0x15, 0xd4, 0x15, 0xd4, 0x15, 0xd4, 0x15, 0xd4, 0x15, 0xd4, 0x4a, 0x59, 0x15, 0xd4, 0x15, 0xd4, 0x00, 0x00, 0x00, 0x00,
    0x00, 0x00, 0x00, 0x00, 0x00, 0x00, 0x00, 0x00, 0x00, 0x00, 0x00, 0x00, 0x00, 0x00, 0x00, 0x00, 0x00, 0x00, 0x00, 0x00, 0x00, 0x00, 0x00, 0x00, 0x00, 0x00, 0x00, 0x00, 0x00, 0x00, 0x00, 0x00,
    0x00, 0x00, 0x00, 0x00, 0x00, 0x00, 0x00, 0x00, 0x00, 0x00, 0x00, 0x00, 0x00, 0x00, 0x00, 0x00, 0x00, 0x00, 0x00, 0x00, 0x00, 0x00, 0x00, 0x00, 0x00, 0x00, 0x00, 0x00, 0x00, 0x00, 0x00, 0x00,
    0x00, 0x00, 0x00, 0x00, 0x00, 0x00, 0x00, 0x00, 0x00, 0x00, 0x00, 0x00, 0x4a, 0x59, 0x7a, 0xfd, 0x7a, 0xfd, 0x7a, 0xfd, 0x7a, 0xfd, 0x7a, 0xfd, 0x7a, 0xfd, 0x4a, 0x59, 0xed, 0xc9, 0xed, 0xc9,
    0xed, 0xc9, 0xed, 0xc9, 0xed, 0xc9, 0x4a, 0x59, 0x15, 0xd4, 0x15, 0xd4, 0x15, 0xd4, 0x15, 0xd4, 0x15, 0xd4, 0x15, 0xd4, 0x4a, 0x59, 0x15, 0xd4, 0x15, 0xd4, 0x00, 0x00, 0x00, 0x00, 0x00, 0x00,
    0x00, 0x00, 0x00, 0x00, 0x00, 0x00, 0x00, 0x00, 0x00, 0x00, 0x00, 0x00, 0x00, 0x00, 0x00, 0x00, 0x00, 0x00, 0x00, 0x00, 0x00, 0x00, 0x00, 0x00, 0x00, 0x00, 0x00, 0x00, 0x00, 0x00, 0x00, 0x00,
    0x00, 0x00, 0x00, 0x00, 0x00, 0x00, 0x00, 0x00, 0x00, 0x00, 0x00, 0x00, 0x00, 0x00, 0x00, 0x00, 0x00, 0x00, 0x00, 0x00, 0x00, 0x00, 0x00, 0x00, 0x00, 0x00, 0x00, 0x00, 0x00, 0x00, 0x00, 0x00,
    0x00, 0x00, 0x00, 0x00, 0x00, 0x00, 0x00, 0x00, 0x4a, 0x59, 0x4a, 0x59, 0x4a, 0x59, 0x4a, 0x59, 0x4a, 0x59, 0x7a, 0xfd, 0x7a, 0xfd, 0x7a, 0xfd, 0x7a, 0xfd, 0x7a, 0xfd, 0x4a, 0x59, 0x4a, 0x59,
    0x4a, 0x59, 0x4a, 0x59, 0x4a, 0x59, 0x7a, 0xfd, 0x7a, 0xfd, 0x7a, 0xfd, 0x15, 0xd4, 0x15, 0xd4, 0x4a, 0x59, 0x4a, 0x59, 0x15, 0xd4, 0x4a, 0x59, 0x4a, 0x59, 0x00, 0x00, 0x00, 0x00, 0x00, 0x00,
    0x00, 0x00, 0x00, 0x00, 0x00, 0x00, 0x00, 0x00, 0x00, 0x00, 0x00, 0x00, 0x00, 0x00, 0x00, 0x00, 0x00, 0x00, 0x00, 0x00, 0x00, 0x00, 0x00, 0x00, 0x00, 0x00, 0x00, 0x00, 0x00, 0x00, 0x00, 0x00,
    0x00, 0x00, 0x00, 0x00, 0x00, 0x00, 0x00, 0x00, 0x00, 0x00, 0x00, 0x00, 0x00, 0x00, 0x00, 0x00, 0x00, 0x00, 0x00, 0x00, 0x00, 0x00, 0x00, 0x00, 0x00, 0x00, 0x00, 0x00, 0x00, 0x00, 0x00, 0x00,
    0x00, 0x00, 0x00, 0x00, 0x00, 0x00, 0x4a, 0x59, 0x1b, 0x6d, 0x1b, 0x6d, 0x1b, 0x6d, 0x1b, 0x6d, 0x1b, 0x6d, 0x4a, 0x59, 0x4a, 0x59, 0x4a, 0x59, 0x7a, 0xfd, 0x7a, 0xfd, 0x7a, 0xfd, 0x7a, 0xfd,
    0x7a, 0xfd, 0x7a, 0xfd, 0x7a, 0xfd, 0x7a, 0xfd, 0x7a, 0xfd, 0x4a, 0x59, 0x4a, 0x59, 0x4a, 0x59, 0x1b, 0x6d, 0x1b, 0x6d, 0x1b, 0x6d, 0x1b, 0x6d, 0x1b, 0x6d, 0x4a, 0x59, 0x00, 0x00, 0x00, 0x00,
    0x00, 0x00, 0x00, 0x00, 0x00, 0x00, 0x00, 0x00, 0x00, 0x00, 0x00, 0x00, 0x00, 0x00, 0x00, 0x00, 0x00, 0x00, 0x00, 0x00, 0x00, 0x00, 0x00, 0x00, 0x00, 0x00, 0x00, 0x00, 0x00, 0x00, 0x00, 0x00,
    0x00, 0x00, 0x00, 0x00, 0x00, 0x00, 0x00, 0x00, 0x00, 0x00, 0x00, 0x00, 0x00, 0x00, 0x00, 0x00, 0x00, 0x00, 0x00, 0x00, 0x00, 0x00, 0x00, 0x00, 0x00, 0x00, 0x00, 0x00, 0x00, 0x00, 0x00, 0x00,
    0x00, 0x00, 0x00, 0x00, 0x00, 0x00, 0x4a, 0x59, 0x1b, 0x6d, 0x1b, 0x6d, 0x1b, 0x6d, 0x1b, 0x6d, 0x1b, 0x6d, 0x1b, 0x6d, 0x5e, 0xa6, 0x1b, 0x6d, 0x4a, 0x59, 0x4a, 0x59, 0x4a, 0x59, 0x4a, 0x59,
    0x4a, 0x59, 0x4a, 0x59, 0x4a, 0x59, 0x4a, 0x59, 0x4a, 0x59, 0x1b, 0x6d, 0x5e, 0xa6, 0x1b, 0x6d, 0x1b, 0x6d, 0x1b, 0x6d, 0x1b, 0x6d, 0x1b, 0x6d, 0x1b, 0x6d, 0x4a, 0x59, 0x00, 0x00, 0x00, 0x00,
    0x00, 0x00, 0x00, 0x00, 0x00, 0x00, 0x00, 0x00, 0x00, 0x00, 0x00, 0x00, 0x00, 0x00, 0x00, 0x00, 0x00, 0x00, 0x00, 0x00, 0x00, 0x00, 0x00, 0x00, 0x00, 0x00, 0x00, 0x00, 0x00, 0x00, 0x00, 0x00,
    0x00, 0x00, 0x00, 0x00, 0x00, 0x00, 0x00, 0x00, 0x00, 0x00, 0x00, 0x00, 0x00, 0x00, 0x00, 0x00, 0x00, 0x00, 0x00, 0x00, 0x00, 0x00, 0x00, 0x00, 0x00, 0x00, 0x00, 0x00, 0x00, 0x00, 0x00, 0x00,
    0x00, 0x00, 0x00, 0x00, 0x4a, 0x59, 0x1b, 0x6d, 0x1b, 0x6d, 0x1b, 0x6d, 0x1b, 0x6d, 0x1b, 0x6d, 0x1b, 0x6d, 0x5e, 0xa6, 0x1b, 0x6d, 0x1b, 0x6d, 0x1b, 0x6d, 0x1b, 0x6d, 0x1b, 0x6d, 0x1b, 0x6d,
    0x5e, 0xa6, 0x1b, 0x6d, 0x1b, 0x6d, 0x1b, 0x6d, 0x1b, 0x6d, 0x1b, 0x6d, 0x1b, 0x6d, 0x5e, 0xa6, 0x1b, 0x6d, 0x1b, 0x6d, 0x1b, 0x6d, 0x1b, 0x6d, 0x1b, 0x6d, 0x1b, 0x6d, 0x4a, 0x59, 0x00, 0x00,
    0x00, 0x00, 0x00, 0x00, 0x00, 0x00, 0x00, 0x00, 0x00, 0x00, 0x00, 0x00, 0x00, 0x00, 0x00, 0x00, 0x00, 0x00, 0x00, 0x00, 0x00, 0x00, 0x00, 0x00, 0x00, 0x00, 0x00, 0x00, 0x00, 0x00, 0x00, 0x00,
    0x00, 0x00, 0x00, 0x00, 0x00, 0x00, 0x00, 0x00, 0x00, 0x00, 0x00, 0x00, 0x00, 0x00, 0x00, 0x00, 0x00, 0x00, 0x00, 0x00, 0x00, 0x00, 0x00, 0x00, 0x00, 0x00, 0x00, 0x00, 0x00, 0x00, 0x00, 0x00,
    0x00, 0x00, 0x00, 0x00, 0x4a, 0x59, 0x1b, 0x6d, 0x1b, 0x6d, 0x1b, 0x6d, 0x1b, 0x6d, 0x1b, 0x6d, 0x1b, 0x6d, 0x5e, 0xa6, 0x1b, 0x6d, 0x1b, 0x6d, 0x1b, 0x6d, 0x1b, 0x6d, 0x1b, 0x6d, 0x1b, 0x6d,
    0x5e, 0xa6, 0x1b, 0x6d, 0x1b, 0x6d, 0x1b, 0x6d, 0x1b, 0x6d, 0x1b, 0x6d, 0x1b, 0x6d, 0x5e, 0xa6, 0x1b, 0x6d, 0x1b, 0x6d, 0x1b, 0x6d, 0x1b, 0x6d, 0x1b, 0x6d, 0x1b, 0x6d, 0x4a, 0x59, 0x00, 0x00,
    0x00, 0x00, 0x00, 0x00, 0x00, 0x00, 0x00, 0x00, 0x00, 0x00, 0x00, 0x00, 0x00, 0x00, 0x00, 0x00, 0x00, 0x00, 0x00, 0x00, 0x00, 0x00, 0x00, 0x00, 0x00, 0x00, 0x00, 0x00, 0x00, 0x00, 0x00, 0x00,
    0x00, 0x00, 0x00, 0x00, 0x00, 0x00, 0x00, 0x00, 0x00, 0x00, 0x00, 0x00, 0x00, 0x00, 0x00, 0x00, 0x00, 0x00, 0x00, 0x00, 0x00, 0x00, 0x00, 0x00, 0x00, 0x00, 0x00, 0x00, 0x00, 0x00, 0x00, 0x00,
    0x00, 0x00, 0x4a, 0x59, 0x1b, 0x6d, 0x1b, 0x6d, 0x1b, 0x6d, 0x1b, 0x6d, 0x1b, 0x6d, 0x1b, 0x6d, 0x5e, 0xa6, 0x1b, 0x6d, 0x1b, 0x6d, 0x1b, 0x6d, 0x1b, 0x6d, 0x1b, 0x6d, 0x1b, 0x6d, 0x1b, 0x6d,
    0x5e, 0xa6, 0x1b, 0x6d, 0x1b, 0x6d, 0x1b, 0x6d, 0x1b, 0x6d, 0x1b, 0x6d, 0x1b, 0x6d, 0x1b, 0x6d, 0x5e, 0xa6, 0x1b, 0x6d, 0x1b, 0x6d, 0x1b, 0x6d, 0x1b, 0x6d, 0x1b, 0x6d, 0x1b, 0x6d, 0x4a, 0x59,
    0x00, 0x00, 0x00, 0x00, 0x00, 0x00, 0x00, 0x00, 0x00, 0x00, 0x00, 0x00, 0x00, 0x00, 0x00, 0x00, 0x00, 0x00, 0x00, 0x00, 0x00, 0x00, 0x00, 0x00, 0x00, 0x00, 0x00, 0x00, 0x00, 0x00, 0x00, 0x00,
    0x00, 0x00, 0x00, 0x00, 0x00, 0x00, 0x00, 0x00, 0x00, 0x00, 0x00, 0x00, 0x00, 0x00, 0x00, 0x00, 0x00, 0x00, 0x00, 0x00, 0x00, 0x00, 0x00, 0x00, 0x00, 0x00, 0x00, 0x00, 0x00, 0x00, 0x00, 0x00,
    0x00, 0x00, 0x4a, 0x59, 0x1b, 0x6d, 0x1b, 0x6d, 0x1b, 0x6d, 0x1b, 0x6d, 0x1b, 0x6d, 0x1b, 0x6d, 0x5e, 0xa6, 0x1b, 0x6d, 0x1b, 0x6d, 0x1b, 0x6d, 0x1b, 0x6d, 0x1b, 0x6d, 0x1b, 0x6d, 0x1b, 0x6d,
    0x5e, 0xa6, 0x1b, 0x6d, 0x1b, 0x6d, 0x1b, 0x6d, 0x1b, 0x6d, 0x1b, 0x6d, 0x1b, 0x6d, 0x1b, 0x6d, 0x5e, 0xa6, 0x1b, 0x6d, 0x1b, 0x6d, 0x1b, 0x6d, 0x1b, 0x6d, 0x1b, 0x6d, 0x1b, 0x6d, 0x4a, 0x59,
    0x00, 0x00, 0x00, 0x00, 0x00, 0x00, 0x00, 0x00, 0x00, 0x00, 0x00, 0x00, 0x00, 0x00, 0x00, 0x00, 0x00, 0x00, 0x00, 0x00, 0x00, 0x00, 0x00, 0x00, 0x00, 0x00, 0x00, 0x00, 0x00, 0x00, 0x00, 0x00,
    0x00, 0x00, 0x00, 0x00, 0x00, 0x00, 0x00, 0x00, 0x00, 0x00, 0x00, 0x00, 0x00, 0x00, 0x00, 0x00, 0x00, 0x00, 0x00, 0x00, 0x00, 0x00, 0x00, 0x00, 0x00, 0x00, 0x00, 0x00, 0x00, 0x00, 0x00, 0x00,
    0x4a, 0x59, 0x1b, 0x6d, 0x1b, 0x6d, 0x1b, 0x6d, 0x1b, 0x6d, 0x1b, 0x6d, 0x1b, 0x6d, 0x5e, 0xa6, 0x1b, 0x6d, 0x1b, 0x6d, 0x1b, 0x6d, 0x1b, 0x6d, 0x1b, 0x6d, 0x1b, 0x6d, 0x1b, 0x6d, 0x1b, 0x6d,
    0x5e, 0xa6, 0x1b, 0x6d, 0x1b, 0x6d, 0x1b, 0x6d, 0x1b, 0x6d, 0x1b, 0x6d, 0x1b, 0x6d, 0x1b, 0x6d, 0x1b, 0x6d, 0x5e, 0xa6, 0x1b, 0x6d, 0x1b, 0x6d, 0x1b, 0x6d, 0x1b, 0x6d, 0x1b, 0x6d, 0x1b, 0x6d,
    0x4a, 0x59, 0x00, 0x00, 0x00, 0x00, 0x00, 0x00, 0x00, 0x00, 0x00, 0x00, 0x00, 0x00, 0x00, 0x00, 0x00, 0x00, 0x00, 0x00, 0x00, 0x00, 0x00, 0x00, 0x00, 0x00, 0x00, 0x00, 0x00, 0x00, 0x00, 0x00,
    0x00, 0x00, 0x00, 0x00, 0x00, 0x00, 0x00, 0x00, 0x00, 0x00, 0x00, 0x00, 0x00, 0x00, 0x00, 0x00, 0x00, 0x00, 0x00, 0x00, 0x00, 0x00, 0x00, 0x00, 0x00, 0x00, 0x00, 0x00, 0x00, 0x00, 0x00, 0x00,
    0x4a, 0x59, 0x1b, 0x6d, 0x1b, 0x6d, 0x1b, 0x6d, 0x1b, 0x6d, 0x1b, 0x6d, 0x1b, 0x6d, 0x5e, 0xa6, 0x1b, 0x6d, 0x1b, 0x6d, 0x1b, 0x6d, 0x1b, 0x6d, 0x1b, 0x6d, 0x1b, 0x6d, 0x1b, 0x6d, 0x1b, 0x6d,
    0x5e, 0xa6, 0x1b, 0x6d, 0x1b, 0x6d, 0x1b, 0x6d, 0x1b, 0x6d, 0x1b, 0x6d, 0x1b, 0x6d, 0x1b, 0x6d, 0x1b, 0x6d, 0x5e, 0xa6, 0x1b, 0x6d, 0x1b, 0x6d, 0x1b, 0x6d, 0x1b, 0x6d, 0x1b, 0x6d, 0x1b, 0x6d,
    0x4a, 0x59, 0x00, 0x00, 0x00, 0x00, 0x00, 0x00, 0x00, 0x00, 0x00, 0x00, 0x00, 0x00, 0x00, 0x00, 0x00, 0x00, 0x00, 0x00, 0x00, 0x00, 0x00, 0x00, 0x00, 0x00, 0x00, 0x00, 0x00, 0x00, 0x00, 0x00,
    0x00, 0x00, 0x00, 0x00, 0x00, 0x00, 0x00, 0x00, 0x00, 0x00, 0x00, 0x00, 0x00, 0x00, 0x00, 0x00, 0x00, 0x00, 0x00, 0x00, 0x00, 0x00, 0x00, 0x00, 0x00, 0x00, 0x00, 0x00, 0x00, 0x00, 0x4a, 0x59,
    0x1b, 0x6d, 0x1b, 0x6d, 0x1b, 0x6d, 0x1b, 0x6d, 0x1b, 0x6d, 0x1b, 0x6d, 0x5e, 0xa6, 0x1b, 0x6d, 0x1b, 0x6d, 0x1b, 0x6d, 0x1b, 0x6d, 0x1b, 0x6d, 0x1b, 0x6d, 0x1b, 0x6d, 0x1b, 0x6d, 0x1b, 0x6d,
    0x5e, 0xa6, 0x1b, 0x6d, 0x1b, 0x6d, 0x1b, 0x6d, 0x1b, 0x6d, 0x1b, 0x6d, 0x1b, 0x6d, 0x1b, 0x6d, 0x1b, 0x6d, 0x1b, 0x6d, 0x5e, 0xa6, 0x1b, 0x6d, 0x1b, 0x6d, 0x1b, 0x6d, 0x1b, 0x6d, 0x1b, 0x6d,
    0x1b, 0x6d, 0x4a, 0x59, 0x00, 0x00, 0x00, 0x00, 0x00, 0x00, 0x00, 0x00, 0x00, 0x00, 0x00, 0x00, 0x00, 0x00, 0x00, 0x00, 0x00, 0x00, 0x00, 0x00, 0x00, 0x00, 0x00, 0x00, 0x00, 0x00, 0x00, 0x00,
    0x00, 0x00, 0x00, 0x00, 0x00, 0x00, 0x00, 0x00, 0x00, 0x00, 0x00, 0x00, 0x00, 0x00, 0x00, 0x00, 0x00, 0x00, 0x00, 0x00, 0x00, 0x00, 0x00, 0x00, 0x00, 0x00, 0x00, 0x00, 0x4a, 0x59, 0x1b, 0x6d,
    0x1b, 0x6d, 0x1b, 0x6d, 0x1b, 0x6d, 0x1b, 0x6d, 0x1b, 0x6d, 0x1b, 0x6d, 0x5e, 0xa6, 0x1b, 0x6d, 0x1b, 0x6d, 0x1b, 0x6d, 0x1b, 0x6d, 0x1b, 0x6d, 0x1b, 0x6d, 0x1b, 0x6d, 0x1b, 0x6d, 0x1b, 0x6d,
    0x5e, 0xa6, 0x1b, 0x6d, 0x1b, 0x6d, 0x1b, 0x6d, 0x1b, 0x6d, 0x1b, 0x6d, 0x1b, 0x6d, 0x1b, 0x6d, 0x1b, 0x6d, 0x1b, 0x6d, 0x5e, 0xa6, 0x1b, 0x6d, 0x1b, 0x6d, 0x1b, 0x6d, 0x1b, 0x6d, 0x1b, 0x6d,
    0x1b, 0x6d, 0x1b, 0x6d, 0x4a, 0x59, 0x00, 0x00, 0x00, 0x00, 0x00, 0x00, 0x00, 0x00, 0x00, 0x00, 0x00, 0x00, 0x00, 0x00, 0x00, 0x00, 0x00, 0x00, 0x00, 0x00, 0x00, 0x00, 0x00, 0x00, 0x00, 0x00,
    0x00, 0x00, 0x00, 0x00, 0x00, 0x00, 0x00, 0x00, 0x00, 0x00, 0x00, 0x00, 0x00, 0x00, 0x00, 0x00, 0x00, 0x00, 0x00, 0x00, 0x00, 0x00, 0x00, 0x00, 0x00, 0x00, 0x00, 0x00, 0x4a, 0x59, 0x1b, 0x6d,
    0x1b, 0x6d, 0x1b, 0x6d, 0x1b, 0x6d, 0x1b, 0x6d, 0x1b, 0x6d, 0x5e, 0xa6, 0x1b, 0x6d, 0x1b, 0x6d, 0x1b, 0x6d, 0x1b, 0x6d, 0x1b, 0x6d, 0x1b, 0x6d, 0x1b, 0x6d, 0x1b, 0x6d, 0x1b, 0x6d, 0x1b, 0x6d,
    0x5e, 0xa6, 0x1b, 0x6d, 0x1b, 0x6d, 0x1b, 0x6d, 0x1b, 0x6d, 0x1b, 0x6d, 0x1b, 0x6d, 0x1b, 0x6d, 0x1b, 0x6d, 0x1b, 0x6d, 0x1b, 0x6d, 0x5e, 0xa6, 0x1b, 0x6d, 0x1b, 0x6d, 0x1b, 0x6d, 0x1b, 0x6d,
    0x1b, 0x6d, 0x1b, 0x6d, 0x4a, 0x59, 0x00, 0x00, 0x00, 0x00, 0x00, 0x00, 0x00, 0x00, 0x00, 0x00, 0x00, 0x00, 0x00, 0x00, 0x00, 0x00, 0x00, 0x00, 0x00, 0x00, 0x00, 0x00, 0x00, 0x00, 0x00, 0x00,
    0x00, 0x00, 0x00, 0x00, 0x00, 0x00, 0x00, 0x00, 0x00, 0x00, 0x00, 0x00, 0x00, 0x00, 0x00, 0x00, 0x00, 0x00, 0x00, 0x00, 0x00, 0x00, 0x00, 0x00, 0x00, 0x00, 0x4a, 0x59, 0x1b, 0x6d, 0x1b, 0x6d,
    0x1b, 0x6d, 0x1b, 0x6d, 0x1b, 0x6d, 0x1b, 0x6d, 0x1b, 0x6d, 0x5e, 0xa6, 0x1b, 0x6d, 0x1b, 0x6d, 0x1b, 0x6d, 0x1b, 0x6d, 0x1b, 0x6d, 0x1b, 0x6d, 0x1b, 0x6d, 0x1b, 0x6d, 0x1b, 0x6d, 0x1b, 0x6d,
    0x5e, 0xa6, 0x1b, 0x6d, 0x1b, 0x6d, 0x1b, 0x6d, 0x1b, 0x6d, 0x1b, 0x6d, 0x1b, 0x6d, 0x1b, 0x6d, 0x1b, 0x6d, 0x1b, 0x6d, 0x1b, 0x6d, 0x5e, 0xa6, 0x1b, 0x6d, 0x1b, 0x6d, 0x1b, 0x6d, 0x1b, 0x6d,
    0x1b, 0x6d, 0x1b, 0x6d, 0x1b, 0x6d, 0x4a, 0x59, 0x00, 0x00, 0x00, 0x00, 0x00, 0x00, 0x00, 0x00, 0x00, 0x00, 0x00, 0x00, 0x00, 0x00, 0x00, 0x00, 0x00, 0x00, 0x00, 0x00, 0x00, 0x00, 0x00, 0x00,
    0x00, 0x00, 0x00, 0x00, 0x00, 0x00, 0x00, 0x00, 0x00, 0x00, 0x00, 0x00, 0x00, 0x00, 0x00, 0x00, 0x00, 0x00, 0x00, 0x00, 0x00, 0x00, 0x00, 0x00, 0x00, 0x00, 0x4a, 0x59, 0x1b, 0x6d, 0x1b, 0x6d,
    0x1b, 0x6d, 0x1b, 0x6d, 0x1b, 0x6d, 0x1b, 0x6d, 0x5e, 0xa6, 0x1b, 0x6d, 0x1b, 0x6d, 0x1b, 0x6d, 0x1b, 0x6d, 0x1b, 0x6d, 0x1b, 0x6d, 0x1b, 0x6d, 0x1b, 0x6d, 0x1b, 0x6d, 0x1b, 0x6d, 0x1b, 0x6d,
    0x5e, 0xa6, 0x1b, 0x6d, 0x1b, 0x6d, 0x1b, 0x6d, 0x1b, 0x6d, 0x1b, 0x6d, 0x1b, 0x6d, 0x1b, 0x6d, 0x1b, 0x6d, 0x1b, 0x6d, 0x1b, 0x6d, 0x1b, 0x6d, 0x5e, 0xa6, 0x1b, 0x6d, 0x1b, 0x6d, 0x1b, 0x6d,
    0x1b, 0x6d, 0x1b, 0x6d, 0x1b, 0x6d, 0x4a, 0x59, 0x00, 0x00, 0x00, 0x00, 0x00, 0x00, 0x00, 0x00, 0x00, 0x00, 0x00, 0x00, 0x00, 0x00, 0x00, 0x00, 0x00, 0x00, 0x00, 0x00, 0x00, 0x00, 0x00, 0x00,
    0x00, 0x00, 0x00, 0x00, 0x00, 0x00, 0x00, 0x00, 0x00, 0x00, 0x00, 0x00, 0x00, 0x00, 0x00, 0x00, 0x00, 0x00, 0x00, 0x00, 0x00, 0x00, 0x00, 0x00, 0x4a, 0x59, 0x1b, 0x6d, 0x1b, 0x6d, 0x1b, 0x6d,
    0x1b, 0x6d, 0x1b, 0x6d, 0x1b, 0x6d, 0x1b, 0x6d, 0x5e, 0xa6, 0x1b, 0x6d, 0x1b, 0x6d, 0x1b, 0x6d, 0x1b, 0x6d, 0x1b, 0x6d, 0x1b, 0x6d, 0x1b, 0x6d, 0x1b, 0x6d, 0x1b, 0x6d, 0x1b, 0x6d, 0x1b, 0x6d,
    0x5e, 0xa6, 0x1b, 0x6d, 0x1b, 0x6d, 0x1b, 0x6d, 0x1b, 0x6d, 0x1b, 0x6d, 0x1b, 0x6d, 0x1b, 0x6d, 0x1b, 0x6d, 0x1b, 0x6d, 0x1b, 0x6d, 0x1b, 0x6d, 0x5e, 0xa6, 0x1b, 0x6d, 0x1b, 0x6d, 0x1b, 0x6d,
    0x1b, 0x6d, 0x1b, 0x6d, 0x1b, 0x6d, 0x1b, 0x6d, 0x4a, 0x59, 0x00, 0x00, 0x00, 0x00, 0x00, 0x00, 0x00, 0x00, 0x00, 0x00, 0x00, 0x00, 0x00, 0x00, 0x00, 0x00, 0x00, 0x00, 0x00, 0x00, 0x00, 0x00,
    0x00, 0x00, 0x00, 0x00, 0x00, 0x00, 0x00, 0x00, 0x00, 0x00, 0x00, 0x00, 0x00, 0x00, 0x00, 0x00, 0x00, 0x00, 0x00, 0x00, 0x00, 0x00, 0x00, 0x00, 0x4a, 0x59, 0x1b, 0x6d, 0x1b, 0x6d, 0x1b, 0x6d,
    0x1b, 0x6d, 0x1b, 0x6d, 0x1b, 0x6d, 0x5e, 0xa6, 0x1b, 0x6d, 0x1b, 0x6d, 0x1b, 0x6d, 0x1b, 0x6d, 0x1b, 0x6d, 0x1b, 0x6d, 0x1b, 0x6d, 0x1b, 0x6d, 0x1b, 0x6d, 0x1b, 0x6d, 0x1b, 0x6d, 0x1b, 0x6d,
    0x5e, 0xa6, 0x1b, 0x6d, 0x1b, 0x6d, 0x1b, 0x6d, 0x1b, 0x6d, 0x1b, 0x6d, 0x1b, 0x6d, 0x1b, 0x6d, 0x1b, 0x6d, 0x1b, 0x6d, 0x1b, 0x6d, 0x1b, 0x6d, 0x1b, 0x6d, 0x5e, 0xa6, 0x1b, 0x6d, 0x1b, 0x6d,
    0x1b, 0x6d, 0x1b, 0x6d, 0x1b, 0x6d, 0x1b, 0x6d, 0x4a, 0x59, 0x00, 0x00, 0x00, 0x00, 0x00, 0x00, 0x00, 0x00, 0x00, 0x00, 0x00, 0x00, 0x00, 0x00, 0x00, 0x00, 0x00, 0x00, 0x00, 0x00, 0x00, 0x00,
    0x00, 0x00, 0x00, 0x00, 0x00, 0x00, 0x00, 0x00, 0x00, 0x00, 0x00, 0x00, 0x00, 0x00, 0x00, 0x00, 0x00, 0x00, 0x00, 0x00, 0x00, 0x00, 0x4a, 0x59, 0x35, 0x3b, 0x35, 0x3b, 0x35, 0x3b, 0x35, 0x3b,
    0x35, 0x3b, 0x35, 0x3b, 0x35, 0x3b, 0x35, 0x3b, 0x35, 0x3b, 0x35, 0x3b, 0xe5, 0x88, 0xe5, 0x88, 0xe5, 0x88, 0xe5, 0x88, 0xe5, 0x88, 0x35, 0x3b, 0x35, 0x3b, 0x35, 0x3b, 0x35, 0x3b, 0x35, 0x3b,
    0x35, 0x3b, 0x35, 0x3b, 0x35, 0x3b, 0x35, 0x3b, 0x35, 0x3b, 0x35, 0x3b, 0xe5, 0x88, 0xe5, 0x88, 0xe5, 0x88, 0xe5, 0x88, 0xe5, 0x88, 0x35, 0x3b, 0x35, 0x3b, 0x35, 0x3b, 0x35, 0x3b, 0x35, 0x3b,
    0x35, 0x3b, 0x35, 0x3b, 0x35, 0x3b, 0x35, 0x3b, 0x35, 0x3b, 0x4a, 0x59, 0x00, 0x00, 0x00, 0x00, 0x00, 0x00, 0x00, 0x00, 0x00, 0x00, 0x00, 0x00, 0x00, 0x00, 0x00, 0x00, 0x00, 0x00, 0x00, 0x00,
    0x00, 0x00, 0x00, 0x00, 0x00, 0x00, 0x00, 0x00, 0x00, 0x00, 0x00, 0x00, 0x00, 0x00, 0x00, 0x00, 0x00, 0x00, 0x00, 0x00, 0x00, 0x00, 0x4a, 0x59, 0x1b, 0x6d, 0x1b, 0x6d, 0x1b, 0x6d, 0x1b, 0x6d,
    0x1b, 0x6d, 0x1b, 0x6d, 0x5e, 0xa6, 0x1b, 0x6d, 0x1b, 0x6d, 0x1b, 0x6d, 0xe5, 0x88, 0x87, 0xd1, 0x87, 0xd1, 0x87, 0xd1, 0xe5, 0x88, 0x1b, 0x6d, 0x1b, 0x6d, 0x1b, 0x6d, 0x1b, 0x6d, 0x1b, 0x6d,
    0x5e, 0xa6, 0x1b, 0x6d, 0x1b, 0x6d, 0x1b, 0x6d, 0x1b, 0x6d, 0x1b, 0x6d, 0xe5, 0x88, 0x87, 0xd1, 0x87, 0xd1, 0x87, 0xd1, 0xe5, 0x88, 0x1b, 0x6d, 0x1b, 0x6d, 0x1b, 0x6d, 0x5e, 0xa6, 0x1b, 0x6d,
    0x1b, 0x6d, 0x1b, 0x6d, 0x1b, 0x6d, 0x1b, 0x6d, 0x1b, 0x6d, 0x4a, 0x59, 0x00, 0x00, 0x00, 0x00, 0x00, 0x00, 0x00, 0x00, 0x00, 0x00, 0x00, 0x00, 0x00, 0x00, 0x00, 0x00, 0x00, 0x00, 0x00, 0x00,
    0x00, 0x00, 0x00, 0x00, 0x00, 0x00, 0x00, 0x00, 0x00, 0x00, 0x00, 0x00, 0x00, 0x00, 0x00, 0x00, 0x00, 0x00, 0x00, 0x00, 0x4a, 0x59, 0x4a, 0x59, 0x4a, 0x59, 0x4a, 0x59, 0x4a, 0x59, 0x4a, 0x59,
    0x4a, 0x59, 0x4a, 0x59, 0x5e, 0xa6, 0x4a, 0x59, 0x4a, 0x59, 0x4a, 0x59, 0xe5, 0x88, 0x87, 0xd1, 0x87, 0xd1, 0x87, 0xd1, 0xe5, 0x88, 0x4a, 0x59, 0x4a, 0x59, 0x4a, 0x59, 0x4a, 0x59, 0x4a, 0x59,
    0x5e, 0xa6, 0x4a, 0x59, 0x4a, 0x59, 0x4a, 0x59, 0x4a, 0x59, 0x4a, 0x59, 0xe5, 0x88, 0x87, 0xd1, 0x87, 0xd1, 0x87, 0xd1, 0xe5, 0x88, 0x4a, 0x59, 0x4a, 0x59, 0x4a, 0x59, 0x5e, 0xa6, 0x4a, 0x59,
    0x4a, 0x59, 0x4a, 0x59, 0x4a, 0x59, 0x4a, 0x59, 0x4a, 0x59, 0x4a, 0x59, 0x4a, 0x59, 0x00, 0x00, 0x00, 0x00, 0x00, 0x00, 0x00, 0x00, 0x00, 0x00, 0x00, 0x00, 0x00, 0x00, 0x00, 0x00, 0x00, 0x00,
    0x00, 0x00, 0x00, 0x00, 0x00, 0x00, 0x00, 0x00, 0x00, 0x00, 0x00, 0x00, 0x00, 0x00, 0x00, 0x00, 0x00, 0x00, 0x00, 0x00, 0x00, 0x00, 0x00, 0x00, 0x00, 0x00, 0x00, 0x00, 0x00, 0x00, 0x00, 0x00,
    0x00, 0x00, 0x00, 0x00, 0x00, 0x00, 0x00, 0x00, 0x00, 0x00, 0x00, 0x00, 0xe5, 0x88, 0x87, 0xd1, 0x87, 0xd1, 0x87, 0xd1, 0xe5, 0x88, 0x00, 0x00, 0x00, 0x00, 0x00, 0x00, 0x00, 0x00, 0x00, 0x00,
    0x00, 0x00, 0x00, 0x00, 0x00, 0x00, 0x00, 0x00, 0x00, 0x00, 0x00, 0x00, 0xe5, 0x88, 0x87, 0xd1, 0x87, 0xd1, 0x87, 0xd1, 0xe5, 0x88, 0x00, 0x00, 0x00, 0x00, 0x00, 0x00, 0x00, 0x00, 0x00, 0x00,
    0x00, 0x00, 0x00, 0x00, 0x00, 0x00, 0x00, 0x00, 0x00, 0x00, 0x00, 0x00, 0x00, 0x00, 0x00, 0x00, 0x00, 0x00, 0x00, 0x00, 0x00, 0x00, 0x00, 0x00, 0x00, 0x00, 0x00, 0x00, 0x00, 0x00, 0x00, 0x00,
    0x00, 0x00, 0x00, 0x00, 0x00, 0x00, 0x00, 0x00, 0x00, 0x00, 0x00, 0x00, 0x00, 0x00, 0x00, 0x00, 0x00, 0x00, 0x00, 0x00, 0x00, 0x00, 0x00, 0x00, 0x00, 0x00, 0x00, 0x00, 0x00, 0x00, 0x00, 0x00,
    0x00, 0x00, 0x00, 0x00, 0x00, 0x00, 0x00, 0x00, 0x00, 0x00, 0x4a, 0x59, 0x4a, 0x59, 0x4a, 0x59, 0x4a, 0x59, 0x4a, 0x59, 0x4a, 0x59, 0x4a, 0x59, 0x00, 0x00, 0x00, 0x00, 0x00, 0x00, 0x00, 0x00,
    0x00, 0x00, 0x00, 0x00, 0x00, 0x00, 0x00, 0x00, 0x00, 0x00, 0x4a, 0x59, 0x4a, 0x59, 0x4a, 0x59, 0x4a, 0x59, 0x4a, 0x59, 0x4a, 0x59, 0x4a, 0x59, 0x00, 0x00, 0x00, 0x00, 0x00, 0x00, 0x00, 0x00,
    0x00, 0x00, 0x00, 0x00, 0x00, 0x00, 0x00, 0x00, 0x00, 0x00, 0x00, 0x00, 0x00, 0x00, 0x00, 0x00, 0x00, 0x00, 0x00, 0x00, 0x00, 0x00, 0x00, 0x00, 0x00, 0x00, 0x00, 0x00, 0x00, 0x00, 0x00, 0x00,
    0x00, 0x00, 0x00, 0x00, 0x00, 0x00, 0x00, 0x00, 0x00, 0x00, 0x00, 0x00, 0x00, 0x00, 0x00, 0x00, 0x00, 0x00, 0x00, 0x00, 0x00, 0x00, 0x00, 0x00, 0x00, 0x00, 0x00, 0x00, 0x00, 0x00, 0x00, 0x00,
    0x00, 0x00, 0x00, 0x00, 0x00, 0x00, 0x00, 0x00, 0x00, 0x00, 0x4a, 0x59, 0x4a, 0x59, 0x4a, 0x59, 0x4a, 0x59, 0x4a, 0x59, 0x4a, 0x59, 0x4a, 0x59, 0x00, 0x00, 0x00, 0x00, 0x00, 0x00, 0x00, 0x00,
    0x00, 0x00, 0x00, 0x00, 0x00, 0x00, 0x00, 0x00, 0x00, 0x00, 0x4a, 0x59, 0x4a, 0x59, 0x4a, 0x59, 0x4a, 0x59, 0x4a, 0x59, 0x4a, 0x59, 0x4a, 0x59, 0x00, 0x00, 0x00, 0x00, 0x00, 0x00, 0x00, 0x00,
    0x00, 0x00, 0x00, 0x00, 0x00, 0x00, 0x00, 0x00, 0x00, 0x00, 0x00, 0x00, 0x00, 0x00, 0x00, 0x00, 0x00, 0x00, 0x00, 0x00, 0x00, 0x00, 0x00, 0x00, 0x00, 0x00, 0x00, 0x00, 0x00, 0x00, 0x00, 0x00,
    0x00, 0x00, 0x00, 0x00, 0x00, 0x00, 0x00, 0x00, 0x00, 0x00, 0x00, 0x00, 0x00, 0x00, 0x00, 0x00, 0x00, 0x00, 0x00, 0x00, 0x00, 0x00, 0x00, 0x00, 0x00, 0x00, 0x00, 0x00, 0x00, 0x00, 0x00, 0x00,
    0x00, 0x00, 0x00, 0x00, 0x00, 0x00, 0x00, 0x00, 0x00, 0x00, 0x00, 0x00, 0x00, 0x00, 0x00, 0x00, 0x00, 0x00, 0x00, 0x00, 0x00, 0x00, 0x00, 0x00, 0x00, 0x00, 0x00, 0x00, 0x00, 0x00, 0x00, 0x00,
    0x00, 0x00, 0x00, 0x00, 0x00, 0x00, 0x00, 0x00, 0x00, 0x00, 0x00, 0x00, 0x00, 0x00, 0x00, 0x00, 0x00, 0x00, 0x00, 0x00, 0x00, 0x00, 0x00, 0x00, 0x00, 0x00, 0x00, 0x00, 0x00, 0x00, 0x00, 0x00,
    0x00, 0x00, 0x00, 0x00, 0x00, 0x00, 0x00, 0x00, 0x00, 0x00, 0x00, 0x00, 0x00, 0x00, 0x00, 0x00, 0x00, 0x00, 0x00, 0x00, 0x00, 0x00, 0x00, 0x00, 0x00, 0x00, 0x00, 0x00, 0x00, 0x00, 0x00, 0x00,
    0x00, 0x00, 0x00, 0x00, 0x00, 0x00, 0x00, 0x00, 0x00, 0x00, 0x00, 0x00, 0x00, 0x00, 0x00, 0x00, 0x00, 0x00, 0x00, 0x00, 0x00, 0x00, 0x00, 0x00, 0x00, 0x00, 0x00, 0x00, 0x00, 0x00, 0x00, 0x00,
    0x00, 0x00, 0x00, 0x00, 0x00, 0x00, 0x00, 0x00, 0x00, 0x00, 0x00, 0x00, 0x00, 0x00, 0x00, 0x00, 0x00, 0x00, 0x00, 0x00, 0x00, 0x00, 0x00, 0x00, 0x00, 0x00, 0x00, 0x00, 0x00, 0x00, 0x00, 0x00,
    0x00, 0x00, 0x00, 0x00, 0x00, 0x00, 0x00, 0x00, 0x00, 0x00, 0x00, 0x00, 0x00, 0x00, 0x00, 0x00, 0x00, 0x00, 0x00, 0x00, 0x00, 0x00, 0x00, 0x00, 0x00, 0x00, 0x00, 0x00, 0x00, 0x00, 0x00, 0x00,
    0x00, 0x00, 0x00, 0x00, 0x00, 0x00, 0x00, 0x00, 0x00, 0x00, 0x00, 0x00, 0x00, 0x00, 0x00, 0x00, 0x00, 0x00, 0x00, 0x00, 0x00, 0x00, 0x00, 0x00, 0x00, 0x00, 0x00, 0x00, 0x00, 0x00, 0x00, 0x00,
    0x00, 0x00, 0x00, 0x00, 0x00, 0x00, 0x00, 0x00, 0x00, 0x00, 0x00, 0x00, 0x00, 0x00, 0x00, 0x00, 0x00, 0x00, 0xff, 0x00, 0x00, 0x00, 0x00, 0x00, 0x00, 0x00, 0x00, 0x00, 0x00, 0x00, 0x00, 0x00,
    0x00, 0x00, 0x00, 0x00, 0x00, 0x00, 0x00, 0x00, 0x00, 0x00, 0x00, 0x00, 0x00, 0x00, 0xff, 0x00, 0x00, 0x00, 0x00, 0x00, 0x00, 0x00, 0x00, 0x00, 0x00, 0x00, 0x00, 0x00, 0x00, 0x00, 0x00, 0x00,
    0x00, 0x00, 0x00, 0x00, 0x00, 0x00, 0x00, 0x00, 0x00, 0x00, 0x00, 0x00, 0x00, 0x00, 0x00, 0x00, 0x00, 0x00, 0xff, 0x00, 0x00, 0x00, 0x00, 0x00, 0x00, 0x00, 0x00, 0x00, 0x00, 0x00, 0x00, 0x00,
    0x00, 0x00, 0x00, 0x00, 0x00, 0x00, 0x00, 0x00, 0x00, 0x00, 0x00, 0x00, 0x00, 0xff, 0xff, 0x00, 0x00, 0x00, 0x00, 0x00, 0x00, 0x00, 0x00, 0x00, 0x00, 0x00, 0x00, 0x00, 0x00, 0x00, 0x00, 0x00,
    0x00, 0x00, 0x00, 0x00, 0x00, 0x00, 0x00, 0x00, 0x00, 0x00, 0x00, 0x00, 0x00, 0x00, 0x00, 0x00, 0x00, 0xff, 0xff, 0xff, 0x00, 0x00, 0x00, 0x00, 0x00, 0x00, 0x00, 0x00, 0x00, 0x00, 0x00, 0x00,
    0x00, 0x00, 0x00, 0x00, 0x00, 0x00, 0x00, 0x00, 0x00, 0x00, 0x00, 0x00, 0x00, 0xff, 0xff, 0x00, 0x00, 0x00, 0x00, 0x00, 0x00, 0x00, 0x00, 0x00, 0x00, 0x00, 0x00, 0x00, 0x00, 0x00, 0x00, 0x00,
    0x00, 0x00, 0x00, 0x00, 0x00, 0x00, 0x00, 0x00, 0x00, 0x00, 0x00, 0x00, 0x00, 0x00, 0x00, 0x00, 0x00, 0xff, 0xff, 0xff, 0x00, 0x00, 0x00, 0x00, 0x00, 0x00, 0x00, 0x00, 0x00, 0x00, 0x00, 0x00,
    0x00, 0x00, 0x00, 0x00, 0x00, 0x00, 0x00, 0x00, 0x00, 0x00, 0x00, 0x00, 0xff, 0xff, 0xff, 0xff, 0x00, 0x00, 0x00, 0x00, 0x00, 0x00, 0x00, 0x00, 0x00, 0x00, 0x00, 0x00, 0x00, 0x00, 0x00, 0x00,
    0x00, 0x00, 0x00, 0x00, 0x00, 0x00, 0x00, 0x00, 0x00, 0x00, 0x00, 0x00, 0x00, 0x00, 0x00, 0x00, 0x00, 0xff, 0xff, 0xff, 0xff, 0x00, 0x00, 0x00, 0xff, 0xff, 0xff, 0x00, 0x00, 0x00, 0x00, 0x00,
    0x00, 0x00, 0x00, 0x00, 0x00, 0x00, 0xff, 0xff, 0xff, 0x00, 0x00, 0x00, 0xff, 0xff, 0xff, 0xff, 0x00, 0x00, 0x00, 0x00, 0x00, 0x00, 0x00, 0x00, 0x00, 0x00, 0x00, 0x00, 0x00, 0x00, 0x00, 0x00,
    0x00, 0x00, 0x00, 0x00, 0x00, 0x00, 0x00, 0x00, 0x00, 0x00, 0x00, 0x00, 0x00, 0x00, 0x00, 0x00, 0x00, 0xff, 0xff, 0xff, 0xff, 0x00, 0xff, 0xff, 0xff, 0xff, 0xff, 0xff, 0xff, 0x00, 0x00, 0x00,
    0x00, 0x00, 0x00, 0x00, 0xff, 0xff, 0xff, 0xff, 0xff, 0xff, 0xff, 0xff, 0xff, 0xff, 0xff, 0xff, 0x00, 0x00, 0x00, 0x00, 0x00, 0x00, 0x00, 0x00, 0x00, 0x00, 0x00, 0x00, 0x00, 0x00, 0x00, 0x00,
    0x00, 0x00, 0x00, 0x00, 0x00, 0x00, 0x00, 0x00, 0x00, 0x00, 0x00, 0x00, 0x00, 0x00, 0x00, 0x00, 0xff, 0xff, 0xff, 0xff, 0xff, 0xff, 0xff, 0xff, 0xff, 0xff, 0xff, 0xff, 0xff, 0xff, 0xff, 0xff,
    0xff, 0xff, 0xff, 0xff, 0xff, 0xff, 0xff, 0xff, 0xff, 0xff, 0xff, 0xff, 0xff, 0xff, 0xff, 0xff, 0x00, 0x00, 0x00, 0x00, 0x00, 0x00, 0x00, 0x00, 0x00, 0x00, 0x00, 0x00, 0x00, 0x00, 0x00, 0x00,
    0x00, 0x00, 0x00, 0x00, 0x00, 0x00, 0x00, 0x00, 0x00, 0x00, 0x00, 0x00, 0x00, 0x00, 0x00, 0x00, 0xff, 0xff, 0xff, 0xff, 0xff, 0xff, 0xff, 0xff, 0xff, 0xff, 0xff, 0xff, 0xff, 0xff, 0xff, 0xff,
    0xff, 0xff, 0xff, 0xff, 0xff, 0xff, 0xff, 0xff, 0xff, 0xff, 0xff, 0xff, 0xff, 0xff, 0xff, 0xff, 0xff, 0x00, 0x00, 0x00, 0x00, 0x00, 0x00, 0x00, 0x00, 0x00, 0x00, 0x00, 0x00, 0x00, 0x00, 0x00,
    0x00, 0x00, 0x00, 0x00, 0x00, 0x00, 0x00, 0x00, 0x00, 0x00, 0x00, 0x00, 0x00, 0x00, 0x00, 0x00, 0xff, 0xff, 0xff, 0xff, 0xff, 0xff, 0xff, 0xff, 0xff, 0xff, 0xff, 0xff, 0xff, 0xff, 0xff, 0xff,
    0xff, 0xff, 0xff, 0xff, 0xff, 0xff, 0xff, 0xff, 0xff, 0xff, 0xff, 0xff, 0xff, 0xff, 0xff, 0xff, 0xff, 0x00, 0x00, 0x00, 0x00, 0x00, 0x00, 0x00, 0x00, 0x00, 0x00, 0x00, 0x00, 0x00, 0x00, 0x00,
    0x00, 0x00, 0x00, 0x00, 0x00, 0x00, 0x00, 0x00, 0x00, 0x00, 0x00, 0x00, 0x00, 0x00, 0x00, 0x00, 0xff, 0xff, 0xff, 0xff, 0xff, 0xff, 0xff, 0xff, 0xff, 0xff, 0xff, 0xff, 0xff, 0xff, 0xff, 0xff,
    0xff, 0xff, 0xff, 0xff, 0xff, 0xff, 0xff, 0xff, 0xff, 0xff, 0xff, 0xff, 0xff, 0xff, 0xff, 0xff, 0xff, 0x00, 0x00, 0x00, 0x00, 0x00, 0x00, 0x00, 0x00, 0x00, 0x00, 0x00, 0x00, 0x00, 0x00, 0x00,
    0x00, 0x00, 0x00, 0x00, 0x00, 0x00, 0x00, 0x00, 0x00, 0x00, 0x00, 0x00, 0x00, 0x00, 0x00, 0xff, 0xff, 0xff, 0xff, 0xff, 0xff, 0xff, 0xff, 0xff, 0xff, 0xff, 0xff, 0xff, 0xff, 0xff, 0xff, 0xff,
    0xff, 0xff, 0xff, 0xff, 0xff, 0xff, 0xff, 0xff, 0xff, 0xff, 0xff, 0xff, 0xff, 0xff, 0xff, 0xff, 0xff, 0x00, 0x00, 0x00, 0x00, 0x00, 0x00, 0x00, 0x00, 0x00, 0x00, 0x00, 0x00, 0x00, 0x00, 0x00,
    0x00, 0x00, 0x00, 0x00, 0x00, 0x00, 0x00, 0x00, 0x00, 0x00, 0x00, 0x00, 0x00, 0x00, 0x00, 0xff, 0xff, 0xff, 0xff, 0xff, 0xff, 0xff, 0xff, 0xff, 0xff, 0xff, 0xff, 0xff, 0xff, 0xff, 0xff, 0xff,
    0xff, 0xff, 0xff, 0xff, 0xff, 0xff, 0xff, 0xff, 0xff, 0xff, 0xff, 0xff, 0xff, 0xff, 0xff, 0xff, 0xff, 0xff, 0x00, 0x00, 0x00, 0x00, 0x00, 0x00, 0x00, 0x00, 0x00, 0x00, 0x00, 0x00, 0x00, 0x00,
    0x00, 0x00, 0x00, 0x00, 0x00, 0x00, 0x00, 0x00, 0x00, 0x00, 0x00, 0x00, 0x00, 0x00, 0x00, 0xff, 0xff, 0xff, 0xff, 0xff, 0xff, 0xff, 0xff, 0xff, 0xff, 0xff, 0xff, 0xff, 0xff, 0xff, 0xff, 0xff,
    0xff, 0xff, 0xff, 0xff, 0xff, 0xff, 0xff, 0xff, 0xff, 0xff, 0xff, 0xff, 0xff, 0xff, 0xff, 0xff, 0xff, 0xff, 0x00, 0x00, 0x00, 0x00, 0x00, 0x00, 0x00, 0x00, 0x00, 0x00, 0x00, 0x00, 0x00, 0x00,
    0x00, 0x00, 0x00, 0x00, 0x00, 0x00, 0x00, 0x00, 0x00, 0x00, 0x00, 0x00, 0x00, 0x00, 0x00, 0xff, 0xff, 0xff, 0xff, 0xff, 0xff, 0xff, 0xff, 0xff, 0xff, 0xff, 0xff, 0xff, 0xff, 0xff, 0xff, 0xff,
    0xff, 0xff, 0xff, 0xff, 0xff, 0xff, 0xff, 0xff, 0xff, 0xff, 0xff, 0xff, 0xff, 0xff, 0xff, 0xff, 0xff, 0xff, 0x00, 0x00, 0x00, 0x00, 0x00, 0x00, 0x00, 0x00, 0x00, 0x00, 0x00, 0x00, 0x00, 0x00,
    0x00, 0x00, 0x00, 0x00, 0x00, 0x00, 0x00, 0x00, 0x00, 0x00, 0x00, 0x00, 0x00, 0x00, 0xff, 0xff, 0xff, 0xff, 0xff, 0xff, 0xff, 0xff, 0xff, 0xff, 0xff, 0xff, 0xff, 0xff, 0xff, 0xff, 0xff, 0xff,
    0xff, 0xff, 0xff, 0xff, 0xff, 0xff, 0xff, 0xff, 0xff, 0xff, 0xff, 0xff, 0xff, 0xff, 0xff, 0xff, 0xff, 0xff, 0x00, 0x00, 0x00, 0x00, 0x00, 0x00, 0x00, 0x00, 0x00, 0x00, 0x00, 0x00, 0x00, 0x00,
    0x00, 0x00, 0x00, 0x00, 0x00, 0x00, 0x00, 0x00, 0x00, 0x00, 0x00, 0x00, 0x00, 0x00, 0xff, 0xff, 0xff, 0xff, 0xff, 0xff, 0xff, 0xff, 0xff, 0xff, 0xff, 0xff, 0xff, 0xff, 0xff, 0xff, 0xff, 0xff,
    0xff, 0xff, 0xff, 0xff, 0xff, 0xff, 0xff, 0xff, 0xff, 0xff, 0xff, 0xff, 0xff, 0xff, 0xff, 0xff, 0xff, 0xff, 0xff, 0x00, 0x00, 0x00, 0x00, 0x00, 0x00, 0x00, 0x00, 0x00, 0x00, 0x00, 0x00, 0x00,
    0x00, 0x00, 0x00, 0x00, 0x00, 0x00, 0x00, 0x00, 0x00, 0x00, 0x00, 0x00, 0x00, 0x00, 0xff, 0xff, 0xff, 0xff, 0xff, 0xff, 0xff, 0xff, 0xff, 0xff, 0xff, 0xff, 0xff, 0xff, 0xff, 0xff, 0xff, 0xff,
    0xff, 0xff, 0xff, 0xff, 0xff, 0xff, 0xff, 0xff, 0xff, 0xff, 0xff, 0xff, 0xff, 0xff, 0xff, 0xff, 0xff, 0xff, 0xff, 0x00, 0x00, 0x00, 0x00, 0x00, 0x00, 0x00, 0x00, 0x00, 0x00, 0x00, 0x00, 0x00,
    0x00, 0x00, 0x00, 0x00, 0x00, 0x00, 0x00, 0x00, 0x00, 0x00, 0x00, 0x00, 0x00, 0x00, 0x00, 0x00, 0x00, 0x00, 0x00, 0x00, 0x00, 0x00, 0xff, 0xff, 0xff, 0xff, 0xff, 0xff, 0xff, 0xff, 0xff, 0xff,
    0xff, 0xff, 0xff, 0xff, 0xff, 0xff, 0xff, 0xff, 0xff, 0xff, 0xff, 0x00, 0x00, 0x00, 0x00, 0x00, 0x00, 0x00, 0x00, 0x00, 0x00, 0x00, 0x00, 0x00, 0x00, 0x00, 0x00, 0x00, 0x00, 0x00, 0x00, 0x00,
    0x00, 0x00, 0x00, 0x00, 0x00, 0x00, 0x00, 0x00, 0x00, 0x00, 0x00, 0x00, 0x00, 0x00, 0x00, 0x00, 0x00, 0x00, 0x00, 0x00, 0x00, 0xff, 0xff, 0xff, 0xff, 0xff, 0xff, 0xff, 0xff, 0xff, 0xff, 0xff,
    0xff, 0xff, 0xff, 0xff, 0xff, 0xff, 0xff, 0xff, 0xff, 0xff, 0xff, 0xff, 0x00, 0x00, 0x00, 0x00, 0x00, 0x00, 0x00, 0x00, 0x00, 0x00, 0x00, 0x00, 0x00, 0x00, 0x00, 0x00, 0x00, 0x00, 0x00, 0x00,
    0x00, 0x00, 0x00, 0x00, 0x00, 0x00, 0x00, 0x00, 0x00, 0x00, 0x00, 0x00, 0x00, 0x00, 0x00, 0x00, 0x00, 0x00, 0x00, 0x00, 0xff, 0xff, 0xff, 0xff, 0xff, 0xff, 0xff, 0xff, 0xff, 0xff, 0xff, 0xff,
    0xff, 0xff, 0xff, 0xff, 0xff, 0xff, 0xff, 0xff, 0xff, 0xff, 0xff, 0xff, 0xff, 0x00, 0x00, 0x00, 0x00, 0x00, 0x00, 0x00, 0x00, 0x00, 0x00, 0x00, 0x00, 0x00, 0x00, 0x00, 0x00, 0x00, 0x00, 0x00,
    0x00, 0x00, 0x00, 0x00, 0x00, 0x00, 0x00, 0x00, 0x00, 0x00, 0x00, 0x00, 0x00, 0x00, 0x00, 0x00, 0x00, 0x00, 0x00, 0xff, 0xff, 0xff, 0xff, 0xff, 0xff, 0xff, 0xff, 0xff, 0xff, 0xff, 0xff, 0xff,
    0xff, 0xff, 0xff, 0xff, 0xff, 0xff, 0xff, 0xff, 0xff, 0xff, 0xff, 0xff, 0xff, 0xff, 0x00, 0x00, 0x00, 0x00, 0x00, 0x00, 0x00, 0x00, 0x00, 0x00, 0x00, 0x00, 0x00, 0x00, 0x00, 0x00, 0x00, 0x00,
    0x00, 0x00, 0x00, 0x00, 0x00, 0x00, 0x00, 0x00, 0x00, 0x00, 0x00, 0x00, 0x00, 0x00, 0x00, 0x00, 0x00, 0x00, 0xff, 0xff, 0xff, 0xff, 0xff, 0xff, 0xff, 0xff, 0xff, 0xff, 0xff, 0xff, 0xff, 0xff,
    0xff, 0xff, 0xff, 0xff, 0xff, 0xff, 0xff, 0xff, 0xff, 0xff, 0xff, 0xff, 0xff, 0xff, 0xff, 0x00, 0x00, 0x00, 0x00, 0x00, 0x00, 0x00, 0x00, 0x00, 0x00, 0x00, 0x00, 0x00, 0x00, 0x00, 0x00, 0x00,
    0x00, 0x00, 0x00, 0x00, 0x00, 0x00, 0x00, 0x00, 0x00, 0x00, 0x00, 0x00, 0x00, 0x00, 0x00, 0x00, 0x00, 0x00, 0xff, 0xff, 0xff, 0xff, 0xff, 0xff, 0xff, 0xff, 0xff, 0xff, 0xff, 0xff, 0xff, 0xff,
    0xff, 0xff, 0xff, 0xff, 0xff, 0xff, 0xff, 0xff, 0xff, 0xff, 0xff, 0xff, 0xff, 0xff, 0xff, 0x00, 0x00, 0x00, 0x00, 0x00, 0x00, 0x00, 0x00, 0x00, 0x00, 0x00, 0x00, 0x00, 0x00, 0x00, 0x00, 0x00,
    0x00, 0x00, 0x00, 0x00, 0x00, 0x00, 0x00, 0x00, 0x00, 0x00, 0x00, 0x00, 0x00, 0x00, 0x00, 0x00, 0x00, 0xff, 0xff, 0xff, 0xff, 0xff, 0xff, 0xff, 0xff, 0xff, 0xff, 0xff, 0xff, 0xff, 0xff, 0xff,
    0xff, 0xff, 0xff, 0xff, 0xff, 0xff, 0xff, 0xff, 0xff, 0xff, 0xff, 0xff, 0xff, 0xff, 0xff, 0xff, 0x00, 0x00, 0x00, 0x00, 0x00, 0x00, 0x00, 0x00, 0x00, 0x00, 0x00, 0x00, 0x00, 0x00, 0x00, 0x00,
    0x00, 0x00, 0x00, 0x00, 0x00, 0x00, 0x00, 0x00, 0x00, 0x00, 0x00, 0x00, 0x00, 0x00, 0x00, 0x00, 0x00, 0xff, 0xff, 0xff, 0xff, 0xff, 0xff, 0xff, 0xff, 0xff, 0xff, 0xff, 0xff, 0xff, 0xff, 0xff,
    0xff, 0xff, 0xff, 0xff, 0xff, 0xff, 0xff, 0xff, 0xff, 0xff, 0xff, 0xff, 0xff, 0xff, 0xff, 0xff, 0x00, 0x00, 0x00, 0x00, 0x00, 0x00, 0x00, 0x00, 0x00, 0x00, 0x00, 0x00, 0x00, 0x00, 0x00, 0x00,
    0x00, 0x00, 0x00, 0x00, 0x00, 0x00, 0x00, 0x00, 0x00, 0x00, 0x00, 0x00, 0x00, 0x00, 0x00, 0x00, 0xff, 0xff, 0xff, 0xff, 0xff, 0xff, 0xff, 0xff, 0xff, 0xff, 0xff, 0xff, 0xff, 0xff, 0xff, 0xff,
    0xff, 0xff, 0xff, 0xff, 0xff, 0xff, 0xff, 0xff, 0xff, 0xff, 0xff, 0xff, 0xff, 0xff, 0xff, 0xff, 0xff, 0x00, 0x00, 0x00, 0x00, 0x00, 0x00, 0x00, 0x00, 0x00, 0x00, 0x00, 0x00, 0x00, 0x00, 0x00,
    0x00, 0x00, 0x00, 0x00, 0x00, 0x00, 0x00, 0x00, 0x00, 0x00, 0x00, 0x00, 0x00, 0x00, 0x00, 0x00, 0xff, 0xff, 0xff, 0xff, 0xff, 0xff, 0xff, 0xff, 0xff, 0xff, 0xff, 0xff, 0xff, 0xff, 0xff, 0xff,
    0xff, 0xff, 0xff, 0xff, 0xff, 0xff, 0xff, 0xff, 0xff, 0xff, 0xff, 0xff, 0xff, 0xff, 0xff, 0xff, 0xff, 0x00, 0x00, 0x00, 0x00, 0x00, 0x00, 0x00, 0x00, 0x00, 0x00, 0x00, 0x00, 0x00, 0x00, 0x00,
    0x00, 0x00, 0x00, 0x00, 0x00, 0x00, 0x00, 0x00, 0x00, 0x00, 0x00, 0x00, 0x00, 0x00, 0x00, 0x00, 0xff, 0xff, 0xff, 0xff, 0xff, 0xff, 0xff, 0xff, 0xff, 0xff, 0xff, 0xff, 0xff, 0xff, 0xff, 0xff,
    0xff, 0xff, 0xff, 0xff, 0xff, 0xff, 0xff, 0xff, 0xff, 0xff, 0xff, 0xff, 0xff, 0xff, 0xff, 0xff, 0xff, 0x00, 0x00, 0x00, 0x00, 0x00, 0x00, 0x00, 0x00, 0x00, 0x00, 0x00, 0x00, 0x00, 0x00, 0x00,
    0x00, 0x00, 0x00, 0x00, 0x00, 0x00, 0x00, 0x00, 0x00, 0x00, 0x00, 0x00, 0x00, 0x00, 0x00, 0x00, 0xff, 0xff, 0xff, 0xff, 0xff, 0xff, 0xff, 0xff, 0xff, 0xff, 0xff, 0xff, 0xff, 0xff, 0xff, 0xff,
    0xff, 0xff, 0xff, 0xff, 0xff, 0xff, 0xff, 0xff, 0xff, 0xff, 0xff, 0xff, 0xff, 0xff, 0xff, 0xff, 0xff, 0x00, 0x00, 0x00, 0x00, 0x00, 0x00, 0x00, 0x00, 0x00, 0x00, 0x00, 0x00, 0x00, 0x00, 0x00,
    0x00, 0x00, 0x00, 0x00, 0x00, 0x00, 0x00, 0x00, 0x00, 0x00, 0x00, 0x00, 0x00, 0x00, 0x00, 0x00, 0xff, 0xff, 0xff, 0xff, 0xff, 0xff, 0xff, 0xff, 0xff, 0xff, 0xff, 0xff, 0xff, 0xff, 0xff, 0xff,
    0xff, 0xff, 0xff, 0xff, 0xff, 0xff, 0xff, 0xff, 0xff, 0xff, 0xff, 0xff, 0xff, 0xff, 0xff, 0xff, 0xff, 0x00, 0x00, 0x00, 0x00, 0x00, 0x00, 0x00, 0x00, 0x00, 0x00, 0x00, 0x00, 0x00, 0x00, 0x00,
    0x00, 0x00, 0x00, 0x00, 0x00, 0x00, 0x00, 0x00, 0x00, 0x00, 0x00, 0x00, 0x00, 0x00, 0x00, 0x00, 0xff, 0xff, 0xff, 0xff, 0xff, 0xff, 0xff, 0xff, 0xff, 0xff, 0xff, 0xff, 0xff, 0xff, 0xff, 0xff,
    0xff, 0xff, 0xff, 0xff, 0xff, 0xff, 0xff, 0xff, 0xff, 0xff, 0xff, 0xff, 0xff, 0xff, 0xff, 0xff, 0xff, 0x00, 0x00, 0x00, 0x00, 0x00, 0x00, 0x00, 0x00, 0x00, 0x00, 0x00, 0x00, 0x00, 0x00, 0x00,
    0x00, 0x00, 0x00, 0x00, 0x00, 0x00, 0x00, 0x00, 0x00, 0x00, 0x00, 0x00, 0x00, 0x00, 0x00, 0x00, 0xff, 0xff, 0xff, 0xff, 0xff, 0xff, 0xff, 0xff, 0xff, 0xff, 0xff, 0xff, 0xff, 0xff, 0xff, 0xff,
    0xff, 0xff, 0xff, 0xff, 0xff, 0xff, 0xff, 0xff, 0xff, 0xff, 0xff, 0xff, 0xff, 0xff, 0xff, 0xff, 0xff, 0x00, 0x00, 0x00, 0x00, 0x00, 0x00, 0x00, 0x00, 0x00, 0x00, 0x00, 0x00, 0x00, 0x00, 0x00,
    0x00, 0x00, 0x00, 0x00, 0x00, 0x00, 0x00, 0x00, 0x00, 0x00, 0x00, 0x00, 0x00, 0x00, 0x00, 0x00, 0x00, 0xff, 0xff, 0xff, 0xff, 0xff, 0xff, 0xff, 0xff, 0xff, 0xff, 0xff, 0xff, 0xff, 0xff, 0xff,
    0xff, 0xff, 0xff, 0xff, 0xff, 0xff, 0xff, 0xff, 0xff, 0xff, 0xff, 0xff, 0xff, 0xff, 0xff, 0xff, 0x00, 0x00, 0x00, 0x00, 0x00, 0x00, 0x00, 0x00, 0x00, 0x00, 0x00, 0x00, 0x00, 0x00, 0x00, 0x00,
    0x00, 0x00, 0x00, 0x00, 0x00, 0x00, 0x00, 0x00, 0x00, 0x00, 0x00, 0x00, 0x00, 0x00, 0x00, 0x00, 0x00, 0xff, 0xff, 0xff, 0xff, 0xff, 0xff, 0xff, 0xff, 0xff, 0xff, 0xff, 0xff, 0xff, 0xff, 0xff,
    0xff, 0xff, 0xff, 0xff, 0xff, 0xff, 0xff, 0xff, 0xff, 0xff, 0xff, 0xff, 0xff, 0xff, 0xff, 0xff, 0x00, 0x00, 0x00, 0x00, 0x00, 0x00, 0x00, 0x00, 0x00, 0x00, 0x00, 0x00, 0x00, 0x00, 0x00, 0x00,
    0x00, 0x00, 0x00, 0x00, 0x00, 0x00, 0x00, 0x00, 0x00, 0x00, 0x00, 0x00, 0x00, 0x00, 0x00, 0x00, 0x00, 0xff, 0xff, 0xff, 0xff, 0xff, 0xff, 0xff, 0xff, 0xff, 0xff, 0xff, 0xff, 0xff, 0xff, 0xff,
    0xff, 0xff, 0xff, 0xff, 0xff, 0xff, 0xff, 0xff, 0xff, 0xff, 0xff, 0xff, 0xff, 0xff, 0xff, 0xff, 0x00, 0x00, 0x00, 0x00, 0x00, 0x00, 0x00, 0x00, 0x00, 0x00, 0x00, 0x00, 0x00, 0x00, 0x00, 0x00,
    0x00, 0x00, 0x00, 0x00, 0x00, 0x00, 0x00, 0x00, 0x00, 0x00, 0x00, 0x00, 0x00, 0x00, 0x00, 0x00, 0x00, 0x00, 0xff, 0xff, 0xff, 0xff, 0xff, 0xff, 0xff, 0xff, 0xff, 0xff, 0xff, 0xff, 0xff, 0xff,
    0xff, 0xff, 0xff, 0xff, 0xff, 0xff, 0xff, 0xff, 0xff, 0xff, 0xff, 0xff, 0xff, 0xff, 0xff, 0x00, 0x00, 0x00, 0x00, 0x00, 0x00, 0x00, 0x00, 0x00, 0x00, 0x00, 0x00, 0x00, 0x00, 0x00, 0x00, 0x00,
    0x00, 0x00, 0x00, 0x00, 0x00, 0x00, 0x00, 0x00, 0x00, 0x00, 0x00, 0x00, 0x00, 0x00, 0x00, 0x00, 0x00, 0x00, 0x00, 0xff, 0xff, 0xff, 0xff, 0xff, 0xff, 0xff, 0xff, 0xff, 0xff, 0xff, 0xff, 0xff,
    0xff, 0xff, 0xff, 0xff, 0xff, 0xff, 0xff, 0xff, 0xff, 0xff, 0xff, 0xff, 0xff, 0xff, 0xff, 0x00, 0x00, 0x00, 0x00, 0x00, 0x00, 0x00, 0x00, 0x00, 0x00, 0x00, 0x00, 0x00, 0x00, 0x00, 0x00, 0x00,
    0x00, 0x00, 0x00, 0x00, 0x00, 0x00, 0x00, 0x00, 0x00, 0x00, 0x00, 0x00, 0x00, 0x00, 0x00, 0x00, 0x00, 0x00, 0x00, 0x00, 0xff, 0xff, 0xff, 0xff, 0xff, 0xff, 0xff, 0xff, 0xff, 0xff, 0xff, 0xff,
    0xff, 0xff, 0xff, 0xff, 0xff, 0xff, 0xff, 0xff, 0xff, 0xff, 0xff, 0xff, 0xff, 0xff, 0x00, 0x00, 0x00, 0x00, 0x00, 0x00, 0x00, 0x00, 0x00, 0x00, 0x00, 0x00, 0x00, 0x00, 0x00, 0x00, 0x00, 0x00,
    0x00, 0x00, 0x00, 0x00, 0x00, 0x00, 0x00, 0x00, 0x00, 0x00, 0x00, 0x00, 0x00, 0x00, 0x00, 0x00, 0x00, 0x00, 0x00, 0x00, 0x00, 0xff, 0xff, 0xff, 0xff, 0xff, 0xff, 0xff, 0xff, 0xff, 0xff, 0xff,
    0xff, 0xff, 0xff, 0xff, 0xff, 0xff, 0xff, 0xff, 0xff, 0xff, 0xff, 0xff, 0xff, 0xff, 0x00, 0x00, 0x00, 0x00, 0x00, 0x00, 0x00, 0x00, 0x00, 0x00, 0x00, 0x00, 0x00, 0x00, 0x00, 0x00, 0x00, 0x00,
    0x00, 0x00, 0x00, 0x00, 0x00, 0x00, 0x00, 0x00, 0x00, 0x00, 0x00, 0x00, 0x00, 0x00, 0x00, 0x00, 0x00, 0x00, 0x00, 0x00, 0x00, 0x00, 0xff, 0xff, 0xff, 0xff, 0xff, 0xff, 0xff, 0xff, 0xff, 0xff,
    0xff, 0xff, 0xff, 0xff, 0xff, 0xff, 0xff, 0xff, 0xff, 0xff, 0xff, 0xff, 0xff, 0x00, 0x00, 0x00, 0x00, 0x00, 0x00, 0x00, 0x00, 0x00, 0x00, 0x00, 0x00, 0x00, 0x00, 0x00, 0x00, 0x00, 0x00, 0x00,
    0x00, 0x00, 0x00, 0x00, 0x00, 0x00, 0x00, 0x00, 0x00, 0x00, 0x00, 0x00, 0x00, 0x00, 0x00, 0x00, 0x00, 0x00, 0x00, 0x00, 0xff, 0xff, 0xff, 0xff, 0xff, 0xff, 0xff, 0xff, 0xff, 0xff, 0xff, 0xff,
    0xff, 0xff, 0xff, 0xff, 0xff, 0xff, 0xff, 0xff, 0xff, 0xff, 0xff, 0xff, 0xff, 0x00, 0x00, 0x00, 0x00, 0x00, 0x00, 0x00, 0x00, 0x00, 0x00, 0x00, 0x00, 0x00, 0x00, 0x00, 0x00, 0x00, 0x00, 0x00,
    0x00, 0x00, 0x00, 0x00, 0x00, 0x00, 0x00, 0x00, 0x00, 0x00, 0x00, 0x00, 0x00, 0x00, 0x00, 0x00, 0x00, 0x00, 0x00, 0xff, 0xff, 0xff, 0xff, 0xff, 0xff, 0xff, 0xff, 0xff, 0xff, 0xff, 0xff, 0xff,
    0xff, 0xff, 0xff, 0xff, 0xff, 0xff, 0xff, 0xff, 0xff, 0xff, 0xff, 0xff, 0xff, 0xff, 0x00, 0x00, 0x00, 0x00, 0x00, 0x00, 0x00, 0x00, 0x00, 0x00, 0x00, 0x00, 0x00, 0x00, 0x00, 0x00, 0x00, 0x00,
    0x00, 0x00, 0x00, 0x00, 0x00, 0x00, 0x00, 0x00, 0x00, 0x00, 0x00, 0x00, 0x00, 0x00, 0x00, 0x00, 0x00, 0x00, 0x00, 0xff, 0xff, 0xff, 0xff, 0xff, 0xff, 0xff, 0xff, 0xff, 0xff, 0xff, 0xff, 0xff,
    0xff, 0xff, 0xff, 0xff, 0xff, 0xff, 0xff, 0xff, 0xff, 0xff, 0xff, 0xff, 0xff, 0xff, 0x00, 0x00, 0x00, 0x00, 0x00, 0x00, 0x00, 0x00, 0x00, 0x00, 0x00, 0x00, 0x00, 0x00, 0x00, 0x00, 0x00, 0x00,
    0x00, 0x00, 0x00, 0x00, 0x00, 0x00, 0x00, 0x00, 0x00, 0x00, 0x00, 0x00, 0x00, 0x00, 0x00, 0x00, 0x00, 0x00, 0xff, 0xff, 0xff, 0xff, 0xff, 0xff, 0xff, 0xff, 0xff, 0xff, 0xff, 0xff, 0xff, 0xff,
    0xff, 0xff, 0xff, 0xff, 0xff, 0xff, 0xff, 0xff, 0xff, 0xff, 0xff, 0xff, 0xff, 0xff, 0xff, 0x00, 0x00, 0x00, 0x00, 0x00, 0x00, 0x00, 0x00, 0x00, 0x00, 0x00, 0x00, 0x00, 0x00, 0x00, 0x00, 0x00,
    0x00, 0x00, 0x00, 0x00, 0x00, 0x00, 0x00, 0x00, 0x00, 0x00, 0x00, 0x00, 0x00, 0x00, 0x00, 0x00, 0x00, 0x00, 0xff, 0xff, 0xff, 0xff, 0xff, 0xff, 0xff, 0xff, 0xff, 0xff, 0xff, 0xff, 0xff, 0xff,
    0xff, 0xff, 0xff, 0xff, 0xff, 0xff, 0xff, 0xff, 0xff, 0xff, 0xff, 0xff, 0xff, 0xff, 0xff, 0x00, 0x00, 0x00, 0x00, 0x00, 0x00, 0x00, 0x00, 0x00, 0x00, 0x00, 0x00, 0x00, 0x00, 0x00, 0x00, 0x00,
    0x00, 0x00, 0x00, 0x00, 0x00, 0x00, 0x00, 0x00, 0x00, 0x00, 0x00, 0x00, 0x00, 0x00, 0x00, 0x00, 0x00, 0xff, 0xff, 0xff, 0xff, 0xff, 0xff, 0xff, 0xff, 0xff, 0xff, 0xff, 0xff, 0xff, 0xff, 0xff,
    0xff, 0xff, 0xff, 0xff, 0xff, 0xff, 0xff, 0xff, 0xff, 0xff, 0xff, 0xff, 0xff, 0xff, 0xff, 0xff, 0x00, 0x00, 0x00, 0x00, 0x00, 0x00, 0x00, 0x00, 0x00, 0x00, 0x00, 0x00, 0x00, 0x00, 0x00, 0x00,
    0x00, 0x00, 0x00, 0x00, 0x00, 0x00, 0x00, 0x00, 0x00, 0x00, 0x00, 0x00, 0x00, 0x00, 0x00, 0x00, 0x00, 0xff, 0xff, 0xff, 0xff, 0xff, 0xff, 0xff, 0xff, 0xff, 0xff, 0xff, 0xff, 0xff, 0xff, 0xff,
    0xff, 0xff, 0xff, 0xff, 0xff, 0xff, 0xff, 0xff, 0xff, 0xff, 0xff, 0xff, 0xff, 0xff, 0xff, 0xff, 0x00, 0x00, 0x00, 0x00, 0x00, 0x00, 0x00, 0x00, 0x00, 0x00, 0x00, 0x00, 0x00, 0x00, 0x00, 0x00,
    0x00, 0x00, 0x00, 0x00, 0x00, 0x00, 0x00, 0x00, 0x00, 0x00, 0x00, 0x00, 0x00, 0x00, 0x00, 0x00, 0xff, 0xff, 0xff, 0xff, 0xff, 0xff, 0xff, 0xff, 0xff, 0xff, 0xff, 0xff, 0xff, 0xff, 0xff, 0xff,
    0xff, 0xff, 0xff, 0xff, 0xff, 0xff, 0xff, 0xff, 0xff, 0xff, 0xff, 0xff, 0xff, 0xff, 0xff, 0xff, 0xff, 0x00, 0x00, 0x00, 0x00, 0x00, 0x00, 0x00, 0x00, 0x00, 0x00, 0x00, 0x00, 0x00, 0x00, 0x00,
    0x00, 0x00, 0x00, 0x00, 0x00, 0x00, 0x00, 0x00, 0x00, 0x00, 0x00, 0x00, 0x00, 0x00, 0x00, 0x00, 0xff, 0xff, 0xff, 0xff, 0xff, 0xff, 0xff, 0xff, 0xff, 0xff, 0xff, 0xff, 0xff, 0xff, 0xff, 0xff,
    0xff, 0xff, 0xff, 0xff, 0xff, 0xff, 0xff, 0xff, 0xff, 0xff, 0xff, 0xff, 0xff, 0xff, 0xff, 0xff, 0xff, 0x00, 0x00, 0x00, 0x00, 0x00, 0x00, 0x00, 0x00, 0x00, 0x00, 0x00, 0x00, 0x00, 0x00, 0x00,
    0x00, 0x00, 0x00, 0x00, 0x00, 0x00, 0x00, 0x00, 0x00, 0x00, 0x00, 0x00, 0x00, 0x00, 0x00, 0xff, 0xff, 0xff, 0xff, 0xff, 0xff, 0xff, 0xff, 0xff, 0xff, 0xff, 0xff, 0xff, 0xff, 0xff, 0xff, 0xff,
    0xff, 0xff, 0xff, 0xff, 0xff, 0xff, 0xff, 0xff, 0xff, 0xff, 0xff, 0xff, 0xff, 0xff, 0xff, 0xff, 0xff, 0xff, 0x00, 0x00, 0x00, 0x00, 0x00, 0x00, 0x00, 0x00, 0x00, 0x00, 0x00, 0x00, 0x00, 0x00,
    0x00, 0x00, 0x00, 0x00, 0x00, 0x00, 0x00, 0x00, 0x00, 0x00, 0x00, 0x00, 0x00, 0x00, 0xff, 0xff, 0xff, 0xff, 0xff, 0xff, 0xff, 0xff, 0xff, 0xff, 0xff, 0xff, 0xff, 0xff, 0xff, 0xff, 0xff, 0xff,
    0xff, 0xff, 0xff, 0xff, 0xff, 0xff, 0xff, 0xff, 0xff, 0xff, 0xff, 0xff, 0xff, 0xff, 0xff, 0xff, 0xff, 0xff, 0xff, 0x00, 0x00, 0x00, 0x00, 0x00, 0x00, 0x00, 0x00, 0x00, 0x00, 0x00, 0x00, 0x00,
    0x00, 0x00, 0x00, 0x00, 0x00, 0x00, 0x00, 0x00, 0x00, 0x00, 0x00, 0x00, 0x00, 0x00, 0xff, 0xff, 0xff, 0xff, 0xff, 0xff, 0xff, 0xff, 0xff, 0xff, 0xff, 0xff, 0xff, 0xff, 0xff, 0xff, 0xff, 0xff,
    0xff, 0xff, 0xff, 0xff, 0xff, 0xff, 0xff, 0xff, 0xff, 0xff, 0xff, 0xff, 0xff, 0xff, 0xff, 0xff, 0xff, 0xff, 0xff, 0x00, 0x00, 0x00, 0x00, 0x00, 0x00, 0x00, 0x00, 0x00, 0x00, 0x00, 0x00, 0x00,
    0x00, 0x00, 0x00, 0x00, 0x00, 0x00, 0x00, 0x00, 0x00, 0x00, 0x00, 0x00, 0x00, 0xff, 0xff, 0xff, 0xff, 0xff, 0xff, 0xff, 0xff, 0xff, 0xff, 0xff, 0xff, 0xff, 0xff, 0xff, 0xff, 0xff, 0xff, 0xff,
    0xff, 0xff, 0xff, 0xff, 0xff, 0xff, 0xff, 0xff, 0xff, 0xff, 0xff, 0xff, 0xff, 0xff, 0xff, 0xff, 0xff, 0xff, 0xff, 0xff, 0x00, 0x00, 0x00, 0x00, 0x00, 0x00, 0x00, 0x00, 0x00, 0x00, 0x00, 0x00,
    0x00, 0x00, 0x00, 0x00, 0x00, 0x00, 0x00, 0x00, 0x00, 0x00, 0x00, 0x00, 0x00, 0xff, 0xff, 0xff, 0xff, 0xff, 0xff, 0xff, 0xff, 0xff, 0xff, 0xff, 0xff, 0xff, 0xff, 0xff, 0xff, 0xff, 0xff, 0xff,
    0xff, 0xff, 0xff, 0xff, 0xff, 0xff, 0xff, 0xff, 0xff, 0xff, 0xff, 0xff, 0xff, 0xff, 0xff, 0xff, 0xff, 0xff, 0xff, 0xff, 0x00, 0x00, 0x00, 0x00, 0x00, 0x00, 0x00, 0x00, 0x00, 0x00, 0x00, 0x00,
    0x00, 0x00, 0x00, 0x00, 0x00, 0x00, 0x00, 0x00, 0x00, 0x00, 0x00, 0x00, 0xff, 0xff, 0xff, 0xff, 0xff, 0xff, 0xff, 0xff, 0xff, 0xff, 0xff, 0xff, 0xff, 0xff, 0xff, 0xff, 0xff, 0xff, 0xff, 0xff,
    0xff, 0xff, 0xff, 0xff, 0xff, 0xff, 0xff, 0xff, 0xff, 0xff, 0xff, 0xff, 0xff, 0xff, 0xff, 0xff, 0xff, 0xff, 0xff, 0xff, 0xff, 0x00, 0x00, 0x00, 0x00, 0x00, 0x00, 0x00, 0x00, 0x00, 0x00, 0x00,
    0x00, 0x00, 0x00, 0x00, 0x00, 0x00, 0x00, 0x00, 0x00, 0x00, 0x00, 0x00, 0xff, 0xff, 0xff, 0xff, 0xff, 0xff, 0xff, 0xff, 0xff, 0xff, 0xff, 0xff, 0xff, 0xff, 0xff, 0xff, 0xff, 0xff, 0xff, 0xff,
    0xff, 0xff, 0xff, 0xff, 0xff, 0xff, 0xff, 0xff, 0xff, 0xff, 0xff, 0xff, 0xff, 0xff, 0xff, 0xff, 0xff, 0xff, 0xff, 0xff, 0xff, 0x00, 0x00, 0x00, 0x00, 0x00, 0x00, 0x00, 0x00, 0x00, 0x00, 0x00,
    0x00, 0x00, 0x00, 0x00, 0x00, 0x00, 0x00, 0x00, 0x00, 0x00, 0x00, 0xff, 0xff, 0xff, 0xff, 0xff, 0xff, 0xff, 0xff, 0xff, 0xff, 0xff, 0xff, 0xff, 0xff, 0xff, 0xff, 0xff, 0xff, 0xff, 0xff, 0xff,
    0xff, 0xff, 0xff, 0xff, 0xff, 0xff, 0xff, 0xff, 0xff, 0xff, 0xff, 0xff, 0xff, 0xff, 0xff, 0xff, 0xff, 0xff, 0xff, 0xff, 0xff, 0xff, 0x00, 0x00, 0x00, 0x00, 0x00, 0x00, 0x00, 0x00, 0x00, 0x00,
    0x00, 0x00, 0x00, 0x00, 0x00, 0x00, 0x00, 0x00, 0x00, 0x00, 0x00, 0xff, 0xff, 0xff, 0xff, 0xff, 0xff, 0xff, 0xff, 0xff, 0xff, 0xff, 0xff, 0xff, 0xff, 0xff, 0xff, 0xff, 0xff, 0xff, 0xff, 0xff,
    0xff, 0xff, 0xff, 0xff, 0xff, 0xff, 0xff, 0xff, 0xff, 0xff, 0xff, 0xff, 0xff, 0xff, 0xff, 0xff, 0xff, 0xff, 0xff, 0xff, 0xff, 0xff, 0x00, 0x00, 0x00, 0x00, 0x00, 0x00, 0x00, 0x00, 0x00, 0x00,
    0x00, 0x00, 0x00, 0x00, 0x00, 0x00, 0x00, 0x00, 0x00, 0x00, 0xff, 0xff, 0xff, 0xff, 0xff, 0xff, 0xff, 0xff, 0xff, 0xff, 0xff, 0xff, 0xff, 0xff, 0xff, 0xff, 0xff, 0xff, 0xff, 0xff, 0xff, 0xff,
    0xff, 0xff, 0xff, 0xff, 0xff, 0xff, 0xff, 0xff, 0xff, 0xff, 0xff, 0xff, 0xff, 0xff, 0xff, 0xff, 0xff, 0xff, 0xff, 0xff, 0xff, 0xff, 0xff, 0x00, 0x00, 0x00, 0x00, 0x00, 0x00, 0x00, 0x00, 0x00,
    0x00, 0x00, 0x00, 0x00, 0x00, 0x00, 0x00, 0x00, 0x00, 0x00, 0x00, 0x00, 0x00, 0x00, 0x00, 0x00, 0x00, 0x00, 0x00, 0x00, 0x00, 0x00, 0xff, 0xff, 0xff, 0xff, 0xff, 0x00, 0x00, 0x00, 0x00, 0x00,
    0x00, 0x00, 0x00, 0x00, 0x00, 0x00, 0xff, 0xff, 0xff, 0xff, 0xff, 0x00, 0x00, 0x00, 0x00, 0x00, 0x00, 0x00, 0x00, 0x00, 0x00, 0x00, 0x00, 0x00, 0x00, 0x00, 0x00, 0x00, 0x00, 0x00, 0x00, 0x00,
    0x00, 0x00, 0x00, 0x00, 0x00, 0x00, 0x00, 0x00, 0x00, 0x00, 0x00, 0x00, 0x00, 0x00, 0x00, 0x00, 0x00, 0x00, 0x00, 0x00, 0x00, 0xff, 0xff, 0xff, 0xff, 0xff, 0xff, 0xff, 0x00, 0x00, 0x00, 0x00,
    0x00, 0x00, 0x00, 0x00, 0x00, 0xff, 0xff, 0xff, 0xff, 0xff, 0xff, 0xff, 0x00, 0x00, 0x00, 0x00, 0x00, 0x00, 0x00, 0x00, 0x00, 0x00, 0x00, 0x00, 0x00, 0x00, 0x00, 0x00, 0x00, 0x00, 0x00, 0x00,
    0x00, 0x00, 0x00, 0x00, 0x00, 0x00, 0x00, 0x00, 0x00, 0x00, 0x00, 0x00, 0x00, 0x00, 0x00, 0x00, 0x00, 0x00, 0x00, 0x00, 0x00, 0xff, 0xff, 0xff, 0xff, 0xff, 0xff, 0xff, 0x00, 0x00, 0x00, 0x00,
    0x00, 0x00, 0x00, 0x00, 0x00, 0xff, 0xff, 0xff, 0xff, 0xff, 0xff, 0xff, 0x00, 0x00, 0x00, 0x00, 0x00, 0x00, 0x00, 0x00, 0x00, 0x00, 0x00, 0x00, 0x00, 0x00, 0x00, 0x00, 0x00, 0x00, 0x00, 0x00,
    0x00, 0x00, 0x00, 0x00, 0x00, 0x00, 0x00, 0x00, 0x00, 0x00, 0x00, 0x00, 0x00, 0x00, 0x00, 0x00, 0x00, 0x00, 0x00, 0x00, 0x00, 0x00, 0x00, 0x00, 0x00, 0x00, 0x00, 0x00, 0x00, 0x00, 0x00, 0x00,
    0x00, 0x00, 0x00, 0x00, 0x00, 0x00, 0x00, 0x00, 0x00, 0x00, 0x00, 0x00, 0x00, 0x00, 0x00, 0x00, 0x00, 0x00, 0x00, 0x00, 0x00, 0x00, 0x00, 0x00, 0x00, 0x00, 0x00, 0x00, 0x00, 0x00, 0x00, 0x00,
    0x00, 0x00, 0x00, 0x00, 0x00, 0x00, 0x00, 0x00, 0x00, 0x00, 0x00, 0x00, 0x00, 0x00, 0x00, 0x00, 0x00, 0x00, 0x00, 0x00, 0x00, 0x00, 0x00, 0x00, 0x00, 0x00, 0x00, 0x00, 0x00, 0x00, 0x00, 0x00,
    0x00, 0x00, 0x00, 0x00, 0x00, 0x00, 0x00, 0x00, 0x00, 0x00, 0x00, 0x00, 0x00, 0x00, 0x00, 0x00, 0x00, 0x00, 0x00, 0x00, 0x00, 0x00, 0x00, 0x00, 0x00, 0x00, 0x00, 0x00, 0x00, 0x00, 0x00, 0x00,
};

const lv_image_dsc_t sabrina_happy_a = {
    .header = {
        .magic = LV_IMAGE_HEADER_MAGIC,
        .cf = LV_COLOR_FORMAT_RGB565A8,
        .flags = 0,
        .w = 64,
        .h = 64,
        .stride = 128,
    },
    .data_size = sizeof(sabrina_happy_a_map),
    .data = sabrina_happy_a_map,
};

static const uint8_t sabrina_happy_b_map[] = {
    0x00, 0x00, 0x00, 0x00, 0x00, 0x00, 0x00, 0x00, 0x00, 0x00, 0x00, 0x00, 0x00, 0x00, 0x00, 0x00, 0x00, 0x00, 0x00, 0x00, 0x00, 0x00, 0x00, 0x00, 0x00, 0x00, 0x00, 0x00, 0x00, 0x00, 0x00, 0x00,
    0x00, 0x00, 0x00, 0x00, 0x4a, 0x59, 0x00, 0x00, 0x00, 0x00, 0x00, 0x00, 0x00, 0x00, 0x00, 0x00, 0x00, 0x00, 0x00, 0x00, 0x00, 0x00, 0x00, 0x00, 0x00, 0x00, 0x00, 0x00, 0x00, 0x00, 0x00, 0x00,
    0x00, 0x00, 0x00, 0x00, 0x00, 0x00, 0x00, 0x00, 0x00, 0x00, 0x00, 0x00, 0x00, 0x00, 0x00, 0x00, 0x00, 0x00, 0x00, 0x00, 0x00, 0x00, 0x00, 0x00, 0x00, 0x00, 0x4a, 0x59, 0x4a, 0x59, 0x00, 0x00,
    0x00, 0x00, 0x00, 0x00, 0x00, 0x00, 0x00, 0x00, 0x00, 0x00, 0x00, 0x00, 0x00, 0x00, 0x00, 0x00, 0x00, 0x00, 0x00, 0x00, 0x00, 0x00, 0x00, 0x00, 0x00, 0x00, 0x00, 0x00, 0x00, 0x00, 0x00, 0x00,
    0x00, 0x00, 0x00, 0x00, 0x00, 0x00, 0x00, 0x00, 0x00, 0x00, 0x00, 0x00, 0x00, 0x00, 0x00, 0x00, 0x00, 0x00, 0x00, 0x00, 0x00, 0x00, 0x00, 0x00, 0x00, 0x00, 0x00, 0x00, 0x00, 0x00, 0x00, 0x00,
    0x00, 0x00, 0x4a, 0x59, 0x7a, 0xfd, 0x4a, 0x59, 0x00, 0x00, 0x00, 0x00, 0x00, 0x00, 0x00, 0x00, 0x00, 0x00, 0x00, 0x00, 0x00, 0x00, 0x00, 0x00, 0x00, 0x00, 0x00, 0x00, 0x00, 0x00, 0x00, 0x00,
    0x00, 0x00, 0x00, 0x00, 0x00, 0x00, 0x00, 0x00, 0x00, 0x00, 0x00, 0x00, 0x00, 0x00, 0x00, 0x00, 0x00, 0x00, 0x00, 0x00, 0x00, 0x00, 0x00, 0x00, 0x00, 0x00, 0x4a, 0x59, 0x4a, 0x59, 0x00, 0x00,
    0x00, 0x00, 0x00, 0x00, 0x00, 0x00, 0x00, 0x00, 0x00, 0x00, 0x00, 0x00, 0x00, 0x00, 0x00, 0x00, 0x00, 0x00, 0x00, 0x00, 0x00, 0x00, 0x00, 0x00, 0x00, 0x00, 0x00, 0x00, 0x00, 0x00, 0x00, 0x00,
    0x00, 0x00, 0x00, 0x00, 0x00, 0x00, 0x00, 0x00, 0x00, 0x00, 0x00, 0x00, 0x00, 0x00, 0x00, 0x00, 0x00, 0x00, 0x00, 0x00, 0x00, 0x00, 0x00, 0x00, 0x00, 0x00, 0x00, 0x00, 0x00, 0x00, 0x00, 0x00,
    0x00, 0x00, 0x4a, 0x59, 0x7a, 0xfd, 0x4a, 0x59, 0x00, 0x00, 0x00, 0x00, 0x00, 0x00, 0x00, 0x00, 0x00, 0x00, 0x00, 0x00, 0x00, 0x00, 0x00, 0x00, 0x00, 0x00, 0x00, 0x00, 0x00, 0x00, 0x00, 0x00,
    0x00, 0x00, 0x00, 0x00, 0x00, 0x00, 0x00, 0x00, 0x00, 0x00, 0x00, 0x00, 0x00, 0x00, 0x00, 0x00, 0x00, 0x00, 0x00, 0x00, 0x00, 0x00, 0x00, 0x00, 0x4a, 0x59, 0x7a, 0xfd, 0x7a, 0xfd, 0x4a, 0x59,
    0x00, 0x00, 0x00, 0x00, 0x00, 0x00, 0x00, 0x00, 0x00, 0x00, 0x00, 0x00, 0x00, 0x00, 0x00, 0x00, 0x00, 0x00, 0x00, 0x00, 0x00, 0x00, 0x00, 0x00, 0x00, 0x00, 0x00, 0x00, 0x00, 0x00, 0x00, 0x00,
    0x00, 0x00, 0x00, 0x00, 0x00, 0x00, 0x00, 0x00, 0x00, 0x00, 0x00, 0x00, 0x00, 0x00, 0x00, 0x00, 0x00, 0x00, 0x00, 0x00, 0x00, 0x00, 0x00, 0x00, 0x00, 0x00, 0x00, 0x00, 0x00, 0x00, 0x00, 0x00,
    0x00, 0x00, 0x4a, 0x59, 0x7a, 0xfd, 0x7a, 0xfd, 0x32, 0xfb, 0x00, 0x00, 0x00, 0x00, 0x00, 0x00, 0x4a, 0x59, 0x4a, 0x59, 0x4a, 0x59, 0x00, 0x00, 0x00, 0x00, 0x00, 0x00, 0x00, 0x00, 0x00, 0x00,
    0x00, 0x00, 0x00, 0x00, 0x00, 0x00, 0x00, 0x00, 0x00, 0x00, 0x00, 0x00, 0x4a, 0x59, 0x4a, 0x59, 0x4a, 0x59, 0x00, 0x00, 0x00, 0x00, 0x00, 0x00, 0x32, 0xfb, 0x7a, 0xfd, 0x7a, 0xfd, 0x4a, 0x59,
    0x00, 0x00, 0x00, 0x00, 0x00, 0x00, 0x00, 0x00, 0x00, 0x00, 0x00, 0x00, 0x00, 0x00, 0x00, 0x00, 0x00, 0x00, 0x00, 0x00, 0x00, 0x00, 0x00, 0x00, 0x00, 0x00, 0x00, 0x00, 0x00, 0x00, 0x00, 0x00,
    0x00, 0x00, 0x00, 0x00, 0x00, 0x00, 0x00, 0x00, 0x00, 0x00, 0x00, 0x00, 0x00, 0x00, 0x00, 0x00, 0x00, 0x00, 0x00, 0x00, 0x00, 0x00, 0x00, 0x00, 0x00, 0x00, 0x00, 0x00, 0x00, 0x00, 0x00, 0x00,
    0x00, 0x00, 0x4a, 0x59, 0x7a, 0xfd, 0x7a, 0xfd, 0x32, 0xfb, 0x00, 0x00, 0x4a, 0x59, 0x4a, 0x59, 0x32, 0xfb, 0x32, 0xfb, 0x32, 0xfb, 0x4a, 0x59, 0x4a, 0x59, 0x00, 0x00, 0x00, 0x00, 0x00, 0x00,
    0x00, 0x00, 0x00, 0x00, 0x00, 0x00, 0x00, 0x00, 0x4a, 0x59, 0x4a, 0x59, 0x32, 0xfb, 0x32, 0xfb, 0x32, 0xfb, 0x4a, 0x59, 0x4a, 0x59, 0x4a, 0x59, 0x32, 0xfb, 0x7a, 0xfd, 0x7a, 0xfd, 0x4a, 0x59,
    0x00, 0x00, 0x00, 0x00, 0x00, 0x00, 0x00, 0x00, 0x00, 0x00, 0x00, 0x00, 0x00, 0x00, 0x00, 0x00, 0x00, 0x00, 0x00, 0x00, 0x00, 0x00, 0x00, 0x00, 0x00, 0x00, 0x00, 0x00, 0x00, 0x00, 0x00, 0x00,
    0x00, 0x00, 0x00, 0x00, 0x00, 0x00, 0x00, 0x00, 0x00, 0x00, 0x00, 0x00, 0x00, 0x00, 0x00, 0x00, 0x00, 0x00, 0x00, 0x00, 0x00, 0x00, 0x00, 0x00, 0x00, 0x00, 0x00, 0x00, 0x00, 0x00, 0x00, 0x00,
    0x4a, 0x59, 0x7a, 0xfd, 0x7a, 0xfd, 0x32, 0xfb, 0xed, 0xc9, 0x4a, 0x59, 0x32, 0xfb, 0x32, 0xfb, 0x32, 0xfb, 0x32, 0xfb, 0x32, 0xfb, 0x32, 0xfb, 0x32, 0xfb, 0x4a, 0x59, 0x4a, 0x59, 0x4a, 0x59,
    0x4a, 0x59, 0x4a, 0x59, 0x4a, 0x59, 0x4a, 0x59, 0x32, 0xfb, 0x32, 0xfb, 0x32, 0xfb, 0x32, 0xfb, 0x32, 0xfb, 0x32, 0xfb, 0x32, 0xfb, 0x4a, 0x59, 0xed, 0xc9, 0x32, 0xfb, 0x7a, 0xfd, 0x4a, 0x59,
    0x00, 0x00, 0x00, 0x00, 0x00, 0x00, 0x00, 0x00, 0x00, 0x00, 0x00, 0x00, 0x00, 0x00, 0x00, 0x00, 0x00, 0x00, 0x00, 0x00, 0x00, 0x00, 0x00, 0x00, 0x00, 0x00, 0x00, 0x00, 0x00, 0x00, 0x00, 0x00,
    0x00, 0x00, 0x00, 0x00, 0x00, 0x00, 0x00, 0x00, 0x00, 0x00, 0x00, 0x00, 0x00, 0x00, 0x00, 0x00, 0x00, 0x00, 0x00, 0x00, 0x00, 0x00, 0x00, 0x00, 0x00, 0x00, 0x00, 0x00, 0x00, 0x00, 0x00, 0x00,
    0x4a, 0x59, 0x7a, 0xfd, 0x7a, 0xfd, 0x32, 0xfb, 0xed, 0xc9, 0x4a, 0x59, 0x32, 0xfb, 0x32, 0xfb, 0x32, 0xfb, 0x32, 0xfb, 0x32, 0xfb, 0x32, 0xfb, 0x32, 0xfb, 0x4a, 0x59, 0xed, 0xc9, 0xed, 0xc9,
    0xed, 0xc9, 0xed, 0xc9, 0xed, 0xc9, 0x4a, 0x59, 0x32, 0xfb, 0x32, 0xfb, 0x32, 0xfb, 0x32, 0xfb, 0x32, 0xfb, 0x32, 0xfb, 0x32, 0xfb, 0x4a, 0x59, 0xed, 0xc9, 0x32, 0xfb, 0x7a, 0xfd, 0x7a, 0xfd,
    0x4a, 0x59, 0x00, 0x00, 0x00, 0x00, 0x00, 0x00, 0x00, 0x00, 0x00, 0x00, 0x00, 0x00, 0x00, 0x00, 0x00, 0x00, 0x00, 0x00, 0x00, 0x00, 0x00, 0x00, 0x00, 0x00, 0x00, 0x00, 0x00, 0x00, 0x00, 0x00,
    0x00, 0x00, 0x00, 0x00, 0x00, 0x00, 0x00, 0x00, 0x00, 0x00, 0x00, 0x00, 0x00, 0x00, 0x00, 0x00, 0x00, 0x00, 0x00, 0x00, 0x00, 0x00, 0x00, 0x00, 0x00, 0x00, 0x00, 0x00, 0x00, 0x00, 0x00, 0x00,
    0x4a, 0x59, 0x7a, 0xfd, 0x7a, 0xfd, 0x32, 0xfb, 0x4a, 0x59, 0x32, 0xfb, 0x32, 0xfb, 0x32, 0xfb, 0x32, 0xfb, 0x32, 0xfb, 0x32, 0xfb, 0x32, 0xfb, 0x32, 0xfb, 0x4a, 0x59, 0xff, 0xff, 0xec, 0xf1,
    0xed, 0xc9, 0xec, 0xf1, 0xec, 0xf1, 0x4a, 0x59, 0x32, 0xfb, 0x32, 0xfb, 0x32, 0xfb, 0x32, 0xfb, 0x32, 0xfb, 0x32, 0xfb, 0x32, 0xfb, 0x32, 0xfb, 0x4a, 0x59, 0x32, 0xfb, 0x7a, 0xfd, 0x7a, 0xfd,
    0x4a, 0x59, 0x00, 0x00, 0x00, 0x00, 0x00, 0x00, 0x00, 0x00, 0x00, 0x00, 0x00, 0x00, 0x00, 0x00, 0x00, 0x00, 0x00, 0x00, 0x00, 0x00, 0x00, 0x00, 0x00, 0x00, 0x00, 0x00, 0x00, 0x00, 0x00, 0x00,
    0x00, 0x00, 0x00, 0x00, 0x00, 0x00, 0x00, 0x00, 0x00, 0x00, 0x00, 0x00, 0x00, 0x00, 0x00, 0x00, 0x00, 0x00, 0x00, 0x00, 0x00, 0x00, 0x00, 0x00, 0x00, 0x00, 0x00, 0x00, 0x00, 0x00, 0x00, 0x00,
    0x4a, 0x59, 0x7a, 0xfd, 0x7a, 0xfd, 0x32, 0xfb, 0x4a, 0x59, 0x32, 0xfb, 0x32, 0xfb, 0x32, 0xfb, 0x32, 0xfb, 0x32, 0xfb, 0x32, 0xfb, 0x32, 0xfb, 0x32, 0xfb, 0x4a, 0x59, 0xec, 0xf1, 0xec, 0xf1,
    0xec, 0xf1, 0xec, 0xf1, 0xec, 0xf1, 0x4a, 0x59, 0x32, 0xfb, 0x32, 0xfb, 0x32, 0xfb, 0x32, 0xfb, 0x32, 0xfb, 0x32, 0xfb, 0x32, 0xfb, 0x32, 0xfb, 0x4a, 0x59, 0x32, 0xfb, 0x7a, 0xfd, 0x7a, 0xfd,
    0x4a, 0x59, 0x00, 0x00, 0x00, 0x00, 0x00, 0x00, 0x00, 0x00, 0x00, 0x00, 0x00, 0x00, 0x00, 0x00, 0x00, 0x00, 0x00, 0x00, 0x00, 0x00, 0x00, 0x00, 0x00, 0x00, 0x00, 0x00, 0x00, 0x00, 0x00, 0x00,
    0x00, 0x00, 0x00, 0x00, 0x00, 0x00, 0x00, 0x00, 0x00, 0x00, 0x00, 0x00, 0x00, 0x00, 0x00, 0x00, 0x00, 0x00, 0x00, 0x00, 0x00, 0x00, 0x00, 0x00, 0x00, 0x00, 0x00, 0x00, 0x00, 0x00, 0x4a, 0x59,
    0x7a, 0xfd, 0x7a, 0xfd, 0x32, 0xfb, 0x32, 0xfb, 0x4a, 0x59, 0x32, 0xfb, 0x32, 0xfb, 0x32, 0xfb, 0x32, 0xfb, 0x32, 0xfb, 0x32, 0xfb, 0x32, 0xfb, 0x32, 0xfb, 0x4a, 0x59, 0xed, 0xc9, 0xec, 0xf1,
    0xec, 0xf1, 0xec, 0xf1, 0xed, 0xc9, 0x4a, 0x59, 0x32, 0xfb, 0x32, 0xfb, 0x32, 0xfb, 0x32, 0xfb, 0x32, 0xfb, 0x32, 0xfb, 0x32, 0xfb, 0x32, 0xfb, 0x4a, 0x59, 0x32, 0xfb, 0x32, 0xfb, 0x7a, 0xfd,
    0x4a, 0x59, 0x00, 0x00, 0x00, 0x00, 0x00, 0x00, 0x00, 0x00, 0x00, 0x00, 0x00, 0x00, 0x00, 0x00, 0x00, 0x00, 0x00, 0x00, 0x00, 0x00, 0x00, 0x00, 0x00, 0x00, 0x00, 0x00, 0x00, 0x00, 0x00, 0x00,
    0x00, 0x00, 0x00, 0x00, 0x00, 0x00, 0x00, 0x00, 0x00, 0x00, 0x00, 0x00, 0x00, 0x00, 0x00, 0x00, 0x00, 0x00, 0x00, 0x00, 0x00, 0x00, 0x00, 0x00, 0x00, 0x00, 0x00, 0x00, 0x00, 0x00, 0x4a, 0x59,
    0x7a, 0xfd, 0x7a, 0xfd, 0x32, 0xfb, 0x32, 0xfb, 0x4a, 0x59, 0x32, 0xfb, 0x32, 0xfb, 0x32, 0xfb, 0x32, 0xfb, 0x32, 0xfb, 0x32, 0xfb, 0x32, 0xfb, 0x32, 0xfb, 0x4a, 0x59, 0xed, 0xc9, 0xed, 0xc9,
    0xec, 0xf1, 0xed, 0xc9, 0xed, 0xc9, 0x4a, 0x59, 0x32, 0xfb, 0x32, 0xfb, 0x32, 0xfb, 0x32, 0xfb, 0x32, 0xfb, 0x32, 0xfb, 0x32, 0xfb, 0x32, 0xfb, 0x4a, 0x59, 0x32, 0xfb, 0x32, 0xfb, 0x7a, 0xfd,
    0x7a, 0xfd, 0x4a, 0x59, 0x00, 0x00, 0x00, 0x00, 0x00, 0x00, 0x00, 0x00, 0x00, 0x00, 0x00, 0x00, 0x00, 0x00, 0x00, 0x00, 0x00, 0x00, 0x00, 0x00, 0x00, 0x00, 0x00, 0x00, 0x00, 0x00, 0x00, 0x00,
    0x00, 0x00, 0x00, 0x00, 0x00, 0x00, 0x00, 0x00, 0x00, 0x00, 0x00, 0x00, 0x00, 0x00, 0x00, 0x00, 0x00, 0x00, 0x00, 0x00, 0x00, 0x00, 0x00, 0x00, 0x00, 0x00, 0x00, 0x00, 0x00, 0x00, 0x4a, 0x59,
    0x7a, 0xfd, 0x7a, 0xfd, 0x32, 0xfb, 0x32, 0xfb, 0x4a, 0x59, 0x32, 0xfb, 0x32, 0xfb, 0x32, 0xfb, 0x32, 0xfb, 0x32, 0xfb, 0x32, 0xfb, 0x32, 0xfb, 0x32, 0xfb, 0x4a, 0x59, 0xed, 0xc9, 0xed, 0xc9,
    0xed, 0xc9, 0xed, 0xc9, 0xed, 0xc9, 0x4a, 0x59, 0x32, 0xfb, 0x32, 0xfb, 0x32, 0xfb, 0x32, 0xfb, 0x32, 0xfb, 0x32, 0xfb, 0x32, 0xfb, 0x32, 0xfb, 0x4a, 0x59, 0x32, 0xfb, 0x32, 0xfb, 0x7a, 0xfd,
    0x7a, 0xfd, 0x4a, 0x59, 0x00, 0x00, 0x00, 0x00, 0x00, 0x00, 0x00, 0x00, 0x00, 0x00, 0x00, 0x00, 0x00, 0x00, 0x00, 0x00, 0x00, 0x00, 0x00, 0x00, 0x00, 0x00, 0x00, 0x00, 0x00, 0x00, 0x00, 0x00,
    0x00, 0x00, 0x00, 0x00, 0x00, 0x00, 0x00, 0x00, 0x00, 0x00, 0x00, 0x00, 0x00, 0x00, 0x00, 0x00, 0x00, 0x00, 0x00, 0x00, 0x00, 0x00, 0x00, 0x00, 0x00, 0x00, 0x00, 0x00, 0x00, 0x00, 0x4a, 0x59,
    0x7a, 0xfd, 0x32, 0xfb, 0x32, 0xfb, 0x32, 0xfb, 0x32, 0xfb, 0x4a, 0x59, 0x32, 0xfb, 0x32, 0xfb, 0x32, 0xfb, 0x32, 0xfb, 0x32, 0xfb, 0x32, 0xfb, 0x32, 0xfb, 0x4a, 0x59, 0xed, 0xc9, 0xed, 0xc9,
    0xed, 0xc9, 0xed, 0xc9, 0xed, 0xc9, 0x4a, 0x59, 0x32, 0xfb, 0x32, 0xfb, 0x32, 0xfb, 0x32, 0xfb, 0x32, 0xfb, 0x32, 0xfb, 0x32, 0xfb, 0x4a, 0x59, 0x32, 0xfb, 0x32, 0xfb, 0x32, 0xfb, 0x32, 0xfb,
    0x7a, 0xfd, 0x4a, 0x59, 0x00, 0x00, 0x00, 0x00, 0x00, 0x00, 0x00, 0x00, 0x00, 0x00, 0x00, 0x00, 0x00, 0x00, 0x00, 0x00, 0x00, 0x00, 0x00, 0x00, 0x00, 0x00, 0x00, 0x00, 0x00, 0x00, 0x00, 0x00,
    0x00, 0x00, 0x00, 0x00, 0x00, 0x00, 0x00, 0x00, 0x00, 0x00, 0x00, 0x00, 0x00, 0x00, 0x00, 0x00, 0x00, 0x00, 0x00, 0x00, 0x00, 0x00, 0x00, 0x00, 0x00, 0x00, 0x00, 0x00, 0x4a, 0x59, 0x7a, 0xfd,
    0x7a, 0xfd, 0x32, 0xfb, 0x32, 0xfb, 0x32, 0xfb, 0x32, 0xfb, 0x4a, 0x59, 0x32, 0xfb, 0x32, 0xfb, 0x32, 0xfb, 0x32, 0xfb, 0x32, 0xfb, 0x32, 0xfb, 0x4a, 0x59, 0x4a, 0x59, 0x4a, 0x59, 0x4a, 0x59,
    0x4a, 0x59, 0x4a, 0x59, 0x4a, 0x59, 0x4a, 0x59, 0x4a, 0x59, 0x32, 0xfb, 0x32, 0xfb, 0x32, 0xfb, 0x32, 0xfb, 0x32, 0xfb, 0x32, 0xfb, 0x4a, 0x59, 0x32, 0xfb, 0x32, 0xfb, 0x32, 0xfb, 0x32, 0xfb,
    0x7a, 0xfd, 0x4a, 0x59, 0x00, 0x00, 0x00, 0x00, 0x00, 0x00, 0x00, 0x00, 0x00, 0x00, 0x00, 0x00, 0x00, 0x00, 0x00, 0x00, 0x00, 0x00, 0x00, 0x00, 0x00, 0x00, 0x00, 0x00, 0x00, 0x00, 0x00, 0x00,
    0x00, 0x00, 0x00, 0x00, 0x00, 0x00, 0x00, 0x00, 0x00, 0x00, 0x00, 0x00, 0x00, 0x00, 0x00, 0x00, 0x00, 0x00, 0x00, 0x00, 0x00, 0x00, 0x00, 0x00, 0x00, 0x00, 0x00, 0x00, 0x4a, 0x59, 0x7a, 0xfd,
    0x7a, 0xfd, 0x7a, 0xfd, 0x7a, 0xfd, 0x7a, 0xfd, 0x7a, 0xfd, 0x7a, 0xfd, 0x4a, 0x59, 0x4a, 0x59, 0x32, 0xfb, 0x4a, 0x59, 0x4a, 0x59, 0x4a, 0x59, 0x7a, 0xfd, 0x7a, 0xfd, 0x7a, 0xfd, 0x7a, 0xfd,
    0x7a, 0xfd, 0x7a, 0xfd, 0x7a, 0xfd, 0x7a, 0xfd, 0x7a, 0xfd, 0x4a, 0x59, 0x4a, 0x59, 0x4a, 0x59, 0x32, 0xfb, 0x4a, 0x59, 0x4a, 0x59, 0x7a, 0xfd, 0x7a, 0xfd, 0x7a, 0xfd, 0x7a, 0xfd, 0x7a, 0xfd,
    0x7a, 0xfd, 0x7a, 0xfd, 0x4a, 0x59, 0x00, 0x00, 0x00, 0x00, 0x00, 0x00, 0x00, 0x00, 0x00, 0x00, 0x00, 0x00, 0x00, 0x00, 0x00, 0x00, 0x00, 0x00, 0x00, 0x00, 0x00, 0x00, 0x00, 0x00, 0x00, 0x00,
    0x00, 0x00, 0x00, 0x00, 0x00, 0x00, 0x00, 0x00, 0x00, 0x00, 0x00, 0x00, 0x00, 0x00, 0x00, 0x00, 0x00, 0x00, 0x00, 0x00, 0x00, 0x00, 0x00, 0x00, 0x00, 0x00, 0x00, 0x00, 0x4a, 0x59, 0x4a, 0x59,
    0x4a, 0x59, 0x4a, 0x59, 0x4a, 0x59, 0x4a, 0x59, 0x4a, 0x59, 0x4a, 0x59, 0x4a, 0x59, 0x4a, 0x59, 0x4a, 0x59, 0x4a, 0x59, 0x4a, 0x59, 0x4a, 0x59, 0x4a, 0x59, 0x4a, 0x59, 0x4a, 0x59, 0x4a, 0x59,
    0x4a, 0x59, 0x4a, 0x59, 0x4a, 0x59, 0x4a, 0x59, 0x4a, 0x59, 0x7a, 0xfd, 0x7a, 0xfd, 0x7a, 0xfd, 0x4a, 0x59, 0x4a, 0x59, 0x4a, 0x59, 0x4a, 0x59, 0x4a, 0x59, 0x4a, 0x59, 0x4a, 0x59, 0x4a, 0x59,
    0x4a, 0x59, 0x4a, 0x59, 0x4a, 0x59, 0x00, 0x00, 0x00, 0x00, 0x00, 0x00, 0x00, 0x00, 0x00, 0x00, 0x00, 0x00, 0x00, 0x00, 0x00, 0x00, 0x00, 0x00, 0x00, 0x00, 0x00, 0x00, 0x00, 0x00, 0x00, 0x00,
    0x00, 0x00, 0x00, 0x00, 0x00, 0x00, 0x00, 0x00, 0x00, 0x00, 0x00, 0x00, 0x00, 0x00, 0x00, 0x00, 0x00, 0x00, 0x00, 0x00, 0x00, 0x00, 0x00, 0x00, 0x00, 0x00, 0x00, 0x00, 0x00, 0x00, 0x00, 0x00,
    0x00, 0x00, 0x00, 0x00, 0x00, 0x00, 0x00, 0x00, 0x00, 0x00, 0x00, 0x00, 0x4a, 0x59, 0x7a, 0xfd, 0x4a, 0x59, 0x32, 0xfb, 0x32, 0xfb, 0x32, 0xfb, 0x4a, 0x59, 0xed, 0xc9, 0xed, 0xc9, 0xed, 0xc9,
    0x4a, 0x59, 0x32, 0xfb, 0x32, 0xfb, 0x32, 0xfb, 0x4a, 0x59, 0x7a, 0xfd, 0x7a, 0xfd, 0x7a, 0xfd, 0x7a, 0xfd, 0x7a, 0xfd, 0x4a, 0x59, 0x00, 0x00, 0x00, 0x00, 0x00, 0x00, 0x00, 0x00, 0x00, 0x00,
    0x00, 0x00, 0x00, 0x00, 0x00, 0x00, 0x00, 0x00, 0x00, 0x00, 0x00, 0x00, 0x00, 0x00, 0x00, 0x00, 0x00, 0x00, 0x00, 0x00, 0x00, 0x00, 0x00, 0x00, 0x00, 0x00, 0x00, 0x00, 0x00, 0x00, 0x00, 0x00,
    0x00, 0x00, 0x00, 0x00, 0x00, 0x00, 0x00, 0x00, 0x00, 0x00, 0x00, 0x00, 0x00, 0x00, 0x00, 0x00, 0x00, 0x00, 0x00, 0x00, 0x00, 0x00, 0x00, 0x00, 0x00, 0x00, 0x00, 0x00, 0x00, 0x00, 0x00, 0x00,
    0x00, 0x00, 0x00, 0x00, 0x00, 0x00, 0x00, 0x00, 0x00, 0x00, 0x4a, 0x59, 0x7a, 0xfd, 0x7a, 0xfd, 0x7a, 0xfd, 0x4a, 0x59, 0x32, 0xfb, 0x4a, 0x59, 0x4a, 0x59, 0xed, 0xc9, 0xed, 0xc9, 0x4a, 0x59,
    0x7a, 0xfd, 0x4a, 0x59, 0x32, 0xfb, 0x4a, 0x59, 0x7a, 0xfd, 0x7a, 0xfd, 0x7a, 0xfd, 0x7a, 0xfd, 0x7a, 0xfd, 0x7a, 0xfd, 0x7a, 0xfd, 0x4a, 0x59, 0x00, 0x00, 0x00, 0x00, 0x00, 0x00, 0x00, 0x00,
    0x00, 0x00, 0x00, 0x00, 0x00, 0x00, 0x00, 0x00, 0x00, 0x00, 0x00, 0x00, 0x00, 0x00, 0x00, 0x00, 0x00, 0x00, 0x00, 0x00, 0x00, 0x00, 0x00, 0x00, 0x00, 0x00, 0x00, 0x00, 0x00, 0x00, 0x00, 0x00,
    0x00, 0x00, 0x00, 0x00, 0x00, 0x00, 0x00, 0x00, 0x00, 0x00, 0x00, 0x00, 0x00, 0x00, 0x00, 0x00, 0x00, 0x00, 0x00, 0x00, 0x00, 0x00, 0x00, 0x00, 0x00, 0x00, 0x00, 0x00, 0x00, 0x00, 0x00, 0x00,
    0x00, 0x00, 0x00, 0x00, 0x00, 0x00, 0x00, 0x00, 0x4a, 0x59, 0x7a, 0xfd, 0x5c, 0xfe, 0x5c, 0xfe, 0x7a, 0xfd, 0x4a, 0x59, 0x32, 0xfb, 0x4a, 0x59, 0x7a, 0xfd, 0x4a, 0x59, 0xed, 0xc9, 0x4a, 0x59,
    0x7a, 0xfd, 0x4a, 0x59, 0x32, 0xfb, 0x4a, 0x59, 0x7a, 0xfd, 0x7a, 0xfd, 0x7a, 0xfd, 0x7a, 0xfd, 0x7a, 0xfd, 0x7a, 0xfd, 0x7a, 0xfd, 0x7a, 0xfd, 0x4a, 0x59, 0x00, 0x00, 0x00, 0x00, 0x00, 0x00,
    0x00, 0x00, 0x00, 0x00, 0x00, 0x00, 0x00, 0x00, 0x00, 0x00, 0x00, 0x00, 0x00, 0x00, 0x00, 0x00, 0x00, 0x00, 0x00, 0x00, 0x00, 0x00, 0x00, 0x00, 0x00, 0x00, 0x00, 0x00, 0x00, 0x00, 0x00, 0x00,
    0x00, 0x00, 0x00, 0x00, 0x00, 0x00, 0x00, 0x00, 0x00, 0x00, 0x00, 0x00, 0x00, 0x00, 0x00, 0x00, 0x00, 0x00, 0x00, 0x00, 0x00, 0x00, 0x00, 0x00, 0x00, 0x00, 0x00, 0x00, 0x00, 0x00, 0x00, 0x00,
    0x00, 0x00, 0x00, 0x00, 0x00, 0x00, 0x4a, 0x59, 0x7a, 0xfd, 0x7a, 0xfd, 0x5c, 0xfe, 0x7a, 0xfd, 0x7a, 0xfd, 0x4a, 0x59, 0x32, 0xfb, 0x4a, 0x59, 0x7a, 0xfd, 0x4a, 0x59, 0xed, 0xc9, 0x4a, 0x59,
    0x7a, 0xfd, 0x4a, 0x59, 0x32, 0xfb, 0x4a, 0x59, 0x7a, 0xfd, 0x7a, 0xfd, 0x7a, 0xfd, 0x7a, 0xfd, 0x7a, 0xfd, 0x7a, 0xfd, 0x7a, 0xfd, 0x7a, 0xfd, 0x7a, 0xfd, 0x4a, 0x59, 0x00, 0x00, 0x00, 0x00,
    0x00, 0x00, 0x00, 0x00, 0x00, 0x00, 0x00, 0x00, 0x00, 0x00, 0x00, 0x00, 0x00, 0x00, 0x00, 0x00, 0x00, 0x00, 0x00, 0x00, 0x00, 0x00, 0x00, 0x00, 0x00, 0x00, 0x00, 0x00, 0x00, 0x00, 0x00, 0x00,
    0x00, 0x00, 0x00, 0x00, 0x00, 0x00, 0x00, 0x00, 0x00, 0x00, 0x00, 0x00, 0x00, 0x00, 0x00, 0x00, 0x00, 0x00, 0x00, 0x00, 0x00, 0x00, 0x00, 0x00, 0x00, 0x00, 0x00, 0x00, 0x00, 0x00, 0x00, 0x00,
    0x00, 0x00, 0x00, 0x00, 0x4a, 0x59, 0x7a, 0xfd, 0x7a, 0xfd, 0x7a, 0xfd, 0x7a, 0xfd, 0x7a, 0xfd, 0x7a, 0xfd, 0x7a, 0xfd, 0x4a, 0x59, 0x7a, 0xfd, 0x7a, 0xfd, 0x4a, 0x59, 0xed, 0xc9, 0x4a, 0x59,
    0x7a, 0xfd, 0x7a, 0xfd, 0x4a, 0x59, 0x7a, 0xfd, 0x7a, 0xfd, 0x7a, 0xfd, 0x7a, 0xfd, 0x7a, 0xfd, 0x7a, 0xfd, 0x7a, 0xfd, 0x7a, 0xfd, 0x7a, 0xfd, 0x7a, 0xfd, 0x7a, 0xfd, 0x4a, 0x59, 0x00, 0x00,
    0x00, 0x00, 0x00, 0x00, 0x00, 0x00, 0x00, 0x00, 0x00, 0x00, 0x00, 0x00, 0x00, 0x00, 0x00, 0x00, 0x00, 0x00, 0x00, 0x00, 0x00, 0x00, 0x00, 0x00, 0x00, 0x00, 0x00, 0x00, 0x00, 0x00, 0x00, 0x00,
    0x00, 0x00, 0x00, 0x00, 0x00, 0x00, 0x00, 0x00, 0x00, 0x00, 0x00, 0x00, 0x00, 0x00, 0x00, 0x00, 0x00, 0x00, 0x00, 0x00, 0x00, 0x00, 0x00, 0x00, 0x00, 0x00, 0x00, 0x00, 0x00, 0x00, 0x00, 0x00,
    0x00, 0x00, 0x00, 0x00, 0x4a, 0x59, 0x7a, 0xfd, 0x7a, 0xfd, 0x7a, 0xfd, 0x7a, 0xfd, 0x7a, 0xfd, 0x7a, 0xfd, 0x7a, 0xfd, 0x4a, 0x59, 0x7a, 0xfd, 0x7a, 0xfd, 0x4a, 0x59, 0x4a, 0x59, 0x7a, 0xfd,
    0x7a, 0xfd, 0x7a, 0xfd, 0x4a, 0x59, 0x7a, 0xfd, 0x7a, 0xfd, 0x7a, 0xfd, 0x7a, 0xfd, 0x7a, 0xfd, 0x7a, 0xfd, 0x7a, 0xfd, 0x7a, 0xfd, 0x7a, 0xfd, 0x7a, 0xfd, 0x7a, 0xfd, 0x4a, 0x59, 0x00, 0x00,
    0x00, 0x00, 0x00, 0x00, 0x00, 0x00, 0x00, 0x00, 0x00, 0x00, 0x00, 0x00, 0x00, 0x00, 0x00, 0x00, 0x00, 0x00, 0x00, 0x00, 0x00, 0x00, 0x00, 0x00, 0x00, 0x00, 0x00, 0x00, 0x00, 0x00, 0x00, 0x00,
    0x00, 0x00, 0x00, 0x00, 0x00, 0x00, 0x00, 0x00, 0x00, 0x00, 0x00, 0x00, 0x00, 0x00, 0x00, 0x00, 0x00, 0x00, 0x00, 0x00, 0x00, 0x00, 0x00, 0x00, 0x00, 0x00, 0x00, 0x00, 0x00, 0x00, 0x00, 0x00,
    0x00, 0x00, 0x4a, 0x59, 0x7a, 0xfd, 0x7a, 0xfd, 0x7a, 0xfd, 0x7a, 0xfd, 0x7a, 0xfd, 0x7a, 0xfd, 0x7a, 0xfd, 0x7a, 0xfd, 0x7a, 0xfd, 0x7a, 0xfd, 0x7a, 0xfd, 0x7a, 0xfd, 0x4a, 0x59, 0x7a, 0xfd,
    0x7a, 0xfd, 0x7a, 0xfd, 0x7a, 0xfd, 0x7a, 0xfd, 0x7a, 0xfd, 0x7a, 0xfd, 0x7a, 0xfd, 0x7a, 0xfd, 0x7a, 0xfd, 0x7a, 0xfd, 0x7a, 0xfd, 0x7a, 0xfd, 0x7a, 0xfd, 0x7a, 0xfd, 0x7a, 0xfd, 0x4a, 0x59,
    0x00, 0x00, 0x00, 0x00, 0x00, 0x00, 0x00, 0x00, 0x00, 0x00, 0x00, 0x00, 0x00, 0x00, 0x00, 0x00, 0x00, 0x00, 0x00, 0x00, 0x00, 0x00, 0x00, 0x00, 0x00, 0x00, 0x00, 0x00, 0x00, 0x00, 0x00, 0x00,
    0x00, 0x00, 0x00, 0x00, 0x00, 0x00, 0x00, 0x00, 0x00, 0x00, 0x00, 0x00, 0x00, 0x00, 0x00, 0x00, 0x00, 0x00, 0x00, 0x00, 0x00, 0x00, 0x00, 0x00, 0x00, 0x00, 0x00, 0x00, 0x00, 0x00, 0x00, 0x00,
    0x00, 0x00, 0x4a, 0x59, 0x7a, 0xfd, 0x7a, 0xfd, 0x7a, 0xfd, 0x7a, 0xfd, 0x7a, 0xfd, 0x42, 0x08, 0x7a, 0xfd, 0x42, 0x08, 0x7a, 0xfd, 0x7a, 0xfd, 0x7a, 0xfd, 0x7a, 0xfd, 0x4a, 0x59, 0x7a, 0xfd,
    0x7a, 0xfd, 0x7a, 0xfd, 0x7a, 0xfd, 0x7a, 0xfd, 0x7a, 0xfd, 0x7a, 0xfd, 0x7a, 0xfd, 0x42, 0x08, 0x7a, 0xfd, 0x42, 0x08, 0x7a, 0xfd, 0x7a, 0xfd, 0x7a, 0xfd, 0x7a, 0xfd, 0x7a, 0xfd, 0x4a, 0x59,
    0x00, 0x00, 0x00, 0x00, 0x00, 0x00, 0x00, 0x00, 0x00, 0x00, 0x00, 0x00, 0x00, 0x00, 0x00, 0x00, 0x00, 0x00, 0x00, 0x00, 0x00, 0x00, 0x00, 0x00, 0x00, 0x00, 0x00, 0x00, 0x00, 0x00, 0x00, 0x00,
    0x00, 0x00, 0x00, 0x00, 0x00, 0x00, 0x00, 0x00, 0x00, 0x00, 0x00, 0x00, 0x00, 0x00, 0x00, 0x00, 0x00, 0x00, 0x00, 0x00, 0x00, 0x00, 0x00, 0x00, 0x00, 0x00, 0x00, 0x00, 0x00, 0x00, 0x00, 0x00,
    0x4a, 0x59, 0x7a, 0xfd, 0x7a, 0xfd, 0x7a, 0xfd, 0x7a, 0xfd, 0x7a, 0xfd, 0x42, 0x08, 0x42, 0x08, 0x42, 0x08, 0x42, 0x08, 0x42, 0x08, 0x7a, 0xfd, 0x7a, 0xfd, 0x7a, 0xfd, 0x7a, 0xfd, 0x7a, 0xfd,
    0x7a, 0xfd, 0x7a, 0xfd, 0x7a, 0xfd, 0x7a, 0xfd, 0x7a, 0xfd, 0x7a, 0xfd, 0x42, 0x08, 0x42, 0x08, 0x42, 0x08, 0x42, 0x08, 0x42, 0x08, 0x7a, 0xfd, 0x7a, 0xfd, 0x7a, 0xfd, 0x7a, 0xfd, 0x7a, 0xfd,
    0x4a, 0x59, 0x00, 0x00, 0x00, 0x00, 0x00, 0x00, 0x00, 0x00, 0x00, 0x00, 0x00, 0x00, 0x00, 0x00, 0x00, 0x00, 0x00, 0x00, 0x00, 0x00, 0x00, 0x00, 0x00, 0x00, 0x00, 0x00, 0x00, 0x00, 0x00, 0x00,
    0x00, 0x00, 0x00, 0x00, 0x00, 0x00, 0x00, 0x00, 0x00, 0x00, 0x00, 0x00, 0x00, 0x00, 0x00, 0x00, 0x00, 0x00, 0x00, 0x00, 0x00, 0x00, 0x00, 0x00, 0x00, 0x00, 0x00, 0x00, 0x00, 0x00, 0x00, 0x00,
    0x4a, 0x59, 0x7a, 0xfd, 0x7a, 0xfd, 0x7a, 0xfd, 0x7a, 0xfd, 0x7a, 0xfd, 0x42, 0x08, 0x42, 0x08, 0x7a, 0xfd, 0x42, 0x08, 0x42, 0x08, 0x7a, 0xfd, 0x7a, 0xfd, 0x7a, 0xfd, 0x7a, 0xfd, 0x7a, 0xfd,
    0x7a, 0xfd, 0x7a, 0xfd, 0x7a, 0xfd, 0x7a, 0xfd, 0x7a, 0xfd, 0x7a, 0xfd, 0x42, 0x08, 0x42, 0x08, 0x7a, 0xfd, 0x42, 0x08, 0x42, 0x08, 0x7a, 0xfd, 0x7a, 0xfd, 0x7a, 0xfd, 0x7a, 0xfd, 0x7a, 0xfd,
    0x4a, 0x59, 0x00, 0x00, 0x00, 0x00, 0x00, 0x00, 0x00, 0x00, 0x00, 0x00, 0x00, 0x00, 0x00, 0x00, 0x00, 0x00, 0x00, 0x00, 0x00, 0x00, 0x00, 0x00, 0x00, 0x00, 0x00, 0x00, 0x00, 0x00, 0x00, 0x00,
    0x00, 0x00, 0x00, 0x00, 0x00, 0x00, 0x00, 0x00, 0x00, 0x00, 0x00, 0x00, 0x00, 0x00, 0x00, 0x00, 0x00, 0x00, 0x00, 0x00, 0x00, 0x00, 0x00, 0x00, 0x00, 0x00, 0x00, 0x00, 0x00, 0x00, 0x00, 0x00,
    0x4a, 0x59, 0x7a, 0xfd, 0x7a, 0xfd, 0x7a, 0xfd, 0x7a, 0xfd, 0x42, 0x08, 0x42, 0x08, 0x42, 0x08, 0x7a, 0xfd, 0x42, 0x08, 0x42, 0x08, 0x42, 0x08, 0x7a, 0xfd, 0x7a, 0xfd, 0x7a, 0xfd, 0x7a, 0xfd,
    0x7a, 0xfd, 0x7a, 0xfd, 0x7a, 0xfd, 0x7a, 0xfd, 0x7a, 0xfd, 0x42, 0x08, 0x42, 0x08, 0x42, 0x08, 0x7a, 0xfd, 0x42, 0x08, 0x42, 0x08, 0x42, 0x08, 0x7a, 0xfd, 0x7a, 0xfd, 0x7a, 0xfd, 0x7a, 0xfd,
    0x4a, 0x59, 0x00, 0x00, 0x00, 0x00, 0x00, 0x00, 0x00, 0x00, 0x00, 0x00, 0x00, 0x00, 0x00, 0x00, 0x00, 0x00, 0x00, 0x00, 0x00, 0x00, 0x00, 0x00, 0x00, 0x00, 0x00, 0x00, 0x00, 0x00, 0x00, 0x00,
    0x00, 0x00, 0x00, 0x00, 0x00, 0x00, 0x00, 0x00, 0x00, 0x00, 0x00, 0x00, 0x00, 0x00, 0x00, 0x00, 0x00, 0x00, 0x00, 0x00, 0x00, 0x00, 0x00, 0x00, 0x00, 0x00, 0x00, 0x00, 0x00, 0x00, 0x00, 0x00,
    0x4a, 0x59, 0x7a, 0xfd, 0x7a, 0xfd, 0x7a, 0xfd, 0x42, 0x08, 0x42, 0x08, 0x42, 0x08, 0x7a, 0xfd, 0x7a, 0xfd, 0x7a, 0xfd, 0x42, 0x08, 0x42, 0x08, 0x42, 0x08, 0x7a, 0xfd, 0x7a, 0xfd, 0x7a, 0xfd,
    0x7a, 0xfd, 0x7a, 0xfd, 0x7a, 0xfd, 0x7a, 0xfd, 0x42, 0x08, 0x42, 0x08, 0x42, 0x08, 0x7a, 0xfd, 0x7a, 0xfd, 0x7a, 0xfd, 0x42, 0x08, 0x42, 0x08, 0x42, 0x08, 0x7a, 0xfd, 0x7a, 0xfd, 0x7a, 0xfd,
    0x4a, 0x59, 0x00, 0x00, 0x00, 0x00, 0x00, 0x00, 0x00, 0x00, 0x00, 0x00, 0x00, 0x00, 0x00, 0x00, 0x00, 0x00, 0x00, 0x00, 0x00, 0x00, 0x00, 0x00, 0x00, 0x00, 0x00, 0x00, 0x00, 0x00, 0x00, 0x00,
    0x00, 0x00, 0x00, 0x00, 0x00, 0x00, 0x00, 0x00, 0x00, 0x00, 0x00, 0x00, 0x00, 0x00, 0x00, 0x00, 0x00, 0x00, 0x00, 0x00, 0x00, 0x00, 0x00, 0x00, 0x00, 0x00, 0x00, 0x00, 0x00, 0x00, 0x00, 0x00,
    0x4a, 0x59, 0x7a, 0xfd, 0x7a, 0xfd, 0x7a, 0xfd, 0x42, 0x08, 0x42, 0x08, 0x7a, 0xfd, 0x7a, 0xfd, 0x7a, 0xfd, 0x7a, 0xfd, 0x7a, 0xfd, 0x42, 0x08, 0x42, 0x08, 0x7a, 0xfd, 0x7a, 0xfd, 0x7a, 0xfd,
    0x7a, 0xfd, 0x7a, 0xfd, 0x7a, 0xfd, 0x7a, 0xfd, 0x42, 0x08, 0x42, 0x08, 0x7a, 0xfd, 0x7a, 0xfd, 0x7a, 0xfd, 0x7a, 0xfd, 0x7a, 0xfd, 0x42, 0x08, 0x42, 0x08, 0x7a, 0xfd, 0x7a, 0xfd, 0x7a, 0xfd,
    0x4a, 0x59, 0x00, 0x00, 0x00, 0x00, 0x00, 0x00, 0x00, 0x00, 0x00, 0x00, 0x00, 0x00, 0x00, 0x00, 0x00, 0x00, 0x00, 0x00, 0x00, 0x00, 0x00, 0x00, 0x00, 0x00, 0x00, 0x00, 0x00, 0x00, 0x00, 0x00,
    0x00, 0x00, 0x00, 0x00, 0x00, 0x00, 0x00, 0x00, 0x00, 0x00, 0x00, 0x00, 0x00, 0x00, 0x00, 0x00, 0x00, 0x00, 0x00, 0x00, 0x00, 0x00, 0x00, 0x00, 0x00, 0x00, 0x00, 0x00, 0x00, 0x00, 0x00, 0x00,
    0x4a, 0x59, 0x7a, 0xfd, 0x7a, 0xfd, 0x42, 0x08, 0x42, 0x08, 0x42, 0x08, 0x7a, 0xfd, 0x7a, 0xfd, 0x7a, 0xfd, 0x7a, 0xfd, 0x7a, 0xfd, 0x42, 0x08, 0x42, 0x08, 0x42, 0x08, 0x7a, 0xfd, 0x7a, 0xfd,
    0x7a, 0xfd, 0x7a, 0xfd, 0x7a, 0xfd, 0x42, 0x08, 0x42, 0x08, 0x42, 0x08, 0x15, 0xd4, 0x15, 0xd4, 0x15, 0xd4, 0x15, 0xd4, 0x15, 0xd4, 0x42, 0x08, 0x42, 0x08, 0x42, 0x08, 0x7a, 0xfd, 0x7a, 0xfd,
    0x4a, 0x59, 0x00, 0x00, 0x00, 0x00, 0x00, 0x00, 0x00, 0x00, 0x00, 0x00, 0x00, 0x00, 0x00, 0x00, 0x00, 0x00, 0x00, 0x00, 0x00, 0x00, 0x00, 0x00, 0x00, 0x00, 0x00, 0x00, 0x00, 0x00, 0x00, 0x00,
    0x00, 0x00, 0x00, 0x00, 0x00, 0x00, 0x00, 0x00, 0x00, 0x00, 0x00, 0x00, 0x00, 0x00, 0x00, 0x00, 0x00, 0x00, 0x00, 0x00, 0x00, 0x00, 0x00, 0x00, 0x00, 0x00, 0x00, 0x00, 0x00, 0x00, 0x00, 0x00,
    0x4a, 0x59, 0x7a, 0xfd, 0x7a, 0xfd, 0x74, 0xfb, 0x74, 0xfb, 0x7a, 0xfd, 0x7a, 0xfd, 0x7a, 0xfd, 0x7a, 0xfd, 0x7a, 0xfd, 0x7a, 0xfd, 0x7a, 0xfd, 0x42, 0x08, 0x7a, 0xfd, 0x7a, 0xfd, 0x7a, 0xfd,
    0x7a, 0xfd, 0x7a, 0xfd, 0x7a, 0xfd, 0x7a, 0xfd, 0x42, 0x08, 0x15, 0xd4, 0x15, 0xd4, 0x15, 0xd4, 0x15, 0xd4, 0x15, 0xd4, 0x15, 0xd4, 0x15, 0xd4, 0x74, 0xfb, 0x74, 0xfb, 0x7a, 0xfd, 0x7a, 0xfd,
    0x4a, 0x59, 0x00, 0x00, 0x00, 0x00, 0x00, 0x00, 0x00, 0x00, 0x00, 0x00, 0x00, 0x00, 0x00, 0x00, 0x00, 0x00, 0x00, 0x00, 0x00, 0x00, 0x00, 0x00, 0x00, 0x00, 0x00, 0x00, 0x00, 0x00, 0x00, 0x00,
    0x00, 0x00, 0x00, 0x00, 0x00, 0x00, 0x00, 0x00, 0x00, 0x00, 0x00, 0x00, 0x00, 0x00, 0x00, 0x00, 0x00, 0x00, 0x00, 0x00, 0x00, 0x00, 0x00, 0x00, 0x00, 0x00, 0x00, 0x00, 0x00, 0x00, 0x00, 0x00,
    0x00, 0x00, 0x4a, 0x59, 0x74, 0xfb, 0x74, 0xfb, 0x74, 0xfb, 0x74, 0xfb, 0x7a, 0xfd, 0x7a, 0xfd, 0x7a, 0xfd, 0x7a, 0xfd, 0x7a, 0xfd, 0x7a, 0xfd, 0x7a, 0xfd, 0x7a, 0xfd, 0x7a, 0xfd, 0x7a, 0xfd,
    0x7a, 0xfd, 0x7a, 0xfd, 0x7a, 0xfd, 0x15, 0xd4, 0x15, 0xd4, 0x15, 0xd4, 0x15, 0xd4, 0x15, 0xd4, 0x15, 0xd4, 0x15, 0xd4, 0x15, 0xd4, 0x74, 0xfb, 0x74, 0xfb, 0x74, 0xfb, 0x74, 0xfb, 0x4a, 0x59,
    0x00, 0x00, 0x00, 0x00, 0x00, 0x00, 0x00, 0x00, 0x00, 0x00, 0x00, 0x00, 0x00, 0x00, 0x00, 0x00, 0x00, 0x00, 0x00, 0x00, 0x00, 0x00, 0x00, 0x00, 0x00, 0x00, 0x00, 0x00, 0x00, 0x00, 0x00, 0x00,
    0x00, 0x00, 0x00, 0x00, 0x00, 0x00, 0x00, 0x00, 0x00, 0x00, 0x00, 0x00, 0x00, 0x00, 0x00, 0x00, 0x00, 0x00, 0x00, 0x00, 0x00, 0x00, 0x00, 0x00, 0x00, 0x00, 0x00, 0x00, 0x00, 0x00, 0x00, 0x00,
    0x00, 0x00, 0x74, 0xfb, 0x74, 0xfb, 0x74, 0xfb, 0x74, 0xfb, 0x74, 0xfb, 0x74, 0xfb, 0x7a, 0xfd, 0x7a, 0xfd, 0x7a, 0xfd, 0x7a, 0xfd, 0x7a, 0xfd, 0x7a, 0xfd, 0x7a, 0xfd, 0x7a, 0xfd, 0x7a, 0xfd,
    0x7a, 0xfd, 0x7a, 0xfd, 0x7a, 0xfd, 0x15, 0xd4, 0x15, 0xd4, 0x15, 0xd4, 0x15, 0xd4, 0x15, 0xd4, 0x15, 0xd4, 0x15, 0xd4, 0x74, 0xfb, 0x74, 0xfb, 0x74, 0xfb, 0x74, 0xfb, 0x74, 0xfb, 0x74, 0xfb,
    0x00, 0x00, 0x00, 0x00, 0x00, 0x00, 0x00, 0x00, 0x00, 0x00, 0x00, 0x00, 0x00, 0x00, 0x00, 0x00, 0x00, 0x00, 0x00, 0x00, 0x00, 0x00, 0x00, 0x00, 0x00, 0x00, 0x00, 0x00, 0x00, 0x00, 0x00, 0x00,
    0x00, 0x00, 0x00, 0x00, 0x00, 0x00, 0x00, 0x00, 0x00, 0x00, 0x00, 0x00, 0x00, 0x00, 0x00, 0x00, 0x00, 0x00, 0x00, 0x00, 0x00, 0x00, 0x00, 0x00, 0x00, 0x00, 0x00, 0x00, 0x00, 0x00, 0x00, 0x00,
    0x00, 0x00, 0x74, 0xfb, 0x74, 0xfb, 0x74, 0xfb, 0x74, 0xfb, 0x74, 0xfb, 0x74, 0xfb, 0x7a, 0xfd, 0x7a, 0xfd, 0x7a, 0xfd, 0x7a, 0xfd, 0x7a, 0xfd, 0x7a, 0xfd, 0x7a, 0xfd, 0x7a, 0xfd, 0x7a, 0xfd,
    0x7a, 0xfd, 0x7a, 0xfd, 0x15, 0xd4, 0x15, 0xd4, 0x15, 0xd4, 0x15, 0xd4, 0x15, 0xd4, 0x15, 0xd4, 0x15, 0xd4, 0x15, 0xd4, 0x74, 0xfb, 0x74, 0xfb, 0x74, 0xfb, 0x74, 0xfb, 0x74, 0xfb, 0x74, 0xfb,
    0x00, 0x00, 0x00, 0x00, 0x00, 0x00, 0x00, 0x00, 0x00, 0x00, 0x00, 0x00, 0x00, 0x00, 0x00, 0x00, 0x00, 0x00, 0x00, 0x00, 0x00, 0x00, 0x00, 0x00, 0x00, 0x00, 0x00, 0x00, 0x00, 0x00, 0x00, 0x00,
    0x00, 0x00, 0x00, 0x00, 0x00, 0x00, 0x00, 0x00, 0x00, 0x00, 0x00, 0x00, 0x00, 0x00, 0x00, 0x00, 0x00, 0x00, 0x00, 0x00, 0x00, 0x00, 0x00, 0x00, 0x00, 0x00, 0x00, 0x00, 0x00, 0x00, 0x00, 0x00,
    0x00, 0x00, 0x00, 0x00, 0x74, 0xfb, 0x74, 0xfb, 0x74, 0xfb, 0x74, 0xfb, 0x7a, 0xfd, 0x7a, 0xfd, 0x7a, 0xfd, 0x7a, 0xfd, 0x7a, 0xfd, 0x7a, 0xfd, 0x7a, 0xfd, 0x7a, 0xfd, 0x7a, 0xfd, 0x7a, 0xfd,
    0x7a, 0xfd, 0x7a, 0xfd, 0x15, 0xd4, 0x15, 0xd4, 0x15, 0xd4, 0x15, 0xd4, 0x15, 0xd4, 0x15, 0xd4, 0x15, 0xd4, 0x15, 0xd4, 0x15, 0xd4, 0x74, 0xfb, 0x74, 0xfb, 0x74, 0xfb, 0x74, 0xfb, 0x00, 0x00,
    0x00, 0x00, 0x00, 0x00, 0x00, 0x00, 0x00, 0x00, 0x00, 0x00, 0x00, 0x00, 0x00, 0x00, 0x00, 0x00, 0x00, 0x00, 0x00, 0x00, 0x00, 0x00, 0x00, 0x00, 0x00, 0x00, 0x00, 0x00, 0x00, 0x00, 0x00, 0x00,
    0x00, 0x00, 0x00, 0x00, 0x00, 0x00, 0x00, 0x00, 0x00, 0x00, 0x00, 0x00, 0x00, 0x00, 0x00, 0x00, 0x00, 0x00, 0x00, 0x00, 0x00, 0x00, 0x00, 0x00, 0x00, 0x00, 0x00, 0x00, 0x00, 0x00, 0x00, 0x00,
    0x00, 0x00, 0x00, 0x00, 0x00, 0x00, 0x74, 0xfb, 0x74, 0xfb, 0x7a, 0xfd, 0x7a, 0xfd, 0x7a, 0xfd, 0x7a, 0xfd, 0x7a, 0xfd, 0x7a, 0xfd, 0x7a, 0xfd, 0x7a, 0xfd, 0x7a, 0xfd, 0x4a, 0x59, 0x4a, 0x59,
    0x4a, 0x59, 0x4a, 0x59, 0x4a, 0x59, 0x15, 0xd4, 0x15, 0xd4, 0x15, 0xd4, 0x15, 0xd4, 0x15, 0xd4, 0x15, 0xd4, 0x15, 0xd4, 0x15, 0xd4, 0x15, 0xd4, 0x74, 0xfb, 0x74, 0xfb, 0x15, 0xd4, 0x00, 0x00,
    0x00, 0x00, 0x00, 0x00, 0x00, 0x00, 0x00, 0x00, 0x00, 0x00, 0x00, 0x00, 0x00, 0x00, 0x00, 0x00, 0x00, 0x00, 0x00, 0x00, 0x00, 0x00, 0x00, 0x00, 0x00, 0x00, 0x00, 0x00, 0x00, 0x00, 0x00, 0x00,
    0x00, 0x00, 0x00, 0x00, 0x00, 0x00, 0x00, 0x00, 0x00, 0x00, 0x00, 0x00, 0x00, 0x00, 0x00, 0x00, 0x00, 0x00, 0x00, 0x00, 0x00, 0x00, 0x00, 0x00, 0x00, 0x00, 0x00, 0x00, 0x00, 0x00, 0x00, 0x00,
    0x00, 0x00, 0x00, 0x00, 0x00, 0x00, 0x00, 0x00, 0x4a, 0x59, 0x7a, 0xfd, 0x7a, 0xfd, 0x7a, 0xfd, 0x7a, 0xfd, 0x7a, 0xfd, 0x7a, 0xfd, 0x7a, 0xfd, 0x7a, 0xfd, 0xff, 0xff, 0xff, 0xff, 0xff, 0xff,
    0xff, 0xff, 0xff, 0xff, 0xff, 0xff, 0xff, 0xff, 0x15, 0xd4, 0x15, 0xd4, 0x15, 0xd4, 0x15, 0xd4, 0x15, 0xd4, 0x15, 0xd4, 0x15, 0xd4, 0x15, 0xd4, 0x4a, 0x59, 0x15, 0xd4, 0x00, 0x00, 0x00, 0x00,
    0x00, 0x00, 0x00, 0x00, 0x00, 0x00, 0x00, 0x00, 0x00, 0x00, 0x00, 0x00, 0x00, 0x00, 0x00, 0x00, 0x00, 0x00, 0x00, 0x00, 0x00, 0x00, 0x00, 0x00, 0x00, 0x00, 0x00, 0x00, 0x00, 0x00, 0x00, 0x00,
    0x00, 0x00, 0x00, 0x00, 0x00, 0x00, 0x00, 0x00, 0x00, 0x00, 0x00, 0x00, 0x00, 0x00, 0x00, 0x00, 0x00, 0x00, 0x00, 0x00, 0x00, 0x00, 0x00, 0x00, 0x00, 0x00, 0x00, 0x00, 0x00, 0x00, 0x00, 0x00,
    0x00, 0x00, 0x00, 0x00, 0x00, 0x00, 0x00, 0x00, 0x00, 0x00, 0x4a, 0x59, 0x7a, 0xfd, 0x7a, 0xfd, 0x7a, 0xfd, 0x7a, 0xfd, 0x7a, 0xfd, 0x7a, 0xfd, 0x4a, 0x59, 0xed, 0xc9, 0xed, 0xc9, 0xed, 0xc9,
    0xed, 0xc9, 0xed, 0xc9, 0xed, 0xc9, 0xed, 0xc9, 0x4a, 0x59, 0x15, 0xd4, 0x15, 0xd4, 0x15, 0xd4, 0x15, 0xd4, 0x15, 0xd4, 0x15, 0xd4, 0x4a, 0x59, 0x15, 0xd4, 0x15, 0xd4, 0x00, 0x00, 0x00, 0x00,
    0x00, 0x00, 0x00, 0x00, 0x00, 0x00, 0x00, 0x00, 0x00, 0x00, 0x00, 0x00, 0x00, 0x00, 0x00, 0x00, 0x00, 0x00, 0x00, 0x00, 0x00, 0x00, 0x00, 0x00, 0x00, 0x00, 0x00, 0x00, 0x00, 0x00, 0x00, 0x00,
    0x00, 0x00, 0x00, 0x00, 0x00, 0x00, 0x00, 0x00, 0x00, 0x00, 0x00, 0x00, 0x00, 0x00, 0x00, 0x00, 0x00, 0x00, 0x00, 0x00, 0x00, 0x00, 0x00, 0x00, 0x00, 0x00, 0x00, 0x00, 0x00, 0x00, 0x00, 0x00,
    0x00, 0x00, 0x00, 0x00, 0x00, 0x00, 0x00, 0x00, 0x00, 0x00, 0x00, 0x00, 0x4a, 0x59, 0x7a, 0xfd, 0x7a, 0xfd, 0x7a, 0xfd, 0x7a, 0xfd, 0x7a, 0xfd, 0x7a, 0xfd, 0x4a, 0x59, 0xed, 0xc9, 0xed, 0xc9,
    0xed, 0xc9, 0xed, 0xc9, 0xed, 0xc9, 0x4a, 0x59, 0x15, 0xd4, 0x15, 0xd4, 0x15, 0xd4, 0x15, 0xd4, 0x15, 0xd4, 0x15, 0xd4, 0x4a, 0x59, 0x15, 0xd4, 0x15, 0xd4, 0x00, 0x00, 0x00, 0x00, 0x00, 0x00,
    0x00, 0x00, 0x00, 0x00, 0x00, 0x00, 0x00, 0x00, 0x00, 0x00, 0x00, 0x00, 0x00, 0x00, 0x00, 0x00, 0x00, 0x00, 0x00, 0x00, 0x00, 0x00, 0x00, 0x00, 0x00, 0x00, 0x00, 0x00, 0x00, 0x00, 0x00, 0x00,
    0x00, 0x00, 0x00, 0x00, 0x00, 0x00, 0x00, 0x00, 0x00, 0x00, 0x00, 0x00, 0x00, 0x00, 0x00, 0x00, 0x00, 0x00, 0x00, 0x00, 0x00, 0x00, 0x00, 0x00, 0x00, 0x00, 0x00, 0x00, 0x00, 0x00, 0x00, 0x00,
    0x00, 0x00, 0x00, 0x00, 0x00, 0x00, 0x00, 0x00, 0x00, 0x00, 0x00, 0x00, 0x00, 0x00, 0x4a, 0x59, 0x4a, 0x59, 0x7a, 0xfd, 0x7a, 0xfd, 0x7a, 0xfd, 0x7a, 0xfd, 0x7a, 0xfd, 0x4a, 0x59, 0x4a, 0x59,
    0x4a, 0x59, 0x4a, 0x59, 0x4a, 0x59, 0x7a, 0xfd, 0x7a, 0xfd, 0x7a, 0xfd, 0x15, 0xd4, 0x15, 0xd4, 0x4a, 0x59, 0x4a, 0x59, 0x15, 0xd4, 0x00, 0x00, 0x00, 0x00, 0x00, 0x00, 0x00, 0x00, 0x00, 0x00,
    0x00, 0x00, 0x00, 0x00, 0x00, 0x00, 0x00, 0x00, 0x00, 0x00, 0x00, 0x00, 0x00, 0x00, 0x00, 0x00, 0x00, 0x00, 0x00, 0x00, 0x00, 0x00, 0x00, 0x00, 0x00, 0x00, 0x00, 0x00, 0x00, 0x00, 0x00, 0x00,
    0x00, 0x00, 0x00, 0x00, 0x00, 0x00, 0x00, 0x00, 0x00, 0x00, 0x00, 0x00, 0x00, 0x00, 0x00, 0x00, 0x00, 0x00, 0x00, 0x00, 0x00, 0x00, 0x00, 0x00, 0x00, 0x00, 0x00, 0x00, 0x00, 0x00, 0x00, 0x00,
    0x00, 0x00, 0x00, 0x00, 0x00, 0x00, 0x00, 0x00, 0x4a, 0x59, 0x4a, 0x59, 0x4a, 0x59, 0x4a, 0x59, 0x4a, 0x59, 0x4a, 0x59, 0x4a, 0x59, 0x4a, 0x59, 0x7a, 0xfd, 0x7a, 0xfd, 0x7a, 0xfd, 0x7a, 0xfd,
    0x7a, 0xfd, 0x7a, 0xfd, 0x7a, 0xfd, 0x7a, 0xfd, 0x7a, 0xfd, 0x4a, 0x59, 0x4a, 0x59, 0x4a, 0x59, 0x4a, 0x59, 0x4a, 0x59, 0x4a, 0x59, 0x4a, 0x59, 0x4a, 0x59, 0x00, 0x00, 0x00, 0x00, 0x00, 0x00,
    0x00, 0x00, 0x00, 0x00, 0x00, 0x00, 0x00, 0x00, 0x00, 0x00, 0x00, 0x00, 0x00, 0x00, 0x00, 0x00, 0x00, 0x00, 0x00, 0x00, 0x00, 0x00, 0x00, 0x00, 0x00, 0x00, 0x00, 0x00, 0x00, 0x00, 0x00, 0x00,
    0x00, 0x00, 0x00, 0x00, 0x00, 0x00, 0x00, 0x00, 0x00, 0x00, 0x00, 0x00, 0x00, 0x00, 0x00, 0x00, 0x00, 0x00, 0x00, 0x00, 0x00, 0x00, 0x00, 0x00, 0x00, 0x00, 0x00, 0x00, 0x00, 0x00, 0x00, 0x00,
    0x00, 0x00, 0x00, 0x00, 0x00, 0x00, 0x4a, 0x59, 0x1b, 0x6d, 0x1b, 0x6d, 0x1b, 0x6d, 0x1b, 0x6d, 0x1b, 0x6d, 0x1b, 0x6d, 0x1b, 0x6d, 0x1b, 0x6d, 0x4a, 0x59, 0x4a, 0x59, 0x4a, 0x59, 0x4a, 0x59,
    0x4a, 0x59, 0x4a, 0x59, 0x4a, 0x59, 0x4a, 0x59, 0x4a, 0x59, 0x1b, 0x6d, 0x1b, 0x6d, 0x1b, 0x6d, 0x1b, 0x6d, 0x1b, 0x6d, 0x1b, 0x6d, 0x1b, 0x6d, 0x1b, 0x6d, 0x4a, 0x59, 0x00, 0x00, 0x00, 0x00,
    0x00, 0x00, 0x00, 0x00, 0x00, 0x00, 0x00, 0x00, 0x00, 0x00, 0x00, 0x00, 0x00, 0x00, 0x00, 0x00, 0x00, 0x00, 0x00, 0x00, 0x00, 0x00, 0x00, 0x00, 0x00, 0x00, 0x00, 0x00, 0x00, 0x00, 0x00, 0x00,
    0x00, 0x00, 0x00, 0x00, 0x00, 0x00, 0x00, 0x00, 0x00, 0x00, 0x00, 0x00, 0x00, 0x00, 0x00, 0x00, 0x00, 0x00, 0x00, 0x00, 0x00, 0x00, 0x00, 0x00, 0x00, 0x00, 0x00, 0x00, 0x00, 0x00, 0x00, 0x00,
    0x00, 0x00, 0x00, 0x00, 0x00, 0x00, 0x4a, 0x59, 0x1b, 0x6d, 0x1b, 0x6d, 0x1b, 0x6d, 0x1b, 0x6d, 0x1b, 0x6d, 0x1b, 0x6d, 0x5e, 0xa6, 0x1b, 0x6d, 0x1b, 0x6d, 0x4a, 0x59, 0x1b, 0x6d, 0x1b, 0x6d,
    0x5e, 0xa6, 0x1b, 0x6d, 0x1b, 0x6d, 0x4a, 0x59, 0x1b, 0x6d, 0x1b, 0x6d, 0x5e, 0xa6, 0x1b, 0x6d, 0x1b, 0x6d, 0x1b, 0x6d, 0x1b, 0x6d, 0x1b, 0x6d, 0x1b, 0x6d, 0x4a, 0x59, 0x00, 0x00, 0x00, 0x00,
    0x00, 0x00, 0x00, 0x00, 0x00, 0x00, 0x00, 0x00, 0x00, 0x00, 0x00, 0x00, 0x00, 0x00, 0x00, 0x00, 0x00, 0x00, 0x00, 0x00, 0x00, 0x00, 0x00, 0x00, 0x00, 0x00, 0x00, 0x00, 0x00, 0x00, 0x00, 0x00,
    0x00, 0x00, 0x00, 0x00, 0x00, 0x00, 0x00, 0x00, 0x00, 0x00, 0x00, 0x00, 0x00, 0x00, 0x00, 0x00, 0x00, 0x00, 0x00, 0x00, 0x00, 0x00, 0x00, 0x00, 0x00, 0x00, 0x00, 0x00, 0x00, 0x00, 0x00, 0x00,
    0x00, 0x00, 0x00, 0x00, 0x4a, 0x59, 0x1b, 0x6d, 0x1b, 0x6d, 0x1b, 0x6d, 0x1b, 0x6d, 0x1b, 0x6d, 0x1b, 0x6d, 0x5e, 0xa6, 0x1b, 0x6d, 0x1b, 0x6d, 0x1b, 0x6d, 0x1b, 0x6d, 0x1b, 0x6d, 0x1b, 0x6d,
    0x5e, 0xa6, 0x1b, 0x6d, 0x1b, 0x6d, 0x1b, 0x6d, 0x1b, 0x6d, 0x1b, 0x6d, 0x1b, 0x6d, 0x5e, 0xa6, 0x1b, 0x6d, 0x1b, 0x6d, 0x1b, 0x6d, 0x1b, 0x6d, 0x1b, 0x6d, 0x1b, 0x6d, 0x4a, 0x59, 0x00, 0x00,
    0x00, 0x00, 0x00, 0x00, 0x00, 0x00, 0x00, 0x00, 0x00, 0x00, 0x00, 0x00, 0x00, 0x00, 0x00, 0x00, 0x00, 0x00, 0x00, 0x00, 0x00, 0x00, 0x00, 0x00, 0x00, 0x00, 0x00, 0x00, 0x00, 0x00, 0x00, 0x00,
    0x00, 0x00, 0x00, 0x00, 0x00, 0x00, 0x00, 0x00, 0x00, 0x00, 0x00, 0x00, 0x00, 0x00, 0x00, 0x00, 0x00, 0x00, 0x00, 0x00, 0x00, 0x00, 0x00, 0x00, 0x00, 0x00, 0x00, 0x00, 0x00, 0x00, 0x00, 0x00,
    0x00, 0x00, 0x00, 0x00, 0x4a, 0x59, 0x1b, 0x6d, 0x1b, 0x6d, 0x1b, 0x6d, 0x1b, 0x6d, 0x1b, 0x6d, 0x1b, 0x6d, 0x5e, 0xa6, 0x1b, 0x6d, 0x1b, 0x6d, 0x1b, 0x6d, 0x1b, 0x6d, 0x1b, 0x6d, 0x1b, 0x6d,
    0x5e, 0xa6, 0x1b, 0x6d, 0x1b, 0x6d, 0x1b, 0x6d, 0x1b, 0x6d, 0x1b, 0x6d, 0x1b, 0x6d, 0x5e, 0xa6, 0x1b, 0x6d, 0x1b, 0x6d, 0x1b, 0x6d, 0x1b, 0x6d, 0x1b, 0x6d, 0x1b, 0x6d, 0x4a, 0x59, 0x00, 0x00,
    0x00, 0x00, 0x00, 0x00, 0x00, 0x00, 0x00, 0x00, 0x00, 0x00, 0x00, 0x00, 0x00, 0x00, 0x00, 0x00, 0x00, 0x00, 0x00, 0x00, 0x00, 0x00, 0x00, 0x00, 0x00, 0x00, 0x00, 0x00, 0x00, 0x00, 0x00, 0x00,
    0x00, 0x00, 0x00, 0x00, 0x00, 0x00, 0x00, 0x00, 0x00, 0x00, 0x00, 0x00, 0x00, 0x00, 0x00, 0x00, 0x00, 0x00, 0x00, 0x00, 0x00, 0x00, 0x00, 0x00, 0x00, 0x00, 0x00, 0x00, 0x00, 0x00, 0x00, 0x00,
    0x00, 0x00, 0x4a, 0x59, 0x1b, 0x6d, 0x1b, 0x6d, 0x1b, 0x6d, 0x1b, 0x6d, 0x1b, 0x6d, 0x1b, 0x6d, 0x5e, 0xa6, 0x1b, 0x6d, 0x1b, 0x6d, 0x1b, 0x6d, 0x1b, 0x6d, 0x1b, 0x6d, 0x1b, 0x6d, 0x1b, 0x6d,
    0x5e, 0xa6, 0x1b, 0x6d, 0x1b, 0x6d, 0x1b, 0x6d, 0x1b, 0x6d, 0x1b, 0x6d, 0x1b, 0x6d, 0x1b, 0x6d, 0x5e, 0xa6, 0x1b, 0x6d, 0x1b, 0x6d, 0x1b, 0x6d, 0x1b, 0x6d, 0x1b, 0x6d, 0x1b, 0x6d, 0x4a, 0x59,
    0x00, 0x00, 0x00, 0x00, 0x00, 0x00, 0x00, 0x00, 0x00, 0x00, 0x00, 0x00, 0x00, 0x00, 0x00, 0x00, 0x00, 0x00, 0x00, 0x00, 0x00, 0x00, 0x00, 0x00, 0x00, 0x00, 0x00, 0x00, 0x00, 0x00, 0x00, 0x00,
    0x00, 0x00, 0x00, 0x00, 0x00, 0x00, 0x00, 0x00, 0x00, 0x00, 0x00, 0x00, 0x00, 0x00, 0x00, 0x00, 0x00, 0x00, 0x00, 0x00, 0x00, 0x00, 0x00, 0x00, 0x00, 0x00, 0x00, 0x00, 0x00, 0x00, 0x00, 0x00,
    0x00, 0x00, 0x4a, 0x59, 0x1b, 0x6d, 0x1b, 0x6d, 0x1b, 0x6d, 0x1b, 0x6d, 0x1b, 0x6d, 0x1b, 0x6d, 0x5e, 0xa6, 0x1b, 0x6d, 0x1b, 0x6d, 0x1b, 0x6d, 0x1b, 0x6d, 0x1b, 0x6d, 0x1b, 0x6d, 0x1b, 0x6d,
    0x5e, 0xa6, 0x1b, 0x6d, 0x1b, 0x6d, 0x1b, 0x6d, 0x1b, 0x6d, 0x1b, 0x6d, 0x1b, 0x6d, 0x1b, 0x6d, 0x5e, 0xa6, 0x1b, 0x6d, 0x1b, 0x6d, 0x1b, 0x6d, 0x1b, 0x6d, 0x1b, 0x6d, 0x1b, 0x6d, 0x4a, 0x59,
    0x00, 0x00, 0x00, 0x00, 0x00, 0x00, 0x00, 0x00, 0x00, 0x00, 0x00, 0x00, 0x00, 0x00, 0x00, 0x00, 0x00, 0x00, 0x00, 0x00, 0x00, 0x00, 0x00, 0x00, 0x00, 0x00, 0x00, 0x00, 0x00, 0x00, 0x00, 0x00,
    0x00, 0x00, 0x00, 0x00, 0x00, 0x00, 0x00, 0x00, 0x00, 0x00, 0x00, 0x00, 0x00, 0x00, 0x00, 0x00, 0x00, 0x00, 0x00, 0x00, 0x00, 0x00, 0x00, 0x00, 0x00, 0x00, 0x00, 0x00, 0x00, 0x00, 0x00, 0x00,
    0x4a, 0x59, 0x1b, 0x6d, 0x1b, 0x6d, 0x1b, 0x6d, 0x1b, 0x6d, 0x1b, 0x6d, 0x1b, 0x6d, 0x5e, 0xa6, 0x1b, 0x6d, 0x1b, 0x6d, 0x1b, 0x6d, 0x1b, 0x6d, 0x1b, 0x6d, 0x1b, 0x6d, 0x1b, 0x6d, 0x1b, 0x6d,
    0x5e, 0xa6, 0x1b, 0x6d, 0x1b, 0x6d, 0x1b, 0x6d, 0x1b, 0x6d, 0x1b, 0x6d, 0x1b, 0x6d, 0x1b, 0x6d, 0x1b, 0x6d, 0x5e, 0xa6, 0x1b, 0x6d, 0x1b, 0x6d, 0x1b, 0x6d, 0x1b, 0x6d, 0x1b, 0x6d, 0x1b, 0x6d,
    0x4a, 0x59, 0x00, 0x00, 0x00, 0x00, 0x00, 0x00, 0x00, 0x00, 0x00, 0x00, 0x00, 0x00, 0x00, 0x00, 0x00, 0x00, 0x00, 0x00, 0x00, 0x00, 0x00, 0x00, 0x00, 0x00, 0x00, 0x00, 0x00, 0x00, 0x00, 0x00,
    0x00, 0x00, 0x00, 0x00, 0x00, 0x00, 0x00, 0x00, 0x00, 0x00, 0x00, 0x00, 0x00, 0x00, 0x00, 0x00, 0x00, 0x00, 0x00, 0x00, 0x00, 0x00, 0x00, 0x00, 0x00, 0x00, 0x00, 0x00, 0x00, 0x00, 0x00, 0x00,
    0x4a, 0x59, 0x1b, 0x6d, 0x1b, 0x6d, 0x1b, 0x6d, 0x1b, 0x6d, 0x1b, 0x6d, 0x1b, 0x6d, 0x5e, 0xa6, 0x1b, 0x6d, 0x1b, 0x6d, 0x1b, 0x6d, 0x1b, 0x6d, 0x1b, 0x6d, 0x1b, 0x6d, 0x1b, 0x6d, 0x1b, 0x6d,
    0x5e, 0xa6, 0x1b, 0x6d, 0x1b, 0x6d, 0x1b, 0x6d, 0x1b, 0x6d, 0x1b, 0x6d, 0x1b, 0x6d, 0x1b, 0x6d, 0x1b, 0x6d, 0x5e, 0xa6, 0x1b, 0x6d, 0x1b, 0x6d, 0x1b, 0x6d, 0x1b, 0x6d, 0x1b, 0x6d, 0x1b, 0x6d,
    0x4a, 0x59, 0x00, 0x00, 0x00, 0x00, 0x00, 0x00, 0x00, 0x00, 0x00, 0x00, 0x00, 0x00, 0x00, 0x00, 0x00, 0x00, 0x00, 0x00, 0x00, 0x00, 0x00, 0x00, 0x00, 0x00, 0x00, 0x00, 0x00, 0x00, 0x00, 0x00,
    0x00, 0x00, 0x00, 0x00, 0x00, 0x00, 0x00, 0x00, 0x00, 0x00, 0x00, 0x00, 0x00, 0x00, 0x00, 0x00, 0x00, 0x00, 0x00, 0x00, 0x00, 0x00, 0x00, 0x00, 0x00, 0x00, 0x00, 0x00, 0x00, 0x00, 0x4a, 0x59,
    0x1b, 0x6d, 0x1b, 0x6d, 0x1b, 0x6d, 0x1b, 0x6d, 0x1b, 0x6d, 0x1b, 0x6d, 0x5e, 0xa6, 0x1b, 0x6d, 0x1b, 0x6d, 0x1b, 0x6d, 0x1b, 0x6d, 0x1b, 0x6d, 0x1b, 0x6d, 0x1b, 0x6d, 0x1b, 0x6d, 0x1b, 0x6d,
    0x5e, 0xa6, 0x1b, 0x6d, 0x1b, 0x6d, 0x1b, 0x6d, 0x1b, 0x6d, 0x1b, 0x6d, 0x1b, 0x6d, 0x1b, 0x6d, 0x1b, 0x6d, 0x1b, 0x6d, 0x5e, 0xa6, 0x1b, 0x6d, 0x1b, 0x6d, 0x1b, 0x6d, 0x1b, 0x6d, 0x1b, 0x6d,
    0x1b, 0x6d, 0x4a, 0x59, 0x00, 0x00, 0x00, 0x00, 0x00, 0x00, 0x00, 0x00, 0x00, 0x00, 0x00, 0x00, 0x00, 0x00, 0x00, 0x00, 0x00, 0x00, 0x00, 0x00, 0x00, 0x00, 0x00, 0x00, 0x00, 0x00, 0x00, 0x00,
    0x00, 0x00, 0x00, 0x00, 0x00, 0x00, 0x00, 0x00, 0x00, 0x00, 0x00, 0x00, 0x00, 0x00, 0x00, 0x00, 0x00, 0x00, 0x00, 0x00, 0x00, 0x00, 0x00, 0x00, 0x00, 0x00, 0x00, 0x00, 0x4a, 0x59, 0x1b, 0x6d,
    0x1b, 0x6d, 0x1b, 0x6d, 0x1b, 0x6d, 0x1b, 0x6d, 0x1b, 0x6d, 0x1b, 0x6d, 0x5e, 0xa6, 0x1b, 0x6d, 0x1b, 0x6d, 0x1b, 0x6d, 0x1b, 0x6d, 0x1b, 0x6d, 0x1b, 0x6d, 0x1b, 0x6d, 0x1b, 0x6d, 0x1b, 0x6d,
    0x5e, 0xa6, 0x1b, 0x6d, 0x1b, 0x6d, 0x1b, 0x6d, 0x1b, 0x6d, 0x1b, 0x6d, 0x1b, 0x6d, 0x1b, 0x6d, 0x1b, 0x6d, 0x1b, 0x6d, 0x5e, 0xa6, 0x1b, 0x6d, 0x1b, 0x6d, 0x1b, 0x6d, 0x1b, 0x6d, 0x1b, 0x6d,
    0x1b, 0x6d, 0x1b, 0x6d, 0x4a, 0x59, 0x00, 0x00, 0x00, 0x00, 0x00, 0x00, 0x00, 0x00, 0x00, 0x00, 0x00, 0x00, 0x00, 0x00, 0x00, 0x00, 0x00, 0x00, 0x00, 0x00, 0x00, 0x00, 0x00, 0x00, 0x00, 0x00,
    0x00, 0x00, 0x00, 0x00, 0x00, 0x00, 0x00, 0x00, 0x00, 0x00, 0x00, 0x00, 0x00, 0x00, 0x00, 0x00, 0x00, 0x00, 0x00, 0x00, 0x00, 0x00, 0x00, 0x00, 0x00, 0x00, 0x00, 0x00, 0x4a, 0x59, 0x1b, 0x6d,
    0x1b, 0x6d, 0x1b, 0x6d, 0x1b, 0x6d, 0x1b, 0x6d, 0x1b, 0x6d, 0x5e, 0xa6, 0x1b, 0x6d, 0x1b, 0x6d, 0x1b, 0x6d, 0x1b, 0x6d, 0x1b, 0x6d, 0x1b, 0x6d, 0x1b, 0x6d, 0x1b, 0x6d, 0x1b, 0x6d, 0x1b, 0x6d,
    0x5e, 0xa6, 0x1b, 0x6d, 0x1b, 0x6d, 0x1b, 0x6d, 0x1b, 0x6d, 0x1b, 0x6d, 0x1b, 0x6d, 0x1b, 0x6d, 0x1b, 0x6d, 0x1b, 0x6d, 0x1b, 0x6d, 0x5e, 0xa6, 0x1b, 0x6d, 0x1b, 0x6d, 0x1b, 0x6d, 0x1b, 0x6d,
    0x1b, 0x6d, 0x1b, 0x6d, 0x4a, 0x59, 0x00, 0x00, 0x00, 0x00, 0x00, 0x00, 0x00, 0x00, 0x00, 0x00, 0x00, 0x00, 0x00, 0x00, 0x00, 0x00, 0x00, 0x00, 0x00, 0x00, 0x00, 0x00, 0x00, 0x00, 0x00, 0x00,
    0x00, 0x00, 0x00, 0x00, 0x00, 0x00, 0x00, 0x00, 0x00, 0x00, 0x00, 0x00, 0x00, 0x00, 0x00, 0x00, 0x00, 0x00, 0x00, 0x00, 0x00, 0x00, 0x00, 0x00, 0x00, 0x00, 0x4a, 0x59, 0x1b, 0x6d, 0x1b, 0x6d,
    0x1b, 0x6d, 0x1b, 0x6d, 0x1b, 0x6d, 0x1b, 0x6d, 0x1b, 0x6d, 0x5e, 0xa6, 0x1b, 0x6d, 0x1b, 0x6d, 0x1b, 0x6d, 0x1b, 0x6d, 0x1b, 0x6d, 0x1b, 0x6d, 0x1b, 0x6d, 0x1b, 0x6d, 0x1b, 0x6d, 0x1b, 0x6d,
    0x5e, 0xa6, 0x1b, 0x6d, 0x1b, 0x6d, 0x1b, 0x6d, 0x1b, 0x6d, 0x1b, 0x6d, 0x1b, 0x6d, 0x1b, 0x6d, 0x1b, 0x6d, 0x1b, 0x6d, 0x1b, 0x6d, 0x5e, 0xa6, 0x1b, 0x6d, 0x1b, 0x6d, 0x1b, 0x6d, 0x1b, 0x6d,
    0x1b, 0x6d, 0x1b, 0x6d, 0x1b, 0x6d, 0x4a, 0x59, 0x00, 0x00, 0x00, 0x00, 0x00, 0x00, 0x00, 0x00, 0x00, 0x00, 0x00, 0x00, 0x00, 0x00, 0x00, 0x00, 0x00, 0x00, 0x00, 0x00, 0x00, 0x00, 0x00, 0x00,
    0x00, 0x00, 0x00, 0x00, 0x00, 0x00, 0x00, 0x00, 0x00, 0x00, 0x00, 0x00, 0x00, 0x00, 0x00, 0x00, 0x00, 0x00, 0x00, 0x00, 0x00, 0x00, 0x00, 0x00, 0x00, 0x00, 0x4a, 0x59, 0x1b, 0x6d, 0x1b, 0x6d,
    0x1b, 0x6d, 0x1b, 0x6d, 0x1b, 0x6d, 0x1b, 0x6d, 0x5e, 0xa6, 0x1b, 0x6d, 0x1b, 0x6d, 0x1b, 0x6d, 0x1b, 0x6d, 0x1b, 0x6d, 0x1b, 0x6d, 0x1b, 0x6d, 0x1b, 0x6d, 0x1b, 0x6d, 0x1b, 0x6d, 0x1b, 0x6d,
    0x5e, 0xa6, 0x1b, 0x6d, 0x1b, 0x6d, 0x1b, 0x6d, 0x1b, 0x6d, 0x1b, 0x6d, 0x1b, 0x6d, 0x1b, 0x6d, 0x1b, 0x6d, 0x1b, 0x6d, 0x1b, 0x6d, 0x1b, 0x6d, 0x5e, 0xa6, 0x1b, 0x6d, 0x1b, 0x6d, 0x1b, 0x6d,
    0x1b, 0x6d, 0x1b, 0x6d, 0x1b, 0x6d, 0x4a, 0x59, 0x00, 0x00, 0x00, 0x00, 0x00, 0x00, 0x00, 0x00, 0x00, 0x00, 0x00, 0x00, 0x00, 0x00, 0x00, 0x00, 0x00, 0x00, 0x00, 0x00, 0x00, 0x00, 0x00, 0x00,
    0x00, 0x00, 0x00, 0x00, 0x00, 0x00, 0x00, 0x00, 0x00, 0x00, 0x00, 0x00, 0x00, 0x00, 0x00, 0x00, 0x00, 0x00, 0x00, 0x00, 0x00, 0x00, 0x00, 0x00, 0x4a, 0x59, 0x1b, 0x6d, 0x1b, 0x6d, 0x1b, 0x6d,
    0x1b, 0x6d, 0x1b, 0x6d, 0x1b, 0x6d, 0x1b, 0x6d, 0x5e, 0xa6, 0x1b, 0x6d, 0x1b, 0x6d, 0x1b, 0x6d, 0x1b, 0x6d, 0x1b, 0x6d, 0x1b, 0x6d, 0x1b, 0x6d, 0x1b, 0x6d, 0x1b, 0x6d, 0x1b, 0x6d, 0x1b, 0x6d,
    0x5e, 0xa6, 0x1b, 0x6d, 0x1b, 0x6d, 0x1b, 0x6d, 0x1b, 0x6d, 0x1b, 0x6d, 0x1b, 0x6d, 0x1b, 0x6d, 0x1b, 0x6d, 0x1b, 0x6d, 0x1b, 0x6d, 0x1b, 0x6d, 0x5e, 0xa6, 0x1b, 0x6d, 0x1b, 0x6d, 0x1b, 0x6d,
    0x1b, 0x6d, 0x1b, 0x6d, 0x1b, 0x6d, 0x1b, 0x6d, 0x4a, 0x59, 0x00, 0x00, 0x00, 0x00, 0x00, 0x00, 0x00, 0x00, 0x00, 0x00, 0x00, 0x00, 0x00, 0x00, 0x00, 0x00, 0x00, 0x00, 0x00, 0x00, 0x00, 0x00,
    0x00, 0x00, 0x00, 0x00, 0x00, 0x00, 0x00, 0x00, 0x00, 0x00, 0x00, 0x00, 0x00, 0x00, 0x00, 0x00, 0x00, 0x00, 0x00, 0x00, 0x00, 0x00, 0x00, 0x00, 0x4a, 0x59, 0x1b, 0x6d, 0x1b, 0x6d, 0x1b, 0x6d,
    0x1b, 0x6d, 0x1b, 0x6d, 0x1b, 0x6d, 0x5e, 0xa6, 0x1b, 0x6d, 0x1b, 0x6d, 0xe5, 0x88, 0xe5, 0x88, 0xe5, 0x88, 0xe5, 0x88, 0xe5, 0x88, 0x1b, 0x6d, 0x1b, 0x6d, 0x1b, 0x6d, 0x1b, 0x6d, 0x1b, 0x6d,
    0x5e, 0xa6, 0x1b, 0x6d, 0x1b, 0x6d, 0x1b, 0x6d, 0x1b, 0x6d, 0x1b, 0x6d, 0xe5, 0x88, 0xe5, 0x88, 0xe5, 0x88, 0xe5, 0x88, 0xe5, 0x88, 0x1b, 0x6d, 0x1b, 0x6d, 0x5e, 0xa6, 0x1b, 0x6d, 0x1b, 0x6d,
    0x1b, 0x6d, 0x1b, 0x6d, 0x1b, 0x6d, 0x1b, 0x6d, 0x4a, 0x59, 0x00, 0x00, 0x00, 0x00, 0x00, 0x00, 0x00, 0x00, 0x00, 0x00, 0x00, 0x00, 0x00, 0x00, 0x00, 0x00, 0x00, 0x00, 0x00, 0x00, 0x00, 0x00,
    0x00, 0x00, 0x00, 0x00, 0x00, 0x00, 0x00, 0x00, 0x00, 0x00, 0x00, 0x00, 0x00, 0x00, 0x00, 0x00, 0x00, 0x00, 0x00, 0x00, 0x00, 0x00, 0x4a, 0x59, 0x35, 0x3b, 0x35, 0x3b, 0x35, 0x3b, 0x35, 0x3b,
    0x35, 0x3b, 0x35, 0x3b, 0x35, 0x3b, 0x35, 0x3b, 0x35, 0x3b, 0x35, 0x3b, 0xe5, 0x88, 0x87, 0xd1, 0x87, 0xd1, 0x87, 0xd1, 0xe5, 0x88, 0x35, 0x3b, 0x35, 0x3b, 0x35, 0x3b, 0x35, 0x3b, 0x35, 0x3b,
    0x35, 0x3b, 0x35, 0x3b, 0x35, 0x3b, 0x35, 0x3b, 0x35, 0x3b, 0x35, 0x3b, 0xe5, 0x88, 0x87, 0xd1, 0x87, 0xd1, 0x87, 0xd1, 0xe5, 0x88, 0x35, 0x3b, 0x35, 0x3b, 0x35, 0x3b, 0x35, 0x3b, 0x35, 0x3b,
    0x35, 0x3b, 0x35, 0x3b, 0x35, 0x3b, 0x35, 0x3b, 0x35, 0x3b, 0x4a, 0x59, 0x00, 0x00, 0x00, 0x00, 0x00, 0x00, 0x00, 0x00, 0x00, 0x00, 0x00, 0x00, 0x00, 0x00, 0x00, 0x00, 0x00, 0x00, 0x00, 0x00,
    0x00, 0x00, 0x00, 0x00, 0x00, 0x00, 0x00, 0x00, 0x00, 0x00, 0x00, 0x00, 0x00, 0x00, 0x00, 0x00, 0x00, 0x00, 0x00, 0x00, 0x00, 0x00, 0x4a, 0x59, 0x1b, 0x6d, 0x1b, 0x6d, 0x1b, 0x6d, 0x1b, 0x6d,
    0x1b, 0x6d, 0x1b, 0x6d, 0x5e, 0xa6, 0x1b, 0x6d, 0x1b, 0x6d, 0x1b, 0x6d, 0xe5, 0x88, 0x87, 0xd1, 0x87, 0xd1, 0x87, 0xd1, 0xe5, 0x88, 0x1b, 0x6d, 0x1b, 0x6d, 0x1b, 0x6d, 0x1b, 0x6d, 0x1b, 0x6d,
    0x5e, 0xa6, 0x1b, 0x6d, 0x1b, 0x6d, 0x1b, 0x6d, 0x1b, 0x6d, 0x1b, 0x6d, 0xe5, 0x88, 0x87, 0xd1, 0x87, 0xd1, 0x87, 0xd1, 0xe5, 0x88, 0x1b, 0x6d, 0x1b, 0x6d, 0x1b, 0x6d, 0x5e, 0xa6, 0x1b, 0x6d,
    0x1b, 0x6d, 0x1b, 0x6d, 0x1b, 0x6d, 0x1b, 0x6d, 0x1b, 0x6d, 0x4a, 0x59, 0x00, 0x00, 0x00, 0x00, 0x00, 0x00, 0x00, 0x00, 0x00, 0x00, 0x00, 0x00, 0x00, 0x00, 0x00, 0x00, 0x00, 0x00, 0x00, 0x00,
    0x00, 0x00, 0x00, 0x00, 0x00, 0x00, 0x00, 0x00, 0x00, 0x00, 0x00, 0x00, 0x00, 0x00, 0x00, 0x00, 0x00, 0x00, 0x00, 0x00, 0x4a, 0x59, 0x4a, 0x59, 0x4a, 0x59, 0x4a, 0x59, 0x4a, 0x59, 0x4a, 0x59,
    0x4a, 0x59, 0x4a, 0x59, 0x5e, 0xa6, 0x4a, 0x59, 0x4a, 0x59, 0x4a, 0x59, 0xe5, 0x88, 0x87, 0xd1, 0x87, 0xd1, 0x87, 0xd1, 0xe5, 0x88, 0x4a, 0x59, 0x4a, 0x59, 0x4a, 0x59, 0x4a, 0x59, 0x4a, 0x59,
    0x5e, 0xa6, 0x4a, 0x59, 0x4a, 0x59, 0x4a, 0x59, 0x4a, 0x59, 0x4a, 0x59, 0xe5, 0x88, 0x87, 0xd1, 0x87, 0xd1, 0x87, 0xd1, 0xe5, 0x88, 0x4a, 0x59, 0x4a, 0x59, 0x4a, 0x59, 0x5e, 0xa6, 0x4a, 0x59,
    0x4a, 0x59, 0x4a, 0x59, 0x4a, 0x59, 0x4a, 0x59, 0x4a, 0x59, 0x4a, 0x59, 0x4a, 0x59, 0x00, 0x00, 0x00, 0x00, 0x00, 0x00, 0x00, 0x00, 0x00, 0x00, 0x00, 0x00, 0x00, 0x00, 0x00, 0x00, 0x00, 0x00,
    0x00, 0x00, 0x00, 0x00, 0x00, 0x00, 0x00, 0x00, 0x00, 0x00, 0x00, 0x00, 0x00, 0x00, 0x00, 0x00, 0x00, 0x00, 0x00, 0x00, 0x00, 0x00, 0x00, 0x00, 0x00, 0x00, 0x00, 0x00, 0x00, 0x00, 0x00, 0x00,
    0x00, 0x00, 0x00, 0x00, 0x00, 0x00, 0x00, 0x00, 0x00, 0x00, 0x4a, 0x59, 0x4a, 0x59, 0x4a, 0x59, 0x4a, 0x59, 0x4a, 0x59, 0x4a, 0x59, 0x4a, 0x59, 0x00, 0x00, 0x00, 0x00, 0x00, 0x00, 0x00, 0x00,
    0x00, 0x00, 0x00, 0x00, 0x00, 0x00, 0x00, 0x00, 0x00, 0x00, 0x4a, 0x59, 0x4a, 0x59, 0x4a, 0x59, 0x4a, 0x59, 0x4a, 0x59, 0x4a, 0x59, 0x4a, 0x59, 0x00, 0x00, 0x00, 0x00, 0x00, 0x00, 0x00, 0x00,
    0x00, 0x00, 0x00, 0x00, 0x00, 0x00, 0x00, 0x00, 0x00, 0x00, 0x00, 0x00, 0x00, 0x00, 0x00, 0x00, 0x00, 0x00, 0x00, 0x00, 0x00, 0x00, 0x00, 0x00, 0x00, 0x00, 0x00, 0x00, 0x00, 0x00, 0x00, 0x00,
    0x00, 0x00, 0x00, 0x00, 0x00, 0x00, 0x00, 0x00, 0x00, 0x00, 0x00, 0x00, 0x00, 0x00, 0x00, 0x00, 0x00, 0x00, 0x00, 0x00, 0x00, 0x00, 0x00, 0x00, 0x00, 0x00, 0x00, 0x00, 0x00, 0x00, 0x00, 0x00,
    0x00, 0x00, 0x00, 0x00, 0x00, 0x00, 0x00, 0x00, 0x00, 0x00, 0x4a, 0x59, 0x4a, 0x59, 0x4a, 0x59, 0x4a, 0x59, 0x4a, 0x59, 0x4a, 0x59, 0x4a, 0x59, 0x00, 0x00, 0x00, 0x00, 0x00, 0x00, 0x00, 0x00,
    0x00, 0x00, 0x00, 0x00, 0x00, 0x00, 0x00, 0x00, 0x00, 0x00, 0x4a, 0x59, 0x4a, 0x59, 0x4a, 0x59, 0x4a, 0x59, 0x4a, 0x59, 0x4a, 0x59, 0x4a, 0x59, 0x00, 0x00, 0x00, 0x00, 0x00, 0x00, 0x00, 0x00,
    0x00, 0x00, 0x00, 0x00, 0x00, 0x00, 0x00, 0x00, 0x00, 0x00, 0x00, 0x00, 0x00, 0x00, 0x00, 0x00, 0x00, 0x00, 0x00, 0x00, 0x00, 0x00, 0x00, 0x00, 0x00, 0x00, 0x00, 0x00, 0x00, 0x00, 0x00, 0x00,
    0x00, 0x00, 0x00, 0x00, 0x00, 0x00, 0x00, 0x00, 0x00, 0x00, 0x00, 0x00, 0x00, 0x00, 0x00, 0x00, 0x00, 0x00, 0x00, 0x00, 0x00, 0x00, 0x00, 0x00, 0x00, 0x00, 0x00, 0x00, 0x00, 0x00, 0x00, 0x00,
    0x00, 0x00, 0x00, 0x00, 0x00, 0x00, 0x00, 0x00, 0x00, 0x00, 0x00, 0x00, 0x00, 0x00, 0x00, 0x00, 0x00, 0x00, 0x00, 0x00, 0x00, 0x00, 0x00, 0x00, 0x00, 0x00, 0x00, 0x00, 0x00, 0x00, 0x00, 0x00,
    0x00, 0x00, 0x00, 0x00, 0x00, 0x00, 0x00, 0x00, 0x00, 0x00, 0x00, 0x00, 0x00, 0x00, 0x00, 0x00, 0x00, 0x00, 0x00, 0x00, 0x00, 0x00, 0x00, 0x00, 0x00, 0x00, 0x00, 0x00, 0x00, 0x00, 0x00, 0x00,
    0x00, 0x00, 0x00, 0x00, 0x00, 0x00, 0x00, 0x00, 0x00, 0x00, 0x00, 0x00, 0x00, 0x00, 0x00, 0x00, 0x00, 0x00, 0x00, 0x00, 0x00, 0x00, 0x00, 0x00, 0x00, 0x00, 0x00, 0x00, 0x00, 0x00, 0x00, 0x00,
    0x00, 0x00, 0x00, 0x00, 0x00, 0x00, 0x00, 0x00, 0x00, 0x00, 0x00, 0x00, 0x00, 0x00, 0x00, 0x00, 0x00, 0x00, 0x00, 0x00, 0x00, 0x00, 0x00, 0x00, 0x00, 0x00, 0x00, 0x00, 0x00, 0x00, 0x00, 0x00,
    0x00, 0x00, 0x00, 0x00, 0x00, 0x00, 0x00, 0x00, 0x00, 0x00, 0x00, 0x00, 0x00, 0x00, 0x00, 0x00, 0x00, 0x00, 0x00, 0x00, 0x00, 0x00, 0x00, 0x00, 0x00, 0x00, 0x00, 0x00, 0x00, 0x00, 0x00, 0x00,
    0x00, 0x00, 0x00, 0x00, 0x00, 0x00, 0x00, 0x00, 0x00, 0x00, 0x00, 0x00, 0x00, 0x00, 0x00, 0x00, 0x00, 0x00, 0x00, 0x00, 0x00, 0x00, 0x00, 0x00, 0x00, 0x00, 0x00, 0x00, 0x00, 0x00, 0x00, 0x00,
    0x00, 0x00, 0x00, 0x00, 0x00, 0x00, 0x00, 0x00, 0x00, 0x00, 0x00, 0x00, 0x00, 0x00, 0x00, 0x00, 0x00, 0x00, 0x00, 0x00, 0x00, 0x00, 0x00, 0x00, 0x00, 0x00, 0x00, 0x00, 0x00, 0x00, 0x00, 0x00,
    0x00, 0x00, 0x00, 0x00, 0x00, 0x00, 0x00, 0x00, 0x00, 0x00, 0x00, 0x00, 0x00, 0x00, 0x00, 0x00, 0x00, 0x00, 0x00, 0x00, 0x00, 0x00, 0x00, 0x00, 0x00, 0x00, 0x00, 0x00, 0x00, 0x00, 0x00, 0x00,
    0x00, 0x00, 0x00, 0x00, 0x00, 0x00, 0x00, 0x00, 0x00, 0x00, 0x00, 0x00, 0x00, 0x00, 0x00, 0x00, 0x00, 0x00, 0x00, 0x00, 0x00, 0x00, 0x00, 0x00, 0x00, 0x00, 0x00, 0x00, 0x00, 0x00, 0x00, 0x00,
    0x00, 0x00, 0x00, 0x00, 0x00, 0x00, 0x00, 0x00, 0x00, 0x00, 0x00, 0x00, 0x00, 0x00, 0x00, 0x00, 0x00, 0x00, 0x00, 0x00, 0x00, 0x00, 0x00, 0x00, 0x00, 0x00, 0x00, 0x00, 0x00, 0x00, 0x00, 0x00,
    0x00, 0x00, 0x00, 0x00, 0x00, 0x00, 0x00, 0x00, 0x00, 0x00, 0x00, 0x00, 0x00, 0x00, 0x00, 0x00, 0x00, 0x00, 0x00, 0x00, 0x00, 0x00, 0x00, 0x00, 0x00, 0x00, 0x00, 0x00, 0x00, 0x00, 0x00, 0x00,
    0x00, 0x00, 0x00, 0x00, 0x00, 0x00, 0x00, 0x00, 0x00, 0x00, 0x00, 0x00, 0x00, 0x00, 0x00, 0x00, 0x00, 0x00, 0xff, 0x00, 0x00, 0x00, 0x00, 0x00, 0x00, 0x00, 0x00, 0x00, 0x00, 0x00, 0x00, 0x00,
    0x00, 0x00, 0x00, 0x00, 0x00, 0x00, 0x00, 0x00, 0x00, 0x00, 0x00, 0x00, 0x00, 0xff, 0xff, 0x00, 0x00, 0x00, 0x00, 0x00, 0x00, 0x00, 0x00, 0x00, 0x00, 0x00, 0x00, 0x00, 0x00, 0x00, 0x00, 0x00,
    0x00, 0x00, 0x00, 0x00, 0x00, 0x00, 0x00, 0x00, 0x00, 0x00, 0x00, 0x00, 0x00, 0x00, 0x00, 0x00, 0x00, 0xff, 0xff, 0xff, 0x00, 0x00, 0x00, 0x00, 0x00, 0x00, 0x00, 0x00, 0x00, 0x00, 0x00, 0x00,
    0x00, 0x00, 0x00, 0x00, 0x00, 0x00, 0x00, 0x00, 0x00, 0x00, 0x00, 0x00, 0x00, 0xff, 0xff, 0x00, 0x00, 0x00, 0x00, 0x00, 0x00, 0x00, 0x00, 0x00, 0x00, 0x00, 0x00, 0x00, 0x00, 0x00, 0x00, 0x00,
    0x00, 0x00, 0x00, 0x00, 0x00, 0x00, 0x00, 0x00, 0x00, 0x00, 0x00, 0x00, 0x00, 0x00, 0x00, 0x00, 0x00, 0xff, 0xff, 0xff, 0x00, 0x00, 0x00, 0x00, 0x00, 0x00, 0x00, 0x00, 0x00, 0x00, 0x00, 0x00,
    0x00, 0x00, 0x00, 0x00, 0x00, 0x00, 0x00, 0x00, 0x00, 0x00, 0x00, 0x00, 0xff, 0xff, 0xff, 0xff, 0x00, 0x00, 0x00, 0x00, 0x00, 0x00, 0x00, 0x00, 0x00, 0x00, 0x00, 0x00, 0x00, 0x00, 0x00, 0x00,
    0x00, 0x00, 0x00, 0x00, 0x00, 0x00, 0x00, 0x00, 0x00, 0x00, 0x00, 0x00, 0x00, 0x00, 0x00, 0x00, 0x00, 0xff, 0xff, 0xff, 0xff, 0x00, 0x00, 0x00, 0xff, 0xff, 0xff, 0x00, 0x00, 0x00, 0x00, 0x00,
    0x00, 0x00, 0x00, 0x00, 0x00, 0x00, 0xff, 0xff, 0xff, 0x00, 0x00, 0x00, 0xff, 0xff, 0xff, 0xff, 0x00, 0x00, 0x00, 0x00, 0x00, 0x00, 0x00, 0x00, 0x00, 0x00, 0x00, 0x00, 0x00, 0x00, 0x00, 0x00,
    0x00, 0x00, 0x00, 0x00, 0x00, 0x00, 0x00, 0x00, 0x00, 0x00, 0x00, 0x00, 0x00, 0x00, 0x00, 0x00, 0x00, 0xff, 0xff, 0xff, 0xff, 0x00, 0xff, 0xff, 0xff, 0xff, 0xff, 0xff, 0xff, 0x00, 0x00, 0x00,
    0x00, 0x00, 0x00, 0x00, 0xff, 0xff, 0xff, 0xff, 0xff, 0xff, 0xff, 0xff, 0xff, 0xff, 0xff, 0xff, 0x00, 0x00, 0x00, 0x00, 0x00, 0x00, 0x00, 0x00, 0x00, 0x00, 0x00, 0x00, 0x00, 0x00, 0x00, 0x00,
    0x00, 0x00, 0x00, 0x00, 0x00, 0x00, 0x00, 0x00, 0x00, 0x00, 0x00, 0x00, 0x00, 0x00, 0x00, 0x00, 0xff, 0xff, 0xff, 0xff, 0xff, 0xff, 0xff, 0xff, 0xff, 0xff, 0xff, 0xff, 0xff, 0xff, 0xff, 0xff,
    0xff, 0xff, 0xff, 0xff, 0xff, 0xff, 0xff, 0xff, 0xff, 0xff, 0xff, 0xff, 0xff, 0xff, 0xff, 0xff, 0x00, 0x00, 0x00, 0x00, 0x00, 0x00, 0x00, 0x00, 0x00, 0x00, 0x00, 0x00, 0x00, 0x00, 0x00, 0x00,
    0x00, 0x00, 0x00, 0x00, 0x00, 0x00, 0x00, 0x00, 0x00, 0x00, 0x00, 0x00, 0x00, 0x00, 0x00, 0x00, 0xff, 0xff, 0xff, 0xff, 0xff, 0xff, 0xff, 0xff, 0xff, 0xff, 0xff, 0xff, 0xff, 0xff, 0xff, 0xff,
    0xff, 0xff, 0xff, 0xff, 0xff, 0xff, 0xff, 0xff, 0xff, 0xff, 0xff, 0xff, 0xff, 0xff, 0xff, 0xff, 0xff, 0x00, 0x00, 0x00, 0x00, 0x00, 0x00, 0x00, 0x00, 0x00, 0x00, 0x00, 0x00, 0x00, 0x00, 0x00,
    0x00, 0x00, 0x00, 0x00, 0x00, 0x00, 0x00, 0x00, 0x00, 0x00, 0x00, 0x00, 0x00, 0x00, 0x00, 0x00, 0xff, 0xff, 0xff, 0xff, 0xff, 0xff, 0xff, 0xff, 0xff, 0xff, 0xff, 0xff, 0xff, 0xff, 0xff, 0xff,
    0xff, 0xff, 0xff, 0xff, 0xff, 0xff, 0xff, 0xff, 0xff, 0xff, 0xff, 0xff, 0xff, 0xff, 0xff, 0xff, 0xff, 0x00, 0x00, 0x00, 0x00, 0x00, 0x00, 0x00, 0x00, 0x00, 0x00, 0x00, 0x00, 0x00, 0x00, 0x00,
    0x00, 0x00, 0x00, 0x00, 0x00, 0x00, 0x00, 0x00, 0x00, 0x00, 0x00, 0x00, 0x00, 0x00, 0x00, 0x00, 0xff, 0xff, 0xff, 0xff, 0xff, 0xff, 0xff, 0xff, 0xff, 0xff, 0xff, 0xff, 0xff, 0xff, 0xff, 0xff,
    0xff, 0xff, 0xff, 0xff, 0xff, 0xff, 0xff, 0xff, 0xff, 0xff, 0xff, 0xff, 0xff, 0xff, 0xff, 0xff, 0xff, 0x00, 0x00, 0x00, 0x00, 0x00, 0x00, 0x00, 0x00, 0x00, 0x00, 0x00, 0x00, 0x00, 0x00, 0x00,
    0x00, 0x00, 0x00, 0x00, 0x00, 0x00, 0x00, 0x00, 0x00, 0x00, 0x00, 0x00, 0x00, 0x00, 0x00, 0xff, 0xff, 0xff, 0xff, 0xff, 0xff, 0xff, 0xff, 0xff, 0xff, 0xff, 0xff, 0xff, 0xff, 0xff, 0xff, 0xff,
    0xff, 0xff, 0xff, 0xff, 0xff, 0xff, 0xff, 0xff, 0xff, 0xff, 0xff, 0xff, 0xff, 0xff, 0xff, 0xff, 0xff, 0x00, 0x00, 0x00, 0x00, 0x00, 0x00, 0x00, 0x00, 0x00, 0x00, 0x00, 0x00, 0x00, 0x00, 0x00,
    0x00, 0x00, 0x00, 0x00, 0x00, 0x00, 0x00, 0x00, 0x00, 0x00, 0x00, 0x00, 0x00, 0x00, 0x00, 0xff, 0xff, 0xff, 0xff, 0xff, 0xff, 0xff, 0xff, 0xff, 0xff, 0xff, 0xff, 0xff, 0xff, 0xff, 0xff, 0xff,
    0xff, 0xff, 0xff, 0xff, 0xff, 0xff, 0xff, 0xff, 0xff, 0xff, 0xff, 0xff, 0xff, 0xff, 0xff, 0xff, 0xff, 0xff, 0x00, 0x00, 0x00, 0x00, 0x00, 0x00, 0x00, 0x00, 0x00, 0x00, 0x00, 0x00, 0x00, 0x00,
    0x00, 0x00, 0x00, 0x00, 0x00, 0x00, 0x00, 0x00, 0x00, 0x00, 0x00, 0x00, 0x00, 0x00, 0x00, 0xff, 0xff, 0xff, 0xff, 0xff, 0xff, 0xff, 0xff, 0xff, 0xff, 0xff, 0xff, 0xff, 0xff, 0xff, 0xff, 0xff,
    0xff, 0xff, 0xff, 0xff, 0xff, 0xff, 0xff, 0xff, 0xff, 0xff, 0xff, 0xff, 0xff, 0xff, 0xff, 0xff, 0xff, 0xff, 0x00, 0x00, 0x00, 0x00, 0x00, 0x00, 0x00, 0x00, 0x00, 0x00, 0x00, 0x00, 0x00, 0x00,
    0x00, 0x00, 0x00, 0x00, 0x00, 0x00, 0x00, 0x00, 0x00, 0x00, 0x00, 0x00, 0x00, 0x00, 0x00, 0xff, 0xff, 0xff, 0xff, 0xff, 0xff, 0xff, 0xff, 0xff, 0xff, 0xff, 0xff, 0xff, 0xff, 0xff, 0xff, 0xff,
    0xff, 0xff, 0xff, 0xff, 0xff, 0xff, 0xff, 0xff, 0xff, 0xff, 0xff, 0xff, 0xff, 0xff, 0xff, 0xff, 0xff, 0xff, 0x00, 0x00, 0x00, 0x00, 0x00, 0x00, 0x00, 0x00, 0x00, 0x00, 0x00, 0x00, 0x00, 0x00,
    0x00, 0x00, 0x00, 0x00, 0x00, 0x00, 0x00, 0x00, 0x00, 0x00, 0x00, 0x00, 0x00, 0x00, 0xff, 0xff, 0xff, 0xff, 0xff, 0xff, 0xff, 0xff, 0xff, 0xff, 0xff, 0xff, 0xff, 0xff, 0xff, 0xff, 0xff, 0xff,
    0xff, 0xff, 0xff, 0xff, 0xff, 0xff, 0xff, 0xff, 0xff, 0xff, 0xff, 0xff, 0xff, 0xff, 0xff, 0xff, 0xff, 0xff, 0x00, 0x00, 0x00, 0x00, 0x00, 0x00, 0x00, 0x00, 0x00, 0x00, 0x00, 0x00, 0x00, 0x00,
    0x00, 0x00, 0x00, 0x00, 0x00, 0x00, 0x00, 0x00, 0x00, 0x00, 0x00, 0x00, 0x00, 0x00, 0xff, 0xff, 0xff, 0xff, 0xff, 0xff, 0xff, 0xff, 0xff, 0xff, 0xff, 0xff, 0xff, 0xff, 0xff, 0xff, 0xff, 0xff,
    0xff, 0xff, 0xff, 0xff, 0xff, 0xff, 0xff, 0xff, 0xff, 0xff, 0xff, 0xff, 0xff, 0xff, 0xff, 0xff, 0xff, 0xff, 0xff, 0x00, 0x00, 0x00, 0x00, 0x00, 0x00, 0x00, 0x00, 0x00, 0x00, 0x00, 0x00, 0x00,
    0x00, 0x00, 0x00, 0x00, 0x00, 0x00, 0x00, 0x00, 0x00, 0x00, 0x00, 0x00, 0x00, 0x00, 0xff, 0xff, 0xff, 0xff, 0xff, 0xff, 0xff, 0xff, 0xff, 0xff, 0xff, 0xff, 0xff, 0xff, 0xff, 0xff, 0xff, 0xff,
    0xff, 0xff, 0xff, 0xff, 0xff, 0xff, 0xff, 0xff, 0xff, 0xff, 0xff, 0xff, 0xff, 0xff, 0xff, 0xff, 0xff, 0xff, 0xff, 0x00, 0x00, 0x00, 0x00, 0x00, 0x00, 0x00, 0x00, 0x00, 0x00, 0x00, 0x00, 0x00,
    0x00, 0x00, 0x00, 0x00, 0x00, 0x00, 0x00, 0x00, 0x00, 0x00, 0x00, 0x00, 0x00, 0x00, 0x00, 0x00, 0x00, 0x00, 0x00, 0x00, 0x00, 0x00, 0xff, 0xff, 0xff, 0xff, 0xff, 0xff, 0xff, 0xff, 0xff, 0xff,
    0xff, 0xff, 0xff, 0xff, 0xff, 0xff, 0xff, 0xff, 0xff, 0xff, 0xff, 0x00, 0x00, 0x00, 0x00, 0x00, 0x00, 0x00, 0x00, 0x00, 0x00, 0x00, 0x00, 0x00, 0x00, 0x00, 0x00, 0x00, 0x00, 0x00, 0x00, 0x00,
    0x00, 0x00, 0x00, 0x00, 0x00, 0x00, 0x00, 0x00, 0x00, 0x00, 0x00, 0x00, 0x00, 0x00, 0x00, 0x00, 0x00, 0x00, 0x00, 0x00, 0x00, 0xff, 0xff, 0xff, 0xff, 0xff, 0xff, 0xff, 0xff, 0xff, 0xff, 0xff,
    0xff, 0xff, 0xff, 0xff, 0xff, 0xff, 0xff, 0xff, 0xff, 0xff, 0xff, 0xff, 0x00, 0x00, 0x00, 0x00, 0x00, 0x00, 0x00, 0x00, 0x00, 0x00, 0x00, 0x00, 0x00, 0x00, 0x00, 0x00, 0x00, 0x00, 0x00, 0x00,
    0x00, 0x00, 0x00, 0x00, 0x00, 0x00, 0x00, 0x00, 0x00, 0x00, 0x00, 0x00, 0x00, 0x00, 0x00, 0x00, 0x00, 0x00, 0x00, 0x00, 0xff, 0xff, 0xff, 0xff, 0xff, 0xff, 0xff, 0xff, 0xff, 0xff, 0xff, 0xff,
    0xff, 0xff, 0xff, 0xff, 0xff, 0xff, 0xff, 0xff, 0xff, 0xff, 0xff, 0xff, 0xff, 0x00, 0x00, 0x00, 0x00, 0x00, 0x00, 0x00, 0x00, 0x00, 0x00, 0x00, 0x00, 0x00, 0x00, 0x00, 0x00, 0x00, 0x00, 0x00,
    0x00, 0x00, 0x00, 0x00, 0x00, 0x00, 0x00, 0x00, 0x00, 0x00, 0x00, 0x00, 0x00, 0x00, 0x00, 0x00, 0x00, 0x00, 0x00, 0xff, 0xff, 0xff, 0xff, 0xff, 0xff, 0xff, 0xff, 0xff, 0xff, 0xff, 0xff, 0xff,
    0xff, 0xff, 0xff, 0xff, 0xff, 0xff, 0xff, 0xff, 0xff, 0xff, 0xff, 0xff, 0xff, 0xff, 0x00, 0x00, 0x00, 0x00, 0x00, 0x00, 0x00, 0x00, 0x00, 0x00, 0x00, 0x00, 0x00, 0x00, 0x00, 0x00, 0x00, 0x00,
    0x00, 0x00, 0x00, 0x00, 0x00, 0x00, 0x00, 0x00, 0x00, 0x00, 0x00, 0x00, 0x00, 0x00, 0x00, 0x00, 0x00, 0x00, 0xff, 0xff, 0xff, 0xff, 0xff, 0xff, 0xff, 0xff, 0xff, 0xff, 0xff, 0xff, 0xff, 0xff,
    0xff, 0xff, 0xff, 0xff, 0xff, 0xff, 0xff, 0xff, 0xff, 0xff, 0xff, 0xff, 0xff, 0xff, 0xff, 0x00, 0x00, 0x00, 0x00, 0x00, 0x00, 0x00, 0x00, 0x00, 0x00, 0x00, 0x00, 0x00, 0x00, 0x00, 0x00, 0x00,
    0x00, 0x00, 0x00, 0x00, 0x00, 0x00, 0x00, 0x00, 0x00, 0x00, 0x00, 0x00, 0x00, 0x00, 0x00, 0x00, 0x00, 0x00, 0xff, 0xff, 0xff, 0xff, 0xff, 0xff, 0xff, 0xff, 0xff, 0xff, 0xff, 0xff, 0xff, 0xff,
    0xff, 0xff, 0xff, 0xff, 0xff, 0xff, 0xff, 0xff, 0xff, 0xff, 0xff, 0xff, 0xff, 0xff, 0xff, 0x00, 0x00, 0x00, 0x00, 0x00, 0x00, 0x00, 0x00, 0x00, 0x00, 0x00, 0x00, 0x00, 0x00, 0x00, 0x00, 0x00,
    0x00, 0x00, 0x00, 0x00, 0x00, 0x00, 0x00, 0x00, 0x00, 0x00, 0x00, 0x00, 0x00, 0x00, 0x00, 0x00, 0x00, 0xff, 0xff, 0xff, 0xff, 0xff, 0xff, 0xff, 0xff, 0xff, 0xff, 0xff, 0xff, 0xff, 0xff, 0xff,
    0xff, 0xff, 0xff, 0xff, 0xff, 0xff, 0xff, 0xff, 0xff, 0xff, 0xff, 0xff, 0xff, 0xff, 0xff, 0xff, 0x00, 0x00, 0x00, 0x00, 0x00, 0x00, 0x00, 0x00, 0x00, 0x00, 0x00, 0x00, 0x00, 0x00, 0x00, 0x00,
    0x00, 0x00, 0x00, 0x00, 0x00, 0x00, 0x00, 0x00, 0x00, 0x00, 0x00, 0x00, 0x00, 0x00, 0x00, 0x00, 0x00, 0xff, 0xff, 0xff, 0xff, 0xff, 0xff, 0xff, 0xff, 0xff, 0xff, 0xff, 0xff, 0xff, 0xff, 0xff,
    0xff, 0xff, 0xff, 0xff, 0xff, 0xff, 0xff, 0xff, 0xff, 0xff, 0xff, 0xff, 0xff, 0xff, 0xff, 0xff, 0x00, 0x00, 0x00, 0x00, 0x00, 0x00, 0x00, 0x00, 0x00, 0x00, 0x00, 0x00, 0x00, 0x00, 0x00, 0x00,
    0x00, 0x00, 0x00, 0x00, 0x00, 0x00, 0x00, 0x00, 0x00, 0x00, 0x00, 0x00, 0x00, 0x00, 0x00, 0x00, 0xff, 0xff, 0xff, 0xff, 0xff, 0xff, 0xff, 0xff, 0xff, 0xff, 0xff, 0xff, 0xff, 0xff, 0xff, 0xff,
    0xff, 0xff, 0xff, 0xff, 0xff, 0xff, 0xff, 0xff, 0xff, 0xff, 0xff, 0xff, 0xff, 0xff, 0xff, 0xff, 0xff, 0x00, 0x00, 0x00, 0x00, 0x00, 0x00, 0x00, 0x00, 0x00, 0x00, 0x00, 0x00, 0x00, 0x00, 0x00,
    0x00, 0x00, 0x00, 0x00, 0x00, 0x00, 0x00, 0x00, 0x00, 0x00, 0x00, 0x00, 0x00, 0x00, 0x00, 0x00, 0xff, 0xff, 0xff, 0xff, 0xff, 0xff, 0xff, 0xff, 0xff, 0xff, 0xff, 0xff, 0xff, 0xff, 0xff, 0xff,
    0xff, 0xff, 0xff, 0xff, 0xff, 0xff, 0xff, 0xff, 0xff, 0xff, 0xff, 0xff, 0xff, 0xff, 0xff, 0xff, 0xff, 0x00, 0x00, 0x00, 0x00, 0x00, 0x00, 0x00, 0x00, 0x00, 0x00, 0x00, 0x00, 0x00, 0x00, 0x00,
    0x00, 0x00, 0x00, 0x00, 0x00, 0x00, 0x00, 0x00, 0x00, 0x00, 0x00, 0x00, 0x00, 0x00, 0x00, 0x00, 0xff, 0xff, 0xff, 0xff, 0xff, 0xff, 0xff, 0xff, 0xff, 0xff, 0xff, 0xff, 0xff, 0xff, 0xff, 0xff,
    0xff, 0xff, 0xff, 0xff, 0xff, 0xff, 0xff, 0xff, 0xff, 0xff, 0xff, 0xff, 0xff, 0xff, 0xff, 0xff, 0xff, 0x00, 0x00, 0x00, 0x00, 0x00, 0x00, 0x00, 0x00, 0x00, 0x00, 0x00, 0x00, 0x00, 0x00, 0x00,
    0x00, 0x00, 0x00, 0x00, 0x00, 0x00, 0x00, 0x00, 0x00, 0x00, 0x00, 0x00, 0x00, 0x00, 0x00, 0x00, 0xff, 0xff, 0xff, 0xff, 0xff, 0xff, 0xff, 0xff, 0xff, 0xff, 0xff, 0xff, 0xff, 0xff, 0xff, 0xff,
    0xff, 0xff, 0xff, 0xff, 0xff, 0xff, 0xff, 0xff, 0xff, 0xff, 0xff, 0xff, 0xff, 0xff, 0xff, 0xff, 0xff, 0x00, 0x00, 0x00, 0x00, 0x00, 0x00, 0x00, 0x00, 0x00, 0x00, 0x00, 0x00, 0x00, 0x00, 0x00,
    0x00, 0x00, 0x00, 0x00, 0x00, 0x00, 0x00, 0x00, 0x00, 0x00, 0x00, 0x00, 0x00, 0x00, 0x00, 0x00, 0xff, 0xff, 0xff, 0xff, 0xff, 0xff, 0xff, 0xff, 0xff, 0xff, 0xff, 0xff, 0xff, 0xff, 0xff, 0xff,
    0xff, 0xff, 0xff, 0xff, 0xff, 0xff, 0xff, 0xff, 0xff, 0xff, 0xff, 0xff, 0xff, 0xff, 0xff, 0xff, 0xff, 0x00, 0x00, 0x00, 0x00, 0x00, 0x00, 0x00, 0x00, 0x00, 0x00, 0x00, 0x00, 0x00, 0x00, 0x00,
    0x00, 0x00, 0x00, 0x00, 0x00, 0x00, 0x00, 0x00, 0x00, 0x00, 0x00, 0x00, 0x00, 0x00, 0x00, 0x00, 0xff, 0xff, 0xff, 0xff, 0xff, 0xff, 0xff, 0xff, 0xff, 0xff, 0xff, 0xff, 0xff, 0xff, 0xff, 0xff,
    0xff, 0xff, 0xff, 0xff, 0xff, 0xff, 0xff, 0xff, 0xff, 0xff, 0xff, 0xff, 0xff, 0xff, 0xff, 0xff, 0xff, 0x00, 0x00, 0x00, 0x00, 0x00, 0x00, 0x00, 0x00, 0x00, 0x00, 0x00, 0x00, 0x00, 0x00, 0x00,
    0x00, 0x00, 0x00, 0x00, 0x00, 0x00, 0x00, 0x00, 0x00, 0x00, 0x00, 0x00, 0x00, 0x00, 0x00, 0x00, 0xff, 0xff, 0xff, 0xff, 0xff, 0xff, 0xff, 0xff, 0xff, 0xff, 0xff, 0xff, 0xff, 0xff, 0xff, 0xff,
    0xff, 0xff, 0xff, 0xff, 0xff, 0xff, 0xff, 0xff, 0xff, 0xff, 0xff, 0xff, 0xff, 0xff, 0xff, 0xff, 0xff, 0x00, 0x00, 0x00, 0x00, 0x00, 0x00, 0x00, 0x00, 0x00, 0x00, 0x00, 0x00, 0x00, 0x00, 0x00,
    0x00, 0x00, 0x00, 0x00, 0x00, 0x00, 0x00, 0x00, 0x00, 0x00, 0x00, 0x00, 0x00, 0x00, 0x00, 0x00, 0x00, 0xff, 0xff, 0xff, 0xff, 0xff, 0xff, 0xff, 0xff, 0xff, 0xff, 0xff, 0xff, 0xff, 0xff, 0xff,
    0xff, 0xff, 0xff, 0xff, 0xff, 0xff, 0xff, 0xff, 0xff, 0xff, 0xff, 0xff, 0xff, 0xff, 0xff, 0xff, 0x00, 0x00, 0x00, 0x00, 0x00, 0x00, 0x00, 0x00, 0x00, 0x00, 0x00, 0x00, 0x00, 0x00, 0x00, 0x00,
    0x00, 0x00, 0x00, 0x00, 0x00, 0x00, 0x00, 0x00, 0x00, 0x00, 0x00, 0x00, 0x00, 0x00, 0x00, 0x00, 0x00, 0xff, 0xff, 0xff, 0xff, 0xff, 0xff, 0xff, 0xff, 0xff, 0xff, 0xff, 0xff, 0xff, 0xff, 0xff,
    0xff, 0xff, 0xff, 0xff, 0xff, 0xff, 0xff, 0xff, 0xff, 0xff, 0xff, 0xff, 0xff, 0xff, 0xff, 0xff, 0x00, 0x00, 0x00, 0x00, 0x00, 0x00, 0x00, 0x00, 0x00, 0x00, 0x00, 0x00, 0x00, 0x00, 0x00, 0x00,
    0x00, 0x00, 0x00, 0x00, 0x00, 0x00, 0x00, 0x00, 0x00, 0x00, 0x00, 0x00, 0x00, 0x00, 0x00, 0x00, 0x00, 0xff, 0xff, 0xff, 0xff, 0xff, 0xff, 0xff, 0xff, 0xff, 0xff, 0xff, 0xff, 0xff, 0xff, 0xff,
    0xff, 0xff, 0xff, 0xff, 0xff, 0xff, 0xff, 0xff, 0xff, 0xff, 0xff, 0xff, 0xff, 0xff, 0xff, 0xff, 0x00, 0x00, 0x00, 0x00, 0x00, 0x00, 0x00, 0x00, 0x00, 0x00, 0x00, 0x00, 0x00, 0x00, 0x00, 0x00,
    0x00, 0x00, 0x00, 0x00, 0x00, 0x00, 0x00, 0x00, 0x00, 0x00, 0x00, 0x00, 0x00, 0x00, 0x00, 0x00, 0x00, 0x00, 0xff, 0xff, 0xff, 0xff, 0xff, 0xff, 0xff, 0xff, 0xff, 0xff, 0xff, 0xff, 0xff, 0xff,
    0xff, 0xff, 0xff, 0xff, 0xff, 0xff, 0xff, 0xff, 0xff, 0xff, 0xff, 0xff, 0xff, 0xff, 0xff, 0x00, 0x00, 0x00, 0x00, 0x00, 0x00, 0x00, 0x00, 0x00, 0x00, 0x00, 0x00, 0x00, 0x00, 0x00, 0x00, 0x00,
    0x00, 0x00, 0x00, 0x00, 0x00, 0x00, 0x00, 0x00, 0x00, 0x00, 0x00, 0x00, 0x00, 0x00, 0x00, 0x00, 0x00, 0x00, 0x00, 0xff, 0xff, 0xff, 0xff, 0xff, 0xff, 0xff, 0xff, 0xff, 0xff, 0xff, 0xff, 0xff,
    0xff, 0xff, 0xff, 0xff, 0xff, 0xff, 0xff, 0xff, 0xff, 0xff, 0xff, 0xff, 0xff, 0xff, 0xff, 0x00, 0x00, 0x00, 0x00, 0x00, 0x00, 0x00, 0x00, 0x00, 0x00, 0x00, 0x00, 0x00, 0x00, 0x00, 0x00, 0x00,
    0x00, 0x00, 0x00, 0x00, 0x00, 0x00, 0x00, 0x00, 0x00, 0x00, 0x00, 0x00, 0x00, 0x00, 0x00, 0x00, 0x00, 0x00, 0x00, 0x00, 0xff, 0xff, 0xff, 0xff, 0xff, 0xff, 0xff, 0xff, 0xff, 0xff, 0xff, 0xff,
    0xff, 0xff, 0xff, 0xff, 0xff, 0xff, 0xff, 0xff, 0xff, 0xff, 0xff, 0xff, 0xff, 0xff, 0x00, 0x00, 0x00, 0x00, 0x00, 0x00, 0x00, 0x00, 0x00, 0x00, 0x00, 0x00, 0x00, 0x00, 0x00, 0x00, 0x00, 0x00,
    0x00, 0x00, 0x00, 0x00, 0x00, 0x00, 0x00, 0x00, 0x00, 0x00, 0x00, 0x00, 0x00, 0x00, 0x00, 0x00, 0x00, 0x00, 0x00, 0x00, 0x00, 0xff, 0xff, 0xff, 0xff, 0xff, 0xff, 0xff, 0xff, 0xff, 0xff, 0xff,
    0xff, 0xff, 0xff, 0xff, 0xff, 0xff, 0xff, 0xff, 0xff, 0xff, 0xff, 0xff, 0xff, 0xff, 0x00, 0x00, 0x00, 0x00, 0x00, 0x00, 0x00, 0x00, 0x00, 0x00, 0x00, 0x00, 0x00, 0x00, 0x00, 0x00, 0x00, 0x00,
    0x00, 0x00, 0x00, 0x00, 0x00, 0x00, 0x00, 0x00, 0x00, 0x00, 0x00, 0x00, 0x00, 0x00, 0x00, 0x00, 0x00, 0x00, 0x00, 0x00, 0x00, 0x00, 0xff, 0xff, 0xff, 0xff, 0xff, 0xff, 0xff, 0xff, 0xff, 0xff,
    0xff, 0xff, 0xff, 0xff, 0xff, 0xff, 0xff, 0xff, 0xff, 0xff, 0xff, 0xff, 0xff, 0x00, 0x00, 0x00, 0x00, 0x00, 0x00, 0x00, 0x00, 0x00, 0x00, 0x00, 0x00, 0x00, 0x00, 0x00, 0x00, 0x00, 0x00, 0x00,
    0x00, 0x00, 0x00, 0x00, 0x00, 0x00, 0x00, 0x00, 0x00, 0x00, 0x00, 0x00, 0x00, 0x00, 0x00, 0x00, 0x00, 0x00, 0x00, 0x00, 0x00, 0x00, 0x00, 0xff, 0xff, 0xff, 0xff, 0xff, 0xff, 0xff, 0xff, 0xff,
    0xff, 0xff, 0xff, 0xff, 0xff, 0xff, 0xff, 0xff, 0xff, 0xff, 0xff, 0x00, 0x00, 0x00, 0x00, 0x00, 0x00, 0x00, 0x00, 0x00, 0x00, 0x00, 0x00, 0x00, 0x00, 0x00, 0x00, 0x00, 0x00, 0x00, 0x00, 0x00,
    0x00, 0x00, 0x00, 0x00, 0x00, 0x00, 0x00, 0x00, 0x00, 0x00, 0x00, 0x00, 0x00, 0x00, 0x00, 0x00, 0x00, 0x00, 0x00, 0x00, 0xff, 0xff, 0xff, 0xff, 0xff, 0xff, 0xff, 0xff, 0xff, 0xff, 0xff, 0xff,
    0xff, 0xff, 0xff, 0xff, 0xff, 0xff, 0xff, 0xff, 0xff, 0xff, 0xff, 0xff, 0xff, 0x00, 0x00, 0x00, 0x00, 0x00, 0x00, 0x00, 0x00, 0x00, 0x00, 0x00, 0x00, 0x00, 0x00, 0x00, 0x00, 0x00, 0x00, 0x00,
    0x00, 0x00, 0x00, 0x00, 0x00, 0x00, 0x00, 0x00, 0x00, 0x00, 0x00, 0x00, 0x00, 0x00, 0x00, 0x00, 0x00, 0x00, 0x00, 0xff, 0xff, 0xff, 0xff, 0xff, 0xff, 0xff, 0xff, 0xff, 0xff, 0xff, 0xff, 0xff,
    0xff, 0xff, 0xff, 0xff, 0xff, 0xff, 0xff, 0xff, 0xff, 0xff, 0xff, 0xff, 0xff, 0xff, 0x00, 0x00, 0x00, 0x00, 0x00, 0x00, 0x00, 0x00, 0x00, 0x00, 0x00, 0x00, 0x00, 0x00, 0x00, 0x00, 0x00, 0x00,
    0x00, 0x00, 0x00, 0x00, 0x00, 0x00, 0x00, 0x00, 0x00, 0x00, 0x00, 0x00, 0x00, 0x00, 0x00, 0x00, 0x00, 0x00, 0x00, 0xff, 0xff, 0xff, 0xff, 0xff, 0xff, 0xff, 0xff, 0xff, 0xff, 0xff, 0xff, 0xff,
    0xff, 0xff, 0xff, 0xff, 0xff, 0xff, 0xff, 0xff, 0xff, 0xff, 0xff, 0xff, 0xff, 0xff, 0x00, 0x00, 0x00, 0x00, 0x00, 0x00, 0x00, 0x00, 0x00, 0x00, 0x00, 0x00, 0x00, 0x00, 0x00, 0x00, 0x00, 0x00,
    0x00, 0x00, 0x00, 0x00, 0x00, 0x00, 0x00, 0x00, 0x00, 0x00, 0x00, 0x00, 0x00, 0x00, 0x00, 0x00, 0x00, 0x00, 0xff, 0xff, 0xff, 0xff, 0xff, 0xff, 0xff, 0xff, 0xff, 0xff, 0xff, 0xff, 0xff, 0xff,
    0xff, 0xff, 0xff, 0xff, 0xff, 0xff, 0xff, 0xff, 0xff, 0xff, 0xff, 0xff, 0xff, 0xff, 0xff, 0x00, 0x00, 0x00, 0x00, 0x00, 0x00, 0x00, 0x00, 0x00, 0x00, 0x00, 0x00, 0x00, 0x00, 0x00, 0x00, 0x00,
    0x00, 0x00, 0x00, 0x00, 0x00, 0x00, 0x00, 0x00, 0x00, 0x00, 0x00, 0x00, 0x00, 0x00, 0x00, 0x00, 0x00, 0x00, 0xff, 0xff, 0xff, 0xff, 0xff, 0xff, 0xff, 0xff, 0xff, 0xff, 0xff, 0xff, 0xff, 0xff,
    0xff, 0xff, 0xff, 0xff, 0xff, 0xff, 0xff, 0xff, 0xff, 0xff, 0xff, 0xff, 0xff, 0xff, 0xff, 0x00, 0x00, 0x00, 0x00, 0x00, 0x00, 0x00, 0x00, 0x00, 0x00, 0x00, 0x00, 0x00, 0x00, 0x00, 0x00, 0x00,
    0x00, 0x00, 0x00, 0x00, 0x00, 0x00, 0x00, 0x00, 0x00, 0x00, 0x00, 0x00, 0x00, 0x00, 0x00, 0x00, 0x00, 0xff, 0xff, 0xff, 0xff, 0xff, 0xff, 0xff, 0xff, 0xff, 0xff, 0xff, 0xff, 0xff, 0xff, 0xff,
    0xff, 0xff, 0xff, 0xff, 0xff, 0xff, 0xff, 0xff, 0xff, 0xff, 0xff, 0xff, 0xff, 0xff, 0xff, 0xff, 0x00, 0x00, 0x00, 0x00, 0x00, 0x00, 0x00, 0x00, 0x00, 0x00, 0x00, 0x00, 0x00, 0x00, 0x00, 0x00,
    0x00, 0x00, 0x00, 0x00, 0x00, 0x00, 0x00, 0x00, 0x00, 0x00, 0x00, 0x00, 0x00, 0x00, 0x00, 0x00, 0x00, 0xff, 0xff, 0xff, 0xff, 0xff, 0xff, 0xff, 0xff, 0xff, 0xff, 0xff, 0xff, 0xff, 0xff, 0xff,
    0xff, 0xff, 0xff, 0xff, 0xff, 0xff, 0xff, 0xff, 0xff, 0xff, 0xff, 0xff, 0xff, 0xff, 0xff, 0xff, 0x00, 0x00, 0x00, 0x00, 0x00, 0x00, 0x00, 0x00, 0x00, 0x00, 0x00, 0x00, 0x00, 0x00, 0x00, 0x00,
    0x00, 0x00, 0x00, 0x00, 0x00, 0x00, 0x00, 0x00, 0x00, 0x00, 0x00, 0x00, 0x00, 0x00, 0x00, 0x00, 0xff, 0xff, 0xff, 0xff, 0xff, 0xff, 0xff, 0xff, 0xff, 0xff, 0xff, 0xff, 0xff, 0xff, 0xff, 0xff,
    0xff, 0xff, 0xff, 0xff, 0xff, 0xff, 0xff, 0xff, 0xff, 0xff, 0xff, 0xff, 0xff, 0xff, 0xff, 0xff, 0xff, 0x00, 0x00, 0x00, 0x00, 0x00, 0x00, 0x00, 0x00, 0x00, 0x00, 0x00, 0x00, 0x00, 0x00, 0x00,
    0x00, 0x00, 0x00, 0x00, 0x00, 0x00, 0x00, 0x00, 0x00, 0x00, 0x00, 0x00, 0x00, 0x00, 0x00, 0x00, 0xff, 0xff, 0xff, 0xff, 0xff, 0xff, 0xff, 0xff, 0xff, 0xff, 0xff, 0xff, 0xff, 0xff, 0xff, 0xff,
    0xff, 0xff, 0xff, 0xff, 0xff, 0xff, 0xff, 0xff, 0xff, 0xff, 0xff, 0xff, 0xff, 0xff, 0xff, 0xff, 0xff, 0x00, 0x00, 0x00, 0x00, 0x00, 0x00, 0x00, 0x00, 0x00, 0x00, 0x00, 0x00, 0x00, 0x00, 0x00,
    0x00, 0x00, 0x00, 0x00, 0x00, 0x00, 0x00, 0x00, 0x00, 0x00, 0x00, 0x00, 0x00, 0x00, 0x00, 0xff, 0xff, 0xff, 0xff, 0xff, 0xff, 0xff, 0xff, 0xff, 0xff, 0xff, 0xff, 0xff, 0xff, 0xff, 0xff, 0xff,
    0xff, 0xff, 0xff, 0xff, 0xff, 0xff, 0xff, 0xff, 0xff, 0xff, 0xff, 0xff, 0xff, 0xff, 0xff, 0xff, 0xff, 0xff, 0x00, 0x00, 0x00, 0x00, 0x00, 0x00, 0x00, 0x00, 0x00, 0x00, 0x00, 0x00, 0x00, 0x00,
    0x00, 0x00, 0x00, 0x00, 0x00, 0x00, 0x00, 0x00, 0x00, 0x00, 0x00, 0x00, 0x00, 0x00, 0xff, 0xff, 0xff, 0xff, 0xff, 0xff, 0xff, 0xff, 0xff, 0xff, 0xff, 0xff, 0xff, 0xff, 0xff, 0xff, 0xff, 0xff,
    0xff, 0xff, 0xff, 0xff, 0xff, 0xff, 0xff, 0xff, 0xff, 0xff, 0xff, 0xff, 0xff, 0xff, 0xff, 0xff, 0xff, 0xff, 0xff, 0x00, 0x00, 0x00, 0x00, 0x00, 0x00, 0x00, 0x00, 0x00, 0x00, 0x00, 0x00, 0x00,
    0x00, 0x00, 0x00, 0x00, 0x00, 0x00, 0x00, 0x00, 0x00, 0x00, 0x00, 0x00, 0x00, 0x00, 0xff, 0xff, 0xff, 0xff, 0xff, 0xff, 0xff, 0xff, 0xff, 0xff, 0xff, 0xff, 0xff, 0xff, 0xff, 0xff, 0xff, 0xff,
    0xff, 0xff, 0xff, 0xff, 0xff, 0xff, 0xff, 0xff, 0xff, 0xff, 0xff, 0xff, 0xff, 0xff, 0xff, 0xff, 0xff, 0xff, 0xff, 0x00, 0x00, 0x00, 0x00, 0x00, 0x00, 0x00, 0x00, 0x00, 0x00, 0x00, 0x00, 0x00,
    0x00, 0x00, 0x00, 0x00, 0x00, 0x00, 0x00, 0x00, 0x00, 0x00, 0x00, 0x00, 0x00, 0xff, 0xff, 0xff, 0xff, 0xff, 0xff, 0xff, 0xff, 0xff, 0xff, 0xff, 0xff, 0xff, 0xff, 0xff, 0xff, 0xff, 0xff, 0xff,
    0xff, 0xff, 0xff, 0xff, 0xff, 0xff, 0xff, 0xff, 0xff, 0xff, 0xff, 0xff, 0xff, 0xff, 0xff, 0xff, 0xff, 0xff, 0xff, 0xff, 0x00, 0x00, 0x00, 0x00, 0x00, 0x00, 0x00, 0x00, 0x00, 0x00, 0x00, 0x00,
    0x00, 0x00, 0x00, 0x00, 0x00, 0x00, 0x00, 0x00, 0x00, 0x00, 0x00, 0x00, 0x00, 0xff, 0xff, 0xff, 0xff, 0xff, 0xff, 0xff, 0xff, 0xff, 0xff, 0xff, 0xff, 0xff, 0xff, 0xff, 0xff, 0xff, 0xff, 0xff,
    0xff, 0xff, 0xff, 0xff, 0xff, 0xff, 0xff, 0xff, 0xff, 0xff, 0xff, 0xff, 0xff, 0xff, 0xff, 0xff, 0xff, 0xff, 0xff, 0xff, 0x00, 0x00, 0x00, 0x00, 0x00, 0x00, 0x00, 0x00, 0x00, 0x00, 0x00, 0x00,
    0x00, 0x00, 0x00, 0x00, 0x00, 0x00, 0x00, 0x00, 0x00, 0x00, 0x00, 0x00, 0xff, 0xff, 0xff, 0xff, 0xff, 0xff, 0xff, 0xff, 0xff, 0xff, 0xff, 0xff, 0xff, 0xff, 0xff, 0xff, 0xff, 0xff, 0xff, 0xff,
    0xff, 0xff, 0xff, 0xff, 0xff, 0xff, 0xff, 0xff, 0xff, 0xff, 0xff, 0xff, 0xff, 0xff, 0xff, 0xff, 0xff, 0xff, 0xff, 0xff, 0xff, 0x00, 0x00, 0x00, 0x00, 0x00, 0x00, 0x00, 0x00, 0x00, 0x00, 0x00,
    0x00, 0x00, 0x00, 0x00, 0x00, 0x00, 0x00, 0x00, 0x00, 0x00, 0x00, 0x00, 0xff, 0xff, 0xff, 0xff, 0xff, 0xff, 0xff, 0xff, 0xff, 0xff, 0xff, 0xff, 0xff, 0xff, 0xff, 0xff, 0xff, 0xff, 0xff, 0xff,
    0xff, 0xff, 0xff, 0xff, 0xff, 0xff, 0xff, 0xff, 0xff, 0xff, 0xff, 0xff, 0xff, 0xff, 0xff, 0xff, 0xff, 0xff, 0xff, 0xff, 0xff, 0x00, 0x00, 0x00, 0x00, 0x00, 0x00, 0x00, 0x00, 0x00, 0x00, 0x00,
    0x00, 0x00, 0x00, 0x00, 0x00, 0x00, 0x00, 0x00, 0x00, 0x00, 0x00, 0xff, 0xff, 0xff, 0xff, 0xff, 0xff, 0xff, 0xff, 0xff, 0xff, 0xff, 0xff, 0xff, 0xff, 0xff, 0xff, 0xff, 0xff, 0xff, 0xff, 0xff,
    0xff, 0xff, 0xff, 0xff, 0xff, 0xff, 0xff, 0xff, 0xff, 0xff, 0xff, 0xff, 0xff, 0xff, 0xff, 0xff, 0xff, 0xff, 0xff, 0xff, 0xff, 0xff, 0x00, 0x00, 0x00, 0x00, 0x00, 0x00, 0x00, 0x00, 0x00, 0x00,
    0x00, 0x00, 0x00, 0x00, 0x00, 0x00, 0x00, 0x00, 0x00, 0x00, 0x00, 0xff, 0xff, 0xff, 0xff, 0xff, 0xff, 0xff, 0xff, 0xff, 0xff, 0xff, 0xff, 0xff, 0xff, 0xff, 0xff, 0xff, 0xff, 0xff, 0xff, 0xff,
    0xff, 0xff, 0xff, 0xff, 0xff, 0xff, 0xff, 0xff, 0xff, 0xff, 0xff, 0xff, 0xff, 0xff, 0xff, 0xff, 0xff, 0xff, 0xff, 0xff, 0xff, 0xff, 0x00, 0x00, 0x00, 0x00, 0x00, 0x00, 0x00, 0x00, 0x00, 0x00,
    0x00, 0x00, 0x00, 0x00, 0x00, 0x00, 0x00, 0x00, 0x00, 0x00, 0xff, 0xff, 0xff, 0xff, 0xff, 0xff, 0xff, 0xff, 0xff, 0xff, 0xff, 0xff, 0xff, 0xff, 0xff, 0xff, 0xff, 0xff, 0xff, 0xff, 0xff, 0xff,
    0xff, 0xff, 0xff, 0xff, 0xff, 0xff, 0xff, 0xff, 0xff, 0xff, 0xff, 0xff, 0xff, 0xff, 0xff, 0xff, 0xff, 0xff, 0xff, 0xff, 0xff, 0xff, 0xff, 0x00, 0x00, 0x00, 0x00, 0x00, 0x00, 0x00, 0x00, 0x00,
    0x00, 0x00, 0x00, 0x00, 0x00, 0x00, 0x00, 0x00, 0x00, 0x00, 0x00, 0x00, 0x00, 0x00, 0x00, 0x00, 0x00, 0x00, 0x00, 0x00, 0x00, 0xff, 0xff, 0xff, 0xff, 0xff, 0xff, 0xff, 0x00, 0x00, 0x00, 0x00,
    0x00, 0x00, 0x00, 0x00, 0x00, 0xff, 0xff, 0xff, 0xff, 0xff, 0xff, 0xff, 0x00, 0x00, 0x00, 0x00, 0x00, 0x00, 0x00, 0x00, 0x00, 0x00, 0x00, 0x00, 0x00, 0x00, 0x00, 0x00, 0x00, 0x00, 0x00, 0x00,
    0x00, 0x00, 0x00, 0x00, 0x00, 0x00, 0x00, 0x00, 0x00, 0x00, 0x00, 0x00, 0x00, 0x00, 0x00, 0x00, 0x00, 0x00, 0x00, 0x00, 0x00, 0xff, 0xff, 0xff, 0xff, 0xff, 0xff, 0xff, 0x00, 0x00, 0x00, 0x00,
    0x00, 0x00, 0x00, 0x00, 0x00, 0xff, 0xff, 0xff, 0xff, 0xff, 0xff, 0xff, 0x00, 0x00, 0x00, 0x00, 0x00, 0x00, 0x00, 0x00, 0x00, 0x00, 0x00, 0x00, 0x00, 0x00, 0x00, 0x00, 0x00, 0x00, 0x00, 0x00,
    0x00, 0x00, 0x00, 0x00, 0x00, 0x00, 0x00, 0x00, 0x00, 0x00, 0x00, 0x00, 0x00, 0x00, 0x00, 0x00, 0x00, 0x00, 0x00, 0x00, 0x00, 0x00, 0x00, 0x00, 0x00, 0x00, 0x00, 0x00, 0x00, 0x00, 0x00, 0x00,
    0x00, 0x00, 0x00, 0x00, 0x00, 0x00, 0x00, 0x00, 0x00, 0x00, 0x00, 0x00, 0x00, 0x00, 0x00, 0x00, 0x00, 0x00, 0x00, 0x00, 0x00, 0x00, 0x00, 0x00, 0x00, 0x00, 0x00, 0x00, 0x00, 0x00, 0x00, 0x00,
    0x00, 0x00, 0x00, 0x00, 0x00, 0x00, 0x00, 0x00, 0x00, 0x00, 0x00, 0x00, 0x00, 0x00, 0x00, 0x00, 0x00, 0x00, 0x00, 0x00, 0x00, 0x00, 0x00, 0x00, 0x00, 0x00, 0x00, 0x00, 0x00, 0x00, 0x00, 0x00,
    0x00, 0x00, 0x00, 0x00, 0x00, 0x00, 0x00, 0x00, 0x00, 0x00, 0x00, 0x00, 0x00, 0x00, 0x00, 0x00, 0x00, 0x00, 0x00, 0x00, 0x00, 0x00, 0x00, 0x00, 0x00, 0x00, 0x00, 0x00, 0x00, 0x00, 0x00, 0x00,
    0x00, 0x00, 0x00, 0x00, 0x00, 0x00, 0x00, 0x00, 0x00, 0x00, 0x00, 0x00, 0x00, 0x00, 0x00, 0x00, 0x00, 0x00, 0x00, 0x00, 0x00, 0x00, 0x00, 0x00, 0x00, 0x00, 0x00, 0x00, 0x00, 0x00, 0x00, 0x00,
    0x00, 0x00, 0x00, 0x00, 0x00, 0x00, 0x00, 0x00, 0x00, 0x00, 0x00, 0x00, 0x00, 0x00, 0x00, 0x00, 0x00, 0x00, 0x00, 0x00, 0x00, 0x00, 0x00, 0x00, 0x00, 0x00, 0x00, 0x00, 0x00, 0x00, 0x00, 0x00,
};

const lv_image_dsc_t sabrina_happy_b = {
    .header = {
        .magic = LV_IMAGE_HEADER_MAGIC,
        .cf = LV_COLOR_FORMAT_RGB565A8,
        .flags = 0,
        .w = 64,
        .h = 64,
        .stride = 128,
    },
    .data_size = sizeof(sabrina_happy_b_map),
    .data = sabrina_happy_b_map,
};

static const uint8_t sabrina_sleep_a_map[] = {
    0x00, 0x00, 0x00, 0x00, 0x00, 0x00, 0x00, 0x00, 0x00, 0x00, 0x00, 0x00, 0x00, 0x00, 0x00, 0x00, 0x00, 0x00, 0x00, 0x00, 0x00, 0x00, 0x00, 0x00, 0x00, 0x00, 0x00, 0x00, 0x00, 0x00, 0x00, 0x00,
    0x00, 0x00, 0x00, 0x00, 0x4a, 0x59, 0x00, 0x00, 0x00, 0x00, 0x00, 0x00, 0x00, 0x00, 0x00, 0x00, 0x00, 0x00, 0x00, 0x00, 0x00, 0x00, 0x00, 0x00, 0x00, 0x00, 0x00, 0x00, 0x00, 0x00, 0x00, 0x00,
    0x00, 0x00, 0x00, 0x00, 0x00, 0x00, 0x00, 0x00, 0x00, 0x00, 0x00, 0x00, 0x00, 0x00, 0x00, 0x00, 0x00, 0x00, 0x00, 0x00, 0x00, 0x00, 0x00, 0x00, 0x00, 0x00, 0x00, 0x00, 0x4a, 0x59, 0x00, 0x00,
    0x00, 0x00, 0x00, 0x00, 0x00, 0x00, 0x00, 0x00, 0x00, 0x00, 0x00, 0x00, 0x00, 0x00, 0x00, 0x00, 0x00, 0x00, 0x00, 0x00, 0x00, 0x00, 0x00, 0x00, 0x00, 0x00, 0x00, 0x00, 0x00, 0x00, 0x00, 0x00,
    0x00, 0x00, 0x00, 0x00, 0x00, 0x00, 0x00, 0x00, 0x00, 0x00, 0x00, 0x00, 0x00, 0x00, 0x00, 0x00, 0x00, 0x00, 0x00, 0x00, 0x00, 0x00, 0x00, 0x00, 0x00, 0x00, 0x00, 0x00, 0x00, 0x00, 0x00, 0x00,
    0x00, 0x00, 0x00, 0x00, 0x4a, 0x59, 0x00, 0x00, 0x00, 0x00, 0x00, 0x00, 0x00, 0x00, 0x00, 0x00, 0x00, 0x00, 0x00, 0x00, 0x00, 0x00, 0x00, 0x00, 0x00, 0x00, 0x00, 0x00, 0x00, 0x00, 0x00, 0x00,
    0x00, 0x00, 0x00, 0x00, 0x00, 0x00, 0x00, 0x00, 0x00, 0x00, 0x00, 0x00, 0x00, 0x00, 0x00, 0x00, 0x00, 0x00, 0x00, 0x00, 0x00, 0x00, 0x00, 0x00, 0x00, 0x00, 0x4a, 0x59, 0x4a, 0x59, 0x00, 0x00,
    0x00, 0x00, 0x00, 0x00, 0x00, 0x00, 0x00, 0x00, 0x00, 0x00, 0x00, 0x00, 0x00, 0x00, 0x00, 0x00, 0x00, 0x00, 0x00, 0x00, 0x00, 0x00, 0x00, 0x00, 0x00, 0x00, 0x00, 0x00, 0x00, 0x00, 0x00, 0x00,
    0x00, 0x00, 0x00, 0x00, 0x00, 0x00, 0x00, 0x00, 0x00, 0x00, 0x00, 0x00, 0x00, 0x00, 0x00, 0x00, 0x00, 0x00, 0x00, 0x00, 0x00, 0x00, 0x00, 0x00, 0x00, 0x00, 0x00, 0x00, 0x00, 0x00, 0x00, 0x00,
    0x00, 0x00, 0x4a, 0x59, 0x7a, 0xfd, 0x4a, 0x59, 0x00, 0x00, 0x00, 0x00, 0x00, 0x00, 0x00, 0x00, 0x00, 0x00, 0x00, 0x00, 0x00, 0x00, 0x00, 0x00, 0x00, 0x00, 0x00, 0x00, 0x00, 0x00, 0x00, 0x00,
    0x00, 0x00, 0x00, 0x00, 0x00, 0x00, 0x00, 0x00, 0x00, 0x00, 0x00, 0x00, 0x00, 0x00, 0x00, 0x00, 0x00, 0x00, 0x00, 0x00, 0x00, 0x00, 0x00, 0x00, 0x00, 0x00, 0x4a, 0x59, 0x4a, 0x59, 0x00, 0x00,
    0x00, 0x00, 0x00, 0x00, 0x00, 0x00, 0x00, 0x00, 0x00, 0x00, 0x00, 0x00, 0x00, 0x00, 0x00, 0x00, 0x00, 0x00, 0x00, 0x00, 0x00, 0x00, 0x00, 0x00, 0x00, 0x00, 0x00, 0x00, 0x00, 0x00, 0x00, 0x00,
    0x00, 0x00, 0x00, 0x00, 0x00, 0x00, 0x00, 0x00, 0x00, 0x00, 0x00, 0x00, 0x00, 0x00, 0x00, 0x00, 0x00, 0x00, 0x00, 0x00, 0x00, 0x00, 0x00, 0x00, 0x00, 0x00, 0x00, 0x00, 0x00, 0x00, 0x00, 0x00,
    0x00, 0x00, 0x4a, 0x59, 0x7a, 0xfd, 0x4a, 0x59, 0x00, 0x00, 0x00, 0x00, 0x00, 0x00, 0x00, 0x00, 0x00, 0x00, 0x00, 0x00, 0x00, 0x00, 0x00, 0x00, 0x00, 0x00, 0x00, 0x00, 0x00, 0x00, 0x00, 0x00,
    0x00, 0x00, 0x00, 0x00, 0x00, 0x00, 0x00, 0x00, 0x00, 0x00, 0x00, 0x00, 0x00, 0x00, 0x00, 0x00, 0x00, 0x00, 0x00, 0x00, 0x00, 0x00, 0x00, 0x00, 0x4a, 0x59, 0x7a, 0xfd, 0x7a, 0xfd, 0x4a, 0x59,
    0x00, 0x00, 0x00, 0x00, 0x00, 0x00, 0x00, 0x00, 0x00, 0x00, 0x00, 0x00, 0x00, 0x00, 0x00, 0x00, 0x00, 0x00, 0x00, 0x00, 0x00, 0x00, 0x00, 0x00, 0x00, 0x00, 0x00, 0x00, 0x00, 0x00, 0x00, 0x00,
    0x00, 0x00, 0x00, 0x00, 0x00, 0x00, 0x00, 0x00, 0x00, 0x00, 0x00, 0x00, 0x00, 0x00, 0x00, 0x00, 0x00, 0x00, 0x00, 0x00, 0x00, 0x00, 0x00, 0x00, 0x00, 0x00, 0x00, 0x00, 0x00, 0x00, 0x00, 0x00,
    0x00, 0x00, 0x4a, 0x59, 0x7a, 0xfd, 0x7a, 0xfd, 0x32, 0xfb, 0x00, 0x00, 0x00, 0x00, 0x00, 0x00, 0x4a, 0x59, 0x4a, 0x59, 0x4a, 0x59, 0x00, 0x00, 0x00, 0x00, 0x00, 0x00, 0x00, 0x00, 0x00, 0x00,
    0x00, 0x00, 0x00, 0x00, 0x00, 0x00, 0x00, 0x00, 0x00, 0x00, 0x00, 0x00, 0x4a, 0x59, 0x4a, 0x59, 0x4a, 0x59, 0x00, 0x00, 0x00, 0x00, 0x00, 0x00, 0x32, 0xfb, 0x7a, 0xfd, 0x5f, 0xa6, 0x5f, 0xa6,
    0x5f, 0xa6, 0x5f, 0xa6, 0x5f, 0xa6, 0x5f, 0xa6, 0x5f, 0xa6, 0x00, 0x00, 0x00, 0x00, 0x00, 0x00, 0x00, 0x00, 0x00, 0x00, 0x00, 0x00, 0x00, 0x00, 0x00, 0x00, 0x00, 0x00, 0x00, 0x00, 0x00, 0x00,
    0x00, 0x00, 0x00, 0x00, 0x00, 0x00, 0x00, 0x00, 0x00, 0x00, 0x00, 0x00, 0x00, 0x00, 0x00, 0x00, 0x00, 0x00, 0x00, 0x00, 0x00, 0x00, 0x00, 0x00, 0x00, 0x00, 0x00, 0x00, 0x00, 0x00, 0x00, 0x00,
    0x00, 0x00, 0x4a, 0x59, 0x7a, 0xfd, 0x7a, 0xfd, 0x32, 0xfb, 0x00, 0x00, 0x4a, 0x59, 0x4a, 0x59, 0x32, 0xfb, 0x32, 0xfb, 0x32, 0xfb, 0x4a, 0x59, 0x4a, 0x59, 0x00, 0x00, 0x00, 0x00, 0x00, 0x00,
    0x00, 0x00, 0x00, 0x00, 0x00, 0x00, 0x00, 0x00, 0x4a, 0x59, 0x4a, 0x59, 0x32, 0xfb, 0x32, 0xfb, 0x32, 0xfb, 0x4a, 0x59, 0x4a, 0x59, 0x4a, 0x59, 0x32, 0xfb, 0x7a, 0xfd, 0x7a, 0xfd, 0x4a, 0x59,
    0x00, 0x00, 0x00, 0x00, 0x5f, 0xa6, 0x5f, 0xa6, 0x00, 0x00, 0x00, 0x00, 0x00, 0x00, 0x00, 0x00, 0x00, 0x00, 0x00, 0x00, 0x00, 0x00, 0x00, 0x00, 0x00, 0x00, 0x00, 0x00, 0x00, 0x00, 0x00, 0x00,
    0x00, 0x00, 0x00, 0x00, 0x00, 0x00, 0x00, 0x00, 0x00, 0x00, 0x00, 0x00, 0x00, 0x00, 0x00, 0x00, 0x00, 0x00, 0x00, 0x00, 0x00, 0x00, 0x00, 0x00, 0x00, 0x00, 0x00, 0x00, 0x00, 0x00, 0x00, 0x00,
    0x4a, 0x59, 0x7a, 0xfd, 0x7a, 0xfd, 0x32, 0xfb, 0xed, 0xc9, 0x4a, 0x59, 0x32, 0xfb, 0x32, 0xfb, 0x32, 0xfb, 0x32, 0xfb, 0x32, 0xfb, 0x32, 0xfb, 0x32, 0xfb, 0x4a, 0x59, 0x4a, 0x59, 0x4a, 0x59,
    0x4a, 0x59, 0x4a, 0x59, 0x4a, 0x59, 0x4a, 0x59, 0x32, 0xfb, 0x32, 0xfb, 0x32, 0xfb, 0x32, 0xfb, 0x32, 0xfb, 0x32, 0xfb, 0x32, 0xfb, 0x4a, 0x59, 0xed, 0xc9, 0x32, 0xfb, 0x7a, 0xfd, 0x4a, 0x59,
    0x5f, 0xa6, 0x5f, 0xa6, 0x00, 0x00, 0x00, 0x00, 0x00, 0x00, 0x00, 0x00, 0x00, 0x00, 0x00, 0x00, 0x00, 0x00, 0x00, 0x00, 0x00, 0x00, 0x00, 0x00, 0x00, 0x00, 0x00, 0x00, 0x00, 0x00, 0x00, 0x00,
    0x00, 0x00, 0x00, 0x00, 0x00, 0x00, 0x00, 0x00, 0x00, 0x00, 0x00, 0x00, 0x00, 0x00, 0x00, 0x00, 0x00, 0x00, 0x00, 0x00, 0x00, 0x00, 0x00, 0x00, 0x00, 0x00, 0x00, 0x00, 0x00, 0x00, 0x00, 0x00,
    0x4a, 0x59, 0x7a, 0xfd, 0x7a, 0xfd, 0x32, 0xfb, 0xed, 0xc9, 0x4a, 0x59, 0x32, 0xfb, 0x32, 0xfb, 0x32, 0xfb, 0x32, 0xfb, 0x32, 0xfb, 0x32, 0xfb, 0x32, 0xfb, 0x4a, 0x59, 0xed, 0xc9, 0xed, 0xc9,
    0xed, 0xc9, 0xed, 0xc9, 0xed, 0xc9, 0x4a, 0x59, 0x32, 0xfb, 0x32, 0xfb, 0x32, 0xfb, 0x32, 0xfb, 0x32, 0xfb, 0x32, 0xfb, 0x32, 0xfb, 0x4a, 0x59, 0xed, 0xc9, 0x32, 0xfb, 0x5f, 0xa6, 0x5f, 0xa6,
    0x5f, 0xa6, 0x5f, 0xa6, 0x5f, 0xa6, 0x5f, 0xa6, 0x5f, 0xa6, 0x00, 0x00, 0x00, 0x00, 0x00, 0x00, 0x00, 0x00, 0x00, 0x00, 0x5f, 0xa6, 0x00, 0x00, 0x00, 0x00, 0x00, 0x00, 0x00, 0x00, 0x00, 0x00,
    0x00, 0x00, 0x00, 0x00, 0x00, 0x00, 0x00, 0x00, 0x00, 0x00, 0x00, 0x00, 0x00, 0x00, 0x00, 0x00, 0x00, 0x00, 0x00, 0x00, 0x00, 0x00, 0x00, 0x00, 0x00, 0x00, 0x00, 0x00, 0x00, 0x00, 0x00, 0x00,
    0x4a, 0x59, 0x7a, 0xfd, 0x7a, 0xfd, 0x32, 0xfb, 0x4a, 0x59, 0x32, 0xfb, 0x32, 0xfb, 0x32, 0xfb, 0x32, 0xfb, 0x32, 0xfb, 0x32, 0xfb, 0x32, 0xfb, 0x32, 0xfb, 0x4a, 0x59, 0xff, 0xff, 0xec, 0xf1,
    0xed, 0xc9, 0xec, 0xf1, 0xec, 0xf1, 0x4a, 0x59, 0x32, 0xfb, 0x32, 0xfb, 0x32, 0xfb, 0x32, 0xfb, 0x32, 0xfb, 0x32, 0xfb, 0x32, 0xfb, 0x32, 0xfb, 0x4a, 0x59, 0x32, 0xfb, 0x7a, 0xfd, 0x7a, 0xfd,
    0x4a, 0x59, 0x00, 0x00, 0x5f, 0xa6, 0x5f, 0xa6, 0x5f, 0xa6, 0x5f, 0xa6, 0x5f, 0xa6, 0x5f, 0xa6, 0x5f, 0xa6, 0x5f, 0xa6, 0x5f, 0xa6, 0x5f, 0xa6, 0x00, 0x00, 0x00, 0x00, 0x00, 0x00, 0x00, 0x00,
    0x00, 0x00, 0x00, 0x00, 0x00, 0x00, 0x00, 0x00, 0x00, 0x00, 0x00, 0x00, 0x00, 0x00, 0x00, 0x00, 0x00, 0x00, 0x00, 0x00, 0x00, 0x00, 0x00, 0x00, 0x00, 0x00, 0x00, 0x00, 0x00, 0x00, 0x00, 0x00,
    0x4a, 0x59, 0x7a, 0xfd, 0x7a, 0xfd, 0x32, 0xfb, 0x4a, 0x59, 0x32, 0xfb, 0x32, 0xfb, 0x32, 0xfb, 0x32, 0xfb, 0x32, 0xfb, 0x32, 0xfb, 0x32, 0xfb, 0x32, 0xfb, 0x4a, 0x59, 0xec, 0xf1, 0xec, 0xf1,
    0xec, 0xf1, 0xec, 0xf1, 0xec, 0xf1, 0x4a, 0x59, 0x32, 0xfb, 0x32, 0xfb, 0x32, 0xfb, 0x32, 0xfb, 0x32, 0xfb, 0x32, 0xfb, 0x32, 0xfb, 0x32, 0xfb, 0x4a, 0x59, 0x32, 0xfb, 0x7a, 0xfd, 0x7a, 0xfd,
    0x4a, 0x59, 0x00, 0x00, 0x5f, 0xa6, 0x5f, 0xa6, 0x5f, 0xa6, 0x5f, 0xa6, 0x5f, 0xa6, 0x5f, 0xa6, 0x5f, 0xa6, 0x5f, 0xa6, 0x5f, 0xa6, 0x00, 0x00, 0x00, 0x00, 0x00, 0x00, 0x00, 0x00, 0x00, 0x00,
    0x00, 0x00, 0x00, 0x00, 0x00, 0x00, 0x00, 0x00, 0x00, 0x00, 0x00, 0x00, 0x00, 0x00, 0x00, 0x00, 0x00, 0x00, 0x00, 0x00, 0x00, 0x00, 0x00, 0x00, 0x00, 0x00, 0x00, 0x00, 0x00, 0x00, 0x4a, 0x59,
    0x7a, 0xfd, 0x7a, 0xfd, 0x32, 0xfb, 0x32, 0xfb, 0x4a, 0x59, 0x32, 0xfb, 0x32, 0xfb, 0x32, 0xfb, 0x32, 0xfb, 0x32, 0xfb, 0x32, 0xfb, 0x32, 0xfb, 0x32, 0xfb, 0x4a, 0x59, 0xed, 0xc9, 0xec, 0xf1,
    0xec, 0xf1, 0xec, 0xf1, 0xed, 0xc9, 0x4a, 0x59, 0x32, 0xfb, 0x32, 0xfb, 0x32, 0xfb, 0x32, 0xfb, 0x32, 0xfb, 0x32, 0xfb, 0x32, 0xfb, 0x32, 0xfb, 0x4a, 0x59, 0x32, 0xfb, 0x32, 0xfb, 0x7a, 0xfd,
    0x4a, 0x59, 0x00, 0x00, 0x00, 0x00, 0x00, 0x00, 0x00, 0x00, 0x00, 0x00, 0x00, 0x00, 0x5f, 0xa6, 0x5f, 0xa6, 0x5f, 0xa6, 0x00, 0x00, 0x00, 0x00, 0x00, 0x00, 0x00, 0x00, 0x00, 0x00, 0x00, 0x00,
    0x00, 0x00, 0x00, 0x00, 0x00, 0x00, 0x00, 0x00, 0x00, 0x00, 0x00, 0x00, 0x00, 0x00, 0x00, 0x00, 0x00, 0x00, 0x00, 0x00, 0x00, 0x00, 0x00, 0x00, 0x00, 0x00, 0x00, 0x00, 0x00, 0x00, 0x4a, 0x59,
    0x7a, 0xfd, 0x7a, 0xfd, 0x32, 0xfb, 0x32, 0xfb, 0x4a, 0x59, 0x32, 0xfb, 0x32, 0xfb, 0x32, 0xfb, 0x32, 0xfb, 0x32, 0xfb, 0x32, 0xfb, 0x32, 0xfb, 0x32, 0xfb, 0x4a, 0x59, 0xed, 0xc9, 0xed, 0xc9,
    0xec, 0xf1, 0xed, 0xc9, 0xed, 0xc9, 0x4a, 0x59, 0x32, 0xfb, 0x32, 0xfb, 0x32, 0xfb, 0x32, 0xfb, 0x32, 0xfb, 0x32, 0xfb, 0x32, 0xfb, 0x32, 0xfb, 0x4a, 0x59, 0x32, 0xfb, 0x32, 0xfb, 0x7a, 0xfd,
    0x7a, 0xfd, 0x4a, 0x59, 0x00, 0x00, 0x00, 0x00, 0x00, 0x00, 0x00, 0x00, 0x5f, 0xa6, 0x5f, 0xa6, 0x5f, 0xa6, 0x00, 0x00, 0x00, 0x00, 0x00, 0x00, 0x00, 0x00, 0x00, 0x00, 0x00, 0x00, 0x00, 0x00,
    0x00, 0x00, 0x00, 0x00, 0x00, 0x00, 0x00, 0x00, 0x00, 0x00, 0x00, 0x00, 0x00, 0x00, 0x00, 0x00, 0x00, 0x00, 0x00, 0x00, 0x00, 0x00, 0x00, 0x00, 0x00, 0x00, 0x00, 0x00, 0x00, 0x00, 0x4a, 0x59,
    0x7a, 0xfd, 0x7a, 0xfd, 0x32, 0xfb, 0x32, 0xfb, 0x4a, 0x59, 0x32, 0xfb, 0x32, 0xfb, 0x32, 0xfb, 0x32, 0xfb, 0x32, 0xfb, 0x32, 0xfb, 0x32, 0xfb, 0x32, 0xfb, 0x4a, 0x59, 0xed, 0xc9, 0xed, 0xc9,
    0xed, 0xc9, 0xed, 0xc9, 0xed, 0xc9, 0x4a, 0x59, 0x32, 0xfb, 0x32, 0xfb, 0x32, 0xfb, 0x32, 0xfb, 0x32, 0xfb, 0x32, 0xfb, 0x32, 0xfb, 0x32, 0xfb, 0x4a, 0x59, 0x32, 0xfb, 0x32, 0xfb, 0x7a, 0xfd,
    0x7a, 0xfd, 0x4a, 0x59, 0x00, 0x00, 0x00, 0x00, 0x00, 0x00, 0x5f, 0xa6, 0x5f, 0xa6, 0x5f, 0xa6, 0x00, 0x00, 0x00, 0x00, 0x00, 0x00, 0x00, 0x00, 0x00, 0x00, 0x00, 0x00, 0x00, 0x00, 0x00, 0x00,
    0x00, 0x00, 0x00, 0x00, 0x00, 0x00, 0x00, 0x00, 0x00, 0x00, 0x00, 0x00, 0x00, 0x00, 0x00, 0x00, 0x00, 0x00, 0x00, 0x00, 0x00, 0x00, 0x00, 0x00, 0x00, 0x00, 0x00, 0x00, 0x00, 0x00, 0x4a, 0x59,
    0x7a, 0xfd, 0x32, 0xfb, 0x32, 0xfb, 0x32, 0xfb, 0x32, 0xfb, 0x4a, 0x59, 0x32, 0xfb, 0x32, 0xfb, 0x32, 0xfb, 0x32, 0xfb, 0x32, 0xfb, 0x32, 0xfb, 0x32, 0xfb, 0x4a, 0x59, 0xed, 0xc9, 0xed, 0xc9,
    0xed, 0xc9, 0xed, 0xc9, 0xed, 0xc9, 0x4a, 0x59, 0x32, 0xfb, 0x32, 0xfb, 0x32, 0xfb, 0x32, 0xfb, 0x32, 0xfb, 0x32, 0xfb, 0x32, 0xfb, 0x4a, 0x59, 0x32, 0xfb, 0x32, 0xfb, 0x32, 0xfb, 0x32, 0xfb,
    0x7a, 0xfd, 0x4a, 0x59, 0x00, 0x00, 0x00, 0x00, 0x5f, 0xa6, 0x5f, 0xa6, 0x5f, 0xa6, 0x00, 0x00, 0x00, 0x00, 0x00, 0x00, 0x00, 0x00, 0x00, 0x00, 0x00, 0x00, 0x00, 0x00, 0x00, 0x00, 0x00, 0x00,
    0x00, 0x00, 0x00, 0x00, 0x00, 0x00, 0x00, 0x00, 0x00, 0x00, 0x00, 0x00, 0x00, 0x00, 0x00, 0x00, 0x00, 0x00, 0x00, 0x00, 0x00, 0x00, 0x00, 0x00, 0x00, 0x00, 0x00, 0x00, 0x4a, 0x59, 0x7a, 0xfd,
    0x7a, 0xfd, 0x32, 0xfb, 0x32, 0xfb, 0x32, 0xfb, 0x32, 0xfb, 0x4a, 0x59, 0x32, 0xfb, 0x32, 0xfb, 0x32, 0xfb, 0x32, 0xfb, 0x32, 0xfb, 0x32, 0xfb, 0x4a, 0x59, 0x4a, 0x59, 0x4a, 0x59, 0x4a, 0x59,
    0x4a, 0x59, 0x4a, 0x59, 0x4a, 0x59, 0x4a, 0x59, 0x4a, 0x59, 0x32, 0xfb, 0x32, 0xfb, 0x32, 0xfb, 0x32, 0xfb, 0x32, 0xfb, 0x32, 0xfb, 0x4a, 0x59, 0x32, 0xfb, 0x32, 0xfb, 0x32, 0xfb, 0x32, 0xfb,
    0x7a, 0xfd, 0x4a, 0x59, 0x00, 0x00, 0x5f, 0xa6, 0x5f, 0xa6, 0x5f, 0xa6, 0x00, 0x00, 0x00, 0x00, 0x00, 0x00, 0x00, 0x00, 0x00, 0x00, 0x00, 0x00, 0x00, 0x00, 0x00, 0x00, 0x00, 0x00, 0x00, 0x00,
    0x00, 0x00, 0x00, 0x00, 0x00, 0x00, 0x00, 0x00, 0x00, 0x00, 0x00, 0x00, 0x00, 0x00, 0x00, 0x00, 0x00, 0x00, 0x00, 0x00, 0x00, 0x00, 0x00, 0x00, 0x00, 0x00, 0x00, 0x00, 0x4a, 0x59, 0x7a, 0xfd,
    0x7a, 0xfd, 0x7a, 0xfd, 0x7a, 0xfd, 0x7a, 0xfd, 0x7a, 0xfd, 0x7a, 0xfd, 0x4a, 0x59, 0x4a, 0x59, 0x32, 0xfb, 0x4a, 0x59, 0x4a, 0x59, 0x4a, 0x59, 0x7a, 0xfd, 0x7a, 0xfd, 0x7a, 0xfd, 0x7a, 0xfd,
    0x7a, 0xfd, 0x7a, 0xfd, 0x7a, 0xfd, 0x7a, 0xfd, 0x7a, 0xfd, 0x4a, 0x59, 0x4a, 0x59, 0x4a, 0x59, 0x32, 0xfb, 0x4a, 0x59, 0x4a, 0x59, 0x7a, 0xfd, 0x7a, 0xfd, 0x7a, 0xfd, 0x7a, 0xfd, 0x7a, 0xfd,
    0x7a, 0xfd, 0x7a, 0xfd, 0x5f, 0xa6, 0x5f, 0xa6, 0x5f, 0xa6, 0x00, 0x00, 0x00, 0x00, 0x00, 0x00, 0x00, 0x00, 0x00, 0x00, 0x00, 0x00, 0x00, 0x00, 0x00, 0x00, 0x00, 0x00, 0x00, 0x00, 0x00, 0x00,
    0x00, 0x00, 0x00, 0x00, 0x00, 0x00, 0x00, 0x00, 0x00, 0x00, 0x00, 0x00, 0x00, 0x00, 0x00, 0x00, 0x00, 0x00, 0x00, 0x00, 0x00, 0x00, 0x00, 0x00, 0x00, 0x00, 0x00, 0x00, 0x4a, 0x59, 0x4a, 0x59,
    0x4a, 0x59, 0x4a, 0x59, 0x4a, 0x59, 0x4a, 0x59, 0x4a, 0x59, 0x4a, 0x59, 0x4a, 0x59, 0x4a, 0x59, 0x4a, 0x59, 0x4a, 0x59, 0x4a, 0x59, 0x4a, 0x59, 0x4a, 0x59, 0x4a, 0x59, 0x4a, 0x59, 0x4a, 0x59,
    0x4a, 0x59, 0x4a, 0x59, 0x4a, 0x59, 0x4a, 0x59, 0x4a, 0x59, 0x7a, 0xfd, 0x7a, 0xfd, 0x7a, 0xfd, 0x4a, 0x59, 0x4a, 0x59, 0x4a, 0x59, 0x4a, 0x59, 0x4a, 0x59, 0x4a, 0x59, 0x4a, 0x59, 0x4a, 0x59,
    0x4a, 0x59, 0x4a, 0x59, 0x5f, 0xa6, 0x5f, 0xa6, 0x5f, 0xa6, 0x5f, 0xa6, 0x5f, 0xa6, 0x5f, 0xa6, 0x5f, 0xa6, 0x5f, 0xa6, 0x5f, 0xa6, 0x00, 0x00, 0x00, 0x00, 0x00, 0x00, 0x00, 0x00, 0x00, 0x00,
    0x00, 0x00, 0x00, 0x00, 0x00, 0x00, 0x00, 0x00, 0x00, 0x00, 0x00, 0x00, 0x00, 0x00, 0x00, 0x00, 0x00, 0x00, 0x00, 0x00, 0x00, 0x00, 0x00, 0x00, 0x00, 0x00, 0x00, 0x00, 0x00, 0x00, 0x00, 0x00,
    0x00, 0x00, 0x00, 0x00, 0x00, 0x00, 0x00, 0x00, 0x00, 0x00, 0x00, 0x00, 0x4a, 0x59, 0x7a, 0xfd, 0x4a, 0x59, 0x32, 0xfb, 0x32, 0xfb, 0x32, 0xfb, 0x4a, 0x59, 0xed, 0xc9, 0xed, 0xc9, 0xed, 0xc9,
    0x4a, 0x59, 0x32, 0xfb, 0x32, 0xfb, 0x32, 0xfb, 0x4a, 0x59, 0x7a, 0xfd, 0x7a, 0xfd, 0x7a, 0xfd, 0x7a, 0xfd, 0x7a, 0xfd, 0x4a, 0x59, 0x00, 0x00, 0x00, 0x00, 0x00, 0x00, 0x00, 0x00, 0x00, 0x00,
    0x00, 0x00, 0x00, 0x00, 0x5f, 0xa6, 0x5f, 0xa6, 0x5f, 0xa6, 0x5f, 0xa6, 0x5f, 0xa6, 0x5f, 0xa6, 0x5f, 0xa6, 0x5f, 0xa6, 0x5f, 0xa6, 0x00, 0x00, 0x00, 0x00, 0x00, 0x00, 0x00, 0x00, 0x00, 0x00,
    0x00, 0x00, 0x00, 0x00, 0x00, 0x00, 0x00, 0x00, 0x00, 0x00, 0x00, 0x00, 0x00, 0x00, 0x00, 0x00, 0x00, 0x00, 0x00, 0x00, 0x00, 0x00, 0x00, 0x00, 0x00, 0x00, 0x00, 0x00, 0x00, 0x00, 0x00, 0x00,
    0x00, 0x00, 0x00, 0x00, 0x00, 0x00, 0x00, 0x00, 0x00, 0x00, 0x4a, 0x59, 0x7a, 0xfd, 0x7a, 0xfd, 0x7a, 0xfd, 0x4a, 0x59, 0x32, 0xfb, 0x4a, 0x59, 0x4a, 0x59, 0xed, 0xc9, 0xed, 0xc9, 0x4a, 0x59,
    0x7a, 0xfd, 0x4a, 0x59, 0x32, 0xfb, 0x4a, 0x59, 0x7a, 0xfd, 0x7a, 0xfd, 0x7a, 0xfd, 0x7a, 0xfd, 0x7a, 0xfd, 0x7a, 0xfd, 0x7a, 0xfd, 0x4a, 0x59, 0x00, 0x00, 0x00, 0x00, 0x00, 0x00, 0x00, 0x00,
    0x00, 0x00, 0x00, 0x00, 0x00, 0x00, 0x00, 0x00, 0x00, 0x00, 0x00, 0x00, 0x00, 0x00, 0x00, 0x00, 0x00, 0x00, 0x00, 0x00, 0x00, 0x00, 0x00, 0x00, 0x00, 0x00, 0x00, 0x00, 0x00, 0x00, 0x00, 0x00,
    0x00, 0x00, 0x00, 0x00, 0x00, 0x00, 0x00, 0x00, 0x00, 0x00, 0x00, 0x00, 0x00, 0x00, 0x00, 0x00, 0x00, 0x00, 0x00, 0x00, 0x00, 0x00, 0x00, 0x00, 0x00, 0x00, 0x00, 0x00, 0x00, 0x00, 0x00, 0x00,
    0x00, 0x00, 0x00, 0x00, 0x00, 0x00, 0x00, 0x00, 0x4a, 0x59, 0x7a, 0xfd, 0x5c, 0xfe, 0x5c, 0xfe, 0x7a, 0xfd, 0x4a, 0x59, 0x32, 0xfb, 0x4a, 0x59, 0x7a, 0xfd, 0x4a, 0x59, 0xed, 0xc9, 0x4a, 0x59,
    0x7a, 0xfd, 0x4a, 0x59, 0x32, 0xfb, 0x4a, 0x59, 0x7a, 0xfd, 0x7a, 0xfd, 0x7a, 0xfd, 0x7a, 0xfd, 0x7a, 0xfd, 0x7a, 0xfd, 0x7a, 0xfd, 0x7a, 0xfd, 0x4a, 0x59, 0x00, 0x00, 0x00, 0x00, 0x00, 0x00,
    0x00, 0x00, 0x00, 0x00, 0x00, 0x00, 0x00, 0x00, 0x00, 0x00, 0x00, 0x00, 0x00, 0x00, 0x00, 0x00, 0x00, 0x00, 0x00, 0x00, 0x00, 0x00, 0x00, 0x00, 0x00, 0x00, 0x00, 0x00, 0x00, 0x00, 0x00, 0x00,
    0x00, 0x00, 0x00, 0x00, 0x00, 0x00, 0x00, 0x00, 0x00, 0x00, 0x00, 0x00, 0x00, 0x00, 0x00, 0x00, 0x00, 0x00, 0x00, 0x00, 0x00, 0x00, 0x00, 0x00, 0x00, 0x00, 0x00, 0x00, 0x00, 0x00, 0x00, 0x00,
    0x00, 0x00, 0x00, 0x00, 0x00, 0x00, 0x4a, 0x59, 0x7a, 0xfd, 0x7a, 0xfd, 0x5c, 0xfe, 0x7a, 0xfd, 0x7a, 0xfd, 0x4a, 0x59, 0x32, 0xfb, 0x4a, 0x59, 0x7a, 0xfd, 0x4a, 0x59, 0xed, 0xc9, 0x4a, 0x59,
    0x7a, 0xfd, 0x4a, 0x59, 0x32, 0xfb, 0x4a, 0x59, 0x7a, 0xfd, 0x7a, 0xfd, 0x7a, 0xfd, 0x7a, 0xfd, 0x7a, 0xfd, 0x7a, 0xfd, 0x7a, 0xfd, 0x7a, 0xfd, 0x7a, 0xfd, 0x4a, 0x59, 0x00, 0x00, 0x00, 0x00,
    0x00, 0x00, 0x00, 0x00, 0x00, 0x00, 0x00, 0x00, 0x00, 0x00, 0x00, 0x00, 0x00, 0x00, 0x00, 0x00, 0x00, 0x00, 0x00, 0x00, 0x00, 0x00, 0x00, 0x00, 0x00, 0x00, 0x00, 0x00, 0x00, 0x00, 0x00, 0x00,
    0x00, 0x00, 0x00, 0x00, 0x00, 0x00, 0x00, 0x00, 0x00, 0x00, 0x00, 0x00, 0x00, 0x00, 0x00, 0x00, 0x00, 0x00, 0x00, 0x00, 0x00, 0x00, 0x00, 0x00, 0x00, 0x00, 0x00, 0x00, 0x00, 0x00, 0x00, 0x00,
    0x00, 0x00, 0x00, 0x00, 0x4a, 0x59, 0x7a, 0xfd, 0x7a, 0xfd, 0x7a, 0xfd, 0x7a, 0xfd, 0x7a, 0xfd, 0x7a, 0xfd, 0x7a, 0xfd, 0x4a, 0x59, 0x7a, 0xfd, 0x7a, 0xfd, 0x4a, 0x59, 0xed, 0xc9, 0x4a, 0x59,
    0x7a, 0xfd, 0x7a, 0xfd, 0x4a, 0x59, 0x7a, 0xfd, 0x7a, 0xfd, 0x7a, 0xfd, 0x7a, 0xfd, 0x7a, 0xfd, 0x7a, 0xfd, 0x7a, 0xfd, 0x7a, 0xfd, 0x7a, 0xfd, 0x7a, 0xfd, 0x7a, 0xfd, 0x4a, 0x59, 0x00, 0x00,
    0x00, 0x00, 0x00, 0x00, 0x00, 0x00, 0x00, 0x00, 0x00, 0x00, 0x00, 0x00, 0x00, 0x00, 0x00, 0x00, 0x00, 0x00, 0x00, 0x00, 0x00, 0x00, 0x00, 0x00, 0x00, 0x00, 0x00, 0x00, 0x00, 0x00, 0x00, 0x00,
    0x00, 0x00, 0x00, 0x00, 0x00, 0x00, 0x00, 0x00, 0x00, 0x00, 0x00, 0x00, 0x00, 0x00, 0x00, 0x00, 0x00, 0x00, 0x00, 0x00, 0x00, 0x00, 0x00, 0x00, 0x00, 0x00, 0x00, 0x00, 0x00, 0x00, 0x00, 0x00,
    0x00, 0x00, 0x00, 0x00, 0x4a, 0x59, 0x7a, 0xfd, 0x7a, 0xfd, 0x7a, 0xfd, 0x7a, 0xfd, 0x7a, 0xfd, 0x7a, 0xfd, 0x7a, 0xfd, 0x4a, 0x59, 0x7a, 0xfd, 0x7a, 0xfd, 0x4a, 0x59, 0x4a, 0x59, 0x7a, 0xfd,
    0x7a, 0xfd, 0x7a, 0xfd, 0x4a, 0x59, 0x7a, 0xfd, 0x7a, 0xfd, 0x7a, 0xfd, 0x7a, 0xfd, 0x7a, 0xfd, 0x7a, 0xfd, 0x7a, 0xfd, 0x7a, 0xfd, 0x7a, 0xfd, 0x7a, 0xfd, 0x7a, 0xfd, 0x4a, 0x59, 0x00, 0x00,
    0x00, 0x00, 0x00, 0x00, 0x00, 0x00, 0x00, 0x00, 0x00, 0x00, 0x00, 0x00, 0x00, 0x00, 0x00, 0x00, 0x00, 0x00, 0x00, 0x00, 0x00, 0x00, 0x00, 0x00, 0x00, 0x00, 0x00, 0x00, 0x00, 0x00, 0x00, 0x00,
    0x00, 0x00, 0x00, 0x00, 0x00, 0x00, 0x00, 0x00, 0x00, 0x00, 0x00, 0x00, 0x00, 0x00, 0x00, 0x00, 0x00, 0x00, 0x00, 0x00, 0x00, 0x00, 0x00, 0x00, 0x00, 0x00, 0x00, 0x00, 0x00, 0x00, 0x00, 0x00,
    0x00, 0x00, 0x4a, 0x59, 0x7a, 0xfd, 0x7a, 0xfd, 0x7a, 0xfd, 0x7a, 0xfd, 0x7a, 0xfd, 0x7a, 0xfd, 0x7a, 0xfd, 0x7a, 0xfd, 0x7a, 0xfd, 0x7a, 0xfd, 0x7a, 0xfd, 0x7a, 0xfd, 0x4a, 0x59, 0x7a, 0xfd,
    0x7a, 0xfd, 0x7a, 0xfd, 0x7a, 0xfd, 0x7a, 0xfd, 0x7a, 0xfd, 0x7a, 0xfd, 0x7a, 0xfd, 0x7a, 0xfd, 0x7a, 0xfd, 0x7a, 0xfd, 0x7a, 0xfd, 0x7a, 0xfd, 0x7a, 0xfd, 0x7a, 0xfd, 0x7a, 0xfd, 0x4a, 0x59,
    0x00, 0x00, 0x00, 0x00, 0x00, 0x00, 0x00, 0x00, 0x00, 0x00, 0x00, 0x00, 0x00, 0x00, 0x00, 0x00, 0x00, 0x00, 0x00, 0x00, 0x00, 0x00, 0x00, 0x00, 0x00, 0x00, 0x00, 0x00, 0x00, 0x00, 0x00, 0x00,
    0x00, 0x00, 0x00, 0x00, 0x00, 0x00, 0x00, 0x00, 0x00, 0x00, 0x00, 0x00, 0x00, 0x00, 0x00, 0x00, 0x00, 0x00, 0x00, 0x00, 0x00, 0x00, 0x00, 0x00, 0x00, 0x00, 0x00, 0x00, 0x00, 0x00, 0x00, 0x00,
    0x00, 0x00, 0x4a, 0x59, 0x7a, 0xfd, 0x7a, 0xfd, 0x7a, 0xfd, 0x7a, 0xfd, 0x7a, 0xfd, 0x7a, 0xfd, 0x7a, 0xfd, 0x7a, 0xfd, 0x7a, 0xfd, 0x7a, 0xfd, 0x7a, 0xfd, 0x7a, 0xfd, 0x4a, 0x59, 0x7a, 0xfd,
    0x7a, 0xfd, 0x7a, 0xfd, 0x7a, 0xfd, 0x7a, 0xfd, 0x7a, 0xfd, 0x7a, 0xfd, 0x7a, 0xfd, 0x7a, 0xfd, 0x7a, 0xfd, 0x7a, 0xfd, 0x7a, 0xfd, 0x7a, 0xfd, 0x7a, 0xfd, 0x7a, 0xfd, 0x7a, 0xfd, 0x4a, 0x59,
    0x00, 0x00, 0x00, 0x00, 0x00, 0x00, 0x00, 0x00, 0x00, 0x00, 0x00, 0x00, 0x00, 0x00, 0x00, 0x00, 0x00, 0x00, 0x00, 0x00, 0x00, 0x00, 0x00, 0x00, 0x00, 0x00, 0x00, 0x00, 0x00, 0x00, 0x00, 0x00,
    0x00, 0x00, 0x00, 0x00, 0x00, 0x00, 0x00, 0x00, 0x00, 0x00, 0x00, 0x00, 0x00, 0x00, 0x00, 0x00, 0x00, 0x00, 0x00, 0x00, 0x00, 0x00, 0x00, 0x00, 0x00, 0x00, 0x00, 0x00, 0x00, 0x00, 0x00, 0x00,
    0x4a, 0x59, 0x7a, 0xfd, 0x7a, 0xfd, 0x7a, 0xfd, 0x7a, 0xfd, 0x7a, 0xfd, 0x7a, 0xfd, 0x7a, 0xfd, 0x7a, 0xfd, 0x7a, 0xfd, 0x7a, 0xfd, 0x7a, 0xfd, 0x7a, 0xfd, 0x7a, 0xfd, 0x7a, 0xfd, 0x7a, 0xfd,
    0x7a, 0xfd, 0x7a, 0xfd, 0x7a, 0xfd, 0x7a, 0xfd, 0x7a, 0xfd, 0x7a, 0xfd, 0x7a, 0xfd, 0x7a, 0xfd, 0x7a, 0xfd, 0x7a, 0xfd, 0x7a, 0xfd, 0x7a, 0xfd, 0x7a, 0xfd, 0x7a, 0xfd, 0x7a, 0xfd, 0x7a, 0xfd,
    0x4a, 0x59, 0x00, 0x00, 0x00, 0x00, 0x00, 0x00, 0x00, 0x00, 0x00, 0x00, 0x00, 0x00, 0x00, 0x00, 0x00, 0x00, 0x00, 0x00, 0x00, 0x00, 0x00, 0x00, 0x00, 0x00, 0x00, 0x00, 0x00, 0x00, 0x00, 0x00,
    0x00, 0x00, 0x00, 0x00, 0x00, 0x00, 0x00, 0x00, 0x00, 0x00, 0x00, 0x00, 0x00, 0x00, 0x00, 0x00, 0x00, 0x00, 0x00, 0x00, 0x00, 0x00, 0x00, 0x00, 0x00, 0x00, 0x00, 0x00, 0x00, 0x00, 0x00, 0x00,
    0x4a, 0x59, 0x7a, 0xfd, 0x7a, 0xfd, 0x7a, 0xfd, 0x7a, 0xfd, 0x7a, 0xfd, 0x7a, 0xfd, 0x7a, 0xfd, 0x7a, 0xfd, 0x7a, 0xfd, 0x7a, 0xfd, 0x7a, 0xfd, 0x7a, 0xfd, 0x7a, 0xfd, 0x7a, 0xfd, 0x7a, 0xfd,
    0x7a, 0xfd, 0x7a, 0xfd, 0x7a, 0xfd, 0x7a, 0xfd, 0x7a, 0xfd, 0x7a, 0xfd, 0x7a, 0xfd, 0x7a, 0xfd, 0x7a, 0xfd, 0x7a, 0xfd, 0x7a, 0xfd, 0x7a, 0xfd, 0x7a, 0xfd, 0x7a, 0xfd, 0x7a, 0xfd, 0x7a, 0xfd,
    0x4a, 0x59, 0x00, 0x00, 0x00, 0x00, 0x00, 0x00, 0x00, 0x00, 0x00, 0x00, 0x00, 0x00, 0x00, 0x00, 0x00, 0x00, 0x00, 0x00, 0x00, 0x00, 0x00, 0x00, 0x00, 0x00, 0x00, 0x00, 0x00, 0x00, 0x00, 0x00,
    0x00, 0x00, 0x00, 0x00, 0x00, 0x00, 0x00, 0x00, 0x00, 0x00, 0x00, 0x00, 0x00, 0x00, 0x00, 0x00, 0x00, 0x00, 0x00, 0x00, 0x00, 0x00, 0x00, 0x00, 0x00, 0x00, 0x00, 0x00, 0x00, 0x00, 0x00, 0x00,
    0x4a, 0x59, 0x7a, 0xfd, 0x7a, 0xfd, 0x7a, 0xfd, 0x7a, 0xfd, 0x7a, 0xfd, 0x7a, 0xfd, 0x7a, 0xfd, 0x7a, 0xfd, 0x7a, 0xfd, 0x7a, 0xfd, 0x7a, 0xfd, 0x7a, 0xfd, 0x7a, 0xfd, 0x7a, 0xfd, 0x7a, 0xfd,
    0x7a, 0xfd, 0x7a, 0xfd, 0x7a, 0xfd, 0x7a, 0xfd, 0x7a, 0xfd, 0x7a, 0xfd, 0x7a, 0xfd, 0x7a, 0xfd, 0x7a, 0xfd, 0x7a, 0xfd, 0x7a, 0xfd, 0x7a, 0xfd, 0x7a, 0xfd, 0x7a, 0xfd, 0x7a, 0xfd, 0x7a, 0xfd,
    0x4a, 0x59, 0x00, 0x00, 0x00, 0x00, 0x00, 0x00, 0x00, 0x00, 0x00, 0x00, 0x00, 0x00, 0x00, 0x00, 0x00, 0x00, 0x00, 0x00, 0x00, 0x00, 0x00, 0x00, 0x00, 0x00, 0x00, 0x00, 0x00, 0x00, 0x00, 0x00,
    0x00, 0x00, 0x00, 0x00, 0x00, 0x00, 0x00, 0x00, 0x00, 0x00, 0x00, 0x00, 0x00, 0x00, 0x00, 0x00, 0x00, 0x00, 0x00, 0x00, 0x00, 0x00, 0x00, 0x00, 0x00, 0x00, 0x00, 0x00, 0x00, 0x00, 0x00, 0x00,
    0x4a, 0x59, 0x7a, 0xfd, 0x7a, 0xfd, 0x7a, 0xfd, 0x42, 0x08, 0x7a, 0xfd, 0x7a, 0xfd, 0x7a, 0xfd, 0x7a, 0xfd, 0x7a, 0xfd, 0x7a, 0xfd, 0x7a, 0xfd, 0x42, 0x08, 0x7a, 0xfd, 0x7a, 0xfd, 0x7a, 0xfd,
    0x7a, 0xfd, 0x7a, 0xfd, 0x7a, 0xfd, 0x7a, 0xfd, 0x42, 0x08, 0x7a, 0xfd, 0x7a, 0xfd, 0x7a, 0xfd, 0x7a, 0xfd, 0x7a, 0xfd, 0x7a, 0xfd, 0x7a, 0xfd, 0x42, 0x08, 0x7a, 0xfd, 0x7a, 0xfd, 0x7a, 0xfd,
    0x4a, 0x59, 0x00, 0x00, 0x00, 0x00, 0x00, 0x00, 0x00, 0x00, 0x00, 0x00, 0x00, 0x00, 0x00, 0x00, 0x00, 0x00, 0x00, 0x00, 0x00, 0x00, 0x00, 0x00, 0x00, 0x00, 0x00, 0x00, 0x00, 0x00, 0x00, 0x00,
    0x00, 0x00, 0x00, 0x00, 0x00, 0x00, 0x00, 0x00, 0x00, 0x00, 0x00, 0x00, 0x00, 0x00, 0x00, 0x00, 0x00, 0x00, 0x00, 0x00, 0x00, 0x00, 0x00, 0x00, 0x00, 0x00, 0x00, 0x00, 0x00, 0x00, 0x00, 0x00,
    0x4a, 0x59, 0x7a, 0xfd, 0x7a, 0xfd, 0x7a, 0xfd, 0x7a, 0xfd, 0x42, 0x08, 0x7a, 0xfd, 0x7a, 0xfd, 0x7a, 0xfd, 0x7a, 0xfd, 0x7a, 0xfd, 0x42, 0x08, 0x7a, 0xfd, 0x7a, 0xfd, 0x7a, 0xfd, 0x7a, 0xfd,
    0x7a, 0xfd, 0x7a, 0xfd, 0x7a, 0xfd, 0x7a, 0xfd, 0x7a, 0xfd, 0x42, 0x08, 0x7a, 0xfd, 0x7a, 0xfd, 0x7a, 0xfd, 0x7a, 0xfd, 0x7a, 0xfd, 0x42, 0x08, 0x7a, 0xfd, 0x7a, 0xfd, 0x7a, 0xfd, 0x7a, 0xfd,
    0x4a, 0x59, 0x00, 0x00, 0x00, 0x00, 0x00, 0x00, 0x00, 0x00, 0x00, 0x00, 0x00, 0x00, 0x00, 0x00, 0x00, 0x00, 0x00, 0x00, 0x00, 0x00, 0x00, 0x00, 0x00, 0x00, 0x00, 0x00, 0x00, 0x00, 0x00, 0x00,
    0x00, 0x00, 0x00, 0x00, 0x00, 0x00, 0x00, 0x00, 0x00, 0x00, 0x00, 0x00, 0x00, 0x00, 0x00, 0x00, 0x00, 0x00, 0x00, 0x00, 0x00, 0x00, 0x00, 0x00, 0x00, 0x00, 0x00, 0x00, 0x00, 0x00, 0x00, 0x00,
    0x4a, 0x59, 0x7a, 0xfd, 0x7a, 0xfd, 0x7a, 0xfd, 0x7a, 0xfd, 0x7a, 0xfd, 0x42, 0x08, 0x42, 0x08, 0x42, 0x08, 0x42, 0x08, 0x42, 0x08, 0x7a, 0xfd, 0x7a, 0xfd, 0x7a, 0xfd, 0x7a, 0xfd, 0x7a, 0xfd,
    0x7a, 0xfd, 0x7a, 0xfd, 0x7a, 0xfd, 0x7a, 0xfd, 0x7a, 0xfd, 0x7a, 0xfd, 0x42, 0x08, 0x42, 0x08, 0x42, 0x08, 0x42, 0x08, 0x42, 0x08, 0x7a, 0xfd, 0x7a, 0xfd, 0x7a, 0xfd, 0x7a, 0xfd, 0x7a, 0xfd,
    0x4a, 0x59, 0x00, 0x00, 0x00, 0x00, 0x00, 0x00, 0x00, 0x00, 0x00, 0x00, 0x00, 0x00, 0x00, 0x00, 0x00, 0x00, 0x00, 0x00, 0x00, 0x00, 0x00, 0x00, 0x00, 0x00, 0x00, 0x00, 0x00, 0x00, 0x00, 0x00,
    0x00, 0x00, 0x00, 0x00, 0x00, 0x00, 0x00, 0x00, 0x00, 0x00, 0x00, 0x00, 0x00, 0x00, 0x00, 0x00, 0x00, 0x00, 0x00, 0x00, 0x00, 0x00, 0x00, 0x00, 0x00, 0x00, 0x00, 0x00, 0x00, 0x00, 0x00, 0x00,
    0x4a, 0x59, 0x7a, 0xfd, 0x7a, 0xfd, 0x7a, 0xfd, 0x7a, 0xfd, 0x7a, 0xfd, 0x7a, 0xfd, 0x7a, 0xfd, 0x7a, 0xfd, 0x7a, 0xfd, 0x7a, 0xfd, 0x7a, 0xfd, 0x7a, 0xfd, 0x7a, 0xfd, 0x7a, 0xfd, 0x7a, 0xfd,
    0x7a, 0xfd, 0x7a, 0xfd, 0x7a, 0xfd, 0x7a, 0xfd, 0x15, 0xd4, 0x15, 0xd4, 0x15, 0xd4, 0x15, 0xd4, 0x15, 0xd4, 0x15, 0xd4, 0x15, 0xd4, 0x15, 0xd4, 0x15, 0xd4, 0x7a, 0xfd, 0x7a, 0xfd, 0x7a, 0xfd,
    0x4a, 0x59, 0x00, 0x00, 0x00, 0x00, 0x00, 0x00, 0x00, 0x00, 0x00, 0x00, 0x00, 0x00, 0x00, 0x00, 0x00, 0x00, 0x00, 0x00, 0x00, 0x00, 0x00, 0x00, 0x00, 0x00, 0x00, 0x00, 0x00, 0x00, 0x00, 0x00,
    0x00, 0x00, 0x00, 0x00, 0x00, 0x00, 0x00, 0x00, 0x00, 0x00, 0x00, 0x00, 0x00, 0x00, 0x00, 0x00, 0x00, 0x00, 0x00, 0x00, 0x00, 0x00, 0x00, 0x00, 0x00, 0x00, 0x00, 0x00, 0x00, 0x00, 0x00, 0x00,
    0x00, 0x00, 0x4a, 0x59, 0x7a, 0xfd, 0x74, 0xfb, 0x74, 0xfb, 0x7a, 0xfd, 0x7a, 0xfd, 0x7a, 0xfd, 0x7a, 0xfd, 0x7a, 0xfd, 0x7a, 0xfd, 0x7a, 0xfd, 0x7a, 0xfd, 0x7a, 0xfd, 0x7a, 0xfd, 0x7a, 0xfd,
    0x7a, 0xfd, 0x7a, 0xfd, 0x7a, 0xfd, 0x15, 0xd4, 0x15, 0xd4, 0x15, 0xd4, 0x15, 0xd4, 0x15, 0xd4, 0x15, 0xd4, 0x15, 0xd4, 0x15, 0xd4, 0x15, 0xd4, 0x74, 0xfb, 0x74, 0xfb, 0x7a, 0xfd, 0x4a, 0x59,
    0x00, 0x00, 0x00, 0x00, 0x00, 0x00, 0x00, 0x00, 0x00, 0x00, 0x00, 0x00, 0x00, 0x00, 0x00, 0x00, 0x00, 0x00, 0x00, 0x00, 0x00, 0x00, 0x00, 0x00, 0x00, 0x00, 0x00, 0x00, 0x00, 0x00, 0x00, 0x00,
    0x00, 0x00, 0x00, 0x00, 0x00, 0x00, 0x00, 0x00, 0x00, 0x00, 0x00, 0x00, 0x00, 0x00, 0x00, 0x00, 0x00, 0x00, 0x00, 0x00, 0x00, 0x00, 0x00, 0x00, 0x00, 0x00, 0x00, 0x00, 0x00, 0x00, 0x00, 0x00,
    0x00, 0x00, 0x4a, 0x59, 0x74, 0xfb, 0x74, 0xfb, 0x74, 0xfb, 0x74, 0xfb, 0x7a, 0xfd, 0x7a, 0xfd, 0x7a, 0xfd, 0x7a, 0xfd, 0x7a, 0xfd, 0x7a, 0xfd, 0x7a, 0xfd, 0x7a, 0xfd, 0x7a, 0xfd, 0x7a, 0xfd,
    0x7a, 0xfd, 0x7a, 0xfd, 0x7a, 0xfd, 0x15, 0xd4, 0x15, 0xd4, 0x15, 0xd4, 0x15, 0xd4, 0x15, 0xd4, 0x15, 0xd4, 0x15, 0xd4, 0x15, 0xd4, 0x74, 0xfb, 0x74, 0xfb, 0x74, 0xfb, 0x74, 0xfb, 0x4a, 0x59,
    0x00, 0x00, 0x00, 0x00, 0x00, 0x00, 0x00, 0x00, 0x00, 0x00, 0x00, 0x00, 0x00, 0x00, 0x00, 0x00, 0x00, 0x00, 0x00, 0x00, 0x00, 0x00, 0x00, 0x00, 0x00, 0x00, 0x00, 0x00, 0x00, 0x00, 0x00, 0x00,
    0x00, 0x00, 0x00, 0x00, 0x00, 0x00, 0x00, 0x00, 0x00, 0x00, 0x00, 0x00, 0x00, 0x00, 0x00, 0x00, 0x00, 0x00, 0x00, 0x00, 0x00, 0x00, 0x00, 0x00, 0x00, 0x00, 0x00, 0x00, 0x00, 0x00, 0x00, 0x00,
    0x00, 0x00, 0x00, 0x00, 0x74, 0xfb, 0x74, 0xfb, 0x74, 0xfb, 0x74, 0xfb, 0x7a, 0xfd, 0x7a, 0xfd, 0x7a, 0xfd, 0x7a, 0xfd, 0x7a, 0xfd, 0x7a, 0xfd, 0x7a, 0xfd, 0x7a, 0xfd, 0x7a, 0xfd, 0x7a, 0xfd,
    0x7a, 0xfd, 0x7a, 0xfd, 0x15, 0xd4, 0x15, 0xd4, 0x15, 0xd4, 0x15, 0xd4, 0x15, 0xd4, 0x15, 0xd4, 0x15, 0xd4, 0x15, 0xd4, 0x15, 0xd4, 0x74, 0xfb, 0x74, 0xfb, 0x74, 0xfb, 0x74, 0xfb, 0x00, 0x00,
    0x00, 0x00, 0x00, 0x00, 0x00, 0x00, 0x00, 0x00, 0x00, 0x00, 0x00, 0x00, 0x00, 0x00, 0x00, 0x00, 0x00, 0x00, 0x00, 0x00, 0x00, 0x00, 0x00, 0x00, 0x00, 0x00, 0x00, 0x00, 0x00, 0x00, 0x00, 0x00,
    0x00, 0x00, 0x00, 0x00, 0x00, 0x00, 0x00, 0x00, 0x00, 0x00, 0x00, 0x00, 0x00, 0x00, 0x00, 0x00, 0x00, 0x00, 0x00, 0x00, 0x00, 0x00, 0x00, 0x00, 0x00, 0x00, 0x00, 0x00, 0x00, 0x00, 0x00, 0x00,
    0x00, 0x00, 0x00, 0x00, 0x4a, 0x59, 0x74, 0xfb, 0x74, 0xfb, 0x7a, 0xfd, 0x7a, 0xfd, 0x7a, 0xfd, 0x7a, 0xfd, 0x7a, 0xfd, 0x7a, 0xfd, 0x7a, 0xfd, 0x7a, 0xfd, 0x7a, 0xfd, 0x7a, 0xfd, 0x7a, 0xfd,
    0x7a, 0xfd, 0x7a, 0xfd, 0x15, 0xd4, 0x15, 0xd4, 0x15, 0xd4, 0x15, 0xd4, 0x15, 0xd4, 0x15, 0xd4, 0x15, 0xd4, 0x15, 0xd4, 0x15, 0xd4, 0x15, 0xd4, 0x74, 0xfb, 0x74, 0xfb, 0x4a, 0x59, 0x00, 0x00,
    0x00, 0x00, 0x00, 0x00, 0x00, 0x00, 0x00, 0x00, 0x00, 0x00, 0x00, 0x00, 0x00, 0x00, 0x00, 0x00, 0x00, 0x00, 0x00, 0x00, 0x00, 0x00, 0x00, 0x00, 0x00, 0x00, 0x00, 0x00, 0x00, 0x00, 0x00, 0x00,
    0x00, 0x00, 0x00, 0x00, 0x00, 0x00, 0x00, 0x00, 0x00, 0x00, 0x00, 0x00, 0x00, 0x00, 0x00, 0x00, 0x00, 0x00, 0x00, 0x00, 0x00, 0x00, 0x00, 0x00, 0x00, 0x00, 0x00, 0x00, 0x00, 0x00, 0x00, 0x00,
    0x00, 0x00, 0x00, 0x00, 0x00, 0x00, 0x4a, 0x59, 0x7a, 0xfd, 0x7a, 0xfd, 0x7a, 0xfd, 0x7a, 0xfd, 0x7a, 0xfd, 0x7a, 0xfd, 0x7a, 0xfd, 0x7a, 0xfd, 0x7a, 0xfd, 0x7a, 0xfd, 0x7a, 0xfd, 0x4a, 0x59,
    0x4a, 0x59, 0x4a, 0x59, 0x15, 0xd4, 0x15, 0xd4, 0x15, 0xd4, 0x15, 0xd4, 0x15, 0xd4, 0x15, 0xd4, 0x15, 0xd4, 0x15, 0xd4, 0x15, 0xd4, 0x15, 0xd4, 0x15, 0xd4, 0x4a, 0x59, 0x15, 0xd4, 0x00, 0x00,
    0x00, 0x00, 0x00, 0x00, 0x00, 0x00, 0x00, 0x00, 0x00, 0x00, 0x00, 0x00, 0x00, 0x00, 0x00, 0x00, 0x00, 0x00, 0x00, 0x00, 0x00, 0x00, 0x00, 0x00, 0x00, 0x00, 0x00, 0x00, 0x00, 0x00, 0x00, 0x00,
    0x00, 0x00, 0x00, 0x00, 0x00, 0x00, 0x00, 0x00, 0x00, 0x00, 0x00, 0x00, 0x00, 0x00, 0x00, 0x00, 0x00, 0x00, 0x00, 0x00, 0x00, 0x00, 0x00, 0x00, 0x00, 0x00, 0x00, 0x00, 0x00, 0x00, 0x00, 0x00,
    0x00, 0x00, 0x00, 0x00, 0x00, 0x00, 0x00, 0x00, 0x4a, 0x59, 0x7a, 0xfd, 0x7a, 0xfd, 0x7a, 0xfd, 0x7a, 0xfd, 0x7a, 0xfd, 0x7a, 0xfd, 0x7a, 0xfd, 0x7a, 0xfd, 0x7a, 0xfd, 0x4a, 0x59, 0xed, 0xc9,
    0xed, 0xc9, 0xed, 0xc9, 0x4a, 0x59, 0x15, 0xd4, 0x15, 0xd4, 0x15, 0xd4, 0x15, 0xd4, 0x15, 0xd4, 0x15, 0xd4, 0x15, 0xd4, 0x15, 0xd4, 0x15, 0xd4, 0x4a, 0x59, 0x15, 0xd4, 0x00, 0x00, 0x00, 0x00,
    0x00, 0x00, 0x00, 0x00, 0x00, 0x00, 0x00, 0x00, 0x00, 0x00, 0x00, 0x00, 0x00, 0x00, 0x00, 0x00, 0x00, 0x00, 0x00, 0x00, 0x00, 0x00, 0x00, 0x00, 0x00, 0x00, 0x00, 0x00, 0x00, 0x00, 0x00, 0x00,
    0x00, 0x00, 0x00, 0x00, 0x00, 0x00, 0x00, 0x00, 0x00, 0x00, 0x00, 0x00, 0x00, 0x00, 0x00, 0x00, 0x00, 0x00, 0x00, 0x00, 0x00, 0x00, 0x00, 0x00, 0x00, 0x00, 0x00, 0x00, 0x00, 0x00, 0x00, 0x00,
    0x00, 0x00, 0x00, 0x00, 0x00, 0x00, 0x00, 0x00, 0x00, 0x00, 0x4a, 0x59, 0x7a, 0xfd, 0x7a, 0xfd, 0x7a, 0xfd, 0x7a, 0xfd, 0x7a, 0xfd, 0x7a, 0xfd, 0x7a, 0xfd, 0x7a, 0xfd, 0x4a, 0x59, 0xed, 0xc9,
    0xed, 0xc9, 0xed, 0xc9, 0x4a, 0x59, 0x15, 0xd4, 0x15, 0xd4, 0x15, 0xd4, 0x15, 0xd4, 0x15, 0xd4, 0x15, 0xd4, 0x15, 0xd4, 0x15, 0xd4, 0x4a, 0x59, 0x15, 0xd4, 0x15, 0xd4, 0x00, 0x00, 0x00, 0x00,
    0x00, 0x00, 0x00, 0x00, 0x00, 0x00, 0x00, 0x00, 0x00, 0x00, 0x00, 0x00, 0x00, 0x00, 0x00, 0x00, 0x00, 0x00, 0x00, 0x00, 0x00, 0x00, 0x00, 0x00, 0x00, 0x00, 0x00, 0x00, 0x00, 0x00, 0x00, 0x00,
    0x00, 0x00, 0x00, 0x00, 0x00, 0x00, 0x00, 0x00, 0x00, 0x00, 0x00, 0x00, 0x00, 0x00, 0x00, 0x00, 0x00, 0x00, 0x00, 0x00, 0x00, 0x00, 0x00, 0x00, 0x00, 0x00, 0x00, 0x00, 0x00, 0x00, 0x00, 0x00,
    0x00, 0x00, 0x00, 0x00, 0x00, 0x00, 0x00, 0x00, 0x00, 0x00, 0x00, 0x00, 0x4a, 0x59, 0x7a, 0xfd, 0x7a, 0xfd, 0x7a, 0xfd, 0x7a, 0xfd, 0x7a, 0xfd, 0x7a, 0xfd, 0x7a, 0xfd, 0x4a, 0x59, 0xed, 0xc9,
    0xed, 0xc9, 0xed, 0xc9, 0x4a, 0x59, 0x7a, 0xfd, 0x15, 0xd4, 0x15, 0xd4, 0x15, 0xd4, 0x15, 0xd4, 0x15, 0xd4, 0x15, 0xd4, 0x4a, 0x59, 0x15, 0xd4, 0x15, 0xd4, 0x00, 0x00, 0x00, 0x00, 0x00, 0x00,
    0x00, 0x00, 0x00, 0x00, 0x00, 0x00, 0x00, 0x00, 0x00, 0x00, 0x00, 0x00, 0x00, 0x00, 0x00, 0x00, 0x00, 0x00, 0x00, 0x00, 0x00, 0x00, 0x00, 0x00, 0x00, 0x00, 0x00, 0x00, 0x00, 0x00, 0x00, 0x00,
    0x00, 0x00, 0x00, 0x00, 0x00, 0x00, 0x00, 0x00, 0x00, 0x00, 0x00, 0x00, 0x00, 0x00, 0x00, 0x00, 0x00, 0x00, 0x00, 0x00, 0x00, 0x00, 0x00, 0x00, 0x00, 0x00, 0x00, 0x00, 0x00, 0x00, 0x00, 0x00,
    0x00, 0x00, 0x00, 0x00, 0x00, 0x00, 0x00, 0x00, 0x4a, 0x59, 0x4a, 0x59, 0x4a, 0x59, 0x4a, 0x59, 0x4a, 0x59, 0x7a, 0xfd, 0x7a, 0xfd, 0x7a, 0xfd, 0x7a, 0xfd, 0x7a, 0xfd, 0x7a, 0xfd, 0x4a, 0x59,
    0x4a, 0x59, 0x4a, 0x59, 0x7a, 0xfd, 0x7a, 0xfd, 0x7a, 0xfd, 0x7a, 0xfd, 0x15, 0xd4, 0x15, 0xd4, 0x4a, 0x59, 0x4a, 0x59, 0x15, 0xd4, 0x4a, 0x59, 0x4a, 0x59, 0x00, 0x00, 0x00, 0x00, 0x00, 0x00,
    0x00, 0x00, 0x00, 0x00, 0x00, 0x00, 0x00, 0x00, 0x00, 0x00, 0x00, 0x00, 0x00, 0x00, 0x00, 0x00, 0x00, 0x00, 0x00, 0x00, 0x00, 0x00, 0x00, 0x00, 0x00, 0x00, 0x00, 0x00, 0x00, 0x00, 0x00, 0x00,
    0x00, 0x00, 0x00, 0x00, 0x00, 0x00, 0x00, 0x00, 0x00, 0x00, 0x00, 0x00, 0x00, 0x00, 0x00, 0x00, 0x00, 0x00, 0x00, 0x00, 0x00, 0x00, 0x00, 0x00, 0x00, 0x00, 0x00, 0x00, 0x00, 0x00, 0x00, 0x00,
    0x00, 0x00, 0x00, 0x00, 0x00, 0x00, 0x4a, 0x59, 0x1b, 0x6d, 0x1b, 0x6d, 0x1b, 0x6d, 0x1b, 0x6d, 0x1b, 0x6d, 0x4a, 0x59, 0x4a, 0x59, 0x4a, 0x59, 0x7a, 0xfd, 0x7a, 0xfd, 0x7a, 0xfd, 0x7a, 0xfd,
    0x7a, 0xfd, 0x7a, 0xfd, 0x7a, 0xfd, 0x7a, 0xfd, 0x7a, 0xfd, 0x4a, 0x59, 0x4a, 0x59, 0x4a, 0x59, 0x1b, 0x6d, 0x1b, 0x6d, 0x1b, 0x6d, 0x1b, 0x6d, 0x1b, 0x6d, 0x4a, 0x59, 0x00, 0x00, 0x00, 0x00,
    0x00, 0x00, 0x00, 0x00, 0x00, 0x00, 0x00, 0x00, 0x00, 0x00, 0x00, 0x00, 0x00, 0x00, 0x00, 0x00, 0x00, 0x00, 0x00, 0x00, 0x00, 0x00, 0x00, 0x00, 0x00, 0x00, 0x00, 0x00, 0x00, 0x00, 0x00, 0x00,
    0x00, 0x00, 0x00, 0x00, 0x00, 0x00, 0x00, 0x00, 0x00, 0x00, 0x00, 0x00, 0x00, 0x00, 0x00, 0x00, 0x00, 0x00, 0x00, 0x00, 0x00, 0x00, 0x00, 0x00, 0x00, 0x00, 0x00, 0x00, 0x00, 0x00, 0x00, 0x00,
    0x00, 0x00, 0x00, 0x00, 0x00, 0x00, 0x4a, 0x59, 0x1b, 0x6d, 0x1b, 0x6d, 0x1b, 0x6d, 0x1b, 0x6d, 0x1b, 0x6d, 0x1b, 0x6d, 0x5e, 0xa6, 0x1b, 0x6d, 0x4a, 0x59, 0x4a, 0x59, 0x4a, 0x59, 0x4a, 0x59,
    0x4a, 0x59, 0x4a, 0x59, 0x4a, 0x59, 0x4a, 0x59, 0x4a, 0x59, 0x1b, 0x6d, 0x5e, 0xa6, 0x1b, 0x6d, 0x1b, 0x6d, 0x1b, 0x6d, 0x1b, 0x6d, 0x1b, 0x6d, 0x1b, 0x6d, 0x4a, 0x59, 0x00, 0x00, 0x00, 0x00,
    0x00, 0x00, 0x00, 0x00, 0x00, 0x00, 0x00, 0x00, 0x00, 0x00, 0x00, 0x00, 0x00, 0x00, 0x00, 0x00, 0x00, 0x00, 0x00, 0x00, 0x00, 0x00, 0x00, 0x00, 0x00, 0x00, 0x00, 0x00, 0x00, 0x00, 0x00, 0x00,
    0x00, 0x00, 0x00, 0x00, 0x00, 0x00, 0x00, 0x00, 0x00, 0x00, 0x00, 0x00, 0x00, 0x00, 0x00, 0x00, 0x00, 0x00, 0x00, 0x00, 0x00, 0x00, 0x00, 0x00, 0x00, 0x00, 0x00, 0x00, 0x00, 0x00, 0x00, 0x00,
    0x00, 0x00, 0x00, 0x00, 0x4a, 0x59, 0x1b, 0x6d, 0x1b, 0x6d, 0x1b, 0x6d, 0x1b, 0x6d, 0x1b, 0x6d, 0x1b, 0x6d, 0x5e, 0xa6, 0x1b, 0x6d, 0x1b, 0x6d, 0x1b, 0x6d, 0x1b, 0x6d, 0x1b, 0x6d, 0x1b, 0x6d,
    0x5e, 0xa6, 0x1b, 0x6d, 0x1b, 0x6d, 0x1b, 0x6d, 0x1b, 0x6d, 0x1b, 0x6d, 0x1b, 0x6d, 0x5e, 0xa6, 0x1b, 0x6d, 0x1b, 0x6d, 0x1b, 0x6d, 0x1b, 0x6d, 0x1b, 0x6d, 0x1b, 0x6d, 0x4a, 0x59, 0x00, 0x00,
    0x00, 0x00, 0x00, 0x00, 0x00, 0x00, 0x00, 0x00, 0x00, 0x00, 0x00, 0x00, 0x00, 0x00, 0x00, 0x00, 0x00, 0x00, 0x00, 0x00, 0x00, 0x00, 0x00, 0x00, 0x00, 0x00, 0x00, 0x00, 0x00, 0x00, 0x00, 0x00,
    0x00, 0x00, 0x00, 0x00, 0x00, 0x00, 0x00, 0x00, 0x00, 0x00, 0x00, 0x00, 0x00, 0x00, 0x00, 0x00, 0x00, 0x00, 0x00, 0x00, 0x00, 0x00, 0x00, 0x00, 0x00, 0x00, 0x00, 0x00, 0x00, 0x00, 0x00, 0x00,
    0x00, 0x00, 0x00, 0x00, 0x4a, 0x59, 0x1b, 0x6d, 0x1b, 0x6d, 0x1b, 0x6d, 0x1b, 0x6d, 0x1b, 0x6d, 0x1b, 0x6d, 0x5e, 0xa6, 0x1b, 0x6d, 0x1b, 0x6d, 0x1b, 0x6d, 0x1b, 0x6d, 0x1b, 0x6d, 0x1b, 0x6d,
    0x5e, 0xa6, 0x1b, 0x6d, 0x1b, 0x6d, 0x1b, 0x6d, 0x1b, 0x6d, 0x1b, 0x6d, 0x1b, 0x6d, 0x5e, 0xa6, 0x1b, 0x6d, 0x1b, 0x6d, 0x1b, 0x6d, 0x1b, 0x6d, 0x1b, 0x6d, 0x1b, 0x6d, 0x4a, 0x59, 0x00, 0x00,
    0x00, 0x00, 0x00, 0x00, 0x00, 0x00, 0x00, 0x00, 0x00, 0x00, 0x00, 0x00, 0x00, 0x00, 0x00, 0x00, 0x00, 0x00, 0x00, 0x00, 0x00, 0x00, 0x00, 0x00, 0x00, 0x00, 0x00, 0x00, 0x00, 0x00, 0x00, 0x00,
    0x00, 0x00, 0x00, 0x00, 0x00, 0x00, 0x00, 0x00, 0x00, 0x00, 0x00, 0x00, 0x00, 0x00, 0x00, 0x00, 0x00, 0x00, 0x00, 0x00, 0x00, 0x00, 0x00, 0x00, 0x00, 0x00, 0x00, 0x00, 0x00, 0x00, 0x00, 0x00,
    0x00, 0x00, 0x4a, 0x59, 0x1b, 0x6d, 0x1b, 0x6d, 0x1b, 0x6d, 0x1b, 0x6d, 0x1b, 0x6d, 0x1b, 0x6d, 0x5e, 0xa6, 0x1b, 0x6d, 0x1b, 0x6d, 0x1b, 0x6d, 0x1b, 0x6d, 0x1b, 0x6d, 0x1b, 0x6d, 0x1b, 0x6d,
    0x5e, 0xa6, 0x1b, 0x6d, 0x1b, 0x6d, 0x1b, 0x6d, 0x1b, 0x6d, 0x1b, 0x6d, 0x1b, 0x6d, 0x1b, 0x6d, 0x5e, 0xa6, 0x1b, 0x6d, 0x1b, 0x6d, 0x1b, 0x6d, 0x1b, 0x6d, 0x1b, 0x6d, 0x1b, 0x6d, 0x4a, 0x59,
    0x00, 0x00, 0x00, 0x00, 0x00, 0x00, 0x00, 0x00, 0x00, 0x00, 0x00, 0x00, 0x00, 0x00, 0x00, 0x00, 0x00, 0x00, 0x00, 0x00, 0x00, 0x00, 0x00, 0x00, 0x00, 0x00, 0x00, 0x00, 0x00, 0x00, 0x00, 0x00,
    0x00, 0x00, 0x00, 0x00, 0x00, 0x00, 0x00, 0x00, 0x00, 0x00, 0x00, 0x00, 0x00, 0x00, 0x00, 0x00, 0x00, 0x00, 0x00, 0x00, 0x00, 0x00, 0x00, 0x00, 0x00, 0x00, 0x00, 0x00, 0x00, 0x00, 0x00, 0x00,
    0x00, 0x00, 0x4a, 0x59, 0x1b, 0x6d, 0x1b, 0x6d, 0x1b, 0x6d, 0x1b, 0x6d, 0x1b, 0x6d, 0x1b, 0x6d, 0x5e, 0xa6, 0x1b, 0x6d, 0x1b, 0x6d, 0x1b, 0x6d, 0x1b, 0x6d, 0x1b, 0x6d, 0x1b, 0x6d, 0x1b, 0x6d,
    0x5e, 0xa6, 0x1b, 0x6d, 0x1b, 0x6d, 0x1b, 0x6d, 0x1b, 0x6d, 0x1b, 0x6d, 0x1b, 0x6d, 0x1b, 0x6d, 0x5e, 0xa6, 0x1b, 0x6d, 0x1b, 0x6d, 0x1b, 0x6d, 0x1b, 0x6d, 0x1b, 0x6d, 0x1b, 0x6d, 0x4a, 0x59,
    0x00, 0x00, 0x00, 0x00, 0x00, 0x00, 0x00, 0x00, 0x00, 0x00, 0x00, 0x00, 0x00, 0x00, 0x00, 0x00, 0x00, 0x00, 0x00, 0x00, 0x00, 0x00, 0x00, 0x00, 0x00, 0x00, 0x00, 0x00, 0x00, 0x00, 0x00, 0x00,
    0x00, 0x00, 0x00, 0x00, 0x00, 0x00, 0x00, 0x00, 0x00, 0x00, 0x00, 0x00, 0x00, 0x00, 0x00, 0x00, 0x00, 0x00, 0x00, 0x00, 0x00, 0x00, 0x00, 0x00, 0x00, 0x00, 0x00, 0x00, 0x00, 0x00, 0x00, 0x00,
    0x4a, 0x59, 0x1b, 0x6d, 0x1b, 0x6d, 0x1b, 0x6d, 0x1b, 0x6d, 0x1b, 0x6d, 0x1b, 0x6d, 0x5e, 0xa6, 0x1b, 0x6d, 0x1b, 0x6d, 0x1b, 0x6d, 0x1b, 0x6d, 0x1b, 0x6d, 0x1b, 0x6d, 0x1b, 0x6d, 0x1b, 0x6d,
    0x5e, 0xa6, 0x1b, 0x6d, 0x1b, 0x6d, 0x1b, 0x6d, 0x1b, 0x6d, 0x1b, 0x6d, 0x1b, 0x6d, 0x1b, 0x6d, 0x1b, 0x6d, 0x5e, 0xa6, 0x1b, 0x6d, 0x1b, 0x6d, 0x1b, 0x6d, 0x1b, 0x6d, 0x1b, 0x6d, 0x1b, 0x6d,
    0x4a, 0x59, 0x00, 0x00, 0x00, 0x00, 0x00, 0x00, 0x00, 0x00, 0x00, 0x00, 0x00, 0x00, 0x00, 0x00, 0x00, 0x00, 0x00, 0x00, 0x00, 0x00, 0x00, 0x00, 0x00, 0x00, 0x00, 0x00, 0x00, 0x00, 0x00, 0x00,
    0x00, 0x00, 0x00, 0x00, 0x00, 0x00, 0x00, 0x00, 0x00, 0x00, 0x00, 0x00, 0x00, 0x00, 0x00, 0x00, 0x00, 0x00, 0x00, 0x00, 0x00, 0x00, 0x00, 0x00, 0x00, 0x00, 0x00, 0x00, 0x00, 0x00, 0x00, 0x00,
    0x4a, 0x59, 0x1b, 0x6d, 0x1b, 0x6d, 0x1b, 0x6d, 0x1b, 0x6d, 0x1b, 0x6d, 0x1b, 0x6d, 0x5e, 0xa6, 0x1b, 0x6d, 0x1b, 0x6d, 0x1b, 0x6d, 0x1b, 0x6d, 0x1b, 0x6d, 0x1b, 0x6d, 0x1b, 0x6d, 0x1b, 0x6d,
    0x5e, 0xa6, 0x1b, 0x6d, 0x1b, 0x6d, 0x1b, 0x6d, 0x1b, 0x6d, 0x1b, 0x6d, 0x1b, 0x6d, 0x1b, 0x6d, 0x1b, 0x6d, 0x5e, 0xa6, 0x1b, 0x6d, 0x1b, 0x6d, 0x1b, 0x6d, 0x1b, 0x6d, 0x1b, 0x6d, 0x1b, 0x6d,
    0x4a, 0x59, 0x00, 0x00, 0x00, 0x00, 0x00, 0x00, 0x00, 0x00, 0x00, 0x00, 0x00, 0x00, 0x00, 0x00, 0x00, 0x00, 0x00, 0x00, 0x00, 0x00, 0x00, 0x00, 0x00, 0x00, 0x00, 0x00, 0x00, 0x00, 0x00, 0x00,
    0x00, 0x00, 0x00, 0x00, 0x00, 0x00, 0x00, 0x00, 0x00, 0x00, 0x00, 0x00, 0x00, 0x00, 0x00, 0x00, 0x00, 0x00, 0x00, 0x00, 0x00, 0x00, 0x00, 0x00, 0x00, 0x00, 0x00, 0x00, 0x00, 0x00, 0x4a, 0x59,
    0x1b, 0x6d, 0x1b, 0x6d, 0x1b, 0x6d, 0x1b, 0x6d, 0x1b, 0x6d, 0x1b, 0x6d, 0x5e, 0xa6, 0x1b, 0x6d, 0x1b, 0x6d, 0x1b, 0x6d, 0x1b, 0x6d, 0x1b, 0x6d, 0x1b, 0x6d, 0x1b, 0x6d, 0x1b, 0x6d, 0x1b, 0x6d,
    0x5e, 0xa6, 0x1b, 0x6d, 0x1b, 0x6d, 0x1b, 0x6d, 0x1b, 0x6d, 0x1b, 0x6d, 0x1b, 0x6d, 0x1b, 0x6d, 0x1b, 0x6d, 0x1b, 0x6d, 0x5e, 0xa6, 0x1b, 0x6d, 0x1b, 0x6d, 0x1b, 0x6d, 0x1b, 0x6d, 0x1b, 0x6d,
    0x1b, 0x6d, 0x4a, 0x59, 0x00, 0x00, 0x00, 0x00, 0x00, 0x00, 0x00, 0x00, 0x00, 0x00, 0x00, 0x00, 0x00, 0x00, 0x00, 0x00, 0x00, 0x00, 0x00, 0x00, 0x00, 0x00, 0x00, 0x00, 0x00, 0x00, 0x00, 0x00,
    0x00, 0x00, 0x00, 0x00, 0x00, 0x00, 0x00, 0x00, 0x00, 0x00, 0x00, 0x00, 0x00, 0x00, 0x00, 0x00, 0x00, 0x00, 0x00, 0x00, 0x00, 0x00, 0x00, 0x00, 0x00, 0x00, 0x00, 0x00, 0x4a, 0x59, 0x1b, 0x6d,
    0x1b, 0x6d, 0x1b, 0x6d, 0x1b, 0x6d, 0x1b, 0x6d, 0x1b, 0x6d, 0x1b, 0x6d, 0x5e, 0xa6, 0x1b, 0x6d, 0x1b, 0x6d, 0x1b, 0x6d, 0x1b, 0x6d, 0x1b, 0x6d, 0x1b, 0x6d, 0x1b, 0x6d, 0x1b, 0x6d, 0x1b, 0x6d,
    0x5e, 0xa6, 0x1b, 0x6d, 0x1b, 0x6d, 0x1b, 0x6d, 0x1b, 0x6d, 0x1b, 0x6d, 0x1b, 0x6d, 0x1b, 0x6d, 0x1b, 0x6d, 0x1b, 0x6d, 0x5e, 0xa6, 0x1b, 0x6d, 0x1b, 0x6d, 0x1b, 0x6d, 0x1b, 0x6d, 0x1b, 0x6d,
    0x1b, 0x6d, 0x1b, 0x6d, 0x4a, 0x59, 0x00, 0x00, 0x00, 0x00, 0x00, 0x00, 0x00, 0x00, 0x00, 0x00, 0x00, 0x00, 0x00, 0x00, 0x00, 0x00, 0x00, 0x00, 0x00, 0x00, 0x00, 0x00, 0x00, 0x00, 0x00, 0x00,
    0x00, 0x00, 0x00, 0x00, 0x00, 0x00, 0x00, 0x00, 0x00, 0x00, 0x00, 0x00, 0x00, 0x00, 0x00, 0x00, 0x00, 0x00, 0x00, 0x00, 0x00, 0x00, 0x00, 0x00, 0x00, 0x00, 0x00, 0x00, 0x4a, 0x59, 0x1b, 0x6d,
    0x1b, 0x6d, 0x1b, 0x6d, 0x1b, 0x6d, 0x1b, 0x6d, 0x1b, 0x6d, 0x5e, 0xa6, 0x1b, 0x6d, 0x1b, 0x6d, 0x1b, 0x6d, 0x1b, 0x6d, 0x1b, 0x6d, 0x1b, 0x6d, 0x1b, 0x6d, 0x1b, 0x6d, 0x1b, 0x6d, 0x1b, 0x6d,
    0x5e, 0xa6, 0x1b, 0x6d, 0x1b, 0x6d, 0x1b, 0x6d, 0x1b, 0x6d, 0x1b, 0x6d, 0x1b, 0x6d, 0x1b, 0x6d, 0x1b, 0x6d, 0x1b, 0x6d, 0x1b, 0x6d, 0x5e, 0xa6, 0x1b, 0x6d, 0x1b, 0x6d, 0x1b, 0x6d, 0x1b, 0x6d,
    0x1b, 0x6d, 0x1b, 0x6d, 0x4a, 0x59, 0x00, 0x00, 0x00, 0x00, 0x00, 0x00, 0x00, 0x00, 0x00, 0x00, 0x00, 0x00, 0x00, 0x00, 0x00, 0x00, 0x00, 0x00, 0x00, 0x00, 0x00, 0x00, 0x00, 0x00, 0x00, 0x00,
    0x00, 0x00, 0x00, 0x00, 0x00, 0x00, 0x00, 0x00, 0x00, 0x00, 0x00, 0x00, 0x00, 0x00, 0x00, 0x00, 0x00, 0x00, 0x00, 0x00, 0x00, 0x00, 0x00, 0x00, 0x00, 0x00, 0x4a, 0x59, 0x1b, 0x6d, 0x1b, 0x6d,
    0x1b, 0x6d, 0x1b, 0x6d, 0x1b, 0x6d, 0x1b, 0x6d, 0x1b, 0x6d, 0x5e, 0xa6, 0x1b, 0x6d, 0x1b, 0x6d, 0x1b, 0x6d, 0x1b, 0x6d, 0x1b, 0x6d, 0x1b, 0x6d, 0x1b, 0x6d, 0x1b, 0x6d, 0x1b, 0x6d, 0x1b, 0x6d,
    0x5e, 0xa6, 0x1b, 0x6d, 0x1b, 0x6d, 0x1b, 0x6d, 0x1b, 0x6d, 0x1b, 0x6d, 0x1b, 0x6d, 0x1b, 0x6d, 0x1b, 0x6d, 0x1b, 0x6d, 0x1b, 0x6d, 0x5e, 0xa6, 0x1b, 0x6d, 0x1b, 0x6d, 0x1b, 0x6d, 0x1b, 0x6d,
    0x1b, 0x6d, 0x1b, 0x6d, 0x1b, 0x6d, 0x4a, 0x59, 0x00, 0x00, 0x00, 0x00, 0x00, 0x00, 0x00, 0x00, 0x00, 0x00, 0x00, 0x00, 0x00, 0x00, 0x00, 0x00, 0x00, 0x00, 0x00, 0x00, 0x00, 0x00, 0x00, 0x00,
    0x00, 0x00, 0x00, 0x00, 0x00, 0x00, 0x00, 0x00, 0x00, 0x00, 0x00, 0x00, 0x00, 0x00, 0x00, 0x00, 0x00, 0x00, 0x00, 0x00, 0x00, 0x00, 0x00, 0x00, 0x00, 0x00, 0x4a, 0x59, 0x1b, 0x6d, 0x1b, 0x6d,
    0x1b, 0x6d, 0x1b, 0x6d, 0x1b, 0x6d, 0x1b, 0x6d, 0x5e, 0xa6, 0x1b, 0x6d, 0x1b, 0x6d, 0x1b, 0x6d, 0x1b, 0x6d, 0x1b, 0x6d, 0x1b, 0x6d, 0x1b, 0x6d, 0x1b, 0x6d, 0x1b, 0x6d, 0x1b, 0x6d, 0x1b, 0x6d,
    0x5e, 0xa6, 0x1b, 0x6d, 0x1b, 0x6d, 0x1b, 0x6d, 0x1b, 0x6d, 0x1b, 0x6d, 0x1b, 0x6d, 0x1b, 0x6d, 0x1b, 0x6d, 0x1b, 0x6d, 0x1b, 0x6d, 0x1b, 0x6d, 0x5e, 0xa6, 0x1b, 0x6d, 0x1b, 0x6d, 0x1b, 0x6d,
    0x1b, 0x6d, 0x1b, 0x6d, 0x1b, 0x6d, 0x4a, 0x59, 0x00, 0x00, 0x00, 0x00, 0x00, 0x00, 0x00, 0x00, 0x00, 0x00, 0x00, 0x00, 0x00, 0x00, 0x00, 0x00, 0x00, 0x00, 0x00, 0x00, 0x00, 0x00, 0x00, 0x00,
    0x00, 0x00, 0x00, 0x00, 0x00, 0x00, 0x00, 0x00, 0x00, 0x00, 0x00, 0x00, 0x00, 0x00, 0x00, 0x00, 0x00, 0x00, 0x00, 0x00, 0x00, 0x00, 0x00, 0x00, 0x4a, 0x59, 0x1b, 0x6d, 0x1b, 0x6d, 0x1b, 0x6d,
    0x1b, 0x6d, 0x1b, 0x6d, 0x1b, 0x6d, 0x1b, 0x6d, 0x5e, 0xa6, 0x1b, 0x6d, 0x1b, 0x6d, 0x1b, 0x6d, 0x1b, 0x6d, 0x1b, 0x6d, 0x1b, 0x6d, 0x1b, 0x6d, 0x1b, 0x6d, 0x1b, 0x6d, 0x1b, 0x6d, 0x1b, 0x6d,
    0x5e, 0xa6, 0x1b, 0x6d, 0x1b, 0x6d, 0x1b, 0x6d, 0x1b, 0x6d, 0x1b, 0x6d, 0x1b, 0x6d, 0x1b, 0x6d, 0x1b, 0x6d, 0x1b, 0x6d, 0x1b, 0x6d, 0x1b, 0x6d, 0x5e, 0xa6, 0x1b, 0x6d, 0x1b, 0x6d, 0x1b, 0x6d,
    0x1b, 0x6d, 0x1b, 0x6d, 0x1b, 0x6d, 0x1b, 0x6d, 0x4a, 0x59, 0x00, 0x00, 0x00, 0x00, 0x00, 0x00, 0x00, 0x00, 0x00, 0x00, 0x00, 0x00, 0x00, 0x00, 0x00, 0x00, 0x00, 0x00, 0x00, 0x00, 0x00, 0x00,
    0x00, 0x00, 0x00, 0x00, 0x00, 0x00, 0x00, 0x00, 0x00, 0x00, 0x00, 0x00, 0x00, 0x00, 0x00, 0x00, 0x00, 0x00, 0x00, 0x00, 0x00, 0x00, 0x00, 0x00, 0x4a, 0x59, 0x1b, 0x6d, 0x1b, 0x6d, 0x1b, 0x6d,
    0x1b, 0x6d, 0x1b, 0x6d, 0x1b, 0x6d, 0x5e, 0xa6, 0x1b, 0x6d, 0x1b, 0x6d, 0x1b, 0x6d, 0x1b, 0x6d, 0x1b, 0x6d, 0x1b, 0x6d, 0x1b, 0x6d, 0x1b, 0x6d, 0x1b, 0x6d, 0x1b, 0x6d, 0x1b, 0x6d, 0x1b, 0x6d,
    0x5e, 0xa6, 0x1b, 0x6d, 0x1b, 0x6d, 0x1b, 0x6d, 0x1b, 0x6d, 0x1b, 0x6d, 0x1b, 0x6d, 0x1b, 0x6d, 0x1b, 0x6d, 0x1b, 0x6d, 0x1b, 0x6d, 0x1b, 0x6d, 0x1b, 0x6d, 0x5e, 0xa6, 0x1b, 0x6d, 0x1b, 0x6d,
    0x1b, 0x6d, 0x1b, 0x6d, 0x1b, 0x6d, 0x1b, 0x6d, 0x4a, 0x59, 0x00, 0x00, 0x00, 0x00, 0x00, 0x00, 0x00, 0x00, 0x00, 0x00, 0x00, 0x00, 0x00, 0x00, 0x00, 0x00, 0x00, 0x00, 0x00, 0x00, 0x00, 0x00,
    0x00, 0x00, 0x00, 0x00, 0x00, 0x00, 0x00, 0x00, 0x00, 0x00, 0x00, 0x00, 0x00, 0x00, 0x00, 0x00, 0x00, 0x00, 0x00, 0x00, 0x00, 0x00, 0x4a, 0x59, 0x35, 0x3b, 0x35, 0x3b, 0x35, 0x3b, 0x35, 0x3b,
    0x35, 0x3b, 0x35, 0x3b, 0x35, 0x3b, 0x35, 0x3b, 0x35, 0x3b, 0x35, 0x3b, 0xe5, 0x88, 0xe5, 0x88, 0xe5, 0x88, 0xe5, 0x88, 0xe5, 0x88, 0x35, 0x3b, 0x35, 0x3b, 0x35, 0x3b, 0x35, 0x3b, 0x35, 0x3b,
    0x35, 0x3b, 0x35, 0x3b, 0x35, 0x3b, 0x35, 0x3b, 0x35, 0x3b, 0x35, 0x3b, 0xe5, 0x88, 0xe5, 0x88, 0xe5, 0x88, 0xe5, 0x88, 0xe5, 0x88, 0x35, 0x3b, 0x35, 0x3b, 0x35, 0x3b, 0x35, 0x3b, 0x35, 0x3b,
    0x35, 0x3b, 0x35, 0x3b, 0x35, 0x3b, 0x35, 0x3b, 0x35, 0x3b, 0x4a, 0x59, 0x00, 0x00, 0x00, 0x00, 0x00, 0x00, 0x00, 0x00, 0x00, 0x00, 0x00, 0x00, 0x00, 0x00, 0x00, 0x00, 0x00, 0x00, 0x00, 0x00,
    0x00, 0x00, 0x00, 0x00, 0x00, 0x00, 0x00, 0x00, 0x00, 0x00, 0x00, 0x00, 0x00, 0x00, 0x00, 0x00, 0x00, 0x00, 0x00, 0x00, 0x00, 0x00, 0x4a, 0x59, 0x1b, 0x6d, 0x1b, 0x6d, 0x1b, 0x6d, 0x1b, 0x6d,
    0x1b, 0x6d, 0x1b, 0x6d, 0x5e, 0xa6, 0x1b, 0x6d, 0x1b, 0x6d, 0x1b, 0x6d, 0xe5, 0x88, 0x87, 0xd1, 0x87, 0xd1, 0x87, 0xd1, 0xe5, 0x88, 0x1b, 0x6d, 0x1b, 0x6d, 0x1b, 0x6d, 0x1b, 0x6d, 0x1b, 0x6d,
    0x5e, 0xa6, 0x1b, 0x6d, 0x1b, 0x6d, 0x1b, 0x6d, 0x1b, 0x6d, 0x1b, 0x6d, 0xe5, 0x88, 0x87, 0xd1, 0x87, 0xd1, 0x87, 0xd1, 0xe5, 0x88, 0x1b, 0x6d, 0x1b, 0x6d, 0x1b, 0x6d, 0x5e, 0xa6, 0x1b, 0x6d,
    0x1b, 0x6d, 0x1b, 0x6d, 0x1b, 0x6d, 0x1b, 0x6d, 0x1b, 0x6d, 0x4a, 0x59, 0x00, 0x00, 0x00, 0x00, 0x00, 0x00, 0x00, 0x00, 0x00, 0x00, 0x00, 0x00, 0x00, 0x00, 0x00, 0x00, 0x00, 0x00, 0x00, 0x00,
    0x00, 0x00, 0x00, 0x00, 0x00, 0x00, 0x00, 0x00, 0x00, 0x00, 0x00, 0x00, 0x00, 0x00, 0x00, 0x00, 0x00, 0x00, 0x00, 0x00, 0x4a, 0x59, 0x4a, 0x59, 0x4a, 0x59, 0x4a, 0x59, 0x4a, 0x59, 0x4a, 0x59,
    0x4a, 0x59, 0x4a, 0x59, 0x5e, 0xa6, 0x4a, 0x59, 0x4a, 0x59, 0x4a, 0x59, 0xe5, 0x88, 0x87, 0xd1, 0x87, 0xd1, 0x87, 0xd1, 0xe5, 0x88, 0x4a, 0x59, 0x4a, 0x59, 0x4a, 0x59, 0x4a, 0x59, 0x4a, 0x59,
    0x5e, 0xa6, 0x4a, 0x59, 0x4a, 0x59, 0x4a, 0x59, 0x4a, 0x59, 0x4a, 0x59, 0xe5, 0x88, 0x87, 0xd1, 0x87, 0xd1, 0x87, 0xd1, 0xe5, 0x88, 0x4a, 0x59, 0x4a, 0x59, 0x4a, 0x59, 0x5e, 0xa6, 0x4a, 0x59,
    0x4a, 0x59, 0x4a, 0x59, 0x4a, 0x59, 0x4a, 0x59, 0x4a, 0x59, 0x4a, 0x59, 0x4a, 0x59, 0x00, 0x00, 0x00, 0x00, 0x00, 0x00, 0x00, 0x00, 0x00, 0x00, 0x00, 0x00, 0x00, 0x00, 0x00, 0x00, 0x00, 0x00,
    0x00, 0x00, 0x00, 0x00, 0x00, 0x00, 0x00, 0x00, 0x00, 0x00, 0x00, 0x00, 0x00, 0x00, 0x00, 0x00, 0x00, 0x00, 0x00, 0x00, 0x00, 0x00, 0x00, 0x00, 0x00, 0x00, 0x00, 0x00, 0x00, 0x00, 0x00, 0x00,
    0x00, 0x00, 0x00, 0x00, 0x00, 0x00, 0x00, 0x00, 0x00, 0x00, 0x00, 0x00, 0xe5, 0x88, 0x87, 0xd1, 0x87, 0xd1, 0x87, 0xd1, 0xe5, 0x88, 0x00, 0x00, 0x00, 0x00, 0x00, 0x00, 0x00, 0x00, 0x00, 0x00,
    0x00, 0x00, 0x00, 0x00, 0x00, 0x00, 0x00, 0x00, 0x00, 0x00, 0x00, 0x00, 0xe5, 0x88, 0x87, 0xd1, 0x87, 0xd1, 0x87, 0xd1, 0xe5, 0x88, 0x00, 0x00, 0x00, 0x00, 0x00, 0x00, 0x00, 0x00, 0x00, 0x00,
    0x00, 0x00, 0x00, 0x00, 0x00, 0x00, 0x00, 0x00, 0x00, 0x00, 0x00, 0x00, 0x00, 0x00, 0x00, 0x00, 0x00, 0x00, 0x00, 0x00, 0x00, 0x00, 0x00, 0x00, 0x00, 0x00, 0x00, 0x00, 0x00, 0x00, 0x00, 0x00,
    0x00, 0x00, 0x00, 0x00, 0x00, 0x00, 0x00, 0x00, 0x00, 0x00, 0x00, 0x00, 0x00, 0x00, 0x00, 0x00, 0x00, 0x00, 0x00, 0x00, 0x00, 0x00, 0x00, 0x00, 0x00, 0x00, 0x00, 0x00, 0x00, 0x00, 0x00, 0x00,
    0x00, 0x00, 0x00, 0x00, 0x00, 0x00, 0x00, 0x00, 0x00, 0x00, 0x4a, 0x59, 0x4a, 0x59, 0x4a, 0x59, 0x4a, 0x59, 0x4a, 0x59, 0x4a, 0x59, 0x4a, 0x59, 0x00, 0x00, 0x00, 0x00, 0x00, 0x00, 0x00, 0x00,
    0x00, 0x00, 0x00, 0x00, 0x00, 0x00, 0x00, 0x00, 0x00, 0x00, 0x4a, 0x59, 0x4a, 0x59, 0x4a, 0x59, 0x4a, 0x59, 0x4a, 0x59, 0x4a, 0x59, 0x4a, 0x59, 0x00, 0x00, 0x00, 0x00, 0x00, 0x00, 0x00, 0x00,
    0x00, 0x00, 0x00, 0x00, 0x00, 0x00, 0x00, 0x00, 0x00, 0x00, 0x00, 0x00, 0x00, 0x00, 0x00, 0x00, 0x00, 0x00, 0x00, 0x00, 0x00, 0x00, 0x00, 0x00, 0x00, 0x00, 0x00, 0x00, 0x00, 0x00, 0x00, 0x00,
    0x00, 0x00, 0x00, 0x00, 0x00, 0x00, 0x00, 0x00, 0x00, 0x00, 0x00, 0x00, 0x00, 0x00, 0x00, 0x00, 0x00, 0x00, 0x00, 0x00, 0x00, 0x00, 0x00, 0x00, 0x00, 0x00, 0x00, 0x00, 0x00, 0x00, 0x00, 0x00,
    0x00, 0x00, 0x00, 0x00, 0x00, 0x00, 0x00, 0x00, 0x00, 0x00, 0x4a, 0x59, 0x4a, 0x59, 0x4a, 0x59, 0x4a, 0x59, 0x4a, 0x59, 0x4a, 0x59, 0x4a, 0x59, 0x00, 0x00, 0x00, 0x00, 0x00, 0x00, 0x00, 0x00,
    0x00, 0x00, 0x00, 0x00, 0x00, 0x00, 0x00, 0x00, 0x00, 0x00, 0x4a, 0x59, 0x4a, 0x59, 0x4a, 0x59, 0x4a, 0x59, 0x4a, 0x59, 0x4a, 0x59, 0x4a, 0x59, 0x00, 0x00, 0x00, 0x00, 0x00, 0x00, 0x00, 0x00,
    0x00, 0x00, 0x00, 0x00, 0x00, 0x00, 0x00, 0x00, 0x00, 0x00, 0x00, 0x00, 0x00, 0x00, 0x00, 0x00, 0x00, 0x00, 0x00, 0x00, 0x00, 0x00, 0x00, 0x00, 0x00, 0x00, 0x00, 0x00, 0x00, 0x00, 0x00, 0x00,
    0x00, 0x00, 0x00, 0x00, 0x00, 0x00, 0x00, 0x00, 0x00, 0x00, 0x00, 0x00, 0x00, 0x00, 0x00, 0x00, 0x00, 0x00, 0x00, 0x00, 0x00, 0x00, 0x00, 0x00, 0x00, 0x00, 0x00, 0x00, 0x00, 0x00, 0x00, 0x00,
    0x00, 0x00, 0x00, 0x00, 0x00, 0x00, 0x00, 0x00, 0x00, 0x00, 0x00, 0x00, 0x00, 0x00, 0x00, 0x00, 0x00, 0x00, 0x00, 0x00, 0x00, 0x00, 0x00, 0x00, 0x00, 0x00, 0x00, 0x00, 0x00, 0x00, 0x00, 0x00,
    0x00, 0x00, 0x00, 0x00, 0x00, 0x00, 0x00, 0x00, 0x00, 0x00, 0x00, 0x00, 0x00, 0x00, 0x00, 0x00, 0x00, 0x00, 0x00, 0x00, 0x00, 0x00, 0x00, 0x00, 0x00, 0x00, 0x00, 0x00, 0x00, 0x00, 0x00, 0x00,
    0x00, 0x00, 0x00, 0x00, 0x00, 0x00, 0x00, 0x00, 0x00, 0x00, 0x00, 0x00, 0x00, 0x00, 0x00, 0x00, 0x00, 0x00, 0x00, 0x00, 0x00, 0x00, 0x00, 0x00, 0x00, 0x00, 0x00, 0x00, 0x00, 0x00, 0x00, 0x00,
    0x00, 0x00, 0x00, 0x00, 0x00, 0x00, 0x00, 0x00, 0x00, 0x00, 0x00, 0x00, 0x00, 0x00, 0x00, 0x00, 0x00, 0x00, 0x00, 0x00, 0x00, 0x00, 0x00, 0x00, 0x00, 0x00, 0x00, 0x00, 0x00, 0x00, 0x00, 0x00,
    0x00, 0x00, 0x00, 0x00, 0x00, 0x00, 0x00, 0x00, 0x00, 0x00, 0x00, 0x00, 0x00, 0x00, 0x00, 0x00, 0x00, 0x00, 0x00, 0x00, 0x00, 0x00, 0x00, 0x00, 0x00, 0x00, 0x00, 0x00, 0x00, 0x00, 0x00, 0x00,
    0x00, 0x00, 0x00, 0x00, 0x00, 0x00, 0x00, 0x00, 0x00, 0x00, 0x00, 0x00, 0x00, 0x00, 0x00, 0x00, 0x00, 0x00, 0x00, 0x00, 0x00, 0x00, 0x00, 0x00, 0x00, 0x00, 0x00, 0x00, 0x00, 0x00, 0x00, 0x00,
    0x00, 0x00, 0x00, 0x00, 0x00, 0x00, 0x00, 0x00, 0x00, 0x00, 0x00, 0x00, 0x00, 0x00, 0x00, 0x00, 0x00, 0x00, 0x00, 0x00, 0x00, 0x00, 0x00, 0x00, 0x00, 0x00, 0x00, 0x00, 0x00, 0x00, 0x00, 0x00,
    0x00, 0x00, 0x00, 0x00, 0x00, 0x00, 0x00, 0x00, 0x00, 0x00, 0x00, 0x00, 0x00, 0x00, 0x00, 0x00, 0x00, 0x00, 0xff, 0x00, 0x00, 0x00, 0x00, 0x00, 0x00, 0x00, 0x00, 0x00, 0x00, 0x00, 0x00, 0x00,
    0x00, 0x00, 0x00, 0x00, 0x00, 0x00, 0x00, 0x00, 0x00, 0x00, 0x00, 0x00, 0x00, 0x00, 0xff, 0x00, 0x00, 0x00, 0x00, 0x00, 0x00, 0x00, 0x00, 0x00, 0x00, 0x00, 0x00, 0x00, 0x00, 0x00, 0x00, 0x00,
    0x00, 0x00, 0x00, 0x00, 0x00, 0x00, 0x00, 0x00, 0x00, 0x00, 0x00, 0x00, 0x00, 0x00, 0x00, 0x00, 0x00, 0x00, 0xff, 0x00, 0x00, 0x00, 0x00, 0x00, 0x00, 0x00, 0x00, 0x00, 0x00, 0x00, 0x00, 0x00,
    0x00, 0x00, 0x00, 0x00, 0x00, 0x00, 0x00, 0x00, 0x00, 0x00, 0x00, 0x00, 0x00, 0xff, 0xff, 0x00, 0x00, 0x00, 0x00, 0x00, 0x00, 0x00, 0x00, 0x00, 0x00, 0x00, 0x00, 0x00, 0x00, 0x00, 0x00, 0x00,
    0x00, 0x00, 0x00, 0x00, 0x00, 0x00, 0x00, 0x00, 0x00, 0x00, 0x00, 0x00, 0x00, 0x00, 0x00, 0x00, 0x00, 0xff, 0xff, 0xff, 0x00, 0x00, 0x00, 0x00, 0x00, 0x00, 0x00, 0x00, 0x00, 0x00, 0x00, 0x00,
    0x00, 0x00, 0x00, 0x00, 0x00, 0x00, 0x00, 0x00, 0x00, 0x00, 0x00, 0x00, 0x00, 0xff, 0xff, 0x00, 0x00, 0x00, 0x00, 0x00, 0x00, 0x00, 0x00, 0x00, 0x00, 0x00, 0x00, 0x00, 0x00, 0x00, 0x00, 0x00,
    0x00, 0x00, 0x00, 0x00, 0x00, 0x00, 0x00, 0x00, 0x00, 0x00, 0x00, 0x00, 0x00, 0x00, 0x00, 0x00, 0x00, 0xff, 0xff, 0xff, 0x00, 0x00, 0x00, 0x00, 0x00, 0x00, 0x00, 0x00, 0x00, 0x00, 0x00, 0x00,
    0x00, 0x00, 0x00, 0x00, 0x00, 0x00, 0x00, 0x00, 0x00, 0x00, 0x00, 0x00, 0xff, 0xff, 0xff, 0xff, 0x00, 0x00, 0x00, 0x00, 0x00, 0x00, 0x00, 0x00, 0x00, 0x00, 0x00, 0x00, 0x00, 0x00, 0x00, 0x00,
    0x00, 0x00, 0x00, 0x00, 0x00, 0x00, 0x00, 0x00, 0x00, 0x00, 0x00, 0x00, 0x00, 0x00, 0x00, 0x00, 0x00, 0xff, 0xff, 0xff, 0xff, 0x00, 0x00, 0x00, 0xff, 0xff, 0xff, 0x00, 0x00, 0x00, 0x00, 0x00,
    0x00, 0x00, 0x00, 0x00, 0x00, 0x00, 0xff, 0xff, 0xff, 0x00, 0x00, 0x00, 0xff, 0xff, 0xff, 0xff, 0xff, 0xff, 0xff, 0xff, 0xff, 0x00, 0x00, 0x00, 0x00, 0x00, 0x00, 0x00, 0x00, 0x00, 0x00, 0x00,
    0x00, 0x00, 0x00, 0x00, 0x00, 0x00, 0x00, 0x00, 0x00, 0x00, 0x00, 0x00, 0x00, 0x00, 0x00, 0x00, 0x00, 0xff, 0xff, 0xff, 0xff, 0x00, 0xff, 0xff, 0xff, 0xff, 0xff, 0xff, 0xff, 0x00, 0x00, 0x00,
    0x00, 0x00, 0x00, 0x00, 0xff, 0xff, 0xff, 0xff, 0xff, 0xff, 0xff, 0xff, 0xff, 0xff, 0xff, 0xff, 0x00, 0x00, 0xff, 0xff, 0x00, 0x00, 0x00, 0x00, 0x00, 0x00, 0x00, 0x00, 0x00, 0x00, 0x00, 0x00,
    0x00, 0x00, 0x00, 0x00, 0x00, 0x00, 0x00, 0x00, 0x00, 0x00, 0x00, 0x00, 0x00, 0x00, 0x00, 0x00, 0xff, 0xff, 0xff, 0xff, 0xff, 0xff, 0xff, 0xff, 0xff, 0xff, 0xff, 0xff, 0xff, 0xff, 0xff, 0xff,
    0xff, 0xff, 0xff, 0xff, 0xff, 0xff, 0xff, 0xff, 0xff, 0xff, 0xff, 0xff, 0xff, 0xff, 0xff, 0xff, 0xff, 0xff, 0x00, 0x00, 0x00, 0x00, 0x00, 0x00, 0x00, 0x00, 0x00, 0x00, 0x00, 0x00, 0x00, 0x00,
    0x00, 0x00, 0x00, 0x00, 0x00, 0x00, 0x00, 0x00, 0x00, 0x00, 0x00, 0x00, 0x00, 0x00, 0x00, 0x00, 0xff, 0xff, 0xff, 0xff, 0xff, 0xff, 0xff, 0xff, 0xff, 0xff, 0xff, 0xff, 0xff, 0xff, 0xff, 0xff,
    0xff, 0xff, 0xff, 0xff, 0xff, 0xff, 0xff, 0xff, 0xff, 0xff, 0xff, 0xff, 0xff, 0xff, 0xff, 0xff, 0xff, 0xff, 0xff, 0xff, 0xff, 0x00, 0x00, 0x00, 0x00, 0x00, 0xff, 0x00, 0x00, 0x00, 0x00, 0x00,
    0x00, 0x00, 0x00, 0x00, 0x00, 0x00, 0x00, 0x00, 0x00, 0x00, 0x00, 0x00, 0x00, 0x00, 0x00, 0x00, 0xff, 0xff, 0xff, 0xff, 0xff, 0xff, 0xff, 0xff, 0xff, 0xff, 0xff, 0xff, 0xff, 0xff, 0xff, 0xff,
    0xff, 0xff, 0xff, 0xff, 0xff, 0xff, 0xff, 0xff, 0xff, 0xff, 0xff, 0xff, 0xff, 0xff, 0xff, 0xff, 0xff, 0x00, 0xff, 0xff, 0xff, 0xff, 0xff, 0xff, 0xff, 0xff, 0xff, 0xff, 0x00, 0x00, 0x00, 0x00,
    0x00, 0x00, 0x00, 0x00, 0x00, 0x00, 0x00, 0x00, 0x00, 0x00, 0x00, 0x00, 0x00, 0x00, 0x00, 0x00, 0xff, 0xff, 0xff, 0xff, 0xff, 0xff, 0xff, 0xff, 0xff, 0xff, 0xff, 0xff, 0xff, 0xff, 0xff, 0xff,
    0xff, 0xff, 0xff, 0xff, 0xff, 0xff, 0xff, 0xff, 0xff, 0xff, 0xff, 0xff, 0xff, 0xff, 0xff, 0xff, 0xff, 0x00, 0xff, 0xff, 0xff, 0xff, 0xff, 0xff, 0xff, 0xff, 0xff, 0x00, 0x00, 0x00, 0x00, 0x00,
    0x00, 0x00, 0x00, 0x00, 0x00, 0x00, 0x00, 0x00, 0x00, 0x00, 0x00, 0x00, 0x00, 0x00, 0x00, 0xff, 0xff, 0xff, 0xff, 0xff, 0xff, 0xff, 0xff, 0xff, 0xff, 0xff, 0xff, 0xff, 0xff, 0xff, 0xff, 0xff,
    0xff, 0xff, 0xff, 0xff, 0xff, 0xff, 0xff, 0xff, 0xff, 0xff, 0xff, 0xff, 0xff, 0xff, 0xff, 0xff, 0xff, 0x00, 0x00, 0x00, 0x00, 0x00, 0x00, 0xff, 0xff, 0xff, 0x00, 0x00, 0x00, 0x00, 0x00, 0x00,
    0x00, 0x00, 0x00, 0x00, 0x00, 0x00, 0x00, 0x00, 0x00, 0x00, 0x00, 0x00, 0x00, 0x00, 0x00, 0xff, 0xff, 0xff, 0xff, 0xff, 0xff, 0xff, 0xff, 0xff, 0xff, 0xff, 0xff, 0xff, 0xff, 0xff, 0xff, 0xff,
    0xff, 0xff, 0xff, 0xff, 0xff, 0xff, 0xff, 0xff, 0xff, 0xff, 0xff, 0xff, 0xff, 0xff, 0xff, 0xff, 0xff, 0xff, 0x00, 0x00, 0x00, 0x00, 0xff, 0xff, 0xff, 0x00, 0x00, 0x00, 0x00, 0x00, 0x00, 0x00,
    0x00, 0x00, 0x00, 0x00, 0x00, 0x00, 0x00, 0x00, 0x00, 0x00, 0x00, 0x00, 0x00, 0x00, 0x00, 0xff, 0xff, 0xff, 0xff, 0xff, 0xff, 0xff, 0xff, 0xff, 0xff, 0xff, 0xff, 0xff, 0xff, 0xff, 0xff, 0xff,
    0xff, 0xff, 0xff, 0xff, 0xff, 0xff, 0xff, 0xff, 0xff, 0xff, 0xff, 0xff, 0xff, 0xff, 0xff, 0xff, 0xff, 0xff, 0x00, 0x00, 0x00, 0xff, 0xff, 0xff, 0x00, 0x00, 0x00, 0x00, 0x00, 0x00, 0x00, 0x00,
    0x00, 0x00, 0x00, 0x00, 0x00, 0x00, 0x00, 0x00, 0x00, 0x00, 0x00, 0x00, 0x00, 0x00, 0x00, 0xff, 0xff, 0xff, 0xff, 0xff, 0xff, 0xff, 0xff, 0xff, 0xff, 0xff, 0xff, 0xff, 0xff, 0xff, 0xff, 0xff,
    0xff, 0xff, 0xff, 0xff, 0xff, 0xff, 0xff, 0xff, 0xff, 0xff, 0xff, 0xff, 0xff, 0xff, 0xff, 0xff, 0xff, 0xff, 0x00, 0x00, 0xff, 0xff, 0xff, 0x00, 0x00, 0x00, 0x00, 0x00, 0x00, 0x00, 0x00, 0x00,
    0x00, 0x00, 0x00, 0x00, 0x00, 0x00, 0x00, 0x00, 0x00, 0x00, 0x00, 0x00, 0x00, 0x00, 0xff, 0xff, 0xff, 0xff, 0xff, 0xff, 0xff, 0xff, 0xff, 0xff, 0xff, 0xff, 0xff, 0xff, 0xff, 0xff, 0xff, 0xff,
    0xff, 0xff, 0xff, 0xff, 0xff, 0xff, 0xff, 0xff, 0xff, 0xff, 0xff, 0xff, 0xff, 0xff, 0xff, 0xff, 0xff, 0xff, 0x00, 0xff, 0xff, 0xff, 0x00, 0x00, 0x00, 0x00, 0x00, 0x00, 0x00, 0x00, 0x00, 0x00,
    0x00, 0x00, 0x00, 0x00, 0x00, 0x00, 0x00, 0x00, 0x00, 0x00, 0x00, 0x00, 0x00, 0x00, 0xff, 0xff, 0xff, 0xff, 0xff, 0xff, 0xff, 0xff, 0xff, 0xff, 0xff, 0xff, 0xff, 0xff, 0xff, 0xff, 0xff, 0xff,
    0xff, 0xff, 0xff, 0xff, 0xff, 0xff, 0xff, 0xff, 0xff, 0xff, 0xff, 0xff, 0xff, 0xff, 0xff, 0xff, 0xff, 0xff, 0xff, 0xff, 0xff, 0x00, 0x00, 0x00, 0x00, 0x00, 0x00, 0x00, 0x00, 0x00, 0x00, 0x00,
    0x00, 0x00, 0x00, 0x00, 0x00, 0x00, 0x00, 0x00, 0x00, 0x00, 0x00, 0x00, 0x00, 0x00, 0xff, 0xff, 0xff, 0xff, 0xff, 0xff, 0xff, 0xff, 0xff, 0xff, 0xff, 0xff, 0xff, 0xff, 0xff, 0xff, 0xff, 0xff,
    0xff, 0xff, 0xff, 0xff, 0xff, 0xff, 0xff, 0xff, 0xff, 0xff, 0xff, 0xff, 0xff, 0xff, 0xff, 0xff, 0xff, 0xff, 0xff, 0xff, 0xff, 0xff, 0xff, 0xff, 0xff, 0xff, 0xff, 0x00, 0x00, 0x00, 0x00, 0x00,
    0x00, 0x00, 0x00, 0x00, 0x00, 0x00, 0x00, 0x00, 0x00, 0x00, 0x00, 0x00, 0x00, 0x00, 0x00, 0x00, 0x00, 0x00, 0x00, 0x00, 0x00, 0x00, 0xff, 0xff, 0xff, 0xff, 0xff, 0xff, 0xff, 0xff, 0xff, 0xff,
    0xff, 0xff, 0xff, 0xff, 0xff, 0xff, 0xff, 0xff, 0xff, 0xff, 0xff, 0x00, 0x00, 0x00, 0x00, 0x00, 0x00, 0x00, 0xff, 0xff, 0xff, 0xff, 0xff, 0xff, 0xff, 0xff, 0xff, 0x00, 0x00, 0x00, 0x00, 0x00,
    0x00, 0x00, 0x00, 0x00, 0x00, 0x00, 0x00, 0x00, 0x00, 0x00, 0x00, 0x00, 0x00, 0x00, 0x00, 0x00, 0x00, 0x00, 0x00, 0x00, 0x00, 0xff, 0xff, 0xff, 0xff, 0xff, 0xff, 0xff, 0xff, 0xff, 0xff, 0xff,
    0xff, 0xff, 0xff, 0xff, 0xff, 0xff, 0xff, 0xff, 0xff, 0xff, 0xff, 0xff, 0x00, 0x00, 0x00, 0x00, 0x00, 0x00, 0x00, 0x00, 0x00, 0x00, 0x00, 0x00, 0x00, 0x00, 0x00, 0x00, 0x00, 0x00, 0x00, 0x00,
    0x00, 0x00, 0x00, 0x00, 0x00, 0x00, 0x00, 0x00, 0x00, 0x00, 0x00, 0x00, 0x00, 0x00, 0x00, 0x00, 0x00, 0x00, 0x00, 0x00, 0xff, 0xff, 0xff, 0xff, 0xff, 0xff, 0xff, 0xff, 0xff, 0xff, 0xff, 0xff,
    0xff, 0xff, 0xff, 0xff, 0xff, 0xff, 0xff, 0xff, 0xff, 0xff, 0xff, 0xff, 0xff, 0x00, 0x00, 0x00, 0x00, 0x00, 0x00, 0x00, 0x00, 0x00, 0x00, 0x00, 0x00, 0x00, 0x00, 0x00, 0x00, 0x00, 0x00, 0x00,
    0x00, 0x00, 0x00, 0x00, 0x00, 0x00, 0x00, 0x00, 0x00, 0x00, 0x00, 0x00, 0x00, 0x00, 0x00, 0x00, 0x00, 0x00, 0x00, 0xff, 0xff, 0xff, 0xff, 0xff, 0xff, 0xff, 0xff, 0xff, 0xff, 0xff, 0xff, 0xff,
    0xff, 0xff, 0xff, 0xff, 0xff, 0xff, 0xff, 0xff, 0xff, 0xff, 0xff, 0xff, 0xff, 0xff, 0x00, 0x00, 0x00, 0x00, 0x00, 0x00, 0x00, 0x00, 0x00, 0x00, 0x00, 0x00, 0x00, 0x00, 0x00, 0x00, 0x00, 0x00,
    0x00, 0x00, 0x00, 0x00, 0x00, 0x00, 0x00, 0x00, 0x00, 0x00, 0x00, 0x00, 0x00, 0x00, 0x00, 0x00, 0x00, 0x00, 0xff, 0xff, 0xff, 0xff, 0xff, 0xff, 0xff, 0xff, 0xff, 0xff, 0xff, 0xff, 0xff, 0xff,
    0xff, 0xff, 0xff, 0xff, 0xff, 0xff, 0xff, 0xff, 0xff, 0xff, 0xff, 0xff, 0xff, 0xff, 0xff, 0x00, 0x00, 0x00, 0x00, 0x00, 0x00, 0x00, 0x00, 0x00, 0x00, 0x00, 0x00, 0x00, 0x00, 0x00, 0x00, 0x00,
    0x00, 0x00, 0x00, 0x00, 0x00, 0x00, 0x00, 0x00, 0x00, 0x00, 0x00, 0x00, 0x00, 0x00, 0x00, 0x00, 0x00, 0x00, 0xff, 0xff, 0xff, 0xff, 0xff, 0xff, 0xff, 0xff, 0xff, 0xff, 0xff, 0xff, 0xff, 0xff,
    0xff, 0xff, 0xff, 0xff, 0xff, 0xff, 0xff, 0xff, 0xff, 0xff, 0xff, 0xff, 0xff, 0xff, 0xff, 0x00, 0x00, 0x00, 0x00, 0x00, 0x00, 0x00, 0x00, 0x00, 0x00, 0x00, 0x00, 0x00, 0x00, 0x00, 0x00, 0x00,
    0x00, 0x00, 0x00, 0x00, 0x00, 0x00, 0x00, 0x00, 0x00, 0x00, 0x00, 0x00, 0x00, 0x00, 0x00, 0x00, 0x00, 0xff, 0xff, 0xff, 0xff, 0xff, 0xff, 0xff, 0xff, 0xff, 0xff, 0xff, 0xff, 0xff, 0xff, 0xff,
    0xff, 0xff, 0xff, 0xff, 0xff, 0xff, 0xff, 0xff, 0xff, 0xff, 0xff, 0xff, 0xff, 0xff, 0xff, 0xff, 0x00, 0x00, 0x00, 0x00, 0x00, 0x00, 0x00, 0x00, 0x00, 0x00, 0x00, 0x00, 0x00, 0x00, 0x00, 0x00,
    0x00, 0x00, 0x00, 0x00, 0x00, 0x00, 0x00, 0x00, 0x00, 0x00, 0x00, 0x00, 0x00, 0x00, 0x00, 0x00, 0x00, 0xff, 0xff, 0xff, 0xff, 0xff, 0xff, 0xff, 0xff, 0xff, 0xff, 0xff, 0xff, 0xff, 0xff, 0xff,
    0xff, 0xff, 0xff, 0xff, 0xff, 0xff, 0xff, 0xff, 0xff, 0xff, 0xff, 0xff, 0xff, 0xff, 0xff, 0xff, 0x00, 0x00, 0x00, 0x00, 0x00, 0x00, 0x00, 0x00, 0x00, 0x00, 0x00, 0x00, 0x00, 0x00, 0x00, 0x00,
    0x00, 0x00, 0x00, 0x00, 0x00, 0x00, 0x00, 0x00, 0x00, 0x00, 0x00, 0x00, 0x00, 0x00, 0x00, 0x00, 0xff, 0xff, 0xff, 0xff, 0xff, 0xff, 0xff, 0xff, 0xff, 0xff, 0xff, 0xff, 0xff, 0xff, 0xff, 0xff,
    0xff, 0xff, 0xff, 0xff, 0xff, 0xff, 0xff, 0xff, 0xff, 0xff, 0xff, 0xff, 0xff, 0xff, 0xff, 0xff, 0xff, 0x00, 0x00, 0x00, 0x00, 0x00, 0x00, 0x00, 0x00, 0x00, 0x00, 0x00, 0x00, 0x00, 0x00, 0x00,
    0x00, 0x00, 0x00, 0x00, 0x00, 0x00, 0x00, 0x00, 0x00, 0x00, 0x00, 0x00, 0x00, 0x00, 0x00, 0x00, 0xff, 0xff, 0xff, 0xff, 0xff, 0xff, 0xff, 0xff, 0xff, 0xff, 0xff, 0xff, 0xff, 0xff, 0xff, 0xff,
    0xff, 0xff, 0xff, 0xff, 0xff, 0xff, 0xff, 0xff, 0xff, 0xff, 0xff, 0xff, 0xff, 0xff, 0xff, 0xff, 0xff, 0x00, 0x00, 0x00, 0x00, 0x00, 0x00, 0x00, 0x00, 0x00, 0x00, 0x00, 0x00, 0x00, 0x00, 0x00,
    0x00, 0x00, 0x00, 0x00, 0x00, 0x00, 0x00, 0x00, 0x00, 0x00, 0x00, 0x00, 0x00, 0x00, 0x00, 0x00, 0xff, 0xff, 0xff, 0xff, 0xff, 0xff, 0xff, 0xff, 0xff, 0xff, 0xff, 0xff, 0xff, 0xff, 0xff, 0xff,
    0xff, 0xff, 0xff, 0xff, 0xff, 0xff, 0xff, 0xff, 0xff, 0xff, 0xff, 0xff, 0xff, 0xff, 0xff, 0xff, 0xff, 0x00, 0x00, 0x00, 0x00, 0x00, 0x00, 0x00, 0x00, 0x00, 0x00, 0x00, 0x00, 0x00, 0x00, 0x00,
    0x00, 0x00, 0x00, 0x00, 0x00, 0x00, 0x00, 0x00, 0x00, 0x00, 0x00, 0x00, 0x00, 0x00, 0x00, 0x00, 0xff, 0xff, 0xff, 0xff, 0xff, 0xff, 0xff, 0xff, 0xff, 0xff, 0xff, 0xff, 0xff, 0xff, 0xff, 0xff,
    0xff, 0xff, 0xff, 0xff, 0xff, 0xff, 0xff, 0xff, 0xff, 0xff, 0xff, 0xff, 0xff, 0xff, 0xff, 0xff, 0xff, 0x00, 0x00, 0x00, 0x00, 0x00, 0x00, 0x00, 0x00, 0x00, 0x00, 0x00, 0x00, 0x00, 0x00, 0x00,
    0x00, 0x00, 0x00, 0x00, 0x00, 0x00, 0x00, 0x00, 0x00, 0x00, 0x00, 0x00, 0x00, 0x00, 0x00, 0x00, 0xff, 0xff, 0xff, 0xff, 0xff, 0xff, 0xff, 0xff, 0xff, 0xff, 0xff, 0xff, 0xff, 0xff, 0xff, 0xff,
    0xff, 0xff, 0xff, 0xff, 0xff, 0xff, 0xff, 0xff, 0xff, 0xff, 0xff, 0xff, 0xff, 0xff, 0xff, 0xff, 0xff, 0x00, 0x00, 0x00, 0x00, 0x00, 0x00, 0x00, 0x00, 0x00, 0x00, 0x00, 0x00, 0x00, 0x00, 0x00,
    0x00, 0x00, 0x00, 0x00, 0x00, 0x00, 0x00, 0x00, 0x00, 0x00, 0x00, 0x00, 0x00, 0x00, 0x00, 0x00, 0xff, 0xff, 0xff, 0xff, 0xff, 0xff, 0xff, 0xff, 0xff, 0xff, 0xff, 0xff, 0xff, 0xff, 0xff, 0xff,
    0xff, 0xff, 0xff, 0xff, 0xff, 0xff, 0xff, 0xff, 0xff, 0xff, 0xff, 0xff, 0xff, 0xff, 0xff, 0xff, 0xff, 0x00, 0x00, 0x00, 0x00, 0x00, 0x00, 0x00, 0x00, 0x00, 0x00, 0x00, 0x00, 0x00, 0x00, 0x00,
    0x00, 0x00, 0x00, 0x00, 0x00, 0x00, 0x00, 0x00, 0x00, 0x00, 0x00, 0x00, 0x00, 0x00, 0x00, 0x00, 0xff, 0xff, 0xff, 0xff, 0xff, 0xff, 0xff, 0xff, 0xff, 0xff, 0xff, 0xff, 0xff, 0xff, 0xff, 0xff,
    0xff, 0xff, 0xff, 0xff, 0xff, 0xff, 0xff, 0xff, 0xff, 0xff, 0xff, 0xff, 0xff, 0xff, 0xff, 0xff, 0xff, 0x00, 0x00, 0x00, 0x00, 0x00, 0x00, 0x00, 0x00, 0x00, 0x00, 0x00, 0x00, 0x00, 0x00, 0x00,
    0x00, 0x00, 0x00, 0x00, 0x00, 0x00, 0x00, 0x00, 0x00, 0x00, 0x00, 0x00, 0x00, 0x00, 0x00, 0x00, 0x00, 0xff, 0xff, 0xff, 0xff, 0xff, 0xff, 0xff, 0xff, 0xff, 0xff, 0xff, 0xff, 0xff, 0xff, 0xff,
    0xff, 0xff, 0xff, 0xff, 0xff, 0xff, 0xff, 0xff, 0xff, 0xff, 0xff, 0xff, 0xff, 0xff, 0xff, 0xff, 0x00, 0x00, 0x00, 0x00, 0x00, 0x00, 0x00, 0x00, 0x00, 0x00, 0x00, 0x00, 0x00, 0x00, 0x00, 0x00,
    0x00, 0x00, 0x00, 0x00, 0x00, 0x00, 0x00, 0x00, 0x00, 0x00, 0x00, 0x00, 0x00, 0x00, 0x00, 0x00, 0x00, 0xff, 0xff, 0xff, 0xff, 0xff, 0xff, 0xff, 0xff, 0xff, 0xff, 0xff, 0xff, 0xff, 0xff, 0xff,
    0xff, 0xff, 0xff, 0xff, 0xff, 0xff, 0xff, 0xff, 0xff, 0xff, 0xff, 0xff, 0xff, 0xff, 0xff, 0xff, 0x00, 0x00, 0x00, 0x00, 0x00, 0x00, 0x00, 0x00, 0x00, 0x00, 0x00, 0x00, 0x00, 0x00, 0x00, 0x00,
    0x00, 0x00, 0x00, 0x00, 0x00, 0x00, 0x00, 0x00, 0x00, 0x00, 0x00, 0x00, 0x00, 0x00, 0x00, 0x00, 0x00, 0x00, 0xff, 0xff, 0xff, 0xff, 0xff, 0xff, 0xff, 0xff, 0xff, 0xff, 0xff, 0xff, 0xff, 0xff,
    0xff, 0xff, 0xff, 0xff, 0xff, 0xff, 0xff, 0xff, 0xff, 0xff, 0xff, 0xff, 0xff, 0xff, 0xff, 0x00, 0x00, 0x00, 0x00, 0x00, 0x00, 0x00, 0x00, 0x00, 0x00, 0x00, 0x00, 0x00, 0x00, 0x00, 0x00, 0x00,
    0x00, 0x00, 0x00, 0x00, 0x00, 0x00, 0x00, 0x00, 0x00, 0x00, 0x00, 0x00, 0x00, 0x00, 0x00, 0x00, 0x00, 0x00, 0xff, 0xff, 0xff, 0xff, 0xff, 0xff, 0xff, 0xff, 0xff, 0xff, 0xff, 0xff, 0xff, 0xff,
    0xff, 0xff, 0xff, 0xff, 0xff, 0xff, 0xff, 0xff, 0xff, 0xff, 0xff, 0xff, 0xff, 0xff, 0xff, 0x00, 0x00, 0x00, 0x00, 0x00, 0x00, 0x00, 0x00, 0x00, 0x00, 0x00, 0x00, 0x00, 0x00, 0x00, 0x00, 0x00,
    0x00, 0x00, 0x00, 0x00, 0x00, 0x00, 0x00, 0x00, 0x00, 0x00, 0x00, 0x00, 0x00, 0x00, 0x00, 0x00, 0x00, 0x00, 0x00, 0xff, 0xff, 0xff, 0xff, 0xff, 0xff, 0xff, 0xff, 0xff, 0xff, 0xff, 0xff, 0xff,
    0xff, 0xff, 0xff, 0xff, 0xff, 0xff, 0xff, 0xff, 0xff, 0xff, 0xff, 0xff, 0xff, 0xff, 0xff, 0x00, 0x00, 0x00, 0x00, 0x00, 0x00, 0x00, 0x00, 0x00, 0x00, 0x00, 0x00, 0x00, 0x00, 0x00, 0x00, 0x00,
    0x00, 0x00, 0x00, 0x00, 0x00, 0x00, 0x00, 0x00, 0x00, 0x00, 0x00, 0x00, 0x00, 0x00, 0x00, 0x00, 0x00, 0x00, 0x00, 0x00, 0xff, 0xff, 0xff, 0xff, 0xff, 0xff, 0xff, 0xff, 0xff, 0xff, 0xff, 0xff,
    0xff, 0xff, 0xff, 0xff, 0xff, 0xff, 0xff, 0xff, 0xff, 0xff, 0xff, 0xff, 0xff, 0xff, 0x00, 0x00, 0x00, 0x00, 0x00, 0x00, 0x00, 0x00, 0x00, 0x00, 0x00, 0x00, 0x00, 0x00, 0x00, 0x00, 0x00, 0x00,
    0x00, 0x00, 0x00, 0x00, 0x00, 0x00, 0x00, 0x00, 0x00, 0x00, 0x00, 0x00, 0x00, 0x00, 0x00, 0x00, 0x00, 0x00, 0x00, 0x00, 0x00, 0xff, 0xff, 0xff, 0xff, 0xff, 0xff, 0xff, 0xff, 0xff, 0xff, 0xff,
    0xff, 0xff, 0xff, 0xff, 0xff, 0xff, 0xff, 0xff, 0xff, 0xff, 0xff, 0xff, 0xff, 0xff, 0x00, 0x00, 0x00, 0x00, 0x00, 0x00, 0x00, 0x00, 0x00, 0x00, 0x00, 0x00, 0x00, 0x00, 0x00, 0x00, 0x00, 0x00,
    0x00, 0x00, 0x00, 0x00, 0x00, 0x00, 0x00, 0x00, 0x00, 0x00, 0x00, 0x00, 0x00, 0x00, 0x00, 0x00, 0x00, 0x00, 0x00, 0x00, 0x00, 0x00, 0xff, 0xff, 0xff, 0xff, 0xff, 0xff, 0xff, 0xff, 0xff, 0xff,
    0xff, 0xff, 0xff, 0xff, 0xff, 0xff, 0xff, 0xff, 0xff, 0xff, 0xff, 0xff, 0xff, 0x00, 0x00, 0x00, 0x00, 0x00, 0x00, 0x00, 0x00, 0x00, 0x00, 0x00, 0x00, 0x00, 0x00, 0x00, 0x00, 0x00, 0x00, 0x00,
    0x00, 0x00, 0x00, 0x00, 0x00, 0x00, 0x00, 0x00, 0x00, 0x00, 0x00, 0x00, 0x00, 0x00, 0x00, 0x00, 0x00, 0x00, 0x00, 0x00, 0xff, 0xff, 0xff, 0xff, 0xff, 0xff, 0xff, 0xff, 0xff, 0xff, 0xff, 0xff,
    0xff, 0xff, 0xff, 0xff, 0xff, 0xff, 0xff, 0xff, 0xff, 0xff, 0xff, 0xff, 0xff, 0x00, 0x00, 0x00, 0x00, 0x00, 0x00, 0x00, 0x00, 0x00, 0x00, 0x00, 0x00, 0x00, 0x00, 0x00, 0x00, 0x00, 0x00, 0x00,
    0x00, 0x00, 0x00, 0x00, 0x00, 0x00, 0x00, 0x00, 0x00, 0x00, 0x00, 0x00, 0x00, 0x00, 0x00, 0x00, 0x00, 0x00, 0x00, 0xff, 0xff, 0xff, 0xff, 0xff, 0xff, 0xff, 0xff, 0xff, 0xff, 0xff, 0xff, 0xff,
    0xff, 0xff, 0xff, 0xff, 0xff, 0xff, 0xff, 0xff, 0xff, 0xff, 0xff, 0xff, 0xff, 0xff, 0x00, 0x00, 0x00, 0x00, 0x00, 0x00, 0x00, 0x00, 0x00, 0x00, 0x00, 0x00, 0x00, 0x00, 0x00, 0x00, 0x00, 0x00,
    0x00, 0x00, 0x00, 0x00, 0x00, 0x00, 0x00, 0x00, 0x00, 0x00, 0x00, 0x00, 0x00, 0x00, 0x00, 0x00, 0x00, 0x00, 0x00, 0xff, 0xff, 0xff, 0xff, 0xff, 0xff, 0xff, 0xff, 0xff, 0xff, 0xff, 0xff, 0xff,
    0xff, 0xff, 0xff, 0xff, 0xff, 0xff, 0xff, 0xff, 0xff, 0xff, 0xff, 0xff, 0xff, 0xff, 0x00, 0x00, 0x00, 0x00, 0x00, 0x00, 0x00, 0x00, 0x00, 0x00, 0x00, 0x00, 0x00, 0x00, 0x00, 0x00, 0x00, 0x00,
    0x00, 0x00, 0x00, 0x00, 0x00, 0x00, 0x00, 0x00, 0x00, 0x00, 0x00, 0x00, 0x00, 0x00, 0x00, 0x00, 0x00, 0x00, 0xff, 0xff, 0xff, 0xff, 0xff, 0xff, 0xff, 0xff, 0xff, 0xff, 0xff, 0xff, 0xff, 0xff,
    0xff, 0xff, 0xff, 0xff, 0xff, 0xff, 0xff, 0xff, 0xff, 0xff, 0xff, 0xff, 0xff, 0xff, 0xff, 0x00, 0x00, 0x00, 0x00, 0x00, 0x00, 0x00, 0x00, 0x00, 0x00, 0x00, 0x00, 0x00, 0x00, 0x00, 0x00, 0x00,
    0x00, 0x00, 0x00, 0x00, 0x00, 0x00, 0x00, 0x00, 0x00, 0x00, 0x00, 0x00, 0x00, 0x00, 0x00, 0x00, 0x00, 0x00, 0xff, 0xff, 0xff, 0xff, 0xff, 0xff, 0xff, 0xff, 0xff, 0xff, 0xff, 0xff, 0xff, 0xff,
    0xff, 0xff, 0xff, 0xff, 0xff, 0xff, 0xff, 0xff, 0xff, 0xff, 0xff, 0xff, 0xff, 0xff, 0xff, 0x00, 0x00, 0x00, 0x00, 0x00, 0x00, 0x00, 0x00, 0x00, 0x00, 0x00, 0x00, 0x00, 0x00, 0x00, 0x00, 0x00,
    0x00, 0x00, 0x00, 0x00, 0x00, 0x00, 0x00, 0x00, 0x00, 0x00, 0x00, 0x00, 0x00, 0x00, 0x00, 0x00, 0x00, 0xff, 0xff, 0xff, 0xff, 0xff, 0xff, 0xff, 0xff, 0xff, 0xff, 0xff, 0xff, 0xff, 0xff, 0xff,
    0xff, 0xff, 0xff, 0xff, 0xff, 0xff, 0xff, 0xff, 0xff, 0xff, 0xff, 0xff, 0xff, 0xff, 0xff, 0xff, 0x00, 0x00, 0x00, 0x00, 0x00, 0x00, 0x00, 0x00, 0x00, 0x00, 0x00, 0x00, 0x00, 0x00, 0x00, 0x00,
    0x00, 0x00, 0x00, 0x00, 0x00, 0x00, 0x00, 0x00, 0x00, 0x00, 0x00, 0x00, 0x00, 0x00, 0x00, 0x00, 0x00, 0xff, 0xff, 0xff, 0xff, 0xff, 0xff, 0xff, 0xff, 0xff, 0xff, 0xff, 0xff, 0xff, 0xff, 0xff,
    0xff, 0xff, 0xff, 0xff, 0xff, 0xff, 0xff, 0xff, 0xff, 0xff, 0xff, 0xff, 0xff, 0xff, 0xff, 0xff, 0x00, 0x00, 0x00, 0x00, 0x00, 0x00, 0x00, 0x00, 0x00, 0x00, 0x00, 0x00, 0x00, 0x00, 0x00, 0x00,
    0x00, 0x00, 0x00, 0x00, 0x00, 0x00, 0x00, 0x00, 0x00, 0x00, 0x00, 0x00, 0x00, 0x00, 0x00, 0x00, 0xff, 0xff, 0xff, 0xff, 0xff, 0xff, 0xff, 0xff, 0xff, 0xff, 0xff, 0xff, 0xff, 0xff, 0xff, 0xff,
    0xff, 0xff, 0xff, 0xff, 0xff, 0xff, 0xff, 0xff, 0xff, 0xff, 0xff, 0xff, 0xff, 0xff, 0xff, 0xff, 0xff, 0x00, 0x00, 0x00, 0x00, 0x00, 0x00, 0x00, 0x00, 0x00, 0x00, 0x00, 0x00, 0x00, 0x00, 0x00,
    0x00, 0x00, 0x00, 0x00, 0x00, 0x00, 0x00, 0x00, 0x00, 0x00, 0x00, 0x00, 0x00, 0x00, 0x00, 0x00, 0xff, 0xff, 0xff, 0xff, 0xff, 0xff, 0xff, 0xff, 0xff, 0xff, 0xff, 0xff, 0xff, 0xff, 0xff, 0xff,
    0xff, 0xff, 0xff, 0xff, 0xff, 0xff, 0xff, 0xff, 0xff, 0xff, 0xff, 0xff, 0xff, 0xff, 0xff, 0xff, 0xff, 0x00, 0x00, 0x00, 0x00, 0x00, 0x00, 0x00, 0x00, 0x00, 0x00, 0x00, 0x00, 0x00, 0x00, 0x00,
    0x00, 0x00, 0x00, 0x00, 0x00, 0x00, 0x00, 0x00, 0x00, 0x00, 0x00, 0x00, 0x00, 0x00, 0x00, 0xff, 0xff, 0xff, 0xff, 0xff, 0xff, 0xff, 0xff, 0xff, 0xff, 0xff, 0xff, 0xff, 0xff, 0xff, 0xff, 0xff,
    0xff, 0xff, 0xff, 0xff, 0xff, 0xff, 0xff, 0xff, 0xff, 0xff, 0xff, 0xff, 0xff, 0xff, 0xff, 0xff, 0xff, 0xff, 0x00, 0x00, 0x00, 0x00, 0x00, 0x00, 0x00, 0x00, 0x00, 0x00, 0x00, 0x00, 0x00, 0x00,
    0x00, 0x00, 0x00, 0x00, 0x00, 0x00, 0x00, 0x00, 0x00, 0x00, 0x00, 0x00, 0x00, 0x00, 0xff, 0xff, 0xff, 0xff, 0xff, 0xff, 0xff, 0xff, 0xff, 0xff, 0xff, 0xff, 0xff, 0xff, 0xff, 0xff, 0xff, 0xff,
    0xff, 0xff, 0xff, 0xff, 0xff, 0xff, 0xff, 0xff, 0xff, 0xff, 0xff, 0xff, 0xff, 0xff, 0xff, 0xff, 0xff, 0xff, 0xff, 0x00, 0x00, 0x00, 0x00, 0x00, 0x00, 0x00, 0x00, 0x00, 0x00, 0x00, 0x00, 0x00,
    0x00, 0x00, 0x00, 0x00, 0x00, 0x00, 0x00, 0x00, 0x00, 0x00, 0x00, 0x00, 0x00, 0x00, 0xff, 0xff, 0xff, 0xff, 0xff, 0xff, 0xff, 0xff, 0xff, 0xff, 0xff, 0xff, 0xff, 0xff, 0xff, 0xff, 0xff, 0xff,
    0xff, 0xff, 0xff, 0xff, 0xff, 0xff, 0xff, 0xff, 0xff, 0xff, 0xff, 0xff, 0xff, 0xff, 0xff, 0xff, 0xff, 0xff, 0xff, 0x00, 0x00, 0x00, 0x00, 0x00, 0x00, 0x00, 0x00, 0x00, 0x00, 0x00, 0x00, 0x00,
    0x00, 0x00, 0x00, 0x00, 0x00, 0x00, 0x00, 0x00, 0x00, 0x00, 0x00, 0x00, 0x00, 0xff, 0xff, 0xff, 0xff, 0xff, 0xff, 0xff, 0xff, 0xff, 0xff, 0xff, 0xff, 0xff, 0xff, 0xff, 0xff, 0xff, 0xff, 0xff,
    0xff, 0xff, 0xff, 0xff, 0xff, 0xff, 0xff, 0xff, 0xff, 0xff, 0xff, 0xff, 0xff, 0xff, 0xff, 0xff, 0xff, 0xff, 0xff, 0xff, 0x00, 0x00, 0x00, 0x00, 0x00, 0x00, 0x00, 0x00, 0x00, 0x00, 0x00, 0x00,
    0x00, 0x00, 0x00, 0x00, 0x00, 0x00, 0x00, 0x00, 0x00, 0x00, 0x00, 0x00, 0x00, 0xff, 0xff, 0xff, 0xff, 0xff, 0xff, 0xff, 0xff, 0xff, 0xff, 0xff, 0xff, 0xff, 0xff, 0xff, 0xff, 0xff, 0xff, 0xff,
    0xff, 0xff, 0xff, 0xff, 0xff, 0xff, 0xff, 0xff, 0xff, 0xff, 0xff, 0xff, 0xff, 0xff, 0xff, 0xff, 0xff, 0xff, 0xff, 0xff, 0x00, 0x00, 0x00, 0x00, 0x00, 0x00, 0x00, 0x00, 0x00, 0x00, 0x00, 0x00,
    0x00, 0x00, 0x00, 0x00, 0x00, 0x00, 0x00, 0x00, 0x00, 0x00, 0x00, 0x00, 0xff, 0xff, 0xff, 0xff, 0xff, 0xff, 0xff, 0xff, 0xff, 0xff, 0xff, 0xff, 0xff, 0xff, 0xff, 0xff, 0xff, 0xff, 0xff, 0xff,
    0xff, 0xff, 0xff, 0xff, 0xff, 0xff, 0xff, 0xff, 0xff, 0xff, 0xff, 0xff, 0xff, 0xff, 0xff, 0xff, 0xff, 0xff, 0xff, 0xff, 0xff, 0x00, 0x00, 0x00, 0x00, 0x00, 0x00, 0x00, 0x00, 0x00, 0x00, 0x00,
    0x00, 0x00, 0x00, 0x00, 0x00, 0x00, 0x00, 0x00, 0x00, 0x00, 0x00, 0x00, 0xff, 0xff, 0xff, 0xff, 0xff, 0xff, 0xff, 0xff, 0xff, 0xff, 0xff, 0xff, 0xff, 0xff, 0xff, 0xff, 0xff, 0xff, 0xff, 0xff,
    0xff, 0xff, 0xff, 0xff, 0xff, 0xff, 0xff, 0xff, 0xff, 0xff, 0xff, 0xff, 0xff, 0xff, 0xff, 0xff, 0xff, 0xff, 0xff, 0xff, 0xff, 0x00, 0x00, 0x00, 0x00, 0x00, 0x00, 0x00, 0x00, 0x00, 0x00, 0x00,
    0x00, 0x00, 0x00, 0x00, 0x00, 0x00, 0x00, 0x00, 0x00, 0x00, 0x00, 0xff, 0xff, 0xff, 0xff, 0xff, 0xff, 0xff, 0xff, 0xff, 0xff, 0xff, 0xff, 0xff, 0xff, 0xff, 0xff, 0xff, 0xff, 0xff, 0xff, 0xff,
    0xff, 0xff, 0xff, 0xff, 0xff, 0xff, 0xff, 0xff, 0xff, 0xff, 0xff, 0xff, 0xff, 0xff, 0xff, 0xff, 0xff, 0xff, 0xff, 0xff, 0xff, 0xff, 0x00, 0x00, 0x00, 0x00, 0x00, 0x00, 0x00, 0x00, 0x00, 0x00,
    0x00, 0x00, 0x00, 0x00, 0x00, 0x00, 0x00, 0x00, 0x00, 0x00, 0x00, 0xff, 0xff, 0xff, 0xff, 0xff, 0xff, 0xff, 0xff, 0xff, 0xff, 0xff, 0xff, 0xff, 0xff, 0xff, 0xff, 0xff, 0xff, 0xff, 0xff, 0xff,
    0xff, 0xff, 0xff, 0xff, 0xff, 0xff, 0xff, 0xff, 0xff, 0xff, 0xff, 0xff, 0xff, 0xff, 0xff, 0xff, 0xff, 0xff, 0xff, 0xff, 0xff, 0xff, 0x00, 0x00, 0x00, 0x00, 0x00, 0x00, 0x00, 0x00, 0x00, 0x00,
    0x00, 0x00, 0x00, 0x00, 0x00, 0x00, 0x00, 0x00, 0x00, 0x00, 0xff, 0xff, 0xff, 0xff, 0xff, 0xff, 0xff, 0xff, 0xff, 0xff, 0xff, 0xff, 0xff, 0xff, 0xff, 0xff, 0xff, 0xff, 0xff, 0xff, 0xff, 0xff,
    0xff, 0xff, 0xff, 0xff, 0xff, 0xff, 0xff, 0xff, 0xff, 0xff, 0xff, 0xff, 0xff, 0xff, 0xff, 0xff, 0xff, 0xff, 0xff, 0xff, 0xff, 0xff, 0xff, 0x00, 0x00, 0x00, 0x00, 0x00, 0x00, 0x00, 0x00, 0x00,
    0x00, 0x00, 0x00, 0x00, 0x00, 0x00, 0x00, 0x00, 0x00, 0x00, 0x00, 0x00, 0x00, 0x00, 0x00, 0x00, 0x00, 0x00, 0x00, 0x00, 0x00, 0x00, 0xff, 0xff, 0xff, 0xff, 0xff, 0x00, 0x00, 0x00, 0x00, 0x00,
    0x00, 0x00, 0x00, 0x00, 0x00, 0x00, 0xff, 0xff, 0xff, 0xff, 0xff, 0x00, 0x00, 0x00, 0x00, 0x00, 0x00, 0x00, 0x00, 0x00, 0x00, 0x00, 0x00, 0x00, 0x00, 0x00, 0x00, 0x00, 0x00, 0x00, 0x00, 0x00,
    0x00, 0x00, 0x00, 0x00, 0x00, 0x00, 0x00, 0x00, 0x00, 0x00, 0x00, 0x00, 0x00, 0x00, 0x00, 0x00, 0x00, 0x00, 0x00, 0x00, 0x00, 0xff, 0xff, 0xff, 0xff, 0xff, 0xff, 0xff, 0x00, 0x00, 0x00, 0x00,
    0x00, 0x00, 0x00, 0x00, 0x00, 0xff, 0xff, 0xff, 0xff, 0xff, 0xff, 0xff, 0x00, 0x00, 0x00, 0x00, 0x00, 0x00, 0x00, 0x00, 0x00, 0x00, 0x00, 0x00, 0x00, 0x00, 0x00, 0x00, 0x00, 0x00, 0x00, 0x00,
    0x00, 0x00, 0x00, 0x00, 0x00, 0x00, 0x00, 0x00, 0x00, 0x00, 0x00, 0x00, 0x00, 0x00, 0x00, 0x00, 0x00, 0x00, 0x00, 0x00, 0x00, 0xff, 0xff, 0xff, 0xff, 0xff, 0xff, 0xff, 0x00, 0x00, 0x00, 0x00,
    0x00, 0x00, 0x00, 0x00, 0x00, 0xff, 0xff, 0xff, 0xff, 0xff, 0xff, 0xff, 0x00, 0x00, 0x00, 0x00, 0x00, 0x00, 0x00, 0x00, 0x00, 0x00, 0x00, 0x00, 0x00, 0x00, 0x00, 0x00, 0x00, 0x00, 0x00, 0x00,
    0x00, 0x00, 0x00, 0x00, 0x00, 0x00, 0x00, 0x00, 0x00, 0x00, 0x00, 0x00, 0x00, 0x00, 0x00, 0x00, 0x00, 0x00, 0x00, 0x00, 0x00, 0x00, 0x00, 0x00, 0x00, 0x00, 0x00, 0x00, 0x00, 0x00, 0x00, 0x00,
    0x00, 0x00, 0x00, 0x00, 0x00, 0x00, 0x00, 0x00, 0x00, 0x00, 0x00, 0x00, 0x00, 0x00, 0x00, 0x00, 0x00, 0x00, 0x00, 0x00, 0x00, 0x00, 0x00, 0x00, 0x00, 0x00, 0x00, 0x00, 0x00, 0x00, 0x00, 0x00,
    0x00, 0x00, 0x00, 0x00, 0x00, 0x00, 0x00, 0x00, 0x00, 0x00, 0x00, 0x00, 0x00, 0x00, 0x00, 0x00, 0x00, 0x00, 0x00, 0x00, 0x00, 0x00, 0x00, 0x00, 0x00, 0x00, 0x00, 0x00, 0x00, 0x00, 0x00, 0x00,
    0x00, 0x00, 0x00, 0x00, 0x00, 0x00, 0x00, 0x00, 0x00, 0x00, 0x00, 0x00, 0x00, 0x00, 0x00, 0x00, 0x00, 0x00, 0x00, 0x00, 0x00, 0x00, 0x00, 0x00, 0x00, 0x00, 0x00, 0x00, 0x00, 0x00, 0x00, 0x00,
};

const lv_image_dsc_t sabrina_sleep_a = {
    .header = {
        .magic = LV_IMAGE_HEADER_MAGIC,
        .cf = LV_COLOR_FORMAT_RGB565A8,
        .flags = 0,
        .w = 64,
        .h = 64,
        .stride = 128,
    },
    .data_size = sizeof(sabrina_sleep_a_map),
    .data = sabrina_sleep_a_map,
};

static const uint8_t sabrina_sleep_b_map[] = {
    0x00, 0x00, 0x00, 0x00, 0x00, 0x00, 0x00, 0x00, 0x00, 0x00, 0x00, 0x00, 0x00, 0x00, 0x00, 0x00, 0x00, 0x00, 0x00, 0x00, 0x00, 0x00, 0x00, 0x00, 0x00, 0x00, 0x00, 0x00, 0x00, 0x00, 0x00, 0x00,
    0x00, 0x00, 0x00, 0x00, 0x4a, 0x59, 0x00, 0x00, 0x00, 0x00, 0x00, 0x00, 0x00, 0x00, 0x00, 0x00, 0x00, 0x00, 0x00, 0x00, 0x00, 0x00, 0x00, 0x00, 0x00, 0x00, 0x00, 0x00, 0x00, 0x00, 0x00, 0x00,
    0x00, 0x00, 0x00, 0x00, 0x00, 0x00, 0x00, 0x00, 0x00, 0x00, 0x00, 0x00, 0x00, 0x00, 0x00, 0x00, 0x00, 0x00, 0x00, 0x00, 0x00, 0x00, 0x00, 0x00, 0x00, 0x00, 0x00, 0x00, 0x4a, 0x59, 0x00, 0x00,
    0x00, 0x00, 0x00, 0x00, 0x00, 0x00, 0x00, 0x00, 0x00, 0x00, 0x00, 0x00, 0x00, 0x00, 0x00, 0x00, 0x00, 0x00, 0x00, 0x00, 0x00, 0x00, 0x00, 0x00, 0x00, 0x00, 0x00, 0x00, 0x00, 0x00, 0x00, 0x00,
    0x00, 0x00, 0x00, 0x00, 0x00, 0x00, 0x00, 0x00, 0x00, 0x00, 0x00, 0x00, 0x00, 0x00, 0x00, 0x00, 0x00, 0x00, 0x00, 0x00, 0x00, 0x00, 0x00, 0x00, 0x00, 0x00, 0x00, 0x00, 0x00, 0x00, 0x00, 0x00,
    0x00, 0x00, 0x00, 0x00, 0x4a, 0x59, 0x00, 0x00, 0x00, 0x00, 0x00, 0x00, 0x00, 0x00, 0x00, 0x00, 0x00, 0x00, 0x00, 0x00, 0x00, 0x00, 0x00, 0x00, 0x00, 0x00, 0x00, 0x00, 0x00, 0x00, 0x00, 0x00,
    0x00, 0x00, 0x00, 0x00, 0x00, 0x00, 0x00, 0x00, 0x00, 0x00, 0x00, 0x00, 0x00, 0x00, 0x00, 0x00, 0x00, 0x00, 0x00, 0x00, 0x00, 0x00, 0x00, 0x00, 0x00, 0x00, 0x4a, 0x59, 0x4a, 0x59, 0x00, 0x00,
    0x00, 0x00, 0x00, 0x00, 0x00, 0x00, 0x00, 0x00, 0x00, 0x00, 0x00, 0x00, 0x00, 0x00, 0x00, 0x00, 0x00, 0x00, 0x00, 0x00, 0x00, 0x00, 0x00, 0x00, 0x00, 0x00, 0x00, 0x00, 0x00, 0x00, 0x00, 0x00,
    0x00, 0x00, 0x00, 0x00, 0x00, 0x00, 0x00, 0x00, 0x00, 0x00, 0x00, 0x00, 0x00, 0x00, 0x00, 0x00, 0x00, 0x00, 0x00, 0x00, 0x00, 0x00, 0x00, 0x00, 0x00, 0x00, 0x00, 0x00, 0x00, 0x00, 0x00, 0x00,
    0x00, 0x00, 0x4a, 0x59, 0x7a, 0xfd, 0x4a, 0x59, 0x00, 0x00, 0x00, 0x00, 0x00, 0x00, 0x00, 0x00, 0x00, 0x00, 0x00, 0x00, 0x00, 0x00, 0x00, 0x00, 0x00, 0x00, 0x00, 0x00, 0x00, 0x00, 0x00, 0x00,
    0x00, 0x00, 0x00, 0x00, 0x00, 0x00, 0x00, 0x00, 0x00, 0x00, 0x00, 0x00, 0x00, 0x00, 0x00, 0x00, 0x00, 0x00, 0x00, 0x00, 0x00, 0x00, 0x00, 0x00, 0x00, 0x00, 0x4a, 0x59, 0x4a, 0x59, 0x00, 0x00,
    0x00, 0x00, 0x00, 0x00, 0x00, 0x00, 0x00, 0x00, 0x00, 0x00, 0x00, 0x00, 0x00, 0x00, 0x00, 0x00, 0x00, 0x00, 0x00, 0x00, 0x00, 0x00, 0x00, 0x00, 0x00, 0x00, 0x00, 0x00, 0x00, 0x00, 0x00, 0x00,
    0x00, 0x00, 0x00, 0x00, 0x00, 0x00, 0x00, 0x00, 0x00, 0x00, 0x00, 0x00, 0x00, 0x00, 0x00, 0x00, 0x00, 0x00, 0x00, 0x00, 0x00, 0x00, 0x00, 0x00, 0x00, 0x00, 0x00, 0x00, 0x00, 0x00, 0x00, 0x00,
    0x00, 0x00, 0x4a, 0x59, 0x7a, 0xfd, 0x4a, 0x59, 0x00, 0x00, 0x00, 0x00, 0x00, 0x00, 0x00, 0x00, 0x00, 0x00, 0x00, 0x00, 0x00, 0x00, 0x00, 0x00, 0x00, 0x00, 0x00, 0x00, 0x00, 0x00, 0x00, 0x00,
    0x00, 0x00, 0x00, 0x00, 0x00, 0x00, 0x00, 0x00, 0x00, 0x00, 0x00, 0x00, 0x00, 0x00, 0x00, 0x00, 0x00, 0x00, 0x00, 0x00, 0x00, 0x00, 0x00, 0x00, 0x4a, 0x59, 0x7a, 0xfd, 0x7a, 0xfd, 0x4a, 0x59,
    0x00, 0x00, 0x00, 0x00, 0x00, 0x00, 0x00, 0x00, 0x00, 0x00, 0x00, 0x00, 0x00, 0x00, 0x00, 0x00, 0x00, 0x00, 0x00, 0x00, 0x00, 0x00, 0x00, 0x00, 0x00, 0x00, 0x00, 0x00, 0x00, 0x00, 0x00, 0x00,
    0x00, 0x00, 0x00, 0x00, 0x00, 0x00, 0x00, 0x00, 0x00, 0x00, 0x00, 0x00, 0x00, 0x00, 0x00, 0x00, 0x00, 0x00, 0x00, 0x00, 0x00, 0x00, 0x00, 0x00, 0x00, 0x00, 0x00, 0x00, 0x00, 0x00, 0x00, 0x00,
    0x00, 0x00, 0x4a, 0x59, 0x7a, 0xfd, 0x7a, 0xfd, 0x32, 0xfb, 0x00, 0x00, 0x00, 0x00, 0x00, 0x00, 0x4a, 0x59, 0x4a, 0x59, 0x4a, 0x59, 0x00, 0x00, 0x00, 0x00, 0x00, 0x00, 0x00, 0x00, 0x00, 0x00,
    0x00, 0x00, 0x00, 0x00, 0x00, 0x00, 0x00, 0x00, 0x00, 0x00, 0x00, 0x00, 0x4a, 0x59, 0x4a, 0x59, 0x4a, 0x59, 0x00, 0x00, 0x00, 0x00, 0x00, 0x00, 0x32, 0xfb, 0x7a, 0xfd, 0x7a, 0xfd, 0x4a, 0x59,
    0x00, 0x00, 0x00, 0x00, 0x00, 0x00, 0x00, 0x00, 0x00, 0x00, 0x00, 0x00, 0x00, 0x00, 0x00, 0x00, 0x00, 0x00, 0x00, 0x00, 0x00, 0x00, 0x00, 0x00, 0x00, 0x00, 0x00, 0x00, 0x00, 0x00, 0x00, 0x00,
    0x00, 0x00, 0x00, 0x00, 0x00, 0x00, 0x00, 0x00, 0x00, 0x00, 0x00, 0x00, 0x00, 0x00, 0x00, 0x00, 0x00, 0x00, 0x00, 0x00, 0x00, 0x00, 0x00, 0x00, 0x00, 0x00, 0x00, 0x00, 0x00, 0x00, 0x00, 0x00,
    0x00, 0x00, 0x4a, 0x59, 0x7a, 0xfd, 0x7a, 0xfd, 0x32, 0xfb, 0x00, 0x00, 0x4a, 0x59, 0x4a, 0x59, 0x32, 0xfb, 0x32, 0xfb, 0x32, 0xfb, 0x4a, 0x59, 0x4a, 0x59, 0x00, 0x00, 0x00, 0x00, 0x00, 0x00,
    0x00, 0x00, 0x00, 0x00, 0x00, 0x00, 0x00, 0x00, 0x4a, 0x59, 0x4a, 0x59, 0x32, 0xfb, 0x32, 0xfb, 0x32, 0xfb, 0x4a, 0x59, 0x4a, 0x59, 0x4a, 0x59, 0x32, 0xfb, 0x7a, 0xfd, 0x7a, 0xfd, 0x4a, 0x59,
    0x00, 0x00, 0x00, 0x00, 0x00, 0x00, 0x00, 0x00, 0x00, 0x00, 0x00, 0x00, 0x00, 0x00, 0x00, 0x00, 0x00, 0x00, 0x00, 0x00, 0x00, 0x00, 0x00, 0x00, 0x00, 0x00, 0x00, 0x00, 0x00, 0x00, 0x00, 0x00,
    0x00, 0x00, 0x00, 0x00, 0x00, 0x00, 0x00, 0x00, 0x00, 0x00, 0x00, 0x00, 0x00, 0x00, 0x00, 0x00, 0x00, 0x00, 0x00, 0x00, 0x00, 0x00, 0x00, 0x00, 0x00, 0x00, 0x00, 0x00, 0x00, 0x00, 0x00, 0x00,
    0x4a, 0x59, 0x7a, 0xfd, 0x7a, 0xfd, 0x32, 0xfb, 0xed, 0xc9, 0x4a, 0x59, 0x32, 0xfb, 0x32, 0xfb, 0x32, 0xfb, 0x32, 0xfb, 0x32, 0xfb, 0x32, 0xfb, 0x32, 0xfb, 0x4a, 0x59, 0x4a, 0x59, 0x4a, 0x59,
    0x4a, 0x59, 0x4a, 0x59, 0x4a, 0x59, 0x4a, 0x59, 0x32, 0xfb, 0x32, 0xfb, 0x32, 0xfb, 0x32, 0xfb, 0x32, 0xfb, 0x32, 0xfb, 0x32, 0xfb, 0x4a, 0x59, 0xed, 0xc9, 0x32, 0xfb, 0x7a, 0xfd, 0x4a, 0x59,
    0x00, 0x00, 0x00, 0x00, 0x00, 0x00, 0x00, 0x00, 0x00, 0x00, 0x00, 0x00, 0x00, 0x00, 0x00, 0x00, 0x00, 0x00, 0x00, 0x00, 0x00, 0x00, 0x00, 0x00, 0x00, 0x00, 0x00, 0x00, 0x00, 0x00, 0x00, 0x00,
    0x00, 0x00, 0x00, 0x00, 0x00, 0x00, 0x00, 0x00, 0x00, 0x00, 0x00, 0x00, 0x00, 0x00, 0x00, 0x00, 0x00, 0x00, 0x00, 0x00, 0x00, 0x00, 0x00, 0x00, 0x00, 0x00, 0x00, 0x00, 0x00, 0x00, 0x00, 0x00,
    0x4a, 0x59, 0x7a, 0xfd, 0x7a, 0xfd, 0x32, 0xfb, 0xed, 0xc9, 0x4a, 0x59, 0x32, 0xfb, 0x32, 0xfb, 0x32, 0xfb, 0x32, 0xfb, 0x32, 0xfb, 0x32, 0xfb, 0x32, 0xfb, 0x4a, 0x59, 0xed, 0xc9, 0xed, 0xc9,
    0xed, 0xc9, 0xed, 0xc9, 0xed, 0xc9, 0x4a, 0x59, 0x32, 0xfb, 0x32, 0xfb, 0x32, 0xfb, 0x32, 0xfb, 0x32, 0xfb, 0x32, 0xfb, 0x32, 0xfb, 0x4a, 0x59, 0xed, 0xc9, 0x32, 0xfb, 0x7a, 0xfd, 0x7a, 0xfd,
    0x4a, 0x59, 0x00, 0x00, 0x00, 0x00, 0x00, 0x00, 0x00, 0x00, 0x00, 0x00, 0x00, 0x00, 0x00, 0x00, 0x00, 0x00, 0x00, 0x00, 0xff, 0xce, 0x00, 0x00, 0x00, 0x00, 0x00, 0x00, 0x00, 0x00, 0x00, 0x00,
    0x00, 0x00, 0x00, 0x00, 0x00, 0x00, 0x00, 0x00, 0x00, 0x00, 0x00, 0x00, 0x00, 0x00, 0x00, 0x00, 0x00, 0x00, 0x00, 0x00, 0x00, 0x00, 0x00, 0x00, 0x00, 0x00, 0x00, 0x00, 0x00, 0x00, 0x00, 0x00,
    0x4a, 0x59, 0x7a, 0xfd, 0x7a, 0xfd, 0x32, 0xfb, 0x4a, 0x59, 0x32, 0xfb, 0x32, 0xfb, 0x32, 0xfb, 0x32, 0xfb, 0x32, 0xfb, 0x32, 0xfb, 0x32, 0xfb, 0x32, 0xfb, 0x4a, 0x59, 0xff, 0xff, 0xec, 0xf1,
    0xed, 0xc9, 0xec, 0xf1, 0xec, 0xf1, 0x4a, 0x59, 0x32, 0xfb, 0x32, 0xfb, 0x32, 0xfb, 0x32, 0xfb, 0x32, 0xfb, 0x32, 0xfb, 0x32, 0xfb, 0x32, 0xfb, 0x4a, 0x59, 0x32, 0xfb, 0x7a, 0xfd, 0x7a, 0xfd,
    0x4a, 0x59, 0x00, 0x00, 0xff, 0xce, 0xff, 0xce, 0xff, 0xce, 0xff, 0xce, 0xff, 0xce, 0xff, 0xce, 0xff, 0xce, 0xff, 0xce, 0xff, 0xce, 0xff, 0xce, 0x00, 0x00, 0x00, 0x00, 0x00, 0x00, 0x00, 0x00,
    0x00, 0x00, 0x00, 0x00, 0x00, 0x00, 0x00, 0x00, 0x00, 0x00, 0x00, 0x00, 0x00, 0x00, 0x00, 0x00, 0x00, 0x00, 0x00, 0x00, 0x00, 0x00, 0x00, 0x00, 0x00, 0x00, 0x00, 0x00, 0x00, 0x00, 0x00, 0x00,
    0x4a, 0x59, 0x7a, 0xfd, 0x7a, 0xfd, 0x32, 0xfb, 0x4a, 0x59, 0x32, 0xfb, 0x32, 0xfb, 0x32, 0xfb, 0x32, 0xfb, 0x32, 0xfb, 0x32, 0xfb, 0x32, 0xfb, 0x32, 0xfb, 0x4a, 0x59, 0xec, 0xf1, 0xec, 0xf1,
    0xec, 0xf1, 0xec, 0xf1, 0xec, 0xf1, 0x4a, 0x59, 0x32, 0xfb, 0x32, 0xfb, 0x32, 0xfb, 0x32, 0xfb, 0x32, 0xfb, 0x32, 0xfb, 0x32, 0xfb, 0x32, 0xfb, 0x4a, 0x59, 0x32, 0xfb, 0x7a, 0xfd, 0x7a, 0xfd,
    0x4a, 0x59, 0x00, 0x00, 0xff, 0xce, 0xff, 0xce, 0xff, 0xce, 0xff, 0xce, 0xff, 0xce, 0xff, 0xce, 0xff, 0xce, 0xff, 0xce, 0xff, 0xce, 0x00, 0x00, 0x00, 0x00, 0x00, 0x00, 0x00, 0x00, 0x00, 0x00,
    0x00, 0x00, 0x00, 0x00, 0x00, 0x00, 0x00, 0x00, 0x00, 0x00, 0x00, 0x00, 0x00, 0x00, 0x00, 0x00, 0x00, 0x00, 0x00, 0x00, 0x00, 0x00, 0x00, 0x00, 0x00, 0x00, 0x00, 0x00, 0x00, 0x00, 0x4a, 0x59,
    0x7a, 0xfd, 0x7a, 0xfd, 0x32, 0xfb, 0x32, 0xfb, 0x4a, 0x59, 0x32, 0xfb, 0x32, 0xfb, 0x32, 0xfb, 0x32, 0xfb, 0x32, 0xfb, 0x32, 0xfb, 0x32, 0xfb, 0x32, 0xfb, 0x4a, 0x59, 0xed, 0xc9, 0xec, 0xf1,
    0xec, 0xf1, 0xec, 0xf1, 0xed, 0xc9, 0x4a, 0x59, 0x32, 0xfb, 0x32, 0xfb, 0x32, 0xfb, 0x32, 0xfb, 0x32, 0xfb, 0x32, 0xfb, 0x32, 0xfb, 0x32, 0xfb, 0x4a, 0x59, 0x32, 0xfb, 0x32, 0xfb, 0x7a, 0xfd,
    0x4a, 0x59, 0x00, 0x00, 0x00, 0x00, 0x00, 0x00, 0x00, 0x00, 0x00, 0x00, 0x00, 0x00, 0xff, 0xce, 0xff, 0xce, 0xff, 0xce, 0x00, 0x00, 0x00, 0x00, 0x00, 0x00, 0x00, 0x00, 0x00, 0x00, 0x00, 0x00,
    0x00, 0x00, 0x00, 0x00, 0x00, 0x00, 0x00, 0x00, 0x00, 0x00, 0x00, 0x00, 0x00, 0x00, 0x00, 0x00, 0x00, 0x00, 0x00, 0x00, 0x00, 0x00, 0x00, 0x00, 0x00, 0x00, 0x00, 0x00, 0x00, 0x00, 0x4a, 0x59,
    0x7a, 0xfd, 0x7a, 0xfd, 0x32, 0xfb, 0x32, 0xfb, 0x4a, 0x59, 0x32, 0xfb, 0x32, 0xfb, 0x32, 0xfb, 0x32, 0xfb, 0x32, 0xfb, 0x32, 0xfb, 0x32, 0xfb, 0x32, 0xfb, 0x4a, 0x59, 0xed, 0xc9, 0xed, 0xc9,
    0xec, 0xf1, 0xed, 0xc9, 0xed, 0xc9, 0x4a, 0x59, 0x32, 0xfb, 0x32, 0xfb, 0x32, 0xfb, 0x32, 0xfb, 0x32, 0xfb, 0x32, 0xfb, 0x32, 0xfb, 0x32, 0xfb, 0x4a, 0x59, 0x32, 0xfb, 0x32, 0xfb, 0x7a, 0xfd,
    0x7a, 0xfd, 0x4a, 0x59, 0x00, 0x00, 0x00, 0x00, 0x00, 0x00, 0x00, 0x00, 0xff, 0xce, 0xff, 0xce, 0xff, 0xce, 0x00, 0x00, 0x00, 0x00, 0x00, 0x00, 0x00, 0x00, 0x00, 0x00, 0x00, 0x00, 0x00, 0x00,
    0x00, 0x00, 0x00, 0x00, 0x00, 0x00, 0x00, 0x00, 0x00, 0x00, 0x00, 0x00, 0x00, 0x00, 0x00, 0x00, 0x00, 0x00, 0x00, 0x00, 0x00, 0x00, 0x00, 0x00, 0x00, 0x00, 0x00, 0x00, 0x00, 0x00, 0x4a, 0x59,
    0x7a, 0xfd, 0x7a, 0xfd, 0x32, 0xfb, 0x32, 0xfb, 0x4a, 0x59, 0x32, 0xfb, 0x32, 0xfb, 0x32, 0xfb, 0x32, 0xfb, 0x32, 0xfb, 0x32, 0xfb, 0x32, 0xfb, 0x32, 0xfb, 0x4a, 0x59, 0xed, 0xc9, 0xed, 0xc9,
    0xed, 0xc9, 0xed, 0xc9, 0xed, 0xc9, 0x4a, 0x59, 0x32, 0xfb, 0x32, 0xfb, 0x32, 0xfb, 0x32, 0xfb, 0x32, 0xfb, 0x32, 0xfb, 0x32, 0xfb, 0x32, 0xfb, 0x4a, 0x59, 0x32, 0xfb, 0x32, 0xfb, 0x7a, 0xfd,
    0x7a, 0xfd, 0x4a, 0x59, 0x00, 0x00, 0x00, 0x00, 0x00, 0x00, 0xff, 0xce, 0xff, 0xce, 0xff, 0xce, 0x00, 0x00, 0x00, 0x00, 0x00, 0x00, 0x00, 0x00, 0x00, 0x00, 0x00, 0x00, 0x00, 0x00, 0x00, 0x00,
    0x00, 0x00, 0x00, 0x00, 0x00, 0x00, 0x00, 0x00, 0x00, 0x00, 0x00, 0x00, 0x00, 0x00, 0x00, 0x00, 0x00, 0x00, 0x00, 0x00, 0x00, 0x00, 0x00, 0x00, 0x00, 0x00, 0x00, 0x00, 0x00, 0x00, 0x4a, 0x59,
    0x7a, 0xfd, 0x32, 0xfb, 0x32, 0xfb, 0x32, 0xfb, 0x32, 0xfb, 0x4a, 0x59, 0x32, 0xfb, 0x32, 0xfb, 0x32, 0xfb, 0x32, 0xfb, 0x32, 0xfb, 0x32, 0xfb, 0x32, 0xfb, 0x4a, 0x59, 0xed, 0xc9, 0xed, 0xc9,
    0xed, 0xc9, 0xed, 0xc9, 0xed, 0xc9, 0x4a, 0x59, 0x32, 0xfb, 0x32, 0xfb, 0x32, 0xfb, 0x32, 0xfb, 0x32, 0xfb, 0x32, 0xfb, 0x32, 0xfb, 0x4a, 0x59, 0x32, 0xfb, 0x32, 0xfb, 0x32, 0xfb, 0x32, 0xfb,
    0x7a, 0xfd, 0x4a, 0x59, 0x00, 0x00, 0x00, 0x00, 0xff, 0xce, 0xff, 0xce, 0xff, 0xce, 0x00, 0x00, 0x00, 0x00, 0x00, 0x00, 0x00, 0x00, 0x00, 0x00, 0x00, 0x00, 0x00, 0x00, 0x00, 0x00, 0x00, 0x00,
    0x00, 0x00, 0x00, 0x00, 0x00, 0x00, 0x00, 0x00, 0x00, 0x00, 0x00, 0x00, 0x00, 0x00, 0x00, 0x00, 0x00, 0x00, 0x00, 0x00, 0x00, 0x00, 0x00, 0x00, 0x00, 0x00, 0x00, 0x00, 0x4a, 0x59, 0x7a, 0xfd,
    0x7a, 0xfd, 0x32, 0xfb, 0x32, 0xfb, 0x32, 0xfb, 0x32, 0xfb, 0x4a, 0x59, 0x32, 0xfb, 0x32, 0xfb, 0x32, 0xfb, 0x32, 0xfb, 0x32, 0xfb, 0x32, 0xfb, 0x4a, 0x59, 0x4a, 0x59, 0x4a, 0x59, 0x4a, 0x59,
    0x4a, 0x59, 0x4a, 0x59, 0x4a, 0x59, 0x4a, 0x59, 0x4a, 0x59, 0x32, 0xfb, 0x32, 0xfb, 0x32, 0xfb, 0x32, 0xfb, 0x32, 0xfb, 0x32, 0xfb, 0x4a, 0x59, 0x32, 0xfb, 0x32, 0xfb, 0x32, 0xfb, 0x32, 0xfb,
    0x7a, 0xfd, 0x4a, 0x59, 0x00, 0x00, 0xff, 0xce, 0xff, 0xce, 0xff, 0xce, 0x00, 0x00, 0x00, 0x00, 0x00, 0x00, 0x00, 0x00, 0x00, 0x00, 0x00, 0x00, 0x00, 0x00, 0x00, 0x00, 0x00, 0x00, 0x00, 0x00,
    0x00, 0x00, 0x00, 0x00, 0x00, 0x00, 0x00, 0x00, 0x00, 0x00, 0x00, 0x00, 0x00, 0x00, 0x00, 0x00, 0x00, 0x00, 0x00, 0x00, 0x00, 0x00, 0x00, 0x00, 0x00, 0x00, 0x00, 0x00, 0x4a, 0x59, 0x7a, 0xfd,
    0x7a, 0xfd, 0x7a, 0xfd, 0x7a, 0xfd, 0x7a, 0xfd, 0x7a, 0xfd, 0x7a, 0xfd, 0x4a, 0x59, 0x4a, 0x59, 0x32, 0xfb, 0x4a, 0x59, 0x4a, 0x59, 0x4a, 0x59, 0x7a, 0xfd, 0x7a, 0xfd, 0x7a, 0xfd, 0x7a, 0xfd,
    0x7a, 0xfd, 0x7a, 0xfd, 0x7a, 0xfd, 0x7a, 0xfd, 0x7a, 0xfd, 0x4a, 0x59, 0x4a, 0x59, 0x4a, 0x59, 0x32, 0xfb, 0x4a, 0x59, 0x4a, 0x59, 0x7a, 0xfd, 0x7a, 0xfd, 0x7a, 0xfd, 0x7a, 0xfd, 0x7a, 0xfd,
    0x7a, 0xfd, 0x7a, 0xfd, 0xff, 0xce, 0xff, 0xce, 0xff, 0xce, 0x00, 0x00, 0x00, 0x00, 0x00, 0x00, 0x00, 0x00, 0x00, 0x00, 0x00, 0x00, 0x00, 0x00, 0x00, 0x00, 0x00, 0x00, 0x00, 0x00, 0x00, 0x00,
    0x00, 0x00, 0x00, 0x00, 0x00, 0x00, 0x00, 0x00, 0x00, 0x00, 0x00, 0x00, 0x00, 0x00, 0x00, 0x00, 0x00, 0x00, 0x00, 0x00, 0x00, 0x00, 0x00, 0x00, 0x00, 0x00, 0x00, 0x00, 0x4a, 0x59, 0x4a, 0x59,
    0x4a, 0x59, 0x4a, 0x59, 0x4a, 0x59, 0x4a, 0x59, 0x4a, 0x59, 0x4a, 0x59, 0x4a, 0x59, 0x4a, 0x59, 0x4a, 0x59, 0x4a, 0x59, 0x4a, 0x59, 0x4a, 0x59, 0x4a, 0x59, 0x4a, 0x59, 0x4a, 0x59, 0x4a, 0x59,
    0x4a, 0x59, 0x4a, 0x59, 0x4a, 0x59, 0x4a, 0x59, 0x4a, 0x59, 0x7a, 0xfd, 0x7a, 0xfd, 0x7a, 0xfd, 0x4a, 0x59, 0x4a, 0x59, 0x4a, 0x59, 0x4a, 0x59, 0x4a, 0x59, 0x4a, 0x59, 0x4a, 0x59, 0x4a, 0x59,
    0x4a, 0x59, 0x4a, 0x59, 0xff, 0xce, 0xff, 0xce, 0xff, 0xce, 0xff, 0xce, 0xff, 0xce, 0xff, 0xce, 0xff, 0xce, 0xff, 0xce, 0xff, 0xce, 0x00, 0x00, 0x00, 0x00, 0x00, 0x00, 0x00, 0x00, 0x00, 0x00,
    0x00, 0x00, 0x00, 0x00, 0x00, 0x00, 0x00, 0x00, 0x00, 0x00, 0x00, 0x00, 0x00, 0x00, 0x00, 0x00, 0x00, 0x00, 0x00, 0x00, 0x00, 0x00, 0x00, 0x00, 0x00, 0x00, 0x00, 0x00, 0x00, 0x00, 0x00, 0x00,
    0x00, 0x00, 0x00, 0x00, 0x00, 0x00, 0x00, 0x00, 0x00, 0x00, 0x00, 0x00, 0x4a, 0x59, 0x7a, 0xfd, 0x4a, 0x59, 0x32, 0xfb, 0x32, 0xfb, 0x32, 0xfb, 0x4a, 0x59, 0xed, 0xc9, 0xed, 0xc9, 0xed, 0xc9,
    0x4a, 0x59, 0x32, 0xfb, 0x32, 0xfb, 0x32, 0xfb, 0x4a, 0x59, 0x7a, 0xfd, 0x7a, 0xfd, 0x7a, 0xfd, 0x7a, 0xfd, 0x7a, 0xfd, 0x4a, 0x59, 0x00, 0x00, 0x00, 0x00, 0x00, 0x00, 0x00, 0x00, 0x00, 0x00,
    0x00, 0x00, 0x00, 0x00, 0xff, 0xce, 0xff, 0xce, 0xff, 0xce, 0xff, 0xce, 0xff, 0xce, 0xff, 0xce, 0xff, 0xce, 0xff, 0xce, 0xff, 0xce, 0x00, 0x00, 0x00, 0x00, 0x00, 0x00, 0x00, 0x00, 0x00, 0x00,
    0x00, 0x00, 0x00, 0x00, 0x00, 0x00, 0x00, 0x00, 0x00, 0x00, 0x00, 0x00, 0x00, 0x00, 0x00, 0x00, 0x00, 0x00, 0x00, 0x00, 0x00, 0x00, 0x00, 0x00, 0x00, 0x00, 0x00, 0x00, 0x00, 0x00, 0x00, 0x00,
    0x00, 0x00, 0x00, 0x00, 0x00, 0x00, 0x00, 0x00, 0x00, 0x00, 0x4a, 0x59, 0x7a, 0xfd, 0x7a, 0xfd, 0x7a, 0xfd, 0x4a, 0x59, 0x32, 0xfb, 0x4a, 0x59, 0x4a, 0x59, 0xed, 0xc9, 0xed, 0xc9, 0x4a, 0x59,
    0x7a, 0xfd, 0x4a, 0x59, 0x32, 0xfb, 0x4a, 0x59, 0x7a, 0xfd, 0x7a, 0xfd, 0x7a, 0xfd, 0x7a, 0xfd, 0x7a, 0xfd, 0x7a, 0xfd, 0x7a, 0xfd, 0x4a, 0x59, 0x00, 0x00, 0x00, 0x00, 0x00, 0x00, 0x00, 0x00,
    0x00, 0x00, 0x00, 0x00, 0x00, 0x00, 0x00, 0x00, 0x00, 0x00, 0x00, 0x00, 0x00, 0x00, 0x00, 0x00, 0x00, 0x00, 0x00, 0x00, 0x00, 0x00, 0x00, 0x00, 0x00, 0x00, 0x00, 0x00, 0x00, 0x00, 0x00, 0x00,
    0x00, 0x00, 0x00, 0x00, 0x00, 0x00, 0x00, 0x00, 0x00, 0x00, 0x00, 0x00, 0x00, 0x00, 0x00, 0x00, 0x00, 0x00, 0x00, 0x00, 0x00, 0x00, 0x00, 0x00, 0x00, 0x00, 0x00, 0x00, 0x00, 0x00, 0x00, 0x00,
    0x00, 0x00, 0x00, 0x00, 0x00, 0x00, 0x00, 0x00, 0x4a, 0x59, 0x7a, 0xfd, 0x5c, 0xfe, 0x5c, 0xfe, 0x7a, 0xfd, 0x4a, 0x59, 0x32, 0xfb, 0x4a, 0x59, 0x7a, 0xfd, 0x4a, 0x59, 0xed, 0xc9, 0x4a, 0x59,
    0x7a, 0xfd, 0x4a, 0x59, 0x32, 0xfb, 0x4a, 0x59, 0x7a, 0xfd, 0x7a, 0xfd, 0x7a, 0xfd, 0x7a, 0xfd, 0x7a, 0xfd, 0x7a, 0xfd, 0x7a, 0xfd, 0x7a, 0xfd, 0x4a, 0x59, 0x00, 0x00, 0x00, 0x00, 0x00, 0x00,
    0x00, 0x00, 0x00, 0x00, 0x00, 0x00, 0x00, 0x00, 0x00, 0x00, 0x00, 0x00, 0x00, 0x00, 0x00, 0x00, 0x00, 0x00, 0x00, 0x00, 0x00, 0x00, 0x00, 0x00, 0x00, 0x00, 0x00, 0x00, 0x00, 0x00, 0x00, 0x00,
    0x00, 0x00, 0x00, 0x00, 0x00, 0x00, 0x00, 0x00, 0x00, 0x00, 0x00, 0x00, 0x00, 0x00, 0x00, 0x00, 0x00, 0x00, 0x00, 0x00, 0x00, 0x00, 0x00, 0x00, 0x00, 0x00, 0x00, 0x00, 0x00, 0x00, 0x00, 0x00,
    0x00, 0x00, 0x00, 0x00, 0x00, 0x00, 0x4a, 0x59, 0x7a, 0xfd, 0x7a, 0xfd, 0x5c, 0xfe, 0x7a, 0xfd, 0x7a, 0xfd, 0x4a, 0x59, 0x32, 0xfb, 0x4a, 0x59, 0x7a, 0xfd, 0x4a, 0x59, 0xed, 0xc9, 0x4a, 0x59,
    0x7a, 0xfd, 0x4a, 0x59, 0x32, 0xfb, 0x4a, 0x59, 0x7a, 0xfd, 0x7a, 0xfd, 0x7a, 0xfd, 0x7a, 0xfd, 0x7a, 0xfd, 0x7a, 0xfd, 0x7a, 0xfd, 0x7a, 0xfd, 0x7a, 0xfd, 0x4a, 0x59, 0x00, 0x00, 0x00, 0x00,
    0x00, 0x00, 0x00, 0x00, 0x00, 0x00, 0x00, 0x00, 0x00, 0x00, 0x00, 0x00, 0x00, 0x00, 0x00, 0x00, 0x00, 0x00, 0x00, 0x00, 0x00, 0x00, 0x00, 0x00, 0x00, 0x00, 0x00, 0x00, 0x00, 0x00, 0x00, 0x00,
    0x00, 0x00, 0x00, 0x00, 0x00, 0x00, 0x00, 0x00, 0x00, 0x00, 0x00, 0x00, 0x00, 0x00, 0x00, 0x00, 0x00, 0x00, 0x00, 0x00, 0x00, 0x00, 0x00, 0x00, 0x00, 0x00, 0x00, 0x00, 0x00, 0x00, 0x00, 0x00,
    0x00, 0x00, 0x00, 0x00, 0x4a, 0x59, 0x7a, 0xfd, 0x7a, 0xfd, 0x7a, 0xfd, 0x7a, 0xfd, 0x7a, 0xfd, 0x7a, 0xfd, 0x7a, 0xfd, 0x4a, 0x59, 0x7a, 0xfd, 0x7a, 0xfd, 0x4a, 0x59, 0xed, 0xc9, 0x4a, 0x59,
    0x7a, 0xfd, 0x7a, 0xfd, 0x4a, 0x59, 0x7a, 0xfd, 0x7a, 0xfd, 0x7a, 0xfd, 0x7a, 0xfd, 0x7a, 0xfd, 0x7a, 0xfd, 0x7a, 0xfd, 0x7a, 0xfd, 0x7a, 0xfd, 0x7a, 0xfd, 0x7a, 0xfd, 0x4a, 0x59, 0x00, 0x00,
    0x00, 0x00, 0x00, 0x00, 0x00, 0x00, 0x00, 0x00, 0x00, 0x00, 0x00, 0x00, 0x00, 0x00, 0x00, 0x00, 0x00, 0x00, 0x00, 0x00, 0x00, 0x00, 0x00, 0x00, 0x00, 0x00, 0x00, 0x00, 0x00, 0x00, 0x00, 0x00,
    0x00, 0x00, 0x00, 0x00, 0x00, 0x00, 0x00, 0x00, 0x00, 0x00, 0x00, 0x00, 0x00, 0x00, 0x00, 0x00, 0x00, 0x00, 0x00, 0x00, 0x00, 0x00, 0x00, 0x00, 0x00, 0x00, 0x00, 0x00, 0x00, 0x00, 0x00, 0x00,
    0x00, 0x00, 0x00, 0x00, 0x4a, 0x59, 0x7a, 0xfd, 0x7a, 0xfd, 0x7a, 0xfd, 0x7a, 0xfd, 0x7a, 0xfd, 0x7a, 0xfd, 0x7a, 0xfd, 0x4a, 0x59, 0x7a, 0xfd, 0x7a, 0xfd, 0x4a, 0x59, 0x4a, 0x59, 0x7a, 0xfd,
    0x7a, 0xfd, 0x7a, 0xfd, 0x4a, 0x59, 0x7a, 0xfd, 0x7a, 0xfd, 0x7a, 0xfd, 0x7a, 0xfd, 0x7a, 0xfd, 0x7a, 0xfd, 0x7a, 0xfd, 0x7a, 0xfd, 0x7a, 0xfd, 0x7a, 0xfd, 0x7a, 0xfd, 0x4a, 0x59, 0x00, 0x00,
    0x00, 0x00, 0x00, 0x00, 0x00, 0x00, 0x00, 0x00, 0x00, 0x00, 0x00, 0x00, 0x00, 0x00, 0x00, 0x00, 0x00, 0x00, 0x00, 0x00, 0x00, 0x00, 0x00, 0x00, 0x00, 0x00, 0x00, 0x00, 0x00, 0x00, 0x00, 0x00,
    0x00, 0x00, 0x00, 0x00, 0x00, 0x00, 0x00, 0x00, 0x00, 0x00, 0x00, 0x00, 0x00, 0x00, 0x00, 0x00, 0x00, 0x00, 0x00, 0x00, 0x00, 0x00, 0x00, 0x00, 0x00, 0x00, 0x00, 0x00, 0x00, 0x00, 0x00, 0x00,
    0x00, 0x00, 0x4a, 0x59, 0x7a, 0xfd, 0x7a, 0xfd, 0x7a, 0xfd, 0x7a, 0xfd, 0x7a, 0xfd, 0x7a, 0xfd, 0x7a, 0xfd, 0x7a, 0xfd, 0x7a, 0xfd, 0x7a, 0xfd, 0x7a, 0xfd, 0x7a, 0xfd, 0x4a, 0x59, 0x7a, 0xfd,
    0x7a, 0xfd, 0x7a, 0xfd, 0x7a, 0xfd, 0x7a, 0xfd, 0x7a, 0xfd, 0x7a, 0xfd, 0x7a, 0xfd, 0x7a, 0xfd, 0x7a, 0xfd, 0x7a, 0xfd, 0x7a, 0xfd, 0x7a, 0xfd, 0x7a, 0xfd, 0x7a, 0xfd, 0x7a, 0xfd, 0x4a, 0x59,
    0x00, 0x00, 0x00, 0x00, 0x00, 0x00, 0x00, 0x00, 0x00, 0x00, 0x00, 0x00, 0x00, 0x00, 0x00, 0x00, 0x00, 0x00, 0x00, 0x00, 0x00, 0x00, 0x00, 0x00, 0x00, 0x00, 0x00, 0x00, 0x00, 0x00, 0x00, 0x00,
    0x00, 0x00, 0x00, 0x00, 0x00, 0x00, 0x00, 0x00, 0x00, 0x00, 0x00, 0x00, 0x00, 0x00, 0x00, 0x00, 0x00, 0x00, 0x00, 0x00, 0x00, 0x00, 0x00, 0x00, 0x00, 0x00, 0x00, 0x00, 0x00, 0x00, 0x00, 0x00,
    0x00, 0x00, 0x4a, 0x59, 0x7a, 0xfd, 0x7a, 0xfd, 0x7a, 0xfd, 0x7a, 0xfd, 0x7a, 0xfd, 0x7a, 0xfd, 0x7a, 0xfd, 0x7a, 0xfd, 0x7a, 0xfd, 0x7a, 0xfd, 0x7a, 0xfd, 0x7a, 0xfd, 0x4a, 0x59, 0x7a, 0xfd,
    0x7a, 0xfd, 0x7a, 0xfd, 0x7a, 0xfd, 0x7a, 0xfd, 0x7a, 0xfd, 0x7a, 0xfd, 0x7a, 0xfd, 0x7a, 0xfd, 0x7a, 0xfd, 0x7a, 0xfd, 0x7a, 0xfd, 0x7a, 0xfd, 0x7a, 0xfd, 0x7a, 0xfd, 0x7a, 0xfd, 0x4a, 0x59,
    0x00, 0x00, 0x00, 0x00, 0x00, 0x00, 0x00, 0x00, 0x00, 0x00, 0x00, 0x00, 0x00, 0x00, 0x00, 0x00, 0x00, 0x00, 0x00, 0x00, 0x00, 0x00, 0x00, 0x00, 0x00, 0x00, 0x00, 0x00, 0x00, 0x00, 0x00, 0x00,
    0x00, 0x00, 0x00, 0x00, 0x00, 0x00, 0x00, 0x00, 0x00, 0x00, 0x00, 0x00, 0x00, 0x00, 0x00, 0x00, 0x00, 0x00, 0x00, 0x00, 0x00, 0x00, 0x00, 0x00, 0x00, 0x00, 0x00, 0x00, 0x00, 0x00, 0x00, 0x00,
    0x4a, 0x59, 0x7a, 0xfd, 0x7a, 0xfd, 0x7a, 0xfd, 0x7a, 0xfd, 0x7a, 0xfd, 0x7a, 0xfd, 0x7a, 0xfd, 0x7a, 0xfd, 0x7a, 0xfd, 0x7a, 0xfd, 0x7a, 0xfd, 0x7a, 0xfd, 0x7a, 0xfd, 0x7a, 0xfd, 0x7a, 0xfd,
    0x7a, 0xfd, 0x7a, 0xfd, 0x7a, 0xfd, 0x7a, 0xfd, 0x7a, 0xfd, 0x7a, 0xfd, 0x7a, 0xfd, 0x7a, 0xfd, 0x7a, 0xfd, 0x7a, 0xfd, 0x7a, 0xfd, 0x7a, 0xfd, 0x7a, 0xfd, 0x7a, 0xfd, 0x7a, 0xfd, 0x7a, 0xfd,
    0x4a, 0x59, 0x00, 0x00, 0x00, 0x00, 0x00, 0x00, 0x00, 0x00, 0x00, 0x00, 0x00, 0x00, 0x00, 0x00, 0x00, 0x00, 0x00, 0x00, 0x00, 0x00, 0x00, 0x00, 0x00, 0x00, 0x00, 0x00, 0x00, 0x00, 0x00, 0x00,
    0x00, 0x00, 0x00, 0x00, 0x00, 0x00, 0x00, 0x00, 0x00, 0x00, 0x00, 0x00, 0x00, 0x00, 0x00, 0x00, 0x00, 0x00, 0x00, 0x00, 0x00, 0x00, 0x00, 0x00, 0x00, 0x00, 0x00, 0x00, 0x00, 0x00, 0x00, 0x00,
    0x4a, 0x59, 0x7a, 0xfd, 0x7a, 0xfd, 0x7a, 0xfd, 0x7a, 0xfd, 0x7a, 0xfd, 0x7a, 0xfd, 0x7a, 0xfd, 0x7a, 0xfd, 0x7a, 0xfd, 0x7a, 0xfd, 0x7a, 0xfd, 0x7a, 0xfd, 0x7a, 0xfd, 0x7a, 0xfd, 0x7a, 0xfd,
    0x7a, 0xfd, 0x7a, 0xfd, 0x7a, 0xfd, 0x7a, 0xfd, 0x7a, 0xfd, 0x7a, 0xfd, 0x7a, 0xfd, 0x7a, 0xfd, 0x7a, 0xfd, 0x7a, 0xfd, 0x7a, 0xfd, 0x7a, 0xfd, 0x7a, 0xfd, 0x7a, 0xfd, 0x7a, 0xfd, 0x7a, 0xfd,
    0x4a, 0x59, 0x00, 0x00, 0x00, 0x00, 0x00, 0x00, 0x00, 0x00, 0x00, 0x00, 0x00, 0x00, 0x00, 0x00, 0x00, 0x00, 0x00, 0x00, 0x00, 0x00, 0x00, 0x00, 0x00, 0x00, 0x00, 0x00, 0x00, 0x00, 0x00, 0x00,
    0x00, 0x00, 0x00, 0x00, 0x00, 0x00, 0x00, 0x00, 0x00, 0x00, 0x00, 0x00, 0x00, 0x00, 0x00, 0x00, 0x00, 0x00, 0x00, 0x00, 0x00, 0x00, 0x00, 0x00, 0x00, 0x00, 0x00, 0x00, 0x00, 0x00, 0x00, 0x00,
    0x4a, 0x59, 0x7a, 0xfd, 0x7a, 0xfd, 0x7a, 0xfd, 0x7a, 0xfd, 0x7a, 0xfd, 0x7a, 0xfd, 0x7a, 0xfd, 0x7a, 0xfd, 0x7a, 0xfd, 0x7a, 0xfd, 0x7a, 0xfd, 0x7a, 0xfd, 0x7a, 0xfd, 0x7a, 0xfd, 0x7a, 0xfd,
    0x7a, 0xfd, 0x7a, 0xfd, 0x7a, 0xfd, 0x7a, 0xfd, 0x7a, 0xfd, 0x7a, 0xfd, 0x7a, 0xfd, 0x7a, 0xfd, 0x7a, 0xfd, 0x7a, 0xfd, 0x7a, 0xfd, 0x7a, 0xfd, 0x7a, 0xfd, 0x7a, 0xfd, 0x7a, 0xfd, 0x7a, 0xfd,
    0x4a, 0x59, 0x00, 0x00, 0x00, 0x00, 0x00, 0x00, 0x00, 0x00, 0x00, 0x00, 0x00, 0x00, 0x00, 0x00, 0x00, 0x00, 0x00, 0x00, 0x00, 0x00, 0x00, 0x00, 0x00, 0x00, 0x00, 0x00, 0x00, 0x00, 0x00, 0x00,
    0x00, 0x00, 0x00, 0x00, 0x00, 0x00, 0x00, 0x00, 0x00, 0x00, 0x00, 0x00, 0x00, 0x00, 0x00, 0x00, 0x00, 0x00, 0x00, 0x00, 0x00, 0x00, 0x00, 0x00, 0x00, 0x00, 0x00, 0x00, 0x00, 0x00, 0x00, 0x00,
    0x4a, 0x59, 0x7a, 0xfd, 0x7a, 0xfd, 0x7a, 0xfd, 0x42, 0x08, 0x7a, 0xfd, 0x7a, 0xfd, 0x7a, 0xfd, 0x7a, 0xfd, 0x7a, 0xfd, 0x7a, 0xfd, 0x7a, 0xfd, 0x42, 0x08, 0x7a, 0xfd, 0x7a, 0xfd, 0x7a, 0xfd,
    0x7a, 0xfd, 0x7a, 0xfd, 0x7a, 0xfd, 0x7a, 0xfd, 0x42, 0x08, 0x7a, 0xfd, 0x7a, 0xfd, 0x7a, 0xfd, 0x7a, 0xfd, 0x7a, 0xfd, 0x7a, 0xfd, 0x7a, 0xfd, 0x42, 0x08, 0x7a, 0xfd, 0x7a, 0xfd, 0x7a, 0xfd,
    0x4a, 0x59, 0x00, 0x00, 0x00, 0x00, 0x00, 0x00, 0x00, 0x00, 0x00, 0x00, 0x00, 0x00, 0x00, 0x00, 0x00, 0x00, 0x00, 0x00, 0x00, 0x00, 0x00, 0x00, 0x00, 0x00, 0x00, 0x00, 0x00, 0x00, 0x00, 0x00,
    0x00, 0x00, 0x00, 0x00, 0x00, 0x00, 0x00, 0x00, 0x00, 0x00, 0x00, 0x00, 0x00, 0x00, 0x00, 0x00, 0x00, 0x00, 0x00, 0x00, 0x00, 0x00, 0x00, 0x00, 0x00, 0x00, 0x00, 0x00, 0x00, 0x00, 0x00, 0x00,
    0x4a, 0x59, 0x7a, 0xfd, 0x7a, 0xfd, 0x7a, 0xfd, 0x7a, 0xfd, 0x42, 0x08, 0x7a, 0xfd, 0x7a, 0xfd, 0x7a, 0xfd, 0x7a, 0xfd, 0x7a, 0xfd, 0x42, 0x08, 0x7a, 0xfd, 0x7a, 0xfd, 0x7a, 0xfd, 0x7a, 0xfd,
    0x7a, 0xfd, 0x7a, 0xfd, 0x7a, 0xfd, 0x7a, 0xfd, 0x7a, 0xfd, 0x42, 0x08, 0x7a, 0xfd, 0x7a, 0xfd, 0x7a, 0xfd, 0x7a, 0xfd, 0x7a, 0xfd, 0x42, 0x08, 0x7a, 0xfd, 0x7a, 0xfd, 0x7a, 0xfd, 0x7a, 0xfd,
    0x4a, 0x59, 0x00, 0x00, 0x00, 0x00, 0x00, 0x00, 0x00, 0x00, 0x00, 0x00, 0x00, 0x00, 0x00, 0x00, 0x00, 0x00, 0x00, 0x00, 0x00, 0x00, 0x00, 0x00, 0x00, 0x00, 0x00, 0x00, 0x00, 0x00, 0x00, 0x00,
    0x00, 0x00, 0x00, 0x00, 0x00, 0x00, 0x00, 0x00, 0x00, 0x00, 0x00, 0x00, 0x00, 0x00, 0x00, 0x00, 0x00, 0x00, 0x00, 0x00, 0x00, 0x00, 0x00, 0x00, 0x00, 0x00, 0x00, 0x00, 0x00, 0x00, 0x00, 0x00,
    0x4a, 0x59, 0x7a, 0xfd, 0x7a, 0xfd, 0x7a, 0xfd, 0x7a, 0xfd, 0x7a, 0xfd, 0x42, 0x08, 0x42, 0x08, 0x42, 0x08, 0x42, 0x08, 0x42, 0x08, 0x7a, 0xfd, 0x7a, 0xfd, 0x7a, 0xfd, 0x7a, 0xfd, 0x7a, 0xfd,
    0x7a, 0xfd, 0x7a, 0xfd, 0x7a, 0xfd, 0x7a, 0xfd, 0x7a, 0xfd, 0x7a, 0xfd, 0x42, 0x08, 0x42, 0x08, 0x42, 0x08, 0x42, 0x08, 0x42, 0x08, 0x7a, 0xfd, 0x7a, 0xfd, 0x7a, 0xfd, 0x7a, 0xfd, 0x7a, 0xfd,
    0x4a, 0x59, 0x00, 0x00, 0x00, 0x00, 0x00, 0x00, 0x00, 0x00, 0x00, 0x00, 0x00, 0x00, 0x00, 0x00, 0x00, 0x00, 0x00, 0x00, 0x00, 0x00, 0x00, 0x00, 0x00, 0x00, 0x00, 0x00, 0x00, 0x00, 0x00, 0x00,
    0x00, 0x00, 0x00, 0x00, 0x00, 0x00, 0x00, 0x00, 0x00, 0x00, 0x00, 0x00, 0x00, 0x00, 0x00, 0x00, 0x00, 0x00, 0x00, 0x00, 0x00, 0x00, 0x00, 0x00, 0x00, 0x00, 0x00, 0x00, 0x00, 0x00, 0x00, 0x00,
    0x4a, 0x59, 0x7a, 0xfd, 0x7a, 0xfd, 0x7a, 0xfd, 0x7a, 0xfd, 0x7a, 0xfd, 0x7a, 0xfd, 0x7a, 0xfd, 0x7a, 0xfd, 0x7a, 0xfd, 0x7a, 0xfd, 0x7a, 0xfd, 0x7a, 0xfd, 0x7a, 0xfd, 0x7a, 0xfd, 0x7a, 0xfd,
    0x7a, 0xfd, 0x7a, 0xfd, 0x7a, 0xfd, 0x7a, 0xfd, 0x15, 0xd4, 0x15, 0xd4, 0x15, 0xd4, 0x15, 0xd4, 0x15, 0xd4, 0x15, 0xd4, 0x15, 0xd4, 0x15, 0xd4, 0x15, 0xd4, 0x7a, 0xfd, 0x7a, 0xfd, 0x7a, 0xfd,
    0x4a, 0x59, 0x00, 0x00, 0x00, 0x00, 0x00, 0x00, 0x00, 0x00, 0x00, 0x00, 0x00, 0x00, 0x00, 0x00, 0x00, 0x00, 0x00, 0x00, 0x00, 0x00, 0x00, 0x00, 0x00, 0x00, 0x00, 0x00, 0x00, 0x00, 0x00, 0x00,
    0x00, 0x00, 0x00, 0x00, 0x00, 0x00, 0x00, 0x00, 0x00, 0x00, 0x00, 0x00, 0x00, 0x00, 0x00, 0x00, 0x00, 0x00, 0x00, 0x00, 0x00, 0x00, 0x00, 0x00, 0x00, 0x00, 0x00, 0x00, 0x00, 0x00, 0x00, 0x00,
    0x00, 0x00, 0x4a, 0x59, 0x7a, 0xfd, 0x74, 0xfb, 0x74, 0xfb, 0x7a, 0xfd, 0x7a, 0xfd, 0x7a, 0xfd, 0x7a, 0xfd, 0x7a, 0xfd, 0x7a, 0xfd, 0x7a, 0xfd, 0x7a, 0xfd, 0x7a, 0xfd, 0x7a, 0xfd, 0x7a, 0xfd,
    0x7a, 0xfd, 0x7a, 0xfd, 0x7a, 0xfd, 0x15, 0xd4, 0x15, 0xd4, 0x15, 0xd4, 0x15, 0xd4, 0x15, 0xd4, 0x15, 0xd4, 0x15, 0xd4, 0x15, 0xd4, 0x15, 0xd4, 0x74, 0xfb, 0x74, 0xfb, 0x7a, 0xfd, 0x4a, 0x59,
    0x00, 0x00, 0x00, 0x00, 0x00, 0x00, 0x00, 0x00, 0x00, 0x00, 0x00, 0x00, 0x00, 0x00, 0x00, 0x00, 0x00, 0x00, 0x00, 0x00, 0x00, 0x00, 0x00, 0x00, 0x00, 0x00, 0x00, 0x00, 0x00, 0x00, 0x00, 0x00,
    0x00, 0x00, 0x00, 0x00, 0x00, 0x00, 0x00, 0x00, 0x00, 0x00, 0x00, 0x00, 0x00, 0x00, 0x00, 0x00, 0x00, 0x00, 0x00, 0x00, 0x00, 0x00, 0x00, 0x00, 0x00, 0x00, 0x00, 0x00, 0x00, 0x00, 0x00, 0x00,
    0x00, 0x00, 0x4a, 0x59, 0x74, 0xfb, 0x74, 0xfb, 0x74, 0xfb, 0x74, 0xfb, 0x7a, 0xfd, 0x7a, 0xfd, 0x7a, 0xfd, 0x7a, 0xfd, 0x7a, 0xfd, 0x7a, 0xfd, 0x7a, 0xfd, 0x7a, 0xfd, 0x7a, 0xfd, 0x7a, 0xfd,
    0x7a, 0xfd, 0x7a, 0xfd, 0x7a, 0xfd, 0x15, 0xd4, 0x15, 0xd4, 0x15, 0xd4, 0x15, 0xd4, 0x15, 0xd4, 0x15, 0xd4, 0x15, 0xd4, 0x15, 0xd4, 0x74, 0xfb, 0x74, 0xfb, 0x74, 0xfb, 0x74, 0xfb, 0x4a, 0x59,
    0x00, 0x00, 0x00, 0x00, 0x00, 0x00, 0x00, 0x00, 0x00, 0x00, 0x00, 0x00, 0x00, 0x00, 0x00, 0x00, 0x00, 0x00, 0x00, 0x00, 0x00, 0x00, 0x00, 0x00, 0x00, 0x00, 0x00, 0x00, 0x00, 0x00, 0x00, 0x00,
    0x00, 0x00, 0x00, 0x00, 0x00, 0x00, 0x00, 0x00, 0x00, 0x00, 0x00, 0x00, 0x00, 0x00, 0x00, 0x00, 0x00, 0x00, 0x00, 0x00, 0x00, 0x00, 0x00, 0x00, 0x00, 0x00, 0x00, 0x00, 0x00, 0x00, 0x00, 0x00,
    0x00, 0x00, 0x00, 0x00, 0x74, 0xfb, 0x74, 0xfb, 0x74, 0xfb, 0x74, 0xfb, 0x7a, 0xfd, 0x7a, 0xfd, 0x7a, 0xfd, 0x7a, 0xfd, 0x7a, 0xfd, 0x7a, 0xfd, 0x7a, 0xfd, 0x7a, 0xfd, 0x7a, 0xfd, 0x7a, 0xfd,
    0x7a, 0xfd, 0x7a, 0xfd, 0x15, 0xd4, 0x15, 0xd4, 0x15, 0xd4, 0x15, 0xd4, 0x15, 0xd4, 0x15, 0xd4, 0x15, 0xd4, 0x15, 0xd4, 0x15, 0xd4, 0x74, 0xfb, 0x74, 0xfb, 0x74, 0xfb, 0x74, 0xfb, 0x00, 0x00,
    0x00, 0x00, 0x00, 0x00, 0x00, 0x00, 0x00, 0x00, 0x00, 0x00, 0x00, 0x00, 0x00, 0x00, 0x00, 0x00, 0x00, 0x00, 0x00, 0x00, 0x00, 0x00, 0x00, 0x00, 0x00, 0x00, 0x00, 0x00, 0x00, 0x00, 0x00, 0x00,
    0x00, 0x00, 0x00, 0x00, 0x00, 0x00, 0x00, 0x00, 0x00, 0x00, 0x00, 0x00, 0x00, 0x00, 0x00, 0x00, 0x00, 0x00, 0x00, 0x00, 0x00, 0x00, 0x00, 0x00, 0x00, 0x00, 0x00, 0x00, 0x00, 0x00, 0x00, 0x00,
    0x00, 0x00, 0x00, 0x00, 0x4a, 0x59, 0x74, 0xfb, 0x74, 0xfb, 0x7a, 0xfd, 0x7a, 0xfd, 0x7a, 0xfd, 0x7a, 0xfd, 0x7a, 0xfd, 0x7a, 0xfd, 0x7a, 0xfd, 0x7a, 0xfd, 0x7a, 0xfd, 0x7a, 0xfd, 0x7a, 0xfd,
    0x7a, 0xfd, 0x7a, 0xfd, 0x15, 0xd4, 0x15, 0xd4, 0x15, 0xd4, 0x15, 0xd4, 0x15, 0xd4, 0x15, 0xd4, 0x15, 0xd4, 0x15, 0xd4, 0x15, 0xd4, 0x15, 0xd4, 0x74, 0xfb, 0x74, 0xfb, 0x4a, 0x59, 0x00, 0x00,
    0x00, 0x00, 0x00, 0x00, 0x00, 0x00, 0x00, 0x00, 0x00, 0x00, 0x00, 0x00, 0x00, 0x00, 0x00, 0x00, 0x00, 0x00, 0x00, 0x00, 0x00, 0x00, 0x00, 0x00, 0x00, 0x00, 0x00, 0x00, 0x00, 0x00, 0x00, 0x00,
    0x00, 0x00, 0x00, 0x00, 0x00, 0x00, 0x00, 0x00, 0x00, 0x00, 0x00, 0x00, 0x00, 0x00, 0x00, 0x00, 0x00, 0x00, 0x00, 0x00, 0x00, 0x00, 0x00, 0x00, 0x00, 0x00, 0x00, 0x00, 0x00, 0x00, 0x00, 0x00,
    0x00, 0x00, 0x00, 0x00, 0x00, 0x00, 0x4a, 0x59, 0x7a, 0xfd, 0x7a, 0xfd, 0x7a, 0xfd, 0x7a, 0xfd, 0x7a, 0xfd, 0x7a, 0xfd, 0x7a, 0xfd, 0x7a, 0xfd, 0x7a, 0xfd, 0x7a, 0xfd, 0x7a, 0xfd, 0x4a, 0x59,
    0x4a, 0x59, 0x4a, 0x59, 0x15, 0xd4, 0x15, 0xd4, 0x15, 0xd4, 0x15, 0xd4, 0x15, 0xd4, 0x15, 0xd4, 0x15, 0xd4, 0x15, 0xd4, 0x15, 0xd4, 0x15, 0xd4, 0x15, 0xd4, 0x4a, 0x59, 0x15, 0xd4, 0x00, 0x00,
    0x00, 0x00, 0x00, 0x00, 0x00, 0x00, 0x00, 0x00, 0x00, 0x00, 0x00, 0x00, 0x00, 0x00, 0x00, 0x00, 0x00, 0x00, 0x00, 0x00, 0x00, 0x00, 0x00, 0x00, 0x00, 0x00, 0x00, 0x00, 0x00, 0x00, 0x00, 0x00,
    0x00, 0x00, 0x00, 0x00, 0x00, 0x00, 0x00, 0x00, 0x00, 0x00, 0x00, 0x00, 0x00, 0x00, 0x00, 0x00, 0x00, 0x00, 0x00, 0x00, 0x00, 0x00, 0x00, 0x00, 0x00, 0x00, 0x00, 0x00, 0x00, 0x00, 0x00, 0x00,
    0x00, 0x00, 0x00, 0x00, 0x00, 0x00, 0x00, 0x00, 0x4a, 0x59, 0x7a, 0xfd, 0x7a, 0xfd, 0x7a, 0xfd, 0x7a, 0xfd, 0x7a, 0xfd, 0x7a, 0xfd, 0x7a, 0xfd, 0x7a, 0xfd, 0x7a, 0xfd, 0x4a, 0x59, 0xed, 0xc9,
    0xed, 0xc9, 0xed, 0xc9, 0x4a, 0x59, 0x15, 0xd4, 0x15, 0xd4, 0x15, 0xd4, 0x15, 0xd4, 0x15, 0xd4, 0x15, 0xd4, 0x15, 0xd4, 0x15, 0xd4, 0x15, 0xd4, 0x4a, 0x59, 0x15, 0xd4, 0x00, 0x00, 0x00, 0x00,
    0x00, 0x00, 0x00, 0x00, 0x00, 0x00, 0x00, 0x00, 0x00, 0x00, 0x00, 0x00, 0x00, 0x00, 0x00, 0x00, 0x00, 0x00, 0x00, 0x00, 0x00, 0x00, 0x00, 0x00, 0x00, 0x00, 0x00, 0x00, 0x00, 0x00, 0x00, 0x00,
    0x00, 0x00, 0x00, 0x00, 0x00, 0x00, 0x00, 0x00, 0x00, 0x00, 0x00, 0x00, 0x00, 0x00, 0x00, 0x00, 0x00, 0x00, 0x00, 0x00, 0x00, 0x00, 0x00, 0x00, 0x00, 0x00, 0x00, 0x00, 0x00, 0x00, 0x00, 0x00,
    0x00, 0x00, 0x00, 0x00, 0x00, 0x00, 0x00, 0x00, 0x00, 0x00, 0x4a, 0x59, 0x7a, 0xfd, 0x7a, 0xfd, 0x7a, 0xfd, 0x7a, 0xfd, 0x7a, 0xfd, 0x7a, 0xfd, 0x7a, 0xfd, 0x7a, 0xfd, 0x4a, 0x59, 0xed, 0xc9,
    0xed, 0xc9, 0xed, 0xc9, 0x4a, 0x59, 0x15, 0xd4, 0x15, 0xd4, 0x15, 0xd4, 0x15, 0xd4, 0x15, 0xd4, 0x15, 0xd4, 0x15, 0xd4, 0x15, 0xd4, 0x4a, 0x59, 0x15, 0xd4, 0x15, 0xd4, 0x00, 0x00, 0x00, 0x00,
    0x00, 0x00, 0x00, 0x00, 0x00, 0x00, 0x00, 0x00, 0x00, 0x00, 0x00, 0x00, 0x00, 0x00, 0x00, 0x00, 0x00, 0x00, 0x00, 0x00, 0x00, 0x00, 0x00, 0x00, 0x00, 0x00, 0x00, 0x00, 0x00, 0x00, 0x00, 0x00,
    0x00, 0x00, 0x00, 0x00, 0x00, 0x00, 0x00, 0x00, 0x00, 0x00, 0x00, 0x00, 0x00, 0x00, 0x00, 0x00, 0x00, 0x00, 0x00, 0x00, 0x00, 0x00, 0x00, 0x00, 0x00, 0x00, 0x00, 0x00, 0x00, 0x00, 0x00, 0x00,
    0x00, 0x00, 0x00, 0x00, 0x00, 0x00, 0x00, 0x00, 0x00, 0x00, 0x00, 0x00, 0x4a, 0x59, 0x7a, 0xfd, 0x7a, 0xfd, 0x7a, 0xfd, 0x7a, 0xfd, 0x7a, 0xfd, 0x7a, 0xfd, 0x7a, 0xfd, 0x4a, 0x59, 0xed, 0xc9,
    0xed, 0xc9, 0xed, 0xc9, 0x4a, 0x59, 0x7a, 0xfd, 0x15, 0xd4, 0x15, 0xd4, 0x15, 0xd4, 0x15, 0xd4, 0x15, 0xd4, 0x15, 0xd4, 0x4a, 0x59, 0x15, 0xd4, 0x15, 0xd4, 0x00, 0x00, 0x00, 0x00, 0x00, 0x00,
    0x00, 0x00, 0x00, 0x00, 0x00, 0x00, 0x00, 0x00, 0x00, 0x00, 0x00, 0x00, 0x00, 0x00, 0x00, 0x00, 0x00, 0x00, 0x00, 0x00, 0x00, 0x00, 0x00, 0x00, 0x00, 0x00, 0x00, 0x00, 0x00, 0x00, 0x00, 0x00,
    0x00, 0x00, 0x00, 0x00, 0x00, 0x00, 0x00, 0x00, 0x00, 0x00, 0x00, 0x00, 0x00, 0x00, 0x00, 0x00, 0x00, 0x00, 0x00, 0x00, 0x00, 0x00, 0x00, 0x00, 0x00, 0x00, 0x00, 0x00, 0x00, 0x00, 0x00, 0x00,
    0x00, 0x00, 0x00, 0x00, 0x00, 0x00, 0x00, 0x00, 0x4a, 0x59, 0x4a, 0x59, 0x4a, 0x59, 0x4a, 0x59, 0x4a, 0x59, 0x7a, 0xfd, 0x7a, 0xfd, 0x7a, 0xfd, 0x7a, 0xfd, 0x7a, 0xfd, 0x7a, 0xfd, 0x4a, 0x59,
    0x4a, 0x59, 0x4a, 0x59, 0x7a, 0xfd, 0x7a, 0xfd, 0x7a, 0xfd, 0x7a, 0xfd, 0x15, 0xd4, 0x15, 0xd4, 0x4a, 0x59, 0x4a, 0x59, 0x15, 0xd4, 0x4a, 0x59, 0x4a, 0x59, 0x00, 0x00, 0x00, 0x00, 0x00, 0x00,
    0x00, 0x00, 0x00, 0x00, 0x00, 0x00, 0x00, 0x00, 0x00, 0x00, 0x00, 0x00, 0x00, 0x00, 0x00, 0x00, 0x00, 0x00, 0x00, 0x00, 0x00, 0x00, 0x00, 0x00, 0x00, 0x00, 0x00, 0x00, 0x00, 0x00, 0x00, 0x00,
    0x00, 0x00, 0x00, 0x00, 0x00, 0x00, 0x00, 0x00, 0x00, 0x00, 0x00, 0x00, 0x00, 0x00, 0x00, 0x00, 0x00, 0x00, 0x00, 0x00, 0x00, 0x00, 0x00, 0x00, 0x00, 0x00, 0x00, 0x00, 0x00, 0x00, 0x00, 0x00,
    0x00, 0x00, 0x00, 0x00, 0x00, 0x00, 0x4a, 0x59, 0x1b, 0x6d, 0x1b, 0x6d, 0x1b, 0x6d, 0x1b, 0x6d, 0x1b, 0x6d, 0x4a, 0x59, 0x4a, 0x59, 0x4a, 0x59, 0x7a, 0xfd, 0x7a, 0xfd, 0x7a, 0xfd, 0x7a, 0xfd,
    0x7a, 0xfd, 0x7a, 0xfd, 0x7a, 0xfd, 0x7a, 0xfd, 0x7a, 0xfd, 0x4a, 0x59, 0x4a, 0x59, 0x4a, 0x59, 0x1b, 0x6d, 0x1b, 0x6d, 0x1b, 0x6d, 0x1b, 0x6d, 0x1b, 0x6d, 0x4a, 0x59, 0x00, 0x00, 0x00, 0x00,
    0x00, 0x00, 0x00, 0x00, 0x00, 0x00, 0x00, 0x00, 0x00, 0x00, 0x00, 0x00, 0x00, 0x00, 0x00, 0x00, 0x00, 0x00, 0x00, 0x00, 0x00, 0x00, 0x00, 0x00, 0x00, 0x00, 0x00, 0x00, 0x00, 0x00, 0x00, 0x00,
    0x00, 0x00, 0x00, 0x00, 0x00, 0x00, 0x00, 0x00, 0x00, 0x00, 0x00, 0x00, 0x00, 0x00, 0x00, 0x00, 0x00, 0x00, 0x00, 0x00, 0x00, 0x00, 0x00, 0x00, 0x00, 0x00, 0x00, 0x00, 0x00, 0x00, 0x00, 0x00,
    0x00, 0x00, 0x00, 0x00, 0x00, 0x00, 0x4a, 0x59, 0x1b, 0x6d, 0x1b, 0x6d, 0x1b, 0x6d, 0x1b, 0x6d, 0x1b, 0x6d, 0x1b, 0x6d, 0x5e, 0xa6, 0x1b, 0x6d, 0x4a, 0x59, 0x4a, 0x59, 0x4a, 0x59, 0x4a, 0x59,
    0x4a, 0x59, 0x4a, 0x59, 0x4a, 0x59, 0x4a, 0x59, 0x4a, 0x59, 0x1b, 0x6d, 0x5e, 0xa6, 0x1b, 0x6d, 0x1b, 0x6d, 0x1b, 0x6d, 0x1b, 0x6d, 0x1b, 0x6d, 0x1b, 0x6d, 0x4a, 0x59, 0x00, 0x00, 0x00, 0x00,
    0x00, 0x00, 0x00, 0x00, 0x00, 0x00, 0x00, 0x00, 0x00, 0x00, 0x00, 0x00, 0x00, 0x00, 0x00, 0x00, 0x00, 0x00, 0x00, 0x00, 0x00, 0x00, 0x00, 0x00, 0x00, 0x00, 0x00, 0x00, 0x00, 0x00, 0x00, 0x00,
    0x00, 0x00, 0x00, 0x00, 0x00, 0x00, 0x00, 0x00, 0x00, 0x00, 0x00, 0x00, 0x00, 0x00, 0x00, 0x00, 0x00, 0x00, 0x00, 0x00, 0x00, 0x00, 0x00, 0x00, 0x00, 0x00, 0x00, 0x00, 0x00, 0x00, 0x00, 0x00,
    0x00, 0x00, 0x00, 0x00, 0x4a, 0x59, 0x1b, 0x6d, 0x1b, 0x6d, 0x1b, 0x6d, 0x1b, 0x6d, 0x1b, 0x6d, 0x1b, 0x6d, 0x5e, 0xa6, 0x1b, 0x6d, 0x1b, 0x6d, 0x1b, 0x6d, 0x1b, 0x6d, 0x1b, 0x6d, 0x1b, 0x6d,
    0x5e, 0xa6, 0x1b, 0x6d, 0x1b, 0x6d, 0x1b, 0x6d, 0x1b, 0x6d, 0x1b, 0x6d, 0x1b, 0x6d, 0x5e, 0xa6, 0x1b, 0x6d, 0x1b, 0x6d, 0x1b, 0x6d, 0x1b, 0x6d, 0x1b, 0x6d, 0x1b, 0x6d, 0x4a, 0x59, 0x00, 0x00,
    0x00, 0x00, 0x00, 0x00, 0x00, 0x00, 0x00, 0x00, 0x00, 0x00, 0x00, 0x00, 0x00, 0x00, 0x00, 0x00, 0x00, 0x00, 0x00, 0x00, 0x00, 0x00, 0x00, 0x00, 0x00, 0x00, 0x00, 0x00, 0x00, 0x00, 0x00, 0x00,
    0x00, 0x00, 0x00, 0x00, 0x00, 0x00, 0x00, 0x00, 0x00, 0x00, 0x00, 0x00, 0x00, 0x00, 0x00, 0x00, 0x00, 0x00, 0x00, 0x00, 0x00, 0x00, 0x00, 0x00, 0x00, 0x00, 0x00, 0x00, 0x00, 0x00, 0x00, 0x00,
    0x00, 0x00, 0x00, 0x00, 0x4a, 0x59, 0x1b, 0x6d, 0x1b, 0x6d, 0x1b, 0x6d, 0x1b, 0x6d, 0x1b, 0x6d, 0x1b, 0x6d, 0x5e, 0xa6, 0x1b, 0x6d, 0x1b, 0x6d, 0x1b, 0x6d, 0x1b, 0x6d, 0x1b, 0x6d, 0x1b, 0x6d,
    0x5e, 0xa6, 0x1b, 0x6d, 0x1b, 0x6d, 0x1b, 0x6d, 0x1b, 0x6d, 0x1b, 0x6d, 0x1b, 0x6d, 0x5e, 0xa6, 0x1b, 0x6d, 0x1b, 0x6d, 0x1b, 0x6d, 0x1b, 0x6d, 0x1b, 0x6d, 0x1b, 0x6d, 0x4a, 0x59, 0x00, 0x00,
    0x00, 0x00, 0x00, 0x00, 0x00, 0x00, 0x00, 0x00, 0x00, 0x00, 0x00, 0x00, 0x00, 0x00, 0x00, 0x00, 0x00, 0x00, 0x00, 0x00, 0x00, 0x00, 0x00, 0x00, 0x00, 0x00, 0x00, 0x00, 0x00, 0x00, 0x00, 0x00,
    0x00, 0x00, 0x00, 0x00, 0x00, 0x00, 0x00, 0x00, 0x00, 0x00, 0x00, 0x00, 0x00, 0x00, 0x00, 0x00, 0x00, 0x00, 0x00, 0x00, 0x00, 0x00, 0x00, 0x00, 0x00, 0x00, 0x00, 0x00, 0x00, 0x00, 0x00, 0x00,
    0x00, 0x00, 0x4a, 0x59, 0x1b, 0x6d, 0x1b, 0x6d, 0x1b, 0x6d, 0x1b, 0x6d, 0x1b, 0x6d, 0x1b, 0x6d, 0x5e, 0xa6, 0x1b, 0x6d, 0x1b, 0x6d, 0x1b, 0x6d, 0x1b, 0x6d, 0x1b, 0x6d, 0x1b, 0x6d, 0x1b, 0x6d,
    0x5e, 0xa6, 0x1b, 0x6d, 0x1b, 0x6d, 0x1b, 0x6d, 0x1b, 0x6d, 0x1b, 0x6d, 0x1b, 0x6d, 0x1b, 0x6d, 0x5e, 0xa6, 0x1b, 0x6d, 0x1b, 0x6d, 0x1b, 0x6d, 0x1b, 0x6d, 0x1b, 0x6d, 0x1b, 0x6d, 0x4a, 0x59,
    0x00, 0x00, 0x00, 0x00, 0x00, 0x00, 0x00, 0x00, 0x00, 0x00, 0x00, 0x00, 0x00, 0x00, 0x00, 0x00, 0x00, 0x00, 0x00, 0x00, 0x00, 0x00, 0x00, 0x00, 0x00, 0x00, 0x00, 0x00, 0x00, 0x00, 0x00, 0x00,
    0x00, 0x00, 0x00, 0x00, 0x00, 0x00, 0x00, 0x00, 0x00, 0x00, 0x00, 0x00, 0x00, 0x00, 0x00, 0x00, 0x00, 0x00, 0x00, 0x00, 0x00, 0x00, 0x00, 0x00, 0x00, 0x00, 0x00, 0x00, 0x00, 0x00, 0x00, 0x00,
    0x00, 0x00, 0x4a, 0x59, 0x1b, 0x6d, 0x1b, 0x6d, 0x1b, 0x6d, 0x1b, 0x6d, 0x1b, 0x6d, 0x1b, 0x6d, 0x5e, 0xa6, 0x1b, 0x6d, 0x1b, 0x6d, 0x1b, 0x6d, 0x1b, 0x6d, 0x1b, 0x6d, 0x1b, 0x6d, 0x1b, 0x6d,
    0x5e, 0xa6, 0x1b, 0x6d, 0x1b, 0x6d, 0x1b, 0x6d, 0x1b, 0x6d, 0x1b, 0x6d, 0x1b, 0x6d, 0x1b, 0x6d, 0x5e, 0xa6, 0x1b, 0x6d, 0x1b, 0x6d, 0x1b, 0x6d, 0x1b, 0x6d, 0x1b, 0x6d, 0x1b, 0x6d, 0x4a, 0x59,
    0x00, 0x00, 0x00, 0x00, 0x00, 0x00, 0x00, 0x00, 0x00, 0x00, 0x00, 0x00, 0x00, 0x00, 0x00, 0x00, 0x00, 0x00, 0x00, 0x00, 0x00, 0x00, 0x00, 0x00, 0x00, 0x00, 0x00, 0x00, 0x00, 0x00, 0x00, 0x00,
    0x00, 0x00, 0x00, 0x00, 0x00, 0x00, 0x00, 0x00, 0x00, 0x00, 0x00, 0x00, 0x00, 0x00, 0x00, 0x00, 0x00, 0x00, 0x00, 0x00, 0x00, 0x00, 0x00, 0x00, 0x00, 0x00, 0x00, 0x00, 0x00, 0x00, 0x00, 0x00,
    0x4a, 0x59, 0x1b, 0x6d, 0x1b, 0x6d, 0x1b, 0x6d, 0x1b, 0x6d, 0x1b, 0x6d, 0x1b, 0x6d, 0x5e, 0xa6, 0x1b, 0x6d, 0x1b, 0x6d, 0x1b, 0x6d, 0x1b, 0x6d, 0x1b, 0x6d, 0x1b, 0x6d, 0x1b, 0x6d, 0x1b, 0x6d,
    0x5e, 0xa6, 0x1b, 0x6d, 0x1b, 0x6d, 0x1b, 0x6d, 0x1b, 0x6d, 0x1b, 0x6d, 0x1b, 0x6d, 0x1b, 0x6d, 0x1b, 0x6d, 0x5e, 0xa6, 0x1b, 0x6d, 0x1b, 0x6d, 0x1b, 0x6d, 0x1b, 0x6d, 0x1b, 0x6d, 0x1b, 0x6d,
    0x4a, 0x59, 0x00, 0x00, 0x00, 0x00, 0x00, 0x00, 0x00, 0x00, 0x00, 0x00, 0x00, 0x00, 0x00, 0x00, 0x00, 0x00, 0x00, 0x00, 0x00, 0x00, 0x00, 0x00, 0x00, 0x00, 0x00, 0x00, 0x00, 0x00, 0x00, 0x00,
    0x00, 0x00, 0x00, 0x00, 0x00, 0x00, 0x00, 0x00, 0x00, 0x00, 0x00, 0x00, 0x00, 0x00, 0x00, 0x00, 0x00, 0x00, 0x00, 0x00, 0x00, 0x00, 0x00, 0x00, 0x00, 0x00, 0x00, 0x00, 0x00, 0x00, 0x00, 0x00,
    0x4a, 0x59, 0x1b, 0x6d, 0x1b, 0x6d, 0x1b, 0x6d, 0x1b, 0x6d, 0x1b, 0x6d, 0x1b, 0x6d, 0x5e, 0xa6, 0x1b, 0x6d, 0x1b, 0x6d, 0x1b, 0x6d, 0x1b, 0x6d, 0x1b, 0x6d, 0x1b, 0x6d, 0x1b, 0x6d, 0x1b, 0x6d,
    0x5e, 0xa6, 0x1b, 0x6d, 0x1b, 0x6d, 0x1b, 0x6d, 0x1b, 0x6d, 0x1b, 0x6d, 0x1b, 0x6d, 0x1b, 0x6d, 0x1b, 0x6d, 0x5e, 0xa6, 0x1b, 0x6d, 0x1b, 0x6d, 0x1b, 0x6d, 0x1b, 0x6d, 0x1b, 0x6d, 0x1b, 0x6d,
    0x4a, 0x59, 0x00, 0x00, 0x00, 0x00, 0x00, 0x00, 0x00, 0x00, 0x00, 0x00, 0x00, 0x00, 0x00, 0x00, 0x00, 0x00, 0x00, 0x00, 0x00, 0x00, 0x00, 0x00, 0x00, 0x00, 0x00, 0x00, 0x00, 0x00, 0x00, 0x00,
    0x00, 0x00, 0x00, 0x00, 0x00, 0x00, 0x00, 0x00, 0x00, 0x00, 0x00, 0x00, 0x00, 0x00, 0x00, 0x00, 0x00, 0x00, 0x00, 0x00, 0x00, 0x00, 0x00, 0x00, 0x00, 0x00, 0x00, 0x00, 0x00, 0x00, 0x4a, 0x59,
    0x1b, 0x6d, 0x1b, 0x6d, 0x1b, 0x6d, 0x1b, 0x6d, 0x1b, 0x6d, 0x1b, 0x6d, 0x5e, 0xa6, 0x1b, 0x6d, 0x1b, 0x6d, 0x1b, 0x6d, 0x1b, 0x6d, 0x1b, 0x6d, 0x1b, 0x6d, 0x1b, 0x6d, 0x1b, 0x6d, 0x1b, 0x6d,
    0x5e, 0xa6, 0x1b, 0x6d, 0x1b, 0x6d, 0x1b, 0x6d, 0x1b, 0x6d, 0x1b, 0x6d, 0x1b, 0x6d, 0x1b, 0x6d, 0x1b, 0x6d, 0x1b, 0x6d, 0x5e, 0xa6, 0x1b, 0x6d, 0x1b, 0x6d, 0x1b, 0x6d, 0x1b, 0x6d, 0x1b, 0x6d,
    0x1b, 0x6d, 0x4a, 0x59, 0x00, 0x00, 0x00, 0x00, 0x00, 0x00, 0x00, 0x00, 0x00, 0x00, 0x00, 0x00, 0x00, 0x00, 0x00, 0x00, 0x00, 0x00, 0x00, 0x00, 0x00, 0x00, 0x00, 0x00, 0x00, 0x00, 0x00, 0x00,
    0x00, 0x00, 0x00, 0x00, 0x00, 0x00, 0x00, 0x00, 0x00, 0x00, 0x00, 0x00, 0x00, 0x00, 0x00, 0x00, 0x00, 0x00, 0x00, 0x00, 0x00, 0x00, 0x00, 0x00, 0x00, 0x00, 0x00, 0x00, 0x4a, 0x59, 0x1b, 0x6d,
    0x1b, 0x6d, 0x1b, 0x6d, 0x1b, 0x6d, 0x1b, 0x6d, 0x1b, 0x6d, 0x1b, 0x6d, 0x5e, 0xa6, 0x1b, 0x6d, 0x1b, 0x6d, 0x1b, 0x6d, 0x1b, 0x6d, 0x1b, 0x6d, 0x1b, 0x6d, 0x1b, 0x6d, 0x1b, 0x6d, 0x1b, 0x6d,
    0x5e, 0xa6, 0x1b, 0x6d, 0x1b, 0x6d, 0x1b, 0x6d, 0x1b, 0x6d, 0x1b, 0x6d, 0x1b, 0x6d, 0x1b, 0x6d, 0x1b, 0x6d, 0x1b, 0x6d, 0x5e, 0xa6, 0x1b, 0x6d, 0x1b, 0x6d, 0x1b, 0x6d, 0x1b, 0x6d, 0x1b, 0x6d,
    0x1b, 0x6d, 0x1b, 0x6d, 0x4a, 0x59, 0x00, 0x00, 0x00, 0x00, 0x00, 0x00, 0x00, 0x00, 0x00, 0x00, 0x00, 0x00, 0x00, 0x00, 0x00, 0x00, 0x00, 0x00, 0x00, 0x00, 0x00, 0x00, 0x00, 0x00, 0x00, 0x00,
    0x00, 0x00, 0x00, 0x00, 0x00, 0x00, 0x00, 0x00, 0x00, 0x00, 0x00, 0x00, 0x00, 0x00, 0x00, 0x00, 0x00, 0x00, 0x00, 0x00, 0x00, 0x00, 0x00, 0x00, 0x00, 0x00, 0x00, 0x00, 0x4a, 0x59, 0x1b, 0x6d,
    0x1b, 0x6d, 0x1b, 0x6d, 0x1b, 0x6d, 0x1b, 0x6d, 0x1b, 0x6d, 0x5e, 0xa6, 0x1b, 0x6d, 0x1b, 0x6d, 0x1b, 0x6d, 0x1b, 0x6d, 0x1b, 0x6d, 0x1b, 0x6d, 0x1b, 0x6d, 0x1b, 0x6d, 0x1b, 0x6d, 0x1b, 0x6d,
    0x5e, 0xa6, 0x1b, 0x6d, 0x1b, 0x6d, 0x1b, 0x6d, 0x1b, 0x6d, 0x1b, 0x6d, 0x1b, 0x6d, 0x1b, 0x6d, 0x1b, 0x6d, 0x1b, 0x6d, 0x1b, 0x6d, 0x5e, 0xa6, 0x1b, 0x6d, 0x1b, 0x6d, 0x1b, 0x6d, 0x1b, 0x6d,
    0x1b, 0x6d, 0x1b, 0x6d, 0x4a, 0x59, 0x00, 0x00, 0x00, 0x00, 0x00, 0x00, 0x00, 0x00, 0x00, 0x00, 0x00, 0x00, 0x00, 0x00, 0x00, 0x00, 0x00, 0x00, 0x00, 0x00, 0x00, 0x00, 0x00, 0x00, 0x00, 0x00,
    0x00, 0x00, 0x00, 0x00, 0x00, 0x00, 0x00, 0x00, 0x00, 0x00, 0x00, 0x00, 0x00, 0x00, 0x00, 0x00, 0x00, 0x00, 0x00, 0x00, 0x00, 0x00, 0x00, 0x00, 0x00, 0x00, 0x4a, 0x59, 0x1b, 0x6d, 0x1b, 0x6d,
    0x1b, 0x6d, 0x1b, 0x6d, 0x1b, 0x6d, 0x1b, 0x6d, 0x1b, 0x6d, 0x5e, 0xa6, 0x1b, 0x6d, 0x1b, 0x6d, 0x1b, 0x6d, 0x1b, 0x6d, 0x1b, 0x6d, 0x1b, 0x6d, 0x1b, 0x6d, 0x1b, 0x6d, 0x1b, 0x6d, 0x1b, 0x6d,
    0x5e, 0xa6, 0x1b, 0x6d, 0x1b, 0x6d, 0x1b, 0x6d, 0x1b, 0x6d, 0x1b, 0x6d, 0x1b, 0x6d, 0x1b, 0x6d, 0x1b, 0x6d, 0x1b, 0x6d, 0x1b, 0x6d, 0x5e, 0xa6, 0x1b, 0x6d, 0x1b, 0x6d, 0x1b, 0x6d, 0x1b, 0x6d,
    0x1b, 0x6d, 0x1b, 0x6d, 0x1b, 0x6d, 0x4a, 0x59, 0x00, 0x00, 0x00, 0x00, 0x00, 0x00, 0x00, 0x00, 0x00, 0x00, 0x00, 0x00, 0x00, 0x00, 0x00, 0x00, 0x00, 0x00, 0x00, 0x00, 0x00, 0x00, 0x00, 0x00,
    0x00, 0x00, 0x00, 0x00, 0x00, 0x00, 0x00, 0x00, 0x00, 0x00, 0x00, 0x00, 0x00, 0x00, 0x00, 0x00, 0x00, 0x00, 0x00, 0x00, 0x00, 0x00, 0x00, 0x00, 0x00, 0x00, 0x4a, 0x59, 0x1b, 0x6d, 0x1b, 0x6d,
    0x1b, 0x6d, 0x1b, 0x6d, 0x1b, 0x6d, 0x1b, 0x6d, 0x5e, 0xa6, 0x1b, 0x6d, 0x1b, 0x6d, 0x1b, 0x6d, 0x1b, 0x6d, 0x1b, 0x6d, 0x1b, 0x6d, 0x1b, 0x6d, 0x1b, 0x6d, 0x1b, 0x6d, 0x1b, 0x6d, 0x1b, 0x6d,
    0x5e, 0xa6, 0x1b, 0x6d, 0x1b, 0x6d, 0x1b, 0x6d, 0x1b, 0x6d, 0x1b, 0x6d, 0x1b, 0x6d, 0x1b, 0x6d, 0x1b, 0x6d, 0x1b, 0x6d, 0x1b, 0x6d, 0x1b, 0x6d, 0x5e, 0xa6, 0x1b, 0x6d, 0x1b, 0x6d, 0x1b, 0x6d,
    0x1b, 0x6d, 0x1b, 0x6d, 0x1b, 0x6d, 0x4a, 0x59, 0x00, 0x00, 0x00, 0x00, 0x00, 0x00, 0x00, 0x00, 0x00, 0x00, 0x00, 0x00, 0x00, 0x00, 0x00, 0x00, 0x00, 0x00, 0x00, 0x00, 0x00, 0x00, 0x00, 0x00,
    0x00, 0x00, 0x00, 0x00, 0x00, 0x00, 0x00, 0x00, 0x00, 0x00, 0x00, 0x00, 0x00, 0x00, 0x00, 0x00, 0x00, 0x00, 0x00, 0x00, 0x00, 0x00, 0x00, 0x00, 0x4a, 0x59, 0x1b, 0x6d, 0x1b, 0x6d, 0x1b, 0x6d,
    0x1b, 0x6d, 0x1b, 0x6d, 0x1b, 0x6d, 0x1b, 0x6d, 0x5e, 0xa6, 0x1b, 0x6d, 0x1b, 0x6d, 0x1b, 0x6d, 0x1b, 0x6d, 0x1b, 0x6d, 0x1b, 0x6d, 0x1b, 0x6d, 0x1b, 0x6d, 0x1b, 0x6d, 0x1b, 0x6d, 0x1b, 0x6d,
    0x5e, 0xa6, 0x1b, 0x6d, 0x1b, 0x6d, 0x1b, 0x6d, 0x1b, 0x6d, 0x1b, 0x6d, 0x1b, 0x6d, 0x1b, 0x6d, 0x1b, 0x6d, 0x1b, 0x6d, 0x1b, 0x6d, 0x1b, 0x6d, 0x5e, 0xa6, 0x1b, 0x6d, 0x1b, 0x6d, 0x1b, 0x6d,
    0x1b, 0x6d, 0x1b, 0x6d, 0x1b, 0x6d, 0x1b, 0x6d, 0x4a, 0x59, 0x00, 0x00, 0x00, 0x00, 0x00, 0x00, 0x00, 0x00, 0x00, 0x00, 0x00, 0x00, 0x00, 0x00, 0x00, 0x00, 0x00, 0x00, 0x00, 0x00, 0x00, 0x00,
    0x00, 0x00, 0x00, 0x00, 0x00, 0x00, 0x00, 0x00, 0x00, 0x00, 0x00, 0x00, 0x00, 0x00, 0x00, 0x00, 0x00, 0x00, 0x00, 0x00, 0x00, 0x00, 0x00, 0x00, 0x4a, 0x59, 0x1b, 0x6d, 0x1b, 0x6d, 0x1b, 0x6d,
    0x1b, 0x6d, 0x1b, 0x6d, 0x1b, 0x6d, 0x5e, 0xa6, 0x1b, 0x6d, 0x1b, 0x6d, 0x1b, 0x6d, 0x1b, 0x6d, 0x1b, 0x6d, 0x1b, 0x6d, 0x1b, 0x6d, 0x1b, 0x6d, 0x1b, 0x6d, 0x1b, 0x6d, 0x1b, 0x6d, 0x1b, 0x6d,
    0x5e, 0xa6, 0x1b, 0x6d, 0x1b, 0x6d, 0x1b, 0x6d, 0x1b, 0x6d, 0x1b, 0x6d, 0x1b, 0x6d, 0x1b, 0x6d, 0x1b, 0x6d, 0x1b, 0x6d, 0x1b, 0x6d, 0x1b, 0x6d, 0x1b, 0x6d, 0x5e, 0xa6, 0x1b, 0x6d, 0x1b, 0x6d,
    0x1b, 0x6d, 0x1b, 0x6d, 0x1b, 0x6d, 0x1b, 0x6d, 0x4a, 0x59, 0x00, 0x00, 0x00, 0x00, 0x00, 0x00, 0x00, 0x00, 0x00, 0x00, 0x00, 0x00, 0x00, 0x00, 0x00, 0x00, 0x00, 0x00, 0x00, 0x00, 0x00, 0x00,
    0x00, 0x00, 0x00, 0x00, 0x00, 0x00, 0x00, 0x00, 0x00, 0x00, 0x00, 0x00, 0x00, 0x00, 0x00, 0x00, 0x00, 0x00, 0x00, 0x00, 0x00, 0x00, 0x4a, 0x59, 0x35, 0x3b, 0x35, 0x3b, 0x35, 0x3b, 0x35, 0x3b,
    0x35, 0x3b, 0x35, 0x3b, 0x35, 0x3b, 0x35, 0x3b, 0x35, 0x3b, 0x35, 0x3b, 0xe5, 0x88, 0xe5, 0x88, 0xe5, 0x88, 0xe5, 0x88, 0xe5, 0x88, 0x35, 0x3b, 0x35, 0x3b, 0x35, 0x3b, 0x35, 0x3b, 0x35, 0x3b,
    0x35, 0x3b, 0x35, 0x3b, 0x35, 0x3b, 0x35, 0x3b, 0x35, 0x3b, 0x35, 0x3b, 0xe5, 0x88, 0xe5, 0x88, 0xe5, 0x88, 0xe5, 0x88, 0xe5, 0x88, 0x35, 0x3b, 0x35, 0x3b, 0x35, 0x3b, 0x35, 0x3b, 0x35, 0x3b,
    0x35, 0x3b, 0x35, 0x3b, 0x35, 0x3b, 0x35, 0x3b, 0x35, 0x3b, 0x4a, 0x59, 0x00, 0x00, 0x00, 0x00, 0x00, 0x00, 0x00, 0x00, 0x00, 0x00, 0x00, 0x00, 0x00, 0x00, 0x00, 0x00, 0x00, 0x00, 0x00, 0x00,
    0x00, 0x00, 0x00, 0x00, 0x00, 0x00, 0x00, 0x00, 0x00, 0x00, 0x00, 0x00, 0x00, 0x00, 0x00, 0x00, 0x00, 0x00, 0x00, 0x00, 0x00, 0x00, 0x4a, 0x59, 0x1b, 0x6d, 0x1b, 0x6d, 0x1b, 0x6d, 0x1b, 0x6d,
    0x1b, 0x6d, 0x1b, 0x6d, 0x5e, 0xa6, 0x1b, 0x6d, 0x1b, 0x6d, 0x1b, 0x6d, 0xe5, 0x88, 0x87, 0xd1, 0x87, 0xd1, 0x87, 0xd1, 0xe5, 0x88, 0x1b, 0x6d, 0x1b, 0x6d, 0x1b, 0x6d, 0x1b, 0x6d, 0x1b, 0x6d,
    0x5e, 0xa6, 0x1b, 0x6d, 0x1b, 0x6d, 0x1b, 0x6d, 0x1b, 0x6d, 0x1b, 0x6d, 0xe5, 0x88, 0x87, 0xd1, 0x87, 0xd1, 0x87, 0xd1, 0xe5, 0x88, 0x1b, 0x6d, 0x1b, 0x6d, 0x1b, 0x6d, 0x5e, 0xa6, 0x1b, 0x6d,
    0x1b, 0x6d, 0x1b, 0x6d, 0x1b, 0x6d, 0x1b, 0x6d, 0x1b, 0x6d, 0x4a, 0x59, 0x00, 0x00, 0x00, 0x00, 0x00, 0x00, 0x00, 0x00, 0x00, 0x00, 0x00, 0x00, 0x00, 0x00, 0x00, 0x00, 0x00, 0x00, 0x00, 0x00,
    0x00, 0x00, 0x00, 0x00, 0x00, 0x00, 0x00, 0x00, 0x00, 0x00, 0x00, 0x00, 0x00, 0x00, 0x00, 0x00, 0x00, 0x00, 0x00, 0x00, 0x4a, 0x59, 0x4a, 0x59, 0x4a, 0x59, 0x4a, 0x59, 0x4a, 0x59, 0x4a, 0x59,
    0x4a, 0x59, 0x4a, 0x59, 0x5e, 0xa6, 0x4a, 0x59, 0x4a, 0x59, 0x4a, 0x59, 0xe5, 0x88, 0x87, 0xd1, 0x87, 0xd1, 0x87, 0xd1, 0xe5, 0x88, 0x4a, 0x59, 0x4a, 0x59, 0x4a, 0x59, 0x4a, 0x59, 0x4a, 0x59,
    0x5e, 0xa6, 0x4a, 0x59, 0x4a, 0x59, 0x4a, 0x59, 0x4a, 0x59, 0x4a, 0x59, 0xe5, 0x88, 0x87, 0xd1, 0x87, 0xd1, 0x87, 0xd1, 0xe5, 0x88, 0x4a, 0x59, 0x4a, 0x59, 0x4a, 0x59, 0x5e, 0xa6, 0x4a, 0x59,
    0x4a, 0x59, 0x4a, 0x59, 0x4a, 0x59, 0x4a, 0x59, 0x4a, 0x59, 0x4a, 0x59, 0x4a, 0x59, 0x00, 0x00, 0x00, 0x00, 0x00, 0x00, 0x00, 0x00, 0x00, 0x00, 0x00, 0x00, 0x00, 0x00, 0x00, 0x00, 0x00, 0x00,
    0x00, 0x00, 0x00, 0x00, 0x00, 0x00, 0x00, 0x00, 0x00, 0x00, 0x00, 0x00, 0x00, 0x00, 0x00, 0x00, 0x00, 0x00, 0x00, 0x00, 0x00, 0x00, 0x00, 0x00, 0x00, 0x00, 0x00, 0x00, 0x00, 0x00, 0x00, 0x00,
    0x00, 0x00, 0x00, 0x00, 0x00, 0x00, 0x00, 0x00, 0x00, 0x00, 0x00, 0x00, 0xe5, 0x88, 0x87, 0xd1, 0x87, 0xd1, 0x87, 0xd1, 0xe5, 0x88, 0x00, 0x00, 0x00, 0x00, 0x00, 0x00, 0x00, 0x00, 0x00, 0x00,
    0x00, 0x00, 0x00, 0x00, 0x00, 0x00, 0x00, 0x00, 0x00, 0x00, 0x00, 0x00, 0xe5, 0x88, 0x87, 0xd1, 0x87, 0xd1, 0x87, 0xd1, 0xe5, 0x88, 0x00, 0x00, 0x00, 0x00, 0x00, 0x00, 0x00, 0x00, 0x00, 0x00,
    0x00, 0x00, 0x00, 0x00, 0x00, 0x00, 0x00, 0x00, 0x00, 0x00, 0x00, 0x00, 0x00, 0x00, 0x00, 0x00, 0x00, 0x00, 0x00, 0x00, 0x00, 0x00, 0x00, 0x00, 0x00, 0x00, 0x00, 0x00, 0x00, 0x00, 0x00, 0x00,
    0x00, 0x00, 0x00, 0x00, 0x00, 0x00, 0x00, 0x00, 0x00, 0x00, 0x00, 0x00, 0x00, 0x00, 0x00, 0x00, 0x00, 0x00, 0x00, 0x00, 0x00, 0x00, 0x00, 0x00, 0x00, 0x00, 0x00, 0x00, 0x00, 0x00, 0x00, 0x00,
    0x00, 0x00, 0x00, 0x00, 0x00, 0x00, 0x00, 0x00, 0x00, 0x00, 0x4a, 0x59, 0x4a, 0x59, 0x4a, 0x59, 0x4a, 0x59, 0x4a, 0x59, 0x4a, 0x59, 0x4a, 0x59, 0x00, 0x00, 0x00, 0x00, 0x00, 0x00, 0x00, 0x00,
    0x00, 0x00, 0x00, 0x00, 0x00, 0x00, 0x00, 0x00, 0x00, 0x00, 0x4a, 0x59, 0x4a, 0x59, 0x4a, 0x59, 0x4a, 0x59, 0x4a, 0x59, 0x4a, 0x59, 0x4a, 0x59, 0x00, 0x00, 0x00, 0x00, 0x00, 0x00, 0x00, 0x00,
    0x00, 0x00, 0x00, 0x00, 0x00, 0x00, 0x00, 0x00, 0x00, 0x00, 0x00, 0x00, 0x00, 0x00, 0x00, 0x00, 0x00, 0x00, 0x00, 0x00, 0x00, 0x00, 0x00, 0x00, 0x00, 0x00, 0x00, 0x00, 0x00, 0x00, 0x00, 0x00,
    0x00, 0x00, 0x00, 0x00, 0x00, 0x00, 0x00, 0x00, 0x00, 0x00, 0x00, 0x00, 0x00, 0x00, 0x00, 0x00, 0x00, 0x00, 0x00, 0x00, 0x00, 0x00, 0x00, 0x00, 0x00, 0x00, 0x00, 0x00, 0x00, 0x00, 0x00, 0x00,
    0x00, 0x00, 0x00, 0x00, 0x00, 0x00, 0x00, 0x00, 0x00, 0x00, 0x4a, 0x59, 0x4a, 0x59, 0x4a, 0x59, 0x4a, 0x59, 0x4a, 0x59, 0x4a, 0x59, 0x4a, 0x59, 0x00, 0x00, 0x00, 0x00, 0x00, 0x00, 0x00, 0x00,
    0x00, 0x00, 0x00, 0x00, 0x00, 0x00, 0x00, 0x00, 0x00, 0x00, 0x4a, 0x59, 0x4a, 0x59, 0x4a, 0x59, 0x4a, 0x59, 0x4a, 0x59, 0x4a, 0x59, 0x4a, 0x59, 0x00, 0x00, 0x00, 0x00, 0x00, 0x00, 0x00, 0x00,
    0x00, 0x00, 0x00, 0x00, 0x00, 0x00, 0x00, 0x00, 0x00, 0x00, 0x00, 0x00, 0x00, 0x00, 0x00, 0x00, 0x00, 0x00, 0x00, 0x00, 0x00, 0x00, 0x00, 0x00, 0x00, 0x00, 0x00, 0x00, 0x00, 0x00, 0x00, 0x00,
    0x00, 0x00, 0x00, 0x00, 0x00, 0x00, 0x00, 0x00, 0x00, 0x00, 0x00, 0x00, 0x00, 0x00, 0x00, 0x00, 0x00, 0x00, 0x00, 0x00, 0x00, 0x00, 0x00, 0x00, 0x00, 0x00, 0x00, 0x00, 0x00, 0x00, 0x00, 0x00,
    0x00, 0x00, 0x00, 0x00, 0x00, 0x00, 0x00, 0x00, 0x00, 0x00, 0x00, 0x00, 0x00, 0x00, 0x00, 0x00, 0x00, 0x00, 0x00, 0x00, 0x00, 0x00, 0x00, 0x00, 0x00, 0x00, 0x00, 0x00, 0x00, 0x00, 0x00, 0x00,
    0x00, 0x00, 0x00, 0x00, 0x00, 0x00, 0x00, 0x00, 0x00, 0x00, 0x00, 0x00, 0x00, 0x00, 0x00, 0x00, 0x00, 0x00, 0x00, 0x00, 0x00, 0x00, 0x00, 0x00, 0x00, 0x00, 0x00, 0x00, 0x00, 0x00, 0x00, 0x00,
    0x00, 0x00, 0x00, 0x00, 0x00, 0x00, 0x00, 0x00, 0x00, 0x00, 0x00, 0x00, 0x00, 0x00, 0x00, 0x00, 0x00, 0x00, 0x00, 0x00, 0x00, 0x00, 0x00, 0x00, 0x00, 0x00, 0x00, 0x00, 0x00, 0x00, 0x00, 0x00,
    0x00, 0x00, 0x00, 0x00, 0x00, 0x00, 0x00, 0x00, 0x00, 0x00, 0x00, 0x00, 0x00, 0x00, 0x00, 0x00, 0x00, 0x00, 0x00, 0x00, 0x00, 0x00, 0x00, 0x00, 0x00, 0x00, 0x00, 0x00, 0x00, 0x00, 0x00, 0x00,
    0x00, 0x00, 0x00, 0x00, 0x00, 0x00, 0x00, 0x00, 0x00, 0x00, 0x00, 0x00, 0x00, 0x00, 0x00, 0x00, 0x00, 0x00, 0x00, 0x00, 0x00, 0x00, 0x00, 0x00, 0x00, 0x00, 0x00, 0x00, 0x00, 0x00, 0x00, 0x00,
    0x00, 0x00, 0x00, 0x00, 0x00, 0x00, 0x00, 0x00, 0x00, 0x00, 0x00, 0x00, 0x00, 0x00, 0x00, 0x00, 0x00, 0x00, 0x00, 0x00, 0x00, 0x00, 0x00, 0x00, 0x00, 0x00, 0x00, 0x00, 0x00, 0x00, 0x00, 0x00,
    0x00, 0x00, 0x00, 0x00, 0x00, 0x00, 0x00, 0x00, 0x00, 0x00, 0x00, 0x00, 0x00, 0x00, 0x00, 0x00, 0x00, 0x00, 0x00, 0x00, 0x00, 0x00, 0x00, 0x00, 0x00, 0x00, 0x00, 0x00, 0x00, 0x00, 0x00, 0x00,
    0x00, 0x00, 0x00, 0x00, 0x00, 0x00, 0x00, 0x00, 0x00, 0x00, 0x00, 0x00, 0x00, 0x00, 0x00, 0x00, 0x00, 0x00, 0xff, 0x00, 0x00, 0x00, 0x00, 0x00, 0x00, 0x00, 0x00, 0x00, 0x00, 0x00, 0x00, 0x00,
    0x00, 0x00, 0x00, 0x00, 0x00, 0x00, 0x00, 0x00, 0x00, 0x00, 0x00, 0x00, 0x00, 0x00, 0xff, 0x00, 0x00, 0x00, 0x00, 0x00, 0x00, 0x00, 0x00, 0x00, 0x00, 0x00, 0x00, 0x00, 0x00, 0x00, 0x00, 0x00,
    0x00, 0x00, 0x00, 0x00, 0x00, 0x00, 0x00, 0x00, 0x00, 0x00, 0x00, 0x00, 0x00, 0x00, 0x00, 0x00, 0x00, 0x00, 0xff, 0x00, 0x00, 0x00, 0x00, 0x00, 0x00, 0x00, 0x00, 0x00, 0x00, 0x00, 0x00, 0x00,
    0x00, 0x00, 0x00, 0x00, 0x00, 0x00, 0x00, 0x00, 0x00, 0x00, 0x00, 0x00, 0x00, 0xff, 0xff, 0x00, 0x00, 0x00, 0x00, 0x00, 0x00, 0x00, 0x00, 0x00, 0x00, 0x00, 0x00, 0x00, 0x00, 0x00, 0x00, 0x00,
    0x00, 0x00, 0x00, 0x00, 0x00, 0x00, 0x00, 0x00, 0x00, 0x00, 0x00, 0x00, 0x00, 0x00, 0x00, 0x00, 0x00, 0xff, 0xff, 0xff, 0x00, 0x00, 0x00, 0x00, 0x00, 0x00, 0x00, 0x00, 0x00, 0x00, 0x00, 0x00,
    0x00, 0x00, 0x00, 0x00, 0x00, 0x00, 0x00, 0x00, 0x00, 0x00, 0x00, 0x00, 0x00, 0xff, 0xff, 0x00, 0x00, 0x00, 0x00, 0x00, 0x00, 0x00, 0x00, 0x00, 0x00, 0x00, 0x00, 0x00, 0x00, 0x00, 0x00, 0x00,
    0x00, 0x00, 0x00, 0x00, 0x00, 0x00, 0x00, 0x00, 0x00, 0x00, 0x00, 0x00, 0x00, 0x00, 0x00, 0x00, 0x00, 0xff, 0xff, 0xff, 0x00, 0x00, 0x00, 0x00, 0x00, 0x00, 0x00, 0x00, 0x00, 0x00, 0x00, 0x00,
    0x00, 0x00, 0x00, 0x00, 0x00, 0x00, 0x00, 0x00, 0x00, 0x00, 0x00, 0x00, 0xff, 0xff, 0xff, 0xff, 0x00, 0x00, 0x00, 0x00, 0x00, 0x00, 0x00, 0x00, 0x00, 0x00, 0x00, 0x00, 0x00, 0x00, 0x00, 0x00,
    0x00, 0x00, 0x00, 0x00, 0x00, 0x00, 0x00, 0x00, 0x00, 0x00, 0x00, 0x00, 0x00, 0x00, 0x00, 0x00, 0x00, 0xff, 0xff, 0xff, 0xff, 0x00, 0x00, 0x00, 0xff, 0xff, 0xff, 0x00, 0x00, 0x00, 0x00, 0x00,
    0x00, 0x00, 0x00, 0x00, 0x00, 0x00, 0xff, 0xff, 0xff, 0x00, 0x00, 0x00, 0xff, 0xff, 0xff, 0xff, 0x00, 0x00, 0x00, 0x00, 0x00, 0x00, 0x00, 0x00, 0x00, 0x00, 0x00, 0x00, 0x00, 0x00, 0x00, 0x00,
    0x00, 0x00, 0x00, 0x00, 0x00, 0x00, 0x00, 0x00, 0x00, 0x00, 0x00, 0x00, 0x00, 0x00, 0x00, 0x00, 0x00, 0xff, 0xff, 0xff, 0xff, 0x00, 0xff, 0xff, 0xff, 0xff, 0xff, 0xff, 0xff, 0x00, 0x00, 0x00,
    0x00, 0x00, 0x00, 0x00, 0xff, 0xff, 0xff, 0xff, 0xff, 0xff, 0xff, 0xff, 0xff, 0xff, 0xff, 0xff, 0x00, 0x00, 0x00, 0x00, 0x00, 0x00, 0x00, 0x00, 0x00, 0x00, 0x00, 0x00, 0x00, 0x00, 0x00, 0x00,
    0x00, 0x00, 0x00, 0x00, 0x00, 0x00, 0x00, 0x00, 0x00, 0x00, 0x00, 0x00, 0x00, 0x00, 0x00, 0x00, 0xff, 0xff, 0xff, 0xff, 0xff, 0xff, 0xff, 0xff, 0xff, 0xff, 0xff, 0xff, 0xff, 0xff, 0xff, 0xff,
    0xff, 0xff, 0xff, 0xff, 0xff, 0xff, 0xff, 0xff, 0xff, 0xff, 0xff, 0xff, 0xff, 0xff, 0xff, 0xff, 0x00, 0x00, 0x00, 0x00, 0x00, 0x00, 0x00, 0x00, 0x00, 0x00, 0x00, 0x00, 0x00, 0x00, 0x00, 0x00,
    0x00, 0x00, 0x00, 0x00, 0x00, 0x00, 0x00, 0x00, 0x00, 0x00, 0x00, 0x00, 0x00, 0x00, 0x00, 0x00, 0xff, 0xff, 0xff, 0xff, 0xff, 0xff, 0xff, 0xff, 0xff, 0xff, 0xff, 0xff, 0xff, 0xff, 0xff, 0xff,
    0xff, 0xff, 0xff, 0xff, 0xff, 0xff, 0xff, 0xff, 0xff, 0xff, 0xff, 0xff, 0xff, 0xff, 0xff, 0xff, 0xff, 0x00, 0x00, 0x00, 0x00, 0x00, 0x00, 0x00, 0x00, 0x00, 0xff, 0x00, 0x00, 0x00, 0x00, 0x00,
    0x00, 0x00, 0x00, 0x00, 0x00, 0x00, 0x00, 0x00, 0x00, 0x00, 0x00, 0x00, 0x00, 0x00, 0x00, 0x00, 0xff, 0xff, 0xff, 0xff, 0xff, 0xff, 0xff, 0xff, 0xff, 0xff, 0xff, 0xff, 0xff, 0xff, 0xff, 0xff,
    0xff, 0xff, 0xff, 0xff, 0xff, 0xff, 0xff, 0xff, 0xff, 0xff, 0xff, 0xff, 0xff, 0xff, 0xff, 0xff, 0xff, 0x00, 0xff, 0xff, 0xff, 0xff, 0xff, 0xff, 0xff, 0xff, 0xff, 0xff, 0x00, 0x00, 0x00, 0x00,
    0x00, 0x00, 0x00, 0x00, 0x00, 0x00, 0x00, 0x00, 0x00, 0x00, 0x00, 0x00, 0x00, 0x00, 0x00, 0x00, 0xff, 0xff, 0xff, 0xff, 0xff, 0xff, 0xff, 0xff, 0xff, 0xff, 0xff, 0xff, 0xff, 0xff, 0xff, 0xff,
    0xff, 0xff, 0xff, 0xff, 0xff, 0xff, 0xff, 0xff, 0xff, 0xff, 0xff, 0xff, 0xff, 0xff, 0xff, 0xff, 0xff, 0x00, 0xff, 0xff, 0xff, 0xff, 0xff, 0xff, 0xff, 0xff, 0xff, 0x00, 0x00, 0x00, 0x00, 0x00,
    0x00, 0x00, 0x00, 0x00, 0x00, 0x00, 0x00, 0x00, 0x00, 0x00, 0x00, 0x00, 0x00, 0x00, 0x00, 0xff, 0xff, 0xff, 0xff, 0xff, 0xff, 0xff, 0xff, 0xff, 0xff, 0xff, 0xff, 0xff, 0xff, 0xff, 0xff, 0xff,
    0xff, 0xff, 0xff, 0xff, 0xff, 0xff, 0xff, 0xff, 0xff, 0xff, 0xff, 0xff, 0xff, 0xff, 0xff, 0xff, 0xff, 0x00, 0x00, 0x00, 0x00, 0x00, 0x00, 0xff, 0xff, 0xff, 0x00, 0x00, 0x00, 0x00, 0x00, 0x00,
    0x00, 0x00, 0x00, 0x00, 0x00, 0x00, 0x00, 0x00, 0x00, 0x00, 0x00, 0x00, 0x00, 0x00, 0x00, 0xff, 0xff, 0xff, 0xff, 0xff, 0xff, 0xff, 0xff, 0xff, 0xff, 0xff, 0xff, 0xff, 0xff, 0xff, 0xff, 0xff,
    0xff, 0xff, 0xff, 0xff, 0xff, 0xff, 0xff, 0xff, 0xff, 0xff, 0xff, 0xff, 0xff, 0xff, 0xff, 0xff, 0xff, 0xff, 0x00, 0x00, 0x00, 0x00, 0xff, 0xff, 0xff, 0x00, 0x00, 0x00, 0x00, 0x00, 0x00, 0x00,
    0x00, 0x00, 0x00, 0x00, 0x00, 0x00, 0x00, 0x00, 0x00, 0x00, 0x00, 0x00, 0x00, 0x00, 0x00, 0xff, 0xff, 0xff, 0xff, 0xff, 0xff, 0xff, 0xff, 0xff, 0xff, 0xff, 0xff, 0xff, 0xff, 0xff, 0xff, 0xff,
    0xff, 0xff, 0xff, 0xff, 0xff, 0xff, 0xff, 0xff, 0xff, 0xff, 0xff, 0xff, 0xff, 0xff, 0xff, 0xff, 0xff, 0xff, 0x00, 0x00, 0x00, 0xff, 0xff, 0xff, 0x00, 0x00, 0x00, 0x00, 0x00, 0x00, 0x00, 0x00,
    0x00, 0x00, 0x00, 0x00, 0x00, 0x00, 0x00, 0x00, 0x00, 0x00, 0x00, 0x00, 0x00, 0x00, 0x00, 0xff, 0xff, 0xff, 0xff, 0xff, 0xff, 0xff, 0xff, 0xff, 0xff, 0xff, 0xff, 0xff, 0xff, 0xff, 0xff, 0xff,
    0xff, 0xff, 0xff, 0xff, 0xff, 0xff, 0xff, 0xff, 0xff, 0xff, 0xff, 0xff, 0xff, 0xff, 0xff, 0xff, 0xff, 0xff, 0x00, 0x00, 0xff, 0xff, 0xff, 0x00, 0x00, 0x00, 0x00, 0x00, 0x00, 0x00, 0x00, 0x00,
    0x00, 0x00, 0x00, 0x00, 0x00, 0x00, 0x00, 0x00, 0x00, 0x00, 0x00, 0x00, 0x00, 0x00, 0xff, 0xff, 0xff, 0xff, 0xff, 0xff, 0xff, 0xff, 0xff, 0xff, 0xff, 0xff, 0xff, 0xff, 0xff, 0xff, 0xff, 0xff,
    0xff, 0xff, 0xff, 0xff, 0xff, 0xff, 0xff, 0xff, 0xff, 0xff, 0xff, 0xff, 0xff, 0xff, 0xff, 0xff, 0xff, 0xff, 0x00, 0xff, 0xff, 0xff, 0x00, 0x00, 0x00, 0x00, 0x00, 0x00, 0x00, 0x00, 0x00, 0x00,
    0x00, 0x00, 0x00, 0x00, 0x00, 0x00, 0x00, 0x00, 0x00, 0x00, 0x00, 0x00, 0x00, 0x00, 0xff, 0xff, 0xff, 0xff, 0xff, 0xff, 0xff, 0xff, 0xff, 0xff, 0xff, 0xff, 0xff, 0xff, 0xff, 0xff, 0xff, 0xff,
    0xff, 0xff, 0xff, 0xff, 0xff, 0xff, 0xff, 0xff, 0xff, 0xff, 0xff, 0xff, 0xff, 0xff, 0xff, 0xff, 0xff, 0xff, 0xff, 0xff, 0xff, 0x00, 0x00, 0x00, 0x00, 0x00, 0x00, 0x00, 0x00, 0x00, 0x00, 0x00,
    0x00, 0x00, 0x00, 0x00, 0x00, 0x00, 0x00, 0x00, 0x00, 0x00, 0x00, 0x00, 0x00, 0x00, 0xff, 0xff, 0xff, 0xff, 0xff, 0xff, 0xff, 0xff, 0xff, 0xff, 0xff, 0xff, 0xff, 0xff, 0xff, 0xff, 0xff, 0xff,
    0xff, 0xff, 0xff, 0xff, 0xff, 0xff, 0xff, 0xff, 0xff, 0xff, 0xff, 0xff, 0xff, 0xff, 0xff, 0xff, 0xff, 0xff, 0xff, 0xff, 0xff, 0xff, 0xff, 0xff, 0xff, 0xff, 0xff, 0x00, 0x00, 0x00, 0x00, 0x00,
    0x00, 0x00, 0x00, 0x00, 0x00, 0x00, 0x00, 0x00, 0x00, 0x00, 0x00, 0x00, 0x00, 0x00, 0x00, 0x00, 0x00, 0x00, 0x00, 0x00, 0x00, 0x00, 0xff, 0xff, 0xff, 0xff, 0xff, 0xff, 0xff, 0xff, 0xff, 0xff,
    0xff, 0xff, 0xff, 0xff, 0xff, 0xff, 0xff, 0xff, 0xff, 0xff, 0xff, 0x00, 0x00, 0x00, 0x00, 0x00, 0x00, 0x00, 0xff, 0xff, 0xff, 0xff, 0xff, 0xff, 0xff, 0xff, 0xff, 0x00, 0x00, 0x00, 0x00, 0x00,
    0x00, 0x00, 0x00, 0x00, 0x00, 0x00, 0x00, 0x00, 0x00, 0x00, 0x00, 0x00, 0x00, 0x00, 0x00, 0x00, 0x00, 0x00, 0x00, 0x00, 0x00, 0xff, 0xff, 0xff, 0xff, 0xff, 0xff, 0xff, 0xff, 0xff, 0xff, 0xff,
    0xff, 0xff, 0xff, 0xff, 0xff, 0xff, 0xff, 0xff, 0xff, 0xff, 0xff, 0xff, 0x00, 0x00, 0x00, 0x00, 0x00, 0x00, 0x00, 0x00, 0x00, 0x00, 0x00, 0x00, 0x00, 0x00, 0x00, 0x00, 0x00, 0x00, 0x00, 0x00,
    0x00, 0x00, 0x00, 0x00, 0x00, 0x00, 0x00, 0x00, 0x00, 0x00, 0x00, 0x00, 0x00, 0x00, 0x00, 0x00, 0x00, 0x00, 0x00, 0x00, 0xff, 0xff, 0xff, 0xff, 0xff, 0xff, 0xff, 0xff, 0xff, 0xff, 0xff, 0xff,
    0xff, 0xff, 0xff, 0xff, 0xff, 0xff, 0xff, 0xff, 0xff, 0xff, 0xff, 0xff, 0xff, 0x00, 0x00, 0x00, 0x00, 0x00, 0x00, 0x00, 0x00, 0x00, 0x00, 0x00, 0x00, 0x00, 0x00, 0x00, 0x00, 0x00, 0x00, 0x00,
    0x00, 0x00, 0x00, 0x00, 0x00, 0x00, 0x00, 0x00, 0x00, 0x00, 0x00, 0x00, 0x00, 0x00, 0x00, 0x00, 0x00, 0x00, 0x00, 0xff, 0xff, 0xff, 0xff, 0xff, 0xff, 0xff, 0xff, 0xff, 0xff, 0xff, 0xff, 0xff,
    0xff, 0xff, 0xff, 0xff, 0xff, 0xff, 0xff, 0xff, 0xff, 0xff, 0xff, 0xff, 0xff, 0xff, 0x00, 0x00, 0x00, 0x00, 0x00, 0x00, 0x00, 0x00, 0x00, 0x00, 0x00, 0x00, 0x00, 0x00, 0x00, 0x00, 0x00, 0x00,
    0x00, 0x00, 0x00, 0x00, 0x00, 0x00, 0x00, 0x00, 0x00, 0x00, 0x00, 0x00, 0x00, 0x00, 0x00, 0x00, 0x00, 0x00, 0xff, 0xff, 0xff, 0xff, 0xff, 0xff, 0xff, 0xff, 0xff, 0xff, 0xff, 0xff, 0xff, 0xff,
    0xff, 0xff, 0xff, 0xff, 0xff, 0xff, 0xff, 0xff, 0xff, 0xff, 0xff, 0xff, 0xff, 0xff, 0xff, 0x00, 0x00, 0x00, 0x00, 0x00, 0x00, 0x00, 0x00, 0x00, 0x00, 0x00, 0x00, 0x00, 0x00, 0x00, 0x00, 0x00,
    0x00, 0x00, 0x00, 0x00, 0x00, 0x00, 0x00, 0x00, 0x00, 0x00, 0x00, 0x00, 0x00, 0x00, 0x00, 0x00, 0x00, 0x00, 0xff, 0xff, 0xff, 0xff, 0xff, 0xff, 0xff, 0xff, 0xff, 0xff, 0xff, 0xff, 0xff, 0xff,
    0xff, 0xff, 0xff, 0xff, 0xff, 0xff, 0xff, 0xff, 0xff, 0xff, 0xff, 0xff, 0xff, 0xff, 0xff, 0x00, 0x00, 0x00, 0x00, 0x00, 0x00, 0x00, 0x00, 0x00, 0x00, 0x00, 0x00, 0x00, 0x00, 0x00, 0x00, 0x00,
    0x00, 0x00, 0x00, 0x00, 0x00, 0x00, 0x00, 0x00, 0x00, 0x00, 0x00, 0x00, 0x00, 0x00, 0x00, 0x00, 0x00, 0xff, 0xff, 0xff, 0xff, 0xff, 0xff, 0xff, 0xff, 0xff, 0xff, 0xff, 0xff, 0xff, 0xff, 0xff,
    0xff, 0xff, 0xff, 0xff, 0xff, 0xff, 0xff, 0xff, 0xff, 0xff, 0xff, 0xff, 0xff, 0xff, 0xff, 0xff, 0x00, 0x00, 0x00, 0x00, 0x00, 0x00, 0x00, 0x00, 0x00, 0x00, 0x00, 0x00, 0x00, 0x00, 0x00, 0x00,
    0x00, 0x00, 0x00, 0x00, 0x00, 0x00, 0x00, 0x00, 0x00, 0x00, 0x00, 0x00, 0x00, 0x00, 0x00, 0x00, 0x00, 0xff, 0xff, 0xff, 0xff, 0xff, 0xff, 0xff, 0xff, 0xff, 0xff, 0xff, 0xff, 0xff, 0xff, 0xff,
    0xff, 0xff, 0xff, 0xff, 0xff, 0xff, 0xff, 0xff, 0xff, 0xff, 0xff, 0xff, 0xff, 0xff, 0xff, 0xff, 0x00, 0x00, 0x00, 0x00, 0x00, 0x00, 0x00, 0x00, 0x00, 0x00, 0x00, 0x00, 0x00, 0x00, 0x00, 0x00,
    0x00, 0x00, 0x00, 0x00, 0x00, 0x00, 0x00, 0x00, 0x00, 0x00, 0x00, 0x00, 0x00, 0x00, 0x00, 0x00, 0xff, 0xff, 0xff, 0xff, 0xff, 0xff, 0xff, 0xff, 0xff, 0xff, 0xff, 0xff, 0xff, 0xff, 0xff, 0xff,
    0xff, 0xff, 0xff, 0xff, 0xff, 0xff, 0xff, 0xff, 0xff, 0xff, 0xff, 0xff, 0xff, 0xff, 0xff, 0xff, 0xff, 0x00, 0x00, 0x00, 0x00, 0x00, 0x00, 0x00, 0x00, 0x00, 0x00, 0x00, 0x00, 0x00, 0x00, 0x00,
    0x00, 0x00, 0x00, 0x00, 0x00, 0x00, 0x00, 0x00, 0x00, 0x00, 0x00, 0x00, 0x00, 0x00, 0x00, 0x00, 0xff, 0xff, 0xff, 0xff, 0xff, 0xff, 0xff, 0xff, 0xff, 0xff, 0xff, 0xff, 0xff, 0xff, 0xff, 0xff,
    0xff, 0xff, 0xff, 0xff, 0xff, 0xff, 0xff, 0xff, 0xff, 0xff, 0xff, 0xff, 0xff, 0xff, 0xff, 0xff, 0xff, 0x00, 0x00, 0x00, 0x00, 0x00, 0x00, 0x00, 0x00, 0x00, 0x00, 0x00, 0x00, 0x00, 0x00, 0x00,
    0x00, 0x00, 0x00, 0x00, 0x00, 0x00, 0x00, 0x00, 0x00, 0x00, 0x00, 0x00, 0x00, 0x00, 0x00, 0x00, 0xff, 0xff, 0xff, 0xff, 0xff, 0xff, 0xff, 0xff, 0xff, 0xff, 0xff, 0xff, 0xff, 0xff, 0xff, 0xff,
    0xff, 0xff, 0xff, 0xff, 0xff, 0xff, 0xff, 0xff, 0xff, 0xff, 0xff, 0xff, 0xff, 0xff, 0xff, 0xff, 0xff, 0x00, 0x00, 0x00, 0x00, 0x00, 0x00, 0x00, 0x00, 0x00, 0x00, 0x00, 0x00, 0x00, 0x00, 0x00,
    0x00, 0x00, 0x00, 0x00, 0x00, 0x00, 0x00, 0x00, 0x00, 0x00, 0x00, 0x00, 0x00, 0x00, 0x00, 0x00, 0xff, 0xff, 0xff, 0xff, 0xff, 0xff, 0xff, 0xff, 0xff, 0xff, 0xff, 0xff, 0xff, 0xff, 0xff, 0xff,
    0xff, 0xff, 0xff, 0xff, 0xff, 0xff, 0xff, 0xff, 0xff, 0xff, 0xff, 0xff, 0xff, 0xff, 0xff, 0xff, 0xff, 0x00, 0x00, 0x00, 0x00, 0x00, 0x00, 0x00, 0x00, 0x00, 0x00, 0x00, 0x00, 0x00, 0x00, 0x00,
    0x00, 0x00, 0x00, 0x00, 0x00, 0x00, 0x00, 0x00, 0x00, 0x00, 0x00, 0x00, 0x00, 0x00, 0x00, 0x00, 0xff, 0xff, 0xff, 0xff, 0xff, 0xff, 0xff, 0xff, 0xff, 0xff, 0xff, 0xff, 0xff, 0xff, 0xff, 0xff,
    0xff, 0xff, 0xff, 0xff, 0xff, 0xff, 0xff, 0xff, 0xff, 0xff, 0xff, 0xff, 0xff, 0xff, 0xff, 0xff, 0xff, 0x00, 0x00, 0x00, 0x00, 0x00, 0x00, 0x00, 0x00, 0x00, 0x00, 0x00, 0x00, 0x00, 0x00, 0x00,
    0x00, 0x00, 0x00, 0x00, 0x00, 0x00, 0x00, 0x00, 0x00, 0x00, 0x00, 0x00, 0x00, 0x00, 0x00, 0x00, 0xff, 0xff, 0xff, 0xff, 0xff, 0xff, 0xff, 0xff, 0xff, 0xff, 0xff, 0xff, 0xff, 0xff, 0xff, 0xff,
    0xff, 0xff, 0xff, 0xff, 0xff, 0xff, 0xff, 0xff, 0xff, 0xff, 0xff, 0xff, 0xff, 0xff, 0xff, 0xff, 0xff, 0x00, 0x00, 0x00, 0x00, 0x00, 0x00, 0x00, 0x00, 0x00, 0x00, 0x00, 0x00, 0x00, 0x00, 0x00,
    0x00, 0x00, 0x00, 0x00, 0x00, 0x00, 0x00, 0x00, 0x00, 0x00, 0x00, 0x00, 0x00, 0x00, 0x00, 0x00, 0xff, 0xff, 0xff, 0xff, 0xff, 0xff, 0xff, 0xff, 0xff, 0xff, 0xff, 0xff, 0xff, 0xff, 0xff, 0xff,
    0xff, 0xff, 0xff, 0xff, 0xff, 0xff, 0xff, 0xff, 0xff, 0xff, 0xff, 0xff, 0xff, 0xff, 0xff, 0xff, 0xff, 0x00, 0x00, 0x00, 0x00, 0x00, 0x00, 0x00, 0x00, 0x00, 0x00, 0x00, 0x00, 0x00, 0x00, 0x00,
    0x00, 0x00, 0x00, 0x00, 0x00, 0x00, 0x00, 0x00, 0x00, 0x00, 0x00, 0x00, 0x00, 0x00, 0x00, 0x00, 0x00, 0xff, 0xff, 0xff, 0xff, 0xff, 0xff, 0xff, 0xff, 0xff, 0xff, 0xff, 0xff, 0xff, 0xff, 0xff,
    0xff, 0xff, 0xff, 0xff, 0xff, 0xff, 0xff, 0xff, 0xff, 0xff, 0xff, 0xff, 0xff, 0xff, 0xff, 0xff, 0x00, 0x00, 0x00, 0x00, 0x00, 0x00, 0x00, 0x00, 0x00, 0x00, 0x00, 0x00, 0x00, 0x00, 0x00, 0x00,
    0x00, 0x00, 0x00, 0x00, 0x00, 0x00, 0x00, 0x00, 0x00, 0x00, 0x00, 0x00, 0x00, 0x00, 0x00, 0x00, 0x00, 0xff, 0xff, 0xff, 0xff, 0xff, 0xff, 0xff, 0xff, 0xff, 0xff, 0xff, 0xff, 0xff, 0xff, 0xff,
    0xff, 0xff, 0xff, 0xff, 0xff, 0xff, 0xff, 0xff, 0xff, 0xff, 0xff, 0xff, 0xff, 0xff, 0xff, 0xff, 0x00, 0x00, 0x00, 0x00, 0x00, 0x00, 0x00, 0x00, 0x00, 0x00, 0x00, 0x00, 0x00, 0x00, 0x00, 0x00,
    0x00, 0x00, 0x00, 0x00, 0x00, 0x00, 0x00, 0x00, 0x00, 0x00, 0x00, 0x00, 0x00, 0x00, 0x00, 0x00, 0x00, 0x00, 0xff, 0xff, 0xff, 0xff, 0xff, 0xff, 0xff, 0xff, 0xff, 0xff, 0xff, 0xff, 0xff, 0xff,
    0xff, 0xff, 0xff, 0xff, 0xff, 0xff, 0xff, 0xff, 0xff, 0xff, 0xff, 0xff, 0xff, 0xff, 0xff, 0x00, 0x00, 0x00, 0x00, 0x00, 0x00, 0x00, 0x00, 0x00, 0x00, 0x00, 0x00, 0x00, 0x00, 0x00, 0x00, 0x00,
    0x00, 0x00, 0x00, 0x00, 0x00, 0x00, 0x00, 0x00, 0x00, 0x00, 0x00, 0x00, 0x00, 0x00, 0x00, 0x00, 0x00, 0x00, 0xff, 0xff, 0xff, 0xff, 0xff, 0xff, 0xff, 0xff, 0xff, 0xff, 0xff, 0xff, 0xff, 0xff,
    0xff, 0xff, 0xff, 0xff, 0xff, 0xff, 0xff, 0xff, 0xff, 0xff, 0xff, 0xff, 0xff, 0xff, 0xff, 0x00, 0x00, 0x00, 0x00, 0x00, 0x00, 0x00, 0x00, 0x00, 0x00, 0x00, 0x00, 0x00, 0x00, 0x00, 0x00, 0x00,
    0x00, 0x00, 0x00, 0x00, 0x00, 0x00, 0x00, 0x00, 0x00, 0x00, 0x00, 0x00, 0x00, 0x00, 0x00, 0x00, 0x00, 0x00, 0x00, 0xff, 0xff, 0xff, 0xff, 0xff, 0xff, 0xff, 0xff, 0xff, 0xff, 0xff, 0xff, 0xff,
    0xff, 0xff, 0xff, 0xff, 0xff, 0xff, 0xff, 0xff, 0xff, 0xff, 0xff, 0xff, 0xff, 0xff, 0xff, 0x00, 0x00, 0x00, 0x00, 0x00, 0x00, 0x00, 0x00, 0x00, 0x00, 0x00, 0x00, 0x00, 0x00, 0x00, 0x00, 0x00,
    0x00, 0x00, 0x00, 0x00, 0x00, 0x00, 0x00, 0x00, 0x00, 0x00, 0x00, 0x00, 0x00, 0x00, 0x00, 0x00, 0x00, 0x00, 0x00, 0x00, 0xff, 0xff, 0xff, 0xff, 0xff, 0xff, 0xff, 0xff, 0xff, 0xff, 0xff, 0xff,
    0xff, 0xff, 0xff, 0xff, 0xff, 0xff, 0xff, 0xff, 0xff, 0xff, 0xff, 0xff, 0xff, 0xff, 0x00, 0x00, 0x00, 0x00, 0x00, 0x00, 0x00, 0x00, 0x00, 0x00, 0x00, 0x00, 0x00, 0x00, 0x00, 0x00, 0x00, 0x00,
    0x00, 0x00, 0x00, 0x00, 0x00, 0x00, 0x00, 0x00, 0x00, 0x00, 0x00, 0x00, 0x00, 0x00, 0x00, 0x00, 0x00, 0x00, 0x00, 0x00, 0x00, 0xff, 0xff, 0xff, 0xff, 0xff, 0xff, 0xff, 0xff, 0xff, 0xff, 0xff,
    0xff, 0xff, 0xff, 0xff, 0xff, 0xff, 0xff, 0xff, 0xff, 0xff, 0xff, 0xff, 0xff, 0xff, 0x00, 0x00, 0x00, 0x00, 0x00, 0x00, 0x00, 0x00, 0x00, 0x00, 0x00, 0x00, 0x00, 0x00, 0x00, 0x00, 0x00, 0x00,
    0x00, 0x00, 0x00, 0x00, 0x00, 0x00, 0x00, 0x00, 0x00, 0x00, 0x00, 0x00, 0x00, 0x00, 0x00, 0x00, 0x00, 0x00, 0x00, 0x00, 0x00, 0x00, 0xff, 0xff, 0xff, 0xff, 0xff, 0xff, 0xff, 0xff, 0xff, 0xff,
    0xff, 0xff, 0xff, 0xff, 0xff, 0xff, 0xff, 0xff, 0xff, 0xff, 0xff, 0xff, 0xff, 0x00, 0x00, 0x00, 0x00, 0x00, 0x00, 0x00, 0x00, 0x00, 0x00, 0x00, 0x00, 0x00, 0x00, 0x00, 0x00, 0x00, 0x00, 0x00,
    0x00, 0x00, 0x00, 0x00, 0x00, 0x00, 0x00, 0x00, 0x00, 0x00, 0x00, 0x00, 0x00, 0x00, 0x00, 0x00, 0x00, 0x00, 0x00, 0x00, 0xff, 0xff, 0xff, 0xff, 0xff, 0xff, 0xff, 0xff, 0xff, 0xff, 0xff, 0xff,
    0xff, 0xff, 0xff, 0xff, 0xff, 0xff, 0xff, 0xff, 0xff, 0xff, 0xff, 0xff, 0xff, 0x00, 0x00, 0x00, 0x00, 0x00, 0x00, 0x00, 0x00, 0x00, 0x00, 0x00, 0x00, 0x00, 0x00, 0x00, 0x00, 0x00, 0x00, 0x00,
    0x00, 0x00, 0x00, 0x00, 0x00, 0x00, 0x00, 0x00, 0x00, 0x00, 0x00, 0x00, 0x00, 0x00, 0x00, 0x00, 0x00, 0x00, 0x00, 0xff, 0xff, 0xff, 0xff, 0xff, 0xff, 0xff, 0xff, 0xff, 0xff, 0xff, 0xff, 0xff,
    0xff, 0xff, 0xff, 0xff, 0xff, 0xff, 0xff, 0xff, 0xff, 0xff, 0xff, 0xff, 0xff, 0xff, 0x00, 0x00, 0x00, 0x00, 0x00, 0x00, 0x00, 0x00, 0x00, 0x00, 0x00, 0x00, 0x00, 0x00, 0x00, 0x00, 0x00, 0x00,
    0x00, 0x00, 0x00, 0x00, 0x00, 0x00, 0x00, 0x00, 0x00, 0x00, 0x00, 0x00, 0x00, 0x00, 0x00, 0x00, 0x00, 0x00, 0x00, 0xff, 0xff, 0xff, 0xff, 0xff, 0xff, 0xff, 0xff, 0xff, 0xff, 0xff, 0xff, 0xff,
    0xff, 0xff, 0xff, 0xff, 0xff, 0xff, 0xff, 0xff, 0xff, 0xff, 0xff, 0xff, 0xff, 0xff, 0x00, 0x00, 0x00, 0x00, 0x00, 0x00, 0x00, 0x00, 0x00, 0x00, 0x00, 0x00, 0x00, 0x00, 0x00, 0x00, 0x00, 0x00,
    0x00, 0x00, 0x00, 0x00, 0x00, 0x00, 0x00, 0x00, 0x00, 0x00, 0x00, 0x00, 0x00, 0x00, 0x00, 0x00, 0x00, 0x00, 0xff, 0xff, 0xff, 0xff, 0xff, 0xff, 0xff, 0xff, 0xff, 0xff, 0xff, 0xff, 0xff, 0xff,
    0xff, 0xff, 0xff, 0xff, 0xff, 0xff, 0xff, 0xff, 0xff, 0xff, 0xff, 0xff, 0xff, 0xff, 0xff, 0x00, 0x00, 0x00, 0x00, 0x00, 0x00, 0x00, 0x00, 0x00, 0x00, 0x00, 0x00, 0x00, 0x00, 0x00, 0x00, 0x00,
    0x00, 0x00, 0x00, 0x00, 0x00, 0x00, 0x00, 0x00, 0x00, 0x00, 0x00, 0x00, 0x00, 0x00, 0x00, 0x00, 0x00, 0x00, 0xff, 0xff, 0xff, 0xff, 0xff, 0xff, 0xff, 0xff, 0xff, 0xff, 0xff, 0xff, 0xff, 0xff,
    0xff, 0xff, 0xff, 0xff, 0xff, 0xff, 0xff, 0xff, 0xff, 0xff, 0xff, 0xff, 0xff, 0xff, 0xff, 0x00, 0x00, 0x00, 0x00, 0x00, 0x00, 0x00, 0x00, 0x00, 0x00, 0x00, 0x00, 0x00, 0x00, 0x00, 0x00, 0x00,
    0x00, 0x00, 0x00, 0x00, 0x00, 0x00, 0x00, 0x00, 0x00, 0x00, 0x00, 0x00, 0x00, 0x00, 0x00, 0x00, 0x00, 0xff, 0xff, 0xff, 0xff, 0xff, 0xff, 0xff, 0xff, 0xff, 0xff, 0xff, 0xff, 0xff, 0xff, 0xff,
    0xff, 0xff, 0xff, 0xff, 0xff, 0xff, 0xff, 0xff, 0xff, 0xff, 0xff, 0xff, 0xff, 0xff, 0xff, 0xff, 0x00, 0x00, 0x00, 0x00, 0x00, 0x00, 0x00, 0x00, 0x00, 0x00, 0x00, 0x00, 0x00, 0x00, 0x00, 0x00,
    0x00, 0x00, 0x00, 0x00, 0x00, 0x00, 0x00, 0x00, 0x00, 0x00, 0x00, 0x00, 0x00, 0x00, 0x00, 0x00, 0x00, 0xff, 0xff, 0xff, 0xff, 0xff, 0xff, 0xff, 0xff, 0xff, 0xff, 0xff, 0xff, 0xff, 0xff, 0xff,
    0xff, 0xff, 0xff, 0xff, 0xff, 0xff, 0xff, 0xff, 0xff, 0xff, 0xff, 0xff, 0xff, 0xff, 0xff, 0xff, 0x00, 0x00, 0x00, 0x00, 0x00, 0x00, 0x00, 0x00, 0x00, 0x00, 0x00, 0x00, 0x00, 0x00, 0x00, 0x00,
    0x00, 0x00, 0x00, 0x00, 0x00, 0x00, 0x00, 0x00, 0x00, 0x00, 0x00, 0x00, 0x00, 0x00, 0x00, 0x00, 0xff, 0xff, 0xff, 0xff, 0xff, 0xff, 0xff, 0xff, 0xff, 0xff, 0xff, 0xff, 0xff, 0xff, 0xff, 0xff,
    0xff, 0xff, 0xff, 0xff, 0xff, 0xff, 0xff, 0xff, 0xff, 0xff, 0xff, 0xff, 0xff, 0xff, 0xff, 0xff, 0xff, 0x00, 0x00, 0x00, 0x00, 0x00, 0x00, 0x00, 0x00, 0x00, 0x00, 0x00, 0x00, 0x00, 0x00, 0x00,
    0x00, 0x00, 0x00, 0x00, 0x00, 0x00, 0x00, 0x00, 0x00, 0x00, 0x00, 0x00, 0x00, 0x00, 0x00, 0x00, 0xff, 0xff, 0xff, 0xff, 0xff, 0xff, 0xff, 0xff, 0xff, 0xff, 0xff, 0xff, 0xff, 0xff, 0xff, 0xff,
    0xff, 0xff, 0xff, 0xff, 0xff, 0xff, 0xff, 0xff, 0xff, 0xff, 0xff, 0xff, 0xff, 0xff, 0xff, 0xff, 0xff, 0x00, 0x00, 0x00, 0x00, 0x00, 0x00, 0x00, 0x00, 0x00, 0x00, 0x00, 0x00, 0x00, 0x00, 0x00,
    0x00, 0x00, 0x00, 0x00, 0x00, 0x00, 0x00, 0x00, 0x00, 0x00, 0x00, 0x00, 0x00, 0x00, 0x00, 0xff, 0xff, 0xff, 0xff, 0xff, 0xff, 0xff, 0xff, 0xff, 0xff, 0xff, 0xff, 0xff, 0xff, 0xff, 0xff, 0xff,
    0xff, 0xff, 0xff, 0xff, 0xff, 0xff, 0xff, 0xff, 0xff, 0xff, 0xff, 0xff, 0xff, 0xff, 0xff, 0xff, 0xff, 0xff, 0x00, 0x00, 0x00, 0x00, 0x00, 0x00, 0x00, 0x00, 0x00, 0x00, 0x00, 0x00, 0x00, 0x00,
    0x00, 0x00, 0x00, 0x00, 0x00, 0x00, 0x00, 0x00, 0x00, 0x00, 0x00, 0x00, 0x00, 0x00, 0xff, 0xff, 0xff, 0xff, 0xff, 0xff, 0xff, 0xff, 0xff, 0xff, 0xff, 0xff, 0xff, 0xff, 0xff, 0xff, 0xff, 0xff,
    0xff, 0xff, 0xff, 0xff, 0xff, 0xff, 0xff, 0xff, 0xff, 0xff, 0xff, 0xff, 0xff, 0xff, 0xff, 0xff, 0xff, 0xff, 0xff, 0x00, 0x00, 0x00, 0x00, 0x00, 0x00, 0x00, 0x00, 0x00, 0x00, 0x00, 0x00, 0x00,
    0x00, 0x00, 0x00, 0x00, 0x00, 0x00, 0x00, 0x00, 0x00, 0x00, 0x00, 0x00, 0x00, 0x00, 0xff, 0xff, 0xff, 0xff, 0xff, 0xff, 0xff, 0xff, 0xff, 0xff, 0xff, 0xff, 0xff, 0xff, 0xff, 0xff, 0xff, 0xff,
    0xff, 0xff, 0xff, 0xff, 0xff, 0xff, 0xff, 0xff, 0xff, 0xff, 0xff, 0xff, 0xff, 0xff, 0xff, 0xff, 0xff, 0xff, 0xff, 0x00, 0x00, 0x00, 0x00, 0x00, 0x00, 0x00, 0x00, 0x00, 0x00, 0x00, 0x00, 0x00,
    0x00, 0x00, 0x00, 0x00, 0x00, 0x00, 0x00, 0x00, 0x00, 0x00, 0x00, 0x00, 0x00, 0xff, 0xff, 0xff, 0xff, 0xff, 0xff, 0xff, 0xff, 0xff, 0xff, 0xff, 0xff, 0xff, 0xff, 0xff, 0xff, 0xff, 0xff, 0xff,
    0xff, 0xff, 0xff, 0xff, 0xff, 0xff, 0xff, 0xff, 0xff, 0xff, 0xff, 0xff, 0xff, 0xff, 0xff, 0xff, 0xff, 0xff, 0xff, 0xff, 0x00, 0x00, 0x00, 0x00, 0x00, 0x00, 0x00, 0x00, 0x00, 0x00, 0x00, 0x00,
    0x00, 0x00, 0x00, 0x00, 0x00, 0x00, 0x00, 0x00, 0x00, 0x00, 0x00, 0x00, 0x00, 0xff, 0xff, 0xff, 0xff, 0xff, 0xff, 0xff, 0xff, 0xff, 0xff, 0xff, 0xff, 0xff, 0xff, 0xff, 0xff, 0xff, 0xff, 0xff,
    0xff, 0xff, 0xff, 0xff, 0xff, 0xff, 0xff, 0xff, 0xff, 0xff, 0xff, 0xff, 0xff, 0xff, 0xff, 0xff, 0xff, 0xff, 0xff, 0xff, 0x00, 0x00, 0x00, 0x00, 0x00, 0x00, 0x00, 0x00, 0x00, 0x00, 0x00, 0x00,
    0x00, 0x00, 0x00, 0x00, 0x00, 0x00, 0x00, 0x00, 0x00, 0x00, 0x00, 0x00, 0xff, 0xff, 0xff, 0xff, 0xff, 0xff, 0xff, 0xff, 0xff, 0xff, 0xff, 0xff, 0xff, 0xff, 0xff, 0xff, 0xff, 0xff, 0xff, 0xff,
    0xff, 0xff, 0xff, 0xff, 0xff, 0xff, 0xff, 0xff, 0xff, 0xff, 0xff, 0xff, 0xff, 0xff, 0xff, 0xff, 0xff, 0xff, 0xff, 0xff, 0xff, 0x00, 0x00, 0x00, 0x00, 0x00, 0x00, 0x00, 0x00, 0x00, 0x00, 0x00,
    0x00, 0x00, 0x00, 0x00, 0x00, 0x00, 0x00, 0x00, 0x00, 0x00, 0x00, 0x00, 0xff, 0xff, 0xff, 0xff, 0xff, 0xff, 0xff, 0xff, 0xff, 0xff, 0xff, 0xff, 0xff, 0xff, 0xff, 0xff, 0xff, 0xff, 0xff, 0xff,
    0xff, 0xff, 0xff, 0xff, 0xff, 0xff, 0xff, 0xff, 0xff, 0xff, 0xff, 0xff, 0xff, 0xff, 0xff, 0xff, 0xff, 0xff, 0xff, 0xff, 0xff, 0x00, 0x00, 0x00, 0x00, 0x00, 0x00, 0x00, 0x00, 0x00, 0x00, 0x00,
    0x00, 0x00, 0x00, 0x00, 0x00, 0x00, 0x00, 0x00, 0x00, 0x00, 0x00, 0xff, 0xff, 0xff, 0xff, 0xff, 0xff, 0xff, 0xff, 0xff, 0xff, 0xff, 0xff, 0xff, 0xff, 0xff, 0xff, 0xff, 0xff, 0xff, 0xff, 0xff,
    0xff, 0xff, 0xff, 0xff, 0xff, 0xff, 0xff, 0xff, 0xff, 0xff, 0xff, 0xff, 0xff, 0xff, 0xff, 0xff, 0xff, 0xff, 0xff, 0xff, 0xff, 0xff, 0x00, 0x00, 0x00, 0x00, 0x00, 0x00, 0x00, 0x00, 0x00, 0x00,
    0x00, 0x00, 0x00, 0x00, 0x00, 0x00, 0x00, 0x00, 0x00, 0x00, 0x00, 0xff, 0xff, 0xff, 0xff, 0xff, 0xff, 0xff, 0xff, 0xff, 0xff, 0xff, 0xff, 0xff, 0xff, 0xff, 0xff, 0xff, 0xff, 0xff, 0xff, 0xff,
    0xff, 0xff, 0xff, 0xff, 0xff, 0xff, 0xff, 0xff, 0xff, 0xff, 0xff, 0xff, 0xff, 0xff, 0xff, 0xff, 0xff, 0xff, 0xff, 0xff, 0xff, 0xff, 0x00, 0x00, 0x00, 0x00, 0x00, 0x00, 0x00, 0x00, 0x00, 0x00,
    0x00, 0x00, 0x00, 0x00, 0x00, 0x00, 0x00, 0x00, 0x00, 0x00, 0xff, 0xff, 0xff, 0xff, 0xff, 0xff, 0xff, 0xff, 0xff, 0xff, 0xff, 0xff, 0xff, 0xff, 0xff, 0xff, 0xff, 0xff, 0xff, 0xff, 0xff, 0xff,
    0xff, 0xff, 0xff, 0xff, 0xff, 0xff, 0xff, 0xff, 0xff, 0xff, 0xff, 0xff, 0xff, 0xff, 0xff, 0xff, 0xff, 0xff, 0xff, 0xff, 0xff, 0xff, 0xff, 0x00, 0x00, 0x00, 0x00, 0x00, 0x00, 0x00, 0x00, 0x00,
    0x00, 0x00, 0x00, 0x00, 0x00, 0x00, 0x00, 0x00, 0x00, 0x00, 0x00, 0x00, 0x00, 0x00, 0x00, 0x00, 0x00, 0x00, 0x00, 0x00, 0x00, 0x00, 0xff, 0xff, 0xff, 0xff, 0xff, 0x00, 0x00, 0x00, 0x00, 0x00,
    0x00, 0x00, 0x00, 0x00, 0x00, 0x00, 0xff, 0xff, 0xff, 0xff, 0xff, 0x00, 0x00, 0x00, 0x00, 0x00, 0x00, 0x00, 0x00, 0x00, 0x00, 0x00, 0x00, 0x00, 0x00, 0x00, 0x00, 0x00, 0x00, 0x00, 0x00, 0x00,
    0x00, 0x00, 0x00, 0x00, 0x00, 0x00, 0x00, 0x00, 0x00, 0x00, 0x00, 0x00, 0x00, 0x00, 0x00, 0x00, 0x00, 0x00, 0x00, 0x00, 0x00, 0xff, 0xff, 0xff, 0xff, 0xff, 0xff, 0xff, 0x00, 0x00, 0x00, 0x00,
    0x00, 0x00, 0x00, 0x00, 0x00, 0xff, 0xff, 0xff, 0xff, 0xff, 0xff, 0xff, 0x00, 0x00, 0x00, 0x00, 0x00, 0x00, 0x00, 0x00, 0x00, 0x00, 0x00, 0x00, 0x00, 0x00, 0x00, 0x00, 0x00, 0x00, 0x00, 0x00,
    0x00, 0x00, 0x00, 0x00, 0x00, 0x00, 0x00, 0x00, 0x00, 0x00, 0x00, 0x00, 0x00, 0x00, 0x00, 0x00, 0x00, 0x00, 0x00, 0x00, 0x00, 0xff, 0xff, 0xff, 0xff, 0xff, 0xff, 0xff, 0x00, 0x00, 0x00, 0x00,
    0x00, 0x00, 0x00, 0x00, 0x00, 0xff, 0xff, 0xff, 0xff, 0xff, 0xff, 0xff, 0x00, 0x00, 0x00, 0x00, 0x00, 0x00, 0x00, 0x00, 0x00, 0x00, 0x00, 0x00, 0x00, 0x00, 0x00, 0x00, 0x00, 0x00, 0x00, 0x00,
    0x00, 0x00, 0x00, 0x00, 0x00, 0x00, 0x00, 0x00, 0x00, 0x00, 0x00, 0x00, 0x00, 0x00, 0x00, 0x00, 0x00, 0x00, 0x00, 0x00, 0x00, 0x00, 0x00, 0x00, 0x00, 0x00, 0x00, 0x00, 0x00, 0x00, 0x00, 0x00,
    0x00, 0x00, 0x00, 0x00, 0x00, 0x00, 0x00, 0x00, 0x00, 0x00, 0x00, 0x00, 0x00, 0x00, 0x00, 0x00, 0x00, 0x00, 0x00, 0x00, 0x00, 0x00, 0x00, 0x00, 0x00, 0x00, 0x00, 0x00, 0x00, 0x00, 0x00, 0x00,
    0x00, 0x00, 0x00, 0x00, 0x00, 0x00, 0x00, 0x00, 0x00, 0x00, 0x00, 0x00, 0x00, 0x00, 0x00, 0x00, 0x00, 0x00, 0x00, 0x00, 0x00, 0x00, 0x00, 0x00, 0x00, 0x00, 0x00, 0x00, 0x00, 0x00, 0x00, 0x00,
    0x00, 0x00, 0x00, 0x00, 0x00, 0x00, 0x00, 0x00, 0x00, 0x00, 0x00, 0x00, 0x00, 0x00, 0x00, 0x00, 0x00, 0x00, 0x00, 0x00, 0x00, 0x00, 0x00, 0x00, 0x00, 0x00, 0x00, 0x00, 0x00, 0x00, 0x00, 0x00,
};

const lv_image_dsc_t sabrina_sleep_b = {
    .header = {
        .magic = LV_IMAGE_HEADER_MAGIC,
        .cf = LV_COLOR_FORMAT_RGB565A8,
        .flags = 0,
        .w = 64,
        .h = 64,
        .stride = 128,
    },
    .data_size = sizeof(sabrina_sleep_b_map),
    .data = sabrina_sleep_b_map,
};

static const uint8_t sabrina_talk_a_map[] = {
    0x00, 0x00, 0x00, 0x00, 0x00, 0x00, 0x00, 0x00, 0x00, 0x00, 0x00, 0x00, 0x00, 0x00, 0x00, 0x00, 0x00, 0x00, 0x00, 0x00, 0x00, 0x00, 0x00, 0x00, 0x00, 0x00, 0x00, 0x00, 0x00, 0x00, 0x00, 0x00,
    0x00, 0x00, 0x00, 0x00, 0x4a, 0x59, 0x00, 0x00, 0x00, 0x00, 0x00, 0x00, 0x00, 0x00, 0x00, 0x00, 0x00, 0x00, 0x00, 0x00, 0x00, 0x00, 0x00, 0x00, 0x00, 0x00, 0x00, 0x00, 0x00, 0x00, 0x00, 0x00,
    0x00, 0x00, 0x00, 0x00, 0x00, 0x00, 0x00, 0x00, 0x00, 0x00, 0x00, 0x00, 0x00, 0x00, 0x00, 0x00, 0x00, 0x00, 0x00, 0x00, 0x00, 0x00, 0x00, 0x00, 0x00, 0x00, 0x00, 0x00, 0x4a, 0x59, 0x00, 0x00,
    0x00, 0x00, 0x00, 0x00, 0x00, 0x00, 0x00, 0x00, 0x00, 0x00, 0x00, 0x00, 0x00, 0x00, 0x00, 0x00, 0x00, 0x00, 0x00, 0x00, 0x00, 0x00, 0x00, 0x00, 0x00, 0x00, 0x00, 0x00, 0x00, 0x00, 0x00, 0x00,
    0x00, 0x00, 0x00, 0x00, 0x00, 0x00, 0x00, 0x00, 0x00, 0x00, 0x00, 0x00, 0x00, 0x00, 0x00, 0x00, 0x00, 0x00, 0x00, 0x00, 0x00, 0x00, 0x00, 0x00, 0x00, 0x00, 0x00, 0x00, 0x00, 0x00, 0x00, 0x00,
    0x00, 0x00, 0x00, 0x00, 0x4a, 0x59, 0x00, 0x00, 0x00, 0x00, 0x00, 0x00, 0x00, 0x00, 0x00, 0x00, 0x00, 0x00, 0x00, 0x00, 0x00, 0x00, 0x00, 0x00, 0x00, 0x00, 0x00, 0x00, 0x00, 0x00, 0x00, 0x00,
    0x00, 0x00, 0x00, 0x00, 0x00, 0x00, 0x00, 0x00, 0x00, 0x00, 0x00, 0x00, 0x00, 0x00, 0x00, 0x00, 0x00, 0x00, 0x00, 0x00, 0x00, 0x00, 0x00, 0x00, 0x00, 0x00, 0x4a, 0x59, 0x4a, 0x59, 0x00, 0x00,
    0x00, 0x00, 0x00, 0x00, 0x00, 0x00, 0x00, 0x00, 0x00, 0x00, 0x00, 0x00, 0x00, 0x00, 0x00, 0x00, 0x00, 0x00, 0x00, 0x00, 0x00, 0x00, 0x00, 0x00, 0x00, 0x00, 0x00, 0x00, 0x00, 0x00, 0x00, 0x00,
    0x00, 0x00, 0x00, 0x00, 0x00, 0x00, 0x00, 0x00, 0x00, 0x00, 0x00, 0x00, 0x00, 0x00, 0x00, 0x00, 0x00, 0x00, 0x00, 0x00, 0x00, 0x00, 0x00, 0x00, 0x00, 0x00, 0x00, 0x00, 0x00, 0x00, 0x00, 0x00,
    0x00, 0x00, 0x4a, 0x59, 0x7a, 0xfd, 0x4a, 0x59, 0x00, 0x00, 0x00, 0x00, 0x00, 0x00, 0x00, 0x00, 0x00, 0x00, 0x00, 0x00, 0x00, 0x00, 0x00, 0x00, 0x00, 0x00, 0x00, 0x00, 0x00, 0x00, 0x00, 0x00,
    0x00, 0x00, 0x00, 0x00, 0x00, 0x00, 0x00, 0x00, 0x00, 0x00, 0x00, 0x00, 0x00, 0x00, 0x00, 0x00, 0x00, 0x00, 0x00, 0x00, 0x00, 0x00, 0x00, 0x00, 0x00, 0x00, 0x4a, 0x59, 0x4a, 0x59, 0x00, 0x00,
    0x00, 0x00, 0x00, 0x00, 0x00, 0x00, 0x00, 0x00, 0x00, 0x00, 0x00, 0x00, 0x00, 0x00, 0x00, 0x00, 0x00, 0x00, 0x00, 0x00, 0x00, 0x00, 0x00, 0x00, 0x00, 0x00, 0x00, 0x00, 0x00, 0x00, 0x00, 0x00,
    0x00, 0x00, 0x00, 0x00, 0x00, 0x00, 0x00, 0x00, 0x00, 0x00, 0x00, 0x00, 0x00, 0x00, 0x00, 0x00, 0x00, 0x00, 0x00, 0x00, 0x00, 0x00, 0x00, 0x00, 0x00, 0x00, 0x00, 0x00, 0x00, 0x00, 0x00, 0x00,
    0x00, 0x00, 0x4a, 0x59, 0x7a, 0xfd, 0x4a, 0x59, 0x00, 0x00, 0x00, 0x00, 0x00, 0x00, 0x00, 0x00, 0x00, 0x00, 0x00, 0x00, 0x00, 0x00, 0x00, 0x00, 0x00, 0x00, 0x00, 0x00, 0x00, 0x00, 0x00, 0x00,
    0x00, 0x00, 0x00, 0x00, 0x00, 0x00, 0x00, 0x00, 0x00, 0x00, 0x00, 0x00, 0x00, 0x00, 0x00, 0x00, 0x00, 0x00, 0x00, 0x00, 0x00, 0x00, 0x00, 0x00, 0x4a, 0x59, 0x7a, 0xfd, 0x7a, 0xfd, 0x4a, 0x59,
    0x00, 0x00, 0x00, 0x00, 0x00, 0x00, 0x00, 0x00, 0x00, 0x00, 0x00, 0x00, 0x00, 0x00, 0x00, 0x00, 0x00, 0x00, 0x00, 0x00, 0x00, 0x00, 0x00, 0x00, 0x00, 0x00, 0x00, 0x00, 0x00, 0x00, 0x00, 0x00,
    0x00, 0x00, 0x00, 0x00, 0x00, 0x00, 0x00, 0x00, 0x00, 0x00, 0x00, 0x00, 0x00, 0x00, 0x00, 0x00, 0x00, 0x00, 0x00, 0x00, 0x00, 0x00, 0x00, 0x00, 0x00, 0x00, 0x00, 0x00, 0x00, 0x00, 0x00, 0x00,
    0x00, 0x00, 0x4a, 0x59, 0x7a, 0xfd, 0x7a, 0xfd, 0x32, 0xfb, 0x00, 0x00, 0x00, 0x00, 0x00, 0x00, 0x4a, 0x59, 0x4a, 0x59, 0x4a, 0x59, 0x00, 0x00, 0x00, 0x00, 0x00, 0x00, 0x00, 0x00, 0x00, 0x00,
    0x00, 0x00, 0x00, 0x00, 0x00, 0x00, 0x00, 0x00, 0x00, 0x00, 0x00, 0x00, 0x4a, 0x59, 0x4a, 0x59, 0x4a, 0x59, 0x00, 0x00, 0x00, 0x00, 0x00, 0x00, 0x32, 0xfb, 0x7a, 0xfd, 0x7a, 0xfd, 0x4a, 0x59,
    0x00, 0x00, 0x00, 0x00, 0x00, 0x00, 0x00, 0x00, 0x00, 0x00, 0x00, 0x00, 0x00, 0x00, 0x00, 0x00, 0x00, 0x00, 0x00, 0x00, 0x00, 0x00, 0x00, 0x00, 0x00, 0x00, 0x00, 0x00, 0x00, 0x00, 0x00, 0x00,
    0x00, 0x00, 0x00, 0x00, 0x00, 0x00, 0x00, 0x00, 0x00, 0x00, 0x00, 0x00, 0x00, 0x00, 0x00, 0x00, 0x00, 0x00, 0x00, 0x00, 0x00, 0x00, 0x00, 0x00, 0x00, 0x00, 0x00, 0x00, 0x00, 0x00, 0x00, 0x00,
    0x00, 0x00, 0x4a, 0x59, 0x7a, 0xfd, 0x7a, 0xfd, 0x32, 0xfb, 0x00, 0x00, 0x4a, 0x59, 0x4a, 0x59, 0x32, 0xfb, 0x32, 0xfb, 0x32, 0xfb, 0x4a, 0x59, 0x4a, 0x59, 0x00, 0x00, 0x00, 0x00, 0x00, 0x00,
    0x00, 0x00, 0x00, 0x00, 0x00, 0x00, 0x00, 0x00, 0x4a, 0x59, 0x4a, 0x59, 0x32, 0xfb, 0x32, 0xfb, 0x32, 0xfb, 0x4a, 0x59, 0x4a, 0x59, 0x4a, 0x59, 0x32, 0xfb, 0x7a, 0xfd, 0x7a, 0xfd, 0x4a, 0x59,
    0x00, 0x00, 0x00, 0x00, 0x00, 0x00, 0x00, 0x00, 0x00, 0x00, 0x00, 0x00, 0x00, 0x00, 0x00, 0x00, 0x00, 0x00, 0x00, 0x00, 0x00, 0x00, 0x00, 0x00, 0x00, 0x00, 0x00, 0x00, 0x00, 0x00, 0x00, 0x00,
    0x00, 0x00, 0x00, 0x00, 0x00, 0x00, 0x00, 0x00, 0x00, 0x00, 0x00, 0x00, 0x00, 0x00, 0x00, 0x00, 0x00, 0x00, 0x00, 0x00, 0x00, 0x00, 0x00, 0x00, 0x00, 0x00, 0x00, 0x00, 0x00, 0x00, 0x00, 0x00,
    0x4a, 0x59, 0x7a, 0xfd, 0x7a, 0xfd, 0x32, 0xfb, 0xed, 0xc9, 0x4a, 0x59, 0x32, 0xfb, 0x32, 0xfb, 0x32, 0xfb, 0x32, 0xfb, 0x32, 0xfb, 0x32, 0xfb, 0x32, 0xfb, 0x4a, 0x59, 0x4a, 0x59, 0x4a, 0x59,
    0x4a, 0x59, 0x4a, 0x59, 0x4a, 0x59, 0x4a, 0x59, 0x32, 0xfb, 0x32, 0xfb, 0x32, 0xfb, 0x32, 0xfb, 0x32, 0xfb, 0x32, 0xfb, 0x32, 0xfb, 0x4a, 0x59, 0xed, 0xc9, 0x32, 0xfb, 0x7a, 0xfd, 0x4a, 0x59,
    0x00, 0x00, 0x00, 0x00, 0x00, 0x00, 0x00, 0x00, 0x00, 0x00, 0x00, 0x00, 0x00, 0x00, 0x00, 0x00, 0x00, 0x00, 0x00, 0x00, 0x00, 0x00, 0x00, 0x00, 0x00, 0x00, 0x00, 0x00, 0x00, 0x00, 0x00, 0x00,
    0x00, 0x00, 0x00, 0x00, 0x00, 0x00, 0x00, 0x00, 0x00, 0x00, 0x00, 0x00, 0x00, 0x00, 0x00, 0x00, 0x00, 0x00, 0x00, 0x00, 0x00, 0x00, 0x00, 0x00, 0x00, 0x00, 0x00, 0x00, 0x00, 0x00, 0x00, 0x00,
    0x4a, 0x59, 0x7a, 0xfd, 0x7a, 0xfd, 0x32, 0xfb, 0xed, 0xc9, 0x4a, 0x59, 0x32, 0xfb, 0x32, 0xfb, 0x32, 0xfb, 0x32, 0xfb, 0x32, 0xfb, 0x32, 0xfb, 0x32, 0xfb, 0x4a, 0x59, 0xed, 0xc9, 0xed, 0xc9,
    0xed, 0xc9, 0xed, 0xc9, 0xed, 0xc9, 0x4a, 0x59, 0x32, 0xfb, 0x32, 0xfb, 0x32, 0xfb, 0x32, 0xfb, 0x32, 0xfb, 0x32, 0xfb, 0x32, 0xfb, 0x4a, 0x59, 0xed, 0xc9, 0x32, 0xfb, 0x7a, 0xfd, 0x7a, 0xfd,
    0x4a, 0x59, 0x00, 0x00, 0x00, 0x00, 0x00, 0x00, 0x00, 0x00, 0x00, 0x00, 0x00, 0x00, 0x00, 0x00, 0x00, 0x00, 0x00, 0x00, 0x00, 0x00, 0x00, 0x00, 0x00, 0x00, 0x00, 0x00, 0x00, 0x00, 0x00, 0x00,
    0x00, 0x00, 0x00, 0x00, 0x00, 0x00, 0x00, 0x00, 0x00, 0x00, 0x00, 0x00, 0x00, 0x00, 0x00, 0x00, 0x00, 0x00, 0x00, 0x00, 0x00, 0x00, 0x00, 0x00, 0x00, 0x00, 0x00, 0x00, 0x00, 0x00, 0x00, 0x00,
    0x4a, 0x59, 0x7a, 0xfd, 0x7a, 0xfd, 0x32, 0xfb, 0x4a, 0x59, 0x32, 0xfb, 0x32, 0xfb, 0x32, 0xfb, 0x32, 0xfb, 0x32, 0xfb, 0x32, 0xfb, 0x32, 0xfb, 0x32, 0xfb, 0x4a, 0x59, 0xff, 0xff, 0xec, 0xf1,
    0xed, 0xc9, 0xec, 0xf1, 0xec, 0xf1, 0x4a, 0x59, 0x32, 0xfb, 0x32, 0xfb, 0x32, 0xfb, 0x32, 0xfb, 0x32, 0xfb, 0x32, 0xfb, 0x32, 0xfb, 0x32, 0xfb, 0x4a, 0x59, 0x32, 0xfb, 0x7a, 0xfd, 0x7a, 0xfd,
    0x4a, 0x59, 0x00, 0x00, 0x00, 0x00, 0x00, 0x00, 0x00, 0x00, 0x00, 0x00, 0x00, 0x00, 0x00, 0x00, 0x00, 0x00, 0x00, 0x00, 0x00, 0x00, 0x00, 0x00, 0x00, 0x00, 0x00, 0x00, 0x00, 0x00, 0x00, 0x00,
    0x00, 0x00, 0x00, 0x00, 0x00, 0x00, 0x00, 0x00, 0x00, 0x00, 0x00, 0x00, 0x00, 0x00, 0x00, 0x00, 0x00, 0x00, 0x00, 0x00, 0x00, 0x00, 0x00, 0x00, 0x00, 0x00, 0x00, 0x00, 0x00, 0x00, 0x00, 0x00,
    0x4a, 0x59, 0x7a, 0xfd, 0x7a, 0xfd, 0x32, 0xfb, 0x4a, 0x59, 0x32, 0xfb, 0x32, 0xfb, 0x32, 0xfb, 0x32, 0xfb, 0x32, 0xfb, 0x32, 0xfb, 0x32, 0xfb, 0x32, 0xfb, 0x4a, 0x59, 0xec, 0xf1, 0xec, 0xf1,
    0xec, 0xf1, 0xec, 0xf1, 0xec, 0xf1, 0x4a, 0x59, 0x32, 0xfb, 0x32, 0xfb, 0x32, 0xfb, 0x32, 0xfb, 0x32, 0xfb, 0x32, 0xfb, 0x32, 0xfb, 0x32, 0xfb, 0x4a, 0x59, 0x32, 0xfb, 0x7a, 0xfd, 0x7a, 0xfd,
    0x4a, 0x59, 0x00, 0x00, 0x00, 0x00, 0x00, 0x00, 0x00, 0x00, 0x00, 0x00, 0x00, 0x00, 0x00, 0x00, 0x00, 0x00, 0x00, 0x00, 0x00, 0x00, 0x00, 0x00, 0x00, 0x00, 0x00, 0x00, 0x00, 0x00, 0x00, 0x00,
    0x00, 0x00, 0x00, 0x00, 0x00, 0x00, 0x00, 0x00, 0x00, 0x00, 0x00, 0x00, 0x00, 0x00, 0x00, 0x00, 0x00, 0x00, 0x00, 0x00, 0x00, 0x00, 0x00, 0x00, 0x00, 0x00, 0x00, 0x00, 0x00, 0x00, 0x4a, 0x59,
    0x7a, 0xfd, 0x7a, 0xfd, 0x32, 0xfb, 0x32, 0xfb, 0x4a, 0x59, 0x32, 0xfb, 0x32, 0xfb, 0x32, 0xfb, 0x32, 0xfb, 0x32, 0xfb, 0x32, 0xfb, 0x32, 0xfb, 0x32, 0xfb, 0x4a, 0x59, 0xed, 0xc9, 0xec, 0xf1,
    0xec, 0xf1, 0xec, 0xf1, 0xed, 0xc9, 0x4a, 0x59, 0x32, 0xfb, 0x32, 0xfb, 0x32, 0xfb, 0x32, 0xfb, 0x32, 0xfb, 0x32, 0xfb, 0x32, 0xfb, 0x32, 0xfb, 0x4a, 0x59, 0x32, 0xfb, 0x32, 0xfb, 0x7a, 0xfd,
    0x4a, 0x59, 0x00, 0x00, 0x00, 0x00, 0x00, 0x00, 0x00, 0x00, 0x00, 0x00, 0x00, 0x00, 0x00, 0x00, 0x00, 0x00, 0x00, 0x00, 0x00, 0x00, 0x00, 0x00, 0x00, 0x00, 0x00, 0x00, 0x00, 0x00, 0x00, 0x00,
    0x00, 0x00, 0x00, 0x00, 0x00, 0x00, 0x00, 0x00, 0x00, 0x00, 0x00, 0x00, 0x00, 0x00, 0x00, 0x00, 0x00, 0x00, 0x00, 0x00, 0x00, 0x00, 0x00, 0x00, 0x00, 0x00, 0x00, 0x00, 0x00, 0x00, 0x4a, 0x59,
    0x7a, 0xfd, 0x7a, 0xfd, 0x32, 0xfb, 0x32, 0xfb, 0x4a, 0x59, 0x32, 0xfb, 0x32, 0xfb, 0x32, 0xfb, 0x32, 0xfb, 0x32, 0xfb, 0x32, 0xfb, 0x32, 0xfb, 0x32, 0xfb, 0x4a, 0x59, 0xed, 0xc9, 0xed, 0xc9,
    0xec, 0xf1, 0xed, 0xc9, 0xed, 0xc9, 0x4a, 0x59, 0x32, 0xfb, 0x32, 0xfb, 0x32, 0xfb, 0x32, 0xfb, 0x32, 0xfb, 0x32, 0xfb, 0x32, 0xfb, 0x32, 0xfb, 0x4a, 0x59, 0x32, 0xfb, 0x32, 0xfb, 0x7a, 0xfd,
    0x7a, 0xfd, 0x4a, 0x59, 0x00, 0x00, 0x00, 0x00, 0x00, 0x00, 0x00, 0x00, 0x00, 0x00, 0x00, 0x00, 0x00, 0x00, 0x00, 0x00, 0x00, 0x00, 0x00, 0x00, 0x00, 0x00, 0x00, 0x00, 0x00, 0x00, 0x00, 0x00,
    0x00, 0x00, 0x00, 0x00, 0x00, 0x00, 0x00, 0x00, 0x00, 0x00, 0x00, 0x00, 0x00, 0x00, 0x00, 0x00, 0x00, 0x00, 0x00, 0x00, 0x00, 0x00, 0x00, 0x00, 0x00, 0x00, 0x00, 0x00, 0x00, 0x00, 0x4a, 0x59,
    0x7a, 0xfd, 0x7a, 0xfd, 0x32, 0xfb, 0x32, 0xfb, 0x4a, 0x59, 0x32, 0xfb, 0x32, 0xfb, 0x32, 0xfb, 0x32, 0xfb, 0x32, 0xfb, 0x32, 0xfb, 0x32, 0xfb, 0x32, 0xfb, 0x4a, 0x59, 0xed, 0xc9, 0xed, 0xc9,
    0xed, 0xc9, 0xed, 0xc9, 0xed, 0xc9, 0x4a, 0x59, 0x32, 0xfb, 0x32, 0xfb, 0x32, 0xfb, 0x32, 0xfb, 0x32, 0xfb, 0x32, 0xfb, 0x32, 0xfb, 0x32, 0xfb, 0x4a, 0x59, 0x32, 0xfb, 0x32, 0xfb, 0x7a, 0xfd,
    0x7a, 0xfd, 0x4a, 0x59, 0x00, 0x00, 0x00, 0x00, 0x00, 0x00, 0x00, 0x00, 0x00, 0x00, 0x00, 0x00, 0x00, 0x00, 0x00, 0x00, 0x00, 0x00, 0x00, 0x00, 0x00, 0x00, 0x00, 0x00, 0x00, 0x00, 0x00, 0x00,
    0x00, 0x00, 0x00, 0x00, 0x00, 0x00, 0x00, 0x00, 0x00, 0x00, 0x00, 0x00, 0x00, 0x00, 0x00, 0x00, 0x00, 0x00, 0x00, 0x00, 0x00, 0x00, 0x00, 0x00, 0x00, 0x00, 0x00, 0x00, 0x00, 0x00, 0x4a, 0x59,
    0x7a, 0xfd, 0x32, 0xfb, 0x32, 0xfb, 0x32, 0xfb, 0x32, 0xfb, 0x4a, 0x59, 0x32, 0xfb, 0x32, 0xfb, 0x32, 0xfb, 0x32, 0xfb, 0x32, 0xfb, 0x32, 0xfb, 0x32, 0xfb, 0x4a, 0x59, 0xed, 0xc9, 0xed, 0xc9,
    0xed, 0xc9, 0xed, 0xc9, 0xed, 0xc9, 0x4a, 0x59, 0x32, 0xfb, 0x32, 0xfb, 0x32, 0xfb, 0x32, 0xfb, 0x32, 0xfb, 0x32, 0xfb, 0x32, 0xfb, 0x4a, 0x59, 0x32, 0xfb, 0x32, 0xfb, 0x32, 0xfb, 0x32, 0xfb,
    0x7a, 0xfd, 0x4a, 0x59, 0x00, 0x00, 0x00, 0x00, 0x00, 0x00, 0x00, 0x00, 0x00, 0x00, 0x00, 0x00, 0x00, 0x00, 0x00, 0x00, 0x00, 0x00, 0x00, 0x00, 0x00, 0x00, 0x00, 0x00, 0x00, 0x00, 0x00, 0x00,
    0x00, 0x00, 0x00, 0x00, 0x00, 0x00, 0x00, 0x00, 0x00, 0x00, 0x00, 0x00, 0x00, 0x00, 0x00, 0x00, 0x00, 0x00, 0x00, 0x00, 0x00, 0x00, 0x00, 0x00, 0x00, 0x00, 0x00, 0x00, 0x4a, 0x59, 0x7a, 0xfd,
    0x7a, 0xfd, 0x32, 0xfb, 0x32, 0xfb, 0x32, 0xfb, 0x32, 0xfb, 0x4a, 0x59, 0x32, 0xfb, 0x32, 0xfb, 0x32, 0xfb, 0x32, 0xfb, 0x32, 0xfb, 0x32, 0xfb, 0x4a, 0x59, 0x4a, 0x59, 0x4a, 0x59, 0x4a, 0x59,
    0x4a, 0x59, 0x4a, 0x59, 0x4a, 0x59, 0x4a, 0x59, 0x4a, 0x59, 0x32, 0xfb, 0x32, 0xfb, 0x32, 0xfb, 0x32, 0xfb, 0x32, 0xfb, 0x32, 0xfb, 0x4a, 0x59, 0x32, 0xfb, 0x32, 0xfb, 0x32, 0xfb, 0x32, 0xfb,
    0x7a, 0xfd, 0x4a, 0x59, 0x00, 0x00, 0x00, 0x00, 0x00, 0x00, 0x00, 0x00, 0x00, 0x00, 0x00, 0x00, 0x00, 0x00, 0x00, 0x00, 0x00, 0x00, 0x00, 0x00, 0x00, 0x00, 0x00, 0x00, 0x00, 0x00, 0x00, 0x00,
    0x00, 0x00, 0x00, 0x00, 0x00, 0x00, 0x00, 0x00, 0x00, 0x00, 0x00, 0x00, 0x00, 0x00, 0x00, 0x00, 0x00, 0x00, 0x00, 0x00, 0x00, 0x00, 0x00, 0x00, 0x00, 0x00, 0x00, 0x00, 0x4a, 0x59, 0x7a, 0xfd,
    0x7a, 0xfd, 0x7a, 0xfd, 0x7a, 0xfd, 0x7a, 0xfd, 0x7a, 0xfd, 0x7a, 0xfd, 0x4a, 0x59, 0x4a, 0x59, 0x32, 0xfb, 0x4a, 0x59, 0x4a, 0x59, 0x4a, 0x59, 0x7a, 0xfd, 0x7a, 0xfd, 0x7a, 0xfd, 0x7a, 0xfd,
    0x7a, 0xfd, 0x7a, 0xfd, 0x7a, 0xfd, 0x7a, 0xfd, 0x7a, 0xfd, 0x4a, 0x59, 0x4a, 0x59, 0x4a, 0x59, 0x32, 0xfb, 0x4a, 0x59, 0x4a, 0x59, 0x7a, 0xfd, 0x7a, 0xfd, 0x7a, 0xfd, 0x7a, 0xfd, 0x7a, 0xfd,
    0x7a, 0xfd, 0x7a, 0xfd, 0x4a, 0x59, 0x00, 0x00, 0x00, 0x00, 0x00, 0x00, 0x00, 0x00, 0x00, 0x00, 0x00, 0x00, 0x00, 0x00, 0x00, 0x00, 0x00, 0x00, 0x00, 0x00, 0x00, 0x00, 0x00, 0x00, 0x00, 0x00,
    0x00, 0x00, 0x00, 0x00, 0x00, 0x00, 0x00, 0x00, 0x00, 0x00, 0x00, 0x00, 0x00, 0x00, 0x00, 0x00, 0x00, 0x00, 0x00, 0x00, 0x00, 0x00, 0x00, 0x00, 0x00, 0x00, 0x00, 0x00, 0x4a, 0x59, 0x4a, 0x59,
    0x4a, 0x59, 0x4a, 0x59, 0x4a, 0x59, 0x4a, 0x59, 0x4a, 0x59, 0x4a, 0x59, 0x4a, 0x59, 0x4a, 0x59, 0x4a, 0x59, 0x4a, 0x59, 0x4a, 0x59, 0x4a, 0x59, 0x4a, 0x59, 0x4a, 0x59, 0x4a, 0x59, 0x4a, 0x59,
    0x4a, 0x59, 0x4a, 0x59, 0x4a, 0x59, 0x4a, 0x59, 0x4a, 0x59, 0x7a, 0xfd, 0x7a, 0xfd, 0x7a, 0xfd, 0x4a, 0x59, 0x4a, 0x59, 0x4a, 0x59, 0x4a, 0x59, 0x4a, 0x59, 0x4a, 0x59, 0x4a, 0x59, 0x4a, 0x59,
    0x4a, 0x59, 0x4a, 0x59, 0x4a, 0x59, 0x00, 0x00, 0x00, 0x00, 0x00, 0x00, 0x00, 0x00, 0x00, 0x00, 0x00, 0x00, 0x00, 0x00, 0x00, 0x00, 0x00, 0x00, 0x00, 0x00, 0x00, 0x00, 0x00, 0x00, 0x00, 0x00,
    0x00, 0x00, 0x00, 0x00, 0x00, 0x00, 0x00, 0x00, 0x00, 0x00, 0x00, 0x00, 0x00, 0x00, 0x00, 0x00, 0x00, 0x00, 0x00, 0x00, 0x00, 0x00, 0x00, 0x00, 0x00, 0x00, 0x00, 0x00, 0x00, 0x00, 0x00, 0x00,
    0x00, 0x00, 0x00, 0x00, 0x00, 0x00, 0x00, 0x00, 0x00, 0x00, 0x00, 0x00, 0x4a, 0x59, 0x7a, 0xfd, 0x4a, 0x59, 0x32, 0xfb, 0x32, 0xfb, 0x32, 0xfb, 0x4a, 0x59, 0xed, 0xc9, 0xed, 0xc9, 0xed, 0xc9,
    0x4a, 0x59, 0x32, 0xfb, 0x32, 0xfb, 0x32, 0xfb, 0x4a, 0x59, 0x7a, 0xfd, 0x7a, 0xfd, 0x7a, 0xfd, 0x7a, 0xfd, 0x7a, 0xfd, 0x4a, 0x59, 0x00, 0x00, 0x00, 0x00, 0x00, 0x00, 0x00, 0x00, 0x00, 0x00,
    0x00, 0x00, 0x00, 0x00, 0x00, 0x00, 0x00, 0x00, 0x00, 0x00, 0x00, 0x00, 0x00, 0x00, 0x00, 0x00, 0x00, 0x00, 0x00, 0x00, 0x00, 0x00, 0x00, 0x00, 0x00, 0x00, 0x00, 0x00, 0x00, 0x00, 0x00, 0x00,
    0x00, 0x00, 0x00, 0x00, 0x00, 0x00, 0x00, 0x00, 0x00, 0x00, 0x00, 0x00, 0x00, 0x00, 0x00, 0x00, 0x00, 0x00, 0x00, 0x00, 0x00, 0x00, 0x00, 0x00, 0x00, 0x00, 0x00, 0x00, 0x00, 0x00, 0x00, 0x00,
    0x00, 0x00, 0x00, 0x00, 0x00, 0x00, 0x00, 0x00, 0x00, 0x00, 0x4a, 0x59, 0x7a, 0xfd, 0x7a, 0xfd, 0x7a, 0xfd, 0x4a, 0x59, 0x32, 0xfb, 0x4a, 0x59, 0x4a, 0x59, 0xed, 0xc9, 0xed, 0xc9, 0x4a, 0x59,
    0x7a, 0xfd, 0x4a, 0x59, 0x32, 0xfb, 0x4a, 0x59, 0x7a, 0xfd, 0x7a, 0xfd, 0x7a, 0xfd, 0x7a, 0xfd, 0x7a, 0xfd, 0x7a, 0xfd, 0x7a, 0xfd, 0x4a, 0x59, 0x00, 0x00, 0x00, 0x00, 0x00, 0x00, 0x00, 0x00,
    0x00, 0x00, 0x00, 0x00, 0x00, 0x00, 0x00, 0x00, 0x00, 0x00, 0x00, 0x00, 0x00, 0x00, 0x00, 0x00, 0x00, 0x00, 0x00, 0x00, 0x00, 0x00, 0x00, 0x00, 0x00, 0x00, 0x00, 0x00, 0x00, 0x00, 0x00, 0x00,
    0x00, 0x00, 0x00, 0x00, 0x00, 0x00, 0x00, 0x00, 0x00, 0x00, 0x00, 0x00, 0x00, 0x00, 0x00, 0x00, 0x00, 0x00, 0x00, 0x00, 0x00, 0x00, 0x00, 0x00, 0x00, 0x00, 0x00, 0x00, 0x00, 0x00, 0x00, 0x00,
    0x00, 0x00, 0x00, 0x00, 0x00, 0x00, 0x00, 0x00, 0x4a, 0x59, 0x7a, 0xfd, 0x5c, 0xfe, 0x5c, 0xfe, 0x7a, 0xfd, 0x4a, 0x59, 0x32, 0xfb, 0x4a, 0x59, 0x7a, 0xfd, 0x4a, 0x59, 0xed, 0xc9, 0x4a, 0x59,
    0x7a, 0xfd, 0x4a, 0x59, 0x32, 0xfb, 0x4a, 0x59, 0x7a, 0xfd, 0x7a, 0xfd, 0x7a, 0xfd, 0x7a, 0xfd, 0x7a, 0xfd, 0x7a, 0xfd, 0x7a, 0xfd, 0x7a, 0xfd, 0x4a, 0x59, 0x00, 0x00, 0x00, 0x00, 0x00, 0x00,
    0x00, 0x00, 0x00, 0x00, 0x00, 0x00, 0x00, 0x00, 0x00, 0x00, 0x00, 0x00, 0x00, 0x00, 0x00, 0x00, 0x00, 0x00, 0x00, 0x00, 0x00, 0x00, 0x00, 0x00, 0x00, 0x00, 0x00, 0x00, 0x00, 0x00, 0x00, 0x00,
    0x00, 0x00, 0x00, 0x00, 0x00, 0x00, 0x00, 0x00, 0x00, 0x00, 0x00, 0x00, 0x00, 0x00, 0x00, 0x00, 0x00, 0x00, 0x00, 0x00, 0x00, 0x00, 0x00, 0x00, 0x00, 0x00, 0x00, 0x00, 0x00, 0x00, 0x00, 0x00,
    0x00, 0x00, 0x00, 0x00, 0x00, 0x00, 0x4a, 0x59, 0x7a, 0xfd, 0x7a, 0xfd, 0x5c, 0xfe, 0x7a, 0xfd, 0x7a, 0xfd, 0x4a, 0x59, 0x32, 0xfb, 0x4a, 0x59, 0x7a, 0xfd, 0x4a, 0x59, 0xed, 0xc9, 0x4a, 0x59,
    0x7a, 0xfd, 0x4a, 0x59, 0x32, 0xfb, 0x4a, 0x59, 0x7a, 0xfd, 0x7a, 0xfd, 0x7a, 0xfd, 0x7a, 0xfd, 0x7a, 0xfd, 0x7a, 0xfd, 0x7a, 0xfd, 0x7a, 0xfd, 0x7a, 0xfd, 0x4a, 0x59, 0x00, 0x00, 0x00, 0x00,
    0x00, 0x00, 0x00, 0x00, 0x00, 0x00, 0x00, 0x00, 0x00, 0x00, 0x00, 0x00, 0x00, 0x00, 0x00, 0x00, 0x00, 0x00, 0x00, 0x00, 0x00, 0x00, 0x00, 0x00, 0x00, 0x00, 0x00, 0x00, 0x00, 0x00, 0x00, 0x00,
    0x00, 0x00, 0x00, 0x00, 0x00, 0x00, 0x00, 0x00, 0x00, 0x00, 0x00, 0x00, 0x00, 0x00, 0x00, 0x00, 0x00, 0x00, 0x00, 0x00, 0x00, 0x00, 0x00, 0x00, 0x00, 0x00, 0x00, 0x00, 0x00, 0x00, 0x00, 0x00,
    0x00, 0x00, 0x00, 0x00, 0x4a, 0x59, 0x7a, 0xfd, 0x7a, 0xfd, 0x7a, 0xfd, 0x7a, 0xfd, 0x7a, 0xfd, 0x7a, 0xfd, 0x7a, 0xfd, 0x4a, 0x59, 0x7a, 0xfd, 0x7a, 0xfd, 0x4a, 0x59, 0xed, 0xc9, 0x4a, 0x59,
    0x7a, 0xfd, 0x7a, 0xfd, 0x4a, 0x59, 0x7a, 0xfd, 0x7a, 0xfd, 0x7a, 0xfd, 0x7a, 0xfd, 0x7a, 0xfd, 0x7a, 0xfd, 0x7a, 0xfd, 0x7a, 0xfd, 0x7a, 0xfd, 0x7a, 0xfd, 0x7a, 0xfd, 0x4a, 0x59, 0x00, 0x00,
    0x00, 0x00, 0x00, 0x00, 0x00, 0x00, 0x00, 0x00, 0x00, 0x00, 0x00, 0x00, 0x00, 0x00, 0x00, 0x00, 0x00, 0x00, 0x00, 0x00, 0x00, 0x00, 0x00, 0x00, 0x00, 0x00, 0x00, 0x00, 0x00, 0x00, 0x00, 0x00,
    0x00, 0x00, 0x00, 0x00, 0x00, 0x00, 0x00, 0x00, 0x00, 0x00, 0x00, 0x00, 0x00, 0x00, 0x00, 0x00, 0x00, 0x00, 0x00, 0x00, 0x00, 0x00, 0x00, 0x00, 0x00, 0x00, 0x00, 0x00, 0x00, 0x00, 0x00, 0x00,
    0x00, 0x00, 0x00, 0x00, 0x42, 0x08, 0x7a, 0xfd, 0x7a, 0xfd, 0x7a, 0xfd, 0x7a, 0xfd, 0x7a, 0xfd, 0x7a, 0xfd, 0x7a, 0xfd, 0x4a, 0x59, 0x7a, 0xfd, 0x7a, 0xfd, 0x4a, 0x59, 0x4a, 0x59, 0x7a, 0xfd,
    0x7a, 0xfd, 0x7a, 0xfd, 0x4a, 0x59, 0x7a, 0xfd, 0x7a, 0xfd, 0x7a, 0xfd, 0x7a, 0xfd, 0x7a, 0xfd, 0x7a, 0xfd, 0x7a, 0xfd, 0x7a, 0xfd, 0x7a, 0xfd, 0x7a, 0xfd, 0x7a, 0xfd, 0x42, 0x08, 0x00, 0x00,
    0x00, 0x00, 0x00, 0x00, 0x00, 0x00, 0x00, 0x00, 0x00, 0x00, 0x00, 0x00, 0x00, 0x00, 0x00, 0x00, 0x00, 0x00, 0x00, 0x00, 0x00, 0x00, 0x00, 0x00, 0x00, 0x00, 0x00, 0x00, 0x00, 0x00, 0x00, 0x00,
    0x00, 0x00, 0x00, 0x00, 0x00, 0x00, 0x00, 0x00, 0x00, 0x00, 0x00, 0x00, 0x00, 0x00, 0x00, 0x00, 0x00, 0x00, 0x00, 0x00, 0x00, 0x00, 0x00, 0x00, 0x00, 0x00, 0x00, 0x00, 0x00, 0x00, 0x00, 0x00,
    0x00, 0x00, 0x4a, 0x59, 0x7a, 0xfd, 0x42, 0x08, 0x7a, 0xfd, 0x7a, 0xfd, 0x7a, 0xfd, 0x7a, 0xfd, 0x7a, 0xfd, 0x7a, 0xfd, 0x7a, 0xfd, 0x7a, 0xfd, 0x7a, 0xfd, 0x7a, 0xfd, 0x4a, 0x59, 0x7a, 0xfd,
    0x7a, 0xfd, 0x7a, 0xfd, 0x7a, 0xfd, 0x7a, 0xfd, 0x7a, 0xfd, 0x7a, 0xfd, 0x7a, 0xfd, 0x7a, 0xfd, 0x7a, 0xfd, 0x7a, 0xfd, 0x7a, 0xfd, 0x7a, 0xfd, 0x7a, 0xfd, 0x42, 0x08, 0x7a, 0xfd, 0x4a, 0x59,
    0x00, 0x00, 0x00, 0x00, 0x00, 0x00, 0x00, 0x00, 0x00, 0x00, 0x00, 0x00, 0x00, 0x00, 0x00, 0x00, 0x00, 0x00, 0x00, 0x00, 0x00, 0x00, 0x00, 0x00, 0x00, 0x00, 0x00, 0x00, 0x00, 0x00, 0x00, 0x00,
    0x00, 0x00, 0x00, 0x00, 0x00, 0x00, 0x00, 0x00, 0x00, 0x00, 0x00, 0x00, 0x00, 0x00, 0x00, 0x00, 0x00, 0x00, 0x00, 0x00, 0x00, 0x00, 0x00, 0x00, 0x00, 0x00, 0x00, 0x00, 0x00, 0x00, 0x00, 0x00,
    0x00, 0x00, 0x4a, 0x59, 0x42, 0x08, 0x42, 0x08, 0x42, 0x08, 0x7a, 0xfd, 0x7a, 0xfd, 0x42, 0x08, 0x42, 0x08, 0x42, 0x08, 0x7a, 0xfd, 0x7a, 0xfd, 0x7a, 0xfd, 0x7a, 0xfd, 0x4a, 0x59, 0x7a, 0xfd,
    0x7a, 0xfd, 0x7a, 0xfd, 0x7a, 0xfd, 0x7a, 0xfd, 0x7a, 0xfd, 0x7a, 0xfd, 0x7a, 0xfd, 0x42, 0x08, 0x42, 0x08, 0x42, 0x08, 0x7a, 0xfd, 0x7a, 0xfd, 0x42, 0x08, 0x42, 0x08, 0x42, 0x08, 0x4a, 0x59,
    0x00, 0x00, 0x00, 0x00, 0x00, 0x00, 0x00, 0x00, 0x00, 0x00, 0x00, 0x00, 0x00, 0x00, 0x00, 0x00, 0x00, 0x00, 0x00, 0x00, 0x00, 0x00, 0x00, 0x00, 0x00, 0x00, 0x00, 0x00, 0x00, 0x00, 0x00, 0x00,
    0x00, 0x00, 0x00, 0x00, 0x00, 0x00, 0x00, 0x00, 0x00, 0x00, 0x00, 0x00, 0x00, 0x00, 0x00, 0x00, 0x00, 0x00, 0x00, 0x00, 0x00, 0x00, 0x00, 0x00, 0x00, 0x00, 0x00, 0x00, 0x00, 0x00, 0x00, 0x00,
    0x4a, 0x59, 0x7a, 0xfd, 0x7a, 0xfd, 0x7a, 0xfd, 0x42, 0x08, 0x42, 0x08, 0x42, 0x08, 0xff, 0xff, 0xa5, 0x88, 0xa5, 0x88, 0x42, 0x08, 0x42, 0x08, 0x7a, 0xfd, 0x7a, 0xfd, 0x7a, 0xfd, 0x7a, 0xfd,
    0x7a, 0xfd, 0x7a, 0xfd, 0x7a, 0xfd, 0x7a, 0xfd, 0x7a, 0xfd, 0x42, 0x08, 0x42, 0x08, 0xff, 0xff, 0xa5, 0x88, 0xa5, 0x88, 0x42, 0x08, 0x42, 0x08, 0x42, 0x08, 0x7a, 0xfd, 0x7a, 0xfd, 0x7a, 0xfd,
    0x4a, 0x59, 0x00, 0x00, 0x00, 0x00, 0x00, 0x00, 0x00, 0x00, 0x00, 0x00, 0x00, 0x00, 0x00, 0x00, 0x00, 0x00, 0x00, 0x00, 0x00, 0x00, 0x00, 0x00, 0x00, 0x00, 0x00, 0x00, 0x00, 0x00, 0x00, 0x00,
    0x00, 0x00, 0x00, 0x00, 0x00, 0x00, 0x00, 0x00, 0x00, 0x00, 0x00, 0x00, 0x00, 0x00, 0x00, 0x00, 0x00, 0x00, 0x00, 0x00, 0x00, 0x00, 0x00, 0x00, 0x00, 0x00, 0x00, 0x00, 0x00, 0x00, 0x00, 0x00,
    0x4a, 0x59, 0x7a, 0xfd, 0x7a, 0xfd, 0x7a, 0xfd, 0x7a, 0xfd, 0x42, 0x08, 0xff, 0xff, 0xa5, 0x88, 0xff, 0xff, 0x48, 0xd9, 0xa5, 0x88, 0x42, 0x08, 0x7a, 0xfd, 0x7a, 0xfd, 0x7a, 0xfd, 0x7a, 0xfd,
    0x7a, 0xfd, 0x7a, 0xfd, 0x7a, 0xfd, 0x7a, 0xfd, 0x7a, 0xfd, 0x42, 0x08, 0xff, 0xff, 0xa5, 0x88, 0xff, 0xff, 0x48, 0xd9, 0xa5, 0x88, 0x42, 0x08, 0x7a, 0xfd, 0x7a, 0xfd, 0x7a, 0xfd, 0x7a, 0xfd,
    0x4a, 0x59, 0x00, 0x00, 0x00, 0x00, 0x00, 0x00, 0x00, 0x00, 0x00, 0x00, 0x00, 0x00, 0x00, 0x00, 0x00, 0x00, 0x00, 0x00, 0x00, 0x00, 0x00, 0x00, 0x00, 0x00, 0x00, 0x00, 0x00, 0x00, 0x00, 0x00,
    0x00, 0x00, 0x00, 0x00, 0x00, 0x00, 0x00, 0x00, 0x00, 0x00, 0x00, 0x00, 0x00, 0x00, 0x00, 0x00, 0x00, 0x00, 0x00, 0x00, 0x00, 0x00, 0x00, 0x00, 0x00, 0x00, 0x00, 0x00, 0x00, 0x00, 0x00, 0x00,
    0x4a, 0x59, 0x7a, 0xfd, 0x7a, 0xfd, 0x7a, 0xfd, 0x42, 0x08, 0xff, 0xff, 0xa5, 0x88, 0x42, 0x08, 0x42, 0x08, 0x42, 0x08, 0x48, 0xd9, 0xa5, 0x88, 0x42, 0x08, 0x7a, 0xfd, 0x7a, 0xfd, 0x7a, 0xfd,
    0x7a, 0xfd, 0x7a, 0xfd, 0x7a, 0xfd, 0x7a, 0xfd, 0x42, 0x08, 0xff, 0xff, 0xa5, 0x88, 0x42, 0x08, 0x42, 0x08, 0x42, 0x08, 0x48, 0xd9, 0xa5, 0x88, 0x42, 0x08, 0x7a, 0xfd, 0x7a, 0xfd, 0x7a, 0xfd,
    0x4a, 0x59, 0x00, 0x00, 0x00, 0x00, 0x00, 0x00, 0x00, 0x00, 0x00, 0x00, 0x00, 0x00, 0x00, 0x00, 0x00, 0x00, 0x00, 0x00, 0x00, 0x00, 0x00, 0x00, 0x00, 0x00, 0x00, 0x00, 0x00, 0x00, 0x00, 0x00,
    0x00, 0x00, 0x00, 0x00, 0x00, 0x00, 0x00, 0x00, 0x00, 0x00, 0x00, 0x00, 0x00, 0x00, 0x00, 0x00, 0x00, 0x00, 0x00, 0x00, 0x00, 0x00, 0x00, 0x00, 0x00, 0x00, 0x00, 0x00, 0x00, 0x00, 0x00, 0x00,
    0x4a, 0x59, 0x7a, 0xfd, 0x7a, 0xfd, 0x7a, 0xfd, 0x42, 0x08, 0xff, 0xff, 0xa5, 0x88, 0x42, 0x08, 0x42, 0x08, 0x42, 0x08, 0x48, 0xd9, 0xa5, 0x88, 0x42, 0x08, 0x7a, 0xfd, 0x7a, 0xfd, 0x7a, 0xfd,
    0x7a, 0xfd, 0x7a, 0xfd, 0x7a, 0xfd, 0x7a, 0xfd, 0x42, 0x08, 0xff, 0xff, 0xa5, 0x88, 0x42, 0x08, 0x42, 0x08, 0x42, 0x08, 0x48, 0xd9, 0xa5, 0x88, 0x42, 0x08, 0x7a, 0xfd, 0x7a, 0xfd, 0x7a, 0xfd,
    0x4a, 0x59, 0x00, 0x00, 0x00, 0x00, 0x00, 0x00, 0x00, 0x00, 0x00, 0x00, 0x00, 0x00, 0x00, 0x00, 0x00, 0x00, 0x00, 0x00, 0x00, 0x00, 0x00, 0x00, 0x00, 0x00, 0x00, 0x00, 0x00, 0x00, 0x00, 0x00,
    0x00, 0x00, 0x00, 0x00, 0x00, 0x00, 0x00, 0x00, 0x00, 0x00, 0x00, 0x00, 0x00, 0x00, 0x00, 0x00, 0x00, 0x00, 0x00, 0x00, 0x00, 0x00, 0x00, 0x00, 0x00, 0x00, 0x00, 0x00, 0x00, 0x00, 0x00, 0x00,
    0x4a, 0x59, 0x7a, 0xfd, 0x7a, 0xfd, 0x7a, 0xfd, 0x42, 0x08, 0xff, 0xff, 0xa5, 0x88, 0x48, 0xd9, 0x42, 0x08, 0x48, 0xd9, 0x48, 0xd9, 0xa5, 0x88, 0x42, 0x08, 0x7a, 0xfd, 0x7a, 0xfd, 0x7a, 0xfd,
    0x7a, 0xfd, 0x7a, 0xfd, 0x7a, 0xfd, 0x7a, 0xfd, 0x42, 0x08, 0xff, 0xff, 0xa5, 0x88, 0x48, 0xd9, 0x42, 0x08, 0x48, 0xd9, 0x48, 0xd9, 0xa5, 0x88, 0x42, 0x08, 0x7a, 0xfd, 0x7a, 0xfd, 0x7a, 0xfd,
    0x4a, 0x59, 0x00, 0x00, 0x00, 0x00, 0x00, 0x00, 0x00, 0x00, 0x00, 0x00, 0x00, 0x00, 0x00, 0x00, 0x00, 0x00, 0x00, 0x00, 0x00, 0x00, 0x00, 0x00, 0x00, 0x00, 0x00, 0x00, 0x00, 0x00, 0x00, 0x00,
    0x00, 0x00, 0x00, 0x00, 0x00, 0x00, 0x00, 0x00, 0x00, 0x00, 0x00, 0x00, 0x00, 0x00, 0x00, 0x00, 0x00, 0x00, 0x00, 0x00, 0x00, 0x00, 0x00, 0x00, 0x00, 0x00, 0x00, 0x00, 0x00, 0x00, 0x00, 0x00,
    0x4a, 0x59, 0x7a, 0xfd, 0x7a, 0xfd, 0x7a, 0xfd, 0x7a, 0xfd, 0x42, 0x08, 0xff, 0xff, 0xa5, 0x88, 0x48, 0xd9, 0xff, 0xff, 0xa5, 0x88, 0x42, 0x08, 0x7a, 0xfd, 0x7a, 0xfd, 0x7a, 0xfd, 0x7a, 0xfd,
    0x7a, 0xfd, 0x7a, 0xfd, 0x7a, 0xfd, 0x7a, 0xfd, 0x7a, 0xfd, 0x42, 0x08, 0xff, 0xff, 0xa5, 0x88, 0x48, 0xd9, 0xff, 0xff, 0xa5, 0x88, 0x42, 0x08, 0x7a, 0xfd, 0x7a, 0xfd, 0x7a, 0xfd, 0x7a, 0xfd,
    0x4a, 0x59, 0x00, 0x00, 0x00, 0x00, 0x00, 0x00, 0x00, 0x00, 0x00, 0x00, 0x00, 0x00, 0x00, 0x00, 0x00, 0x00, 0x00, 0x00, 0x00, 0x00, 0x00, 0x00, 0x00, 0x00, 0x00, 0x00, 0x00, 0x00, 0x00, 0x00,
    0x00, 0x00, 0x00, 0x00, 0x00, 0x00, 0x00, 0x00, 0x00, 0x00, 0x00, 0x00, 0x00, 0x00, 0x00, 0x00, 0x00, 0x00, 0x00, 0x00, 0x00, 0x00, 0x00, 0x00, 0x00, 0x00, 0x00, 0x00, 0x00, 0x00, 0x00, 0x00,
    0x4a, 0x59, 0x7a, 0xfd, 0x7a, 0xfd, 0x7a, 0xfd, 0x7a, 0xfd, 0x42, 0x08, 0x42, 0x08, 0xff, 0xff, 0xa5, 0x88, 0xa5, 0x88, 0x42, 0x08, 0x42, 0x08, 0x7a, 0xfd, 0x7a, 0xfd, 0x7a, 0xfd, 0x7a, 0xfd,
    0x7a, 0xfd, 0x7a, 0xfd, 0x7a, 0xfd, 0x7a, 0xfd, 0x15, 0xd4, 0x42, 0x08, 0x42, 0x08, 0xff, 0xff, 0xa5, 0x88, 0xa5, 0x88, 0x42, 0x08, 0x42, 0x08, 0x15, 0xd4, 0x7a, 0xfd, 0x7a, 0xfd, 0x7a, 0xfd,
    0x4a, 0x59, 0x00, 0x00, 0x00, 0x00, 0x00, 0x00, 0x00, 0x00, 0x00, 0x00, 0x00, 0x00, 0x00, 0x00, 0x00, 0x00, 0x00, 0x00, 0x00, 0x00, 0x00, 0x00, 0x00, 0x00, 0x00, 0x00, 0x00, 0x00, 0x00, 0x00,
    0x00, 0x00, 0x00, 0x00, 0x00, 0x00, 0x00, 0x00, 0x00, 0x00, 0x00, 0x00, 0x00, 0x00, 0x00, 0x00, 0x00, 0x00, 0x00, 0x00, 0x00, 0x00, 0x00, 0x00, 0x00, 0x00, 0x00, 0x00, 0x00, 0x00, 0x00, 0x00,
    0x00, 0x00, 0x4a, 0x59, 0x7a, 0xfd, 0x74, 0xfb, 0x74, 0xfb, 0x7a, 0xfd, 0x7a, 0xfd, 0x42, 0x08, 0x42, 0x08, 0x42, 0x08, 0x7a, 0xfd, 0x7a, 0xfd, 0x7a, 0xfd, 0x7a, 0xfd, 0x7a, 0xfd, 0x7a, 0xfd,
    0x7a, 0xfd, 0x7a, 0xfd, 0x7a, 0xfd, 0x15, 0xd4, 0x15, 0xd4, 0x15, 0xd4, 0x15, 0xd4, 0x42, 0x08, 0x42, 0x08, 0x42, 0x08, 0x15, 0xd4, 0x15, 0xd4, 0x74, 0xfb, 0x74, 0xfb, 0x7a, 0xfd, 0x4a, 0x59,
    0x00, 0x00, 0x00, 0x00, 0x00, 0x00, 0x00, 0x00, 0x00, 0x00, 0x00, 0x00, 0x00, 0x00, 0x00, 0x00, 0x00, 0x00, 0x00, 0x00, 0x00, 0x00, 0x00, 0x00, 0x00, 0x00, 0x00, 0x00, 0x00, 0x00, 0x00, 0x00,
    0x00, 0x00, 0x00, 0x00, 0x00, 0x00, 0x00, 0x00, 0x00, 0x00, 0x00, 0x00, 0x00, 0x00, 0x00, 0x00, 0x00, 0x00, 0x00, 0x00, 0x00, 0x00, 0x00, 0x00, 0x00, 0x00, 0x00, 0x00, 0x00, 0x00, 0x00, 0x00,
    0x00, 0x00, 0x4a, 0x59, 0x74, 0xfb, 0x74, 0xfb, 0x74, 0xfb, 0x74, 0xfb, 0x7a, 0xfd, 0x7a, 0xfd, 0x7a, 0xfd, 0x7a, 0xfd, 0x7a, 0xfd, 0x7a, 0xfd, 0x7a, 0xfd, 0x7a, 0xfd, 0x7a, 0xfd, 0x7a, 0xfd,
    0x7a, 0xfd, 0x7a, 0xfd, 0x7a, 0xfd, 0x15, 0xd4, 0x15, 0xd4, 0x15, 0xd4, 0x15, 0xd4, 0x15, 0xd4, 0x15, 0xd4, 0x15, 0xd4, 0x15, 0xd4, 0x74, 0xfb, 0x74, 0xfb, 0x74, 0xfb, 0x74, 0xfb, 0x4a, 0x59,
    0x00, 0x00, 0x00, 0x00, 0x00, 0x00, 0x00, 0x00, 0x00, 0x00, 0x00, 0x00, 0x00, 0x00, 0x00, 0x00, 0x00, 0x00, 0x00, 0x00, 0x00, 0x00, 0x00, 0x00, 0x00, 0x00, 0x00, 0x00, 0x00, 0x00, 0x00, 0x00,
    0x00, 0x00, 0x00, 0x00, 0x00, 0x00, 0x00, 0x00, 0x00, 0x00, 0x00, 0x00, 0x00, 0x00, 0x00, 0x00, 0x00, 0x00, 0x00, 0x00, 0x00, 0x00, 0x00, 0x00, 0x00, 0x00, 0x00, 0x00, 0x00, 0x00, 0x00, 0x00,
    0x00, 0x00, 0x00, 0x00, 0x74, 0xfb, 0x74, 0xfb, 0x74, 0xfb, 0x74, 0xfb, 0x7a, 0xfd, 0x7a, 0xfd, 0x7a, 0xfd, 0x7a, 0xfd, 0x7a, 0xfd, 0x7a, 0xfd, 0x7a, 0xfd, 0x7a, 0xfd, 0x7a, 0xfd, 0x7a, 0xfd,
    0x7a, 0xfd, 0x7a, 0xfd, 0x15, 0xd4, 0x15, 0xd4, 0x15, 0xd4, 0x15, 0xd4, 0x15, 0xd4, 0x15, 0xd4, 0x15, 0xd4, 0x15, 0xd4, 0x15, 0xd4, 0x74, 0xfb, 0x74, 0xfb, 0x74, 0xfb, 0x74, 0xfb, 0x00, 0x00,
    0x00, 0x00, 0x00, 0x00, 0x00, 0x00, 0x00, 0x00, 0x00, 0x00, 0x00, 0x00, 0x00, 0x00, 0x00, 0x00, 0x00, 0x00, 0x00, 0x00, 0x00, 0x00, 0x00, 0x00, 0x00, 0x00, 0x00, 0x00, 0x00, 0x00, 0x00, 0x00,
    0x00, 0x00, 0x00, 0x00, 0x00, 0x00, 0x00, 0x00, 0x00, 0x00, 0x00, 0x00, 0x00, 0x00, 0x00, 0x00, 0x00, 0x00, 0x00, 0x00, 0x00, 0x00, 0x00, 0x00, 0x00, 0x00, 0x00, 0x00, 0x00, 0x00, 0x00, 0x00,
    0x00, 0x00, 0x00, 0x00, 0x4a, 0x59, 0x74, 0xfb, 0x74, 0xfb, 0x7a, 0xfd, 0x7a, 0xfd, 0x7a, 0xfd, 0x7a, 0xfd, 0x7a, 0xfd, 0x7a, 0xfd, 0x7a, 0xfd, 0x7a, 0xfd, 0x7a, 0xfd, 0x7a, 0xfd, 0x7a, 0xfd,
    0x7a, 0xfd, 0x7a, 0xfd, 0x15, 0xd4, 0x15, 0xd4, 0x15, 0xd4, 0x15, 0xd4, 0x15, 0xd4, 0x15, 0xd4, 0x15, 0xd4, 0x15, 0xd4, 0x15, 0xd4, 0x15, 0xd4, 0x74, 0xfb, 0x74, 0xfb, 0x4a, 0x59, 0x00, 0x00,
    0x00, 0x00, 0x00, 0x00, 0x00, 0x00, 0x00, 0x00, 0x00, 0x00, 0x00, 0x00, 0x00, 0x00, 0x00, 0x00, 0x00, 0x00, 0x00, 0x00, 0x00, 0x00, 0x00, 0x00, 0x00, 0x00, 0x00, 0x00, 0x00, 0x00, 0x00, 0x00,
    0x00, 0x00, 0x00, 0x00, 0x00, 0x00, 0x00, 0x00, 0x00, 0x00, 0x00, 0x00, 0x00, 0x00, 0x00, 0x00, 0x00, 0x00, 0x00, 0x00, 0x00, 0x00, 0x00, 0x00, 0x00, 0x00, 0x00, 0x00, 0x00, 0x00, 0x00, 0x00,
    0x00, 0x00, 0x00, 0x00, 0x00, 0x00, 0x4a, 0x59, 0x7a, 0xfd, 0x7a, 0xfd, 0x7a, 0xfd, 0x7a, 0xfd, 0x7a, 0xfd, 0x7a, 0xfd, 0x7a, 0xfd, 0x7a, 0xfd, 0x7a, 0xfd, 0x7a, 0xfd, 0x4a, 0x59, 0x4a, 0x59,
    0x4a, 0x59, 0x4a, 0x59, 0x4a, 0x59, 0x15, 0xd4, 0x15, 0xd4, 0x15, 0xd4, 0x15, 0xd4, 0x15, 0xd4, 0x15, 0xd4, 0x15, 0xd4, 0x15, 0xd4, 0x15, 0xd4, 0x15, 0xd4, 0x4a, 0x59, 0x15, 0xd4, 0x00, 0x00,
    0x00, 0x00, 0x00, 0x00, 0x00, 0x00, 0x00, 0x00, 0x00, 0x00, 0x00, 0x00, 0x00, 0x00, 0x00, 0x00, 0x00, 0x00, 0x00, 0x00, 0x00, 0x00, 0x00, 0x00, 0x00, 0x00, 0x00, 0x00, 0x00, 0x00, 0x00, 0x00,
    0x00, 0x00, 0x00, 0x00, 0x00, 0x00, 0x00, 0x00, 0x00, 0x00, 0x00, 0x00, 0x00, 0x00, 0x00, 0x00, 0x00, 0x00, 0x00, 0x00, 0x00, 0x00, 0x00, 0x00, 0x00, 0x00, 0x00, 0x00, 0x00, 0x00, 0x00, 0x00,
    0x00, 0x00, 0x00, 0x00, 0x00, 0x00, 0x00, 0x00, 0x4a, 0x59, 0x7a, 0xfd, 0x7a, 0xfd, 0x7a, 0xfd, 0x7a, 0xfd, 0x7a, 0xfd, 0x7a, 0xfd, 0x7a, 0xfd, 0x7a, 0xfd, 0xff, 0xff, 0xff, 0xff, 0xff, 0xff,
    0xff, 0xff, 0xff, 0xff, 0xff, 0xff, 0xff, 0xff, 0x15, 0xd4, 0x15, 0xd4, 0x15, 0xd4, 0x15, 0xd4, 0x15, 0xd4, 0x15, 0xd4, 0x15, 0xd4, 0x15, 0xd4, 0x4a, 0x59, 0x15, 0xd4, 0x00, 0x00, 0x00, 0x00,
    0x00, 0x00, 0x00, 0x00, 0x00, 0x00, 0x00, 0x00, 0x00, 0x00, 0x00, 0x00, 0x00, 0x00, 0x00, 0x00, 0x00, 0x00, 0x00, 0x00, 0x00, 0x00, 0x00, 0x00, 0x00, 0x00, 0x00, 0x00, 0x00, 0x00, 0x00, 0x00,
    0x00, 0x00, 0x00, 0x00, 0x00, 0x00, 0x00, 0x00, 0x00, 0x00, 0x00, 0x00, 0x00, 0x00, 0x00, 0x00, 0x00, 0x00, 0x00, 0x00, 0x00, 0x00, 0x00, 0x00, 0x00, 0x00, 0x00, 0x00, 0x00, 0x00, 0x00, 0x00,
    0x00, 0x00, 0x00, 0x00, 0x00, 0x00, 0x00, 0x00, 0x00, 0x00, 0x4a, 0x59, 0x7a, 0xfd, 0x7a, 0xfd, 0x7a, 0xfd, 0x7a, 0xfd, 0x7a, 0xfd, 0x7a, 0xfd, 0x4a, 0x59, 0xed, 0xc9, 0xed, 0xc9, 0xed, 0xc9,
    0xed, 0xc9, 0xed, 0xc9, 0xed, 0xc9, 0xed, 0xc9, 0x4a, 0x59, 0x15, 0xd4, 0x15, 0xd4, 0x15, 0xd4, 0x15, 0xd4, 0x15, 0xd4, 0x15, 0xd4, 0x4a, 0x59, 0x15, 0xd4, 0x15, 0xd4, 0x00, 0x00, 0x00, 0x00,
    0x00, 0x00, 0x00, 0x00, 0x00, 0x00, 0x00, 0x00, 0x00, 0x00, 0x00, 0x00, 0x00, 0x00, 0x00, 0x00, 0x00, 0x00, 0x00, 0x00, 0x00, 0x00, 0x00, 0x00, 0x00, 0x00, 0x00, 0x00, 0x00, 0x00, 0x00, 0x00,
    0x00, 0x00, 0x00, 0x00, 0x00, 0x00, 0x00, 0x00, 0x00, 0x00, 0x00, 0x00, 0x00, 0x00, 0x00, 0x00, 0x00, 0x00, 0x00, 0x00, 0x00, 0x00, 0x00, 0x00, 0x00, 0x00, 0x00, 0x00, 0x00, 0x00, 0x00, 0x00,
    0x00, 0x00, 0x00, 0x00, 0x00, 0x00, 0x00, 0x00, 0x00, 0x00, 0x00, 0x00, 0x4a, 0x59, 0x7a, 0xfd, 0x7a, 0xfd, 0x7a, 0xfd, 0x7a, 0xfd, 0x7a, 0xfd, 0x7a, 0xfd, 0x4a, 0x59, 0xed, 0xc9, 0xed, 0xc9,
    0xed, 0xc9, 0xed, 0xc9, 0xed, 0xc9, 0x4a, 0x59, 0x15, 0xd4, 0x15, 0xd4, 0x15, 0xd4, 0x15, 0xd4, 0x15, 0xd4, 0x15, 0xd4, 0x4a, 0x59, 0x15, 0xd4, 0x15, 0xd4, 0x00, 0x00, 0x00, 0x00, 0x00, 0x00,
    0x00, 0x00, 0x00, 0x00, 0x00, 0x00, 0x00, 0x00, 0x00, 0x00, 0x00, 0x00, 0x00, 0x00, 0x00, 0x00, 0x00, 0x00, 0x00, 0x00, 0x00, 0x00, 0x00, 0x00, 0x00, 0x00, 0x00, 0x00, 0x00, 0x00, 0x00, 0x00,
    0x00, 0x00, 0x00, 0x00, 0x00, 0x00, 0x00, 0x00, 0x00, 0x00, 0x00, 0x00, 0x00, 0x00, 0x00, 0x00, 0x00, 0x00, 0x00, 0x00, 0x00, 0x00, 0x00, 0x00, 0x00, 0x00, 0x00, 0x00, 0x00, 0x00, 0x00, 0x00,
    0x00, 0x00, 0x00, 0x00, 0x00, 0x00, 0x00, 0x00, 0x4a, 0x59, 0x4a, 0x59, 0x4a, 0x59, 0x4a, 0x59, 0x4a, 0x59, 0x7a, 0xfd, 0x7a, 0xfd, 0x7a, 0xfd, 0x7a, 0xfd, 0x7a, 0xfd, 0x4a, 0x59, 0x4a, 0x59,
    0x4a, 0x59, 0x4a, 0x59, 0x4a, 0x59, 0x7a, 0xfd, 0x7a, 0xfd, 0x7a, 0xfd, 0x15, 0xd4, 0x15, 0xd4, 0x4a, 0x59, 0x4a, 0x59, 0x15, 0xd4, 0x4a, 0x59, 0x4a, 0x59, 0x00, 0x00, 0x00, 0x00, 0x00, 0x00,
    0x00, 0x00, 0x00, 0x00, 0x00, 0x00, 0x00, 0x00, 0x00, 0x00, 0x00, 0x00, 0x00, 0x00, 0x00, 0x00, 0x00, 0x00, 0x00, 0x00, 0x00, 0x00, 0x00, 0x00, 0x00, 0x00, 0x00, 0x00, 0x00, 0x00, 0x00, 0x00,
    0x00, 0x00, 0x00, 0x00, 0x00, 0x00, 0x00, 0x00, 0x00, 0x00, 0x00, 0x00, 0x00, 0x00, 0x00, 0x00, 0x00, 0x00, 0x00, 0x00, 0x00, 0x00, 0x00, 0x00, 0x00, 0x00, 0x00, 0x00, 0x00, 0x00, 0x00, 0x00,
    0x00, 0x00, 0x00, 0x00, 0x00, 0x00, 0x4a, 0x59, 0x1b, 0x6d, 0x1b, 0x6d, 0x1b, 0x6d, 0x1b, 0x6d, 0x1b, 0x6d, 0x4a, 0x59, 0x4a, 0x59, 0x4a, 0x59, 0x7a, 0xfd, 0x7a, 0xfd, 0x7a, 0xfd, 0x7a, 0xfd,
    0x7a, 0xfd, 0x7a, 0xfd, 0x7a, 0xfd, 0x7a, 0xfd, 0x7a, 0xfd, 0x4a, 0x59, 0x4a, 0x59, 0x4a, 0x59, 0x1b, 0x6d, 0x1b, 0x6d, 0x1b, 0x6d, 0x1b, 0x6d, 0x1b, 0x6d, 0x4a, 0x59, 0x00, 0x00, 0x00, 0x00,
    0x00, 0x00, 0x00, 0x00, 0x00, 0x00, 0x00, 0x00, 0x00, 0x00, 0x00, 0x00, 0x00, 0x00, 0x00, 0x00, 0x00, 0x00, 0x00, 0x00, 0x00, 0x00, 0x00, 0x00, 0x00, 0x00, 0x00, 0x00, 0x00, 0x00, 0x00, 0x00,
    0x00, 0x00, 0x00, 0x00, 0x00, 0x00, 0x00, 0x00, 0x00, 0x00, 0x00, 0x00, 0x00, 0x00, 0x00, 0x00, 0x00, 0x00, 0x00, 0x00, 0x00, 0x00, 0x00, 0x00, 0x00, 0x00, 0x00, 0x00, 0x00, 0x00, 0x00, 0x00,
    0x00, 0x00, 0x00, 0x00, 0x00, 0x00, 0x4a, 0x59, 0x1b, 0x6d, 0x1b, 0x6d, 0x1b, 0x6d, 0x1b, 0x6d, 0x1b, 0x6d, 0x1b, 0x6d, 0x5e, 0xa6, 0x1b, 0x6d, 0x4a, 0x59, 0x4a, 0x59, 0x4a, 0x59, 0x4a, 0x59,
    0x4a, 0x59, 0x4a, 0x59, 0x4a, 0x59, 0x4a, 0x59, 0x4a, 0x59, 0x1b, 0x6d, 0x5e, 0xa6, 0x1b, 0x6d, 0x1b, 0x6d, 0x1b, 0x6d, 0x1b, 0x6d, 0x1b, 0x6d, 0x1b, 0x6d, 0x4a, 0x59, 0x00, 0x00, 0x00, 0x00,
    0x00, 0x00, 0x00, 0x00, 0x00, 0x00, 0x00, 0x00, 0x00, 0x00, 0x00, 0x00, 0x00, 0x00, 0x00, 0x00, 0x00, 0x00, 0x00, 0x00, 0x00, 0x00, 0x00, 0x00, 0x00, 0x00, 0x00, 0x00, 0x00, 0x00, 0x00, 0x00,
    0x00, 0x00, 0x00, 0x00, 0x00, 0x00, 0x00, 0x00, 0x00, 0x00, 0x00, 0x00, 0x00, 0x00, 0x00, 0x00, 0x00, 0x00, 0x00, 0x00, 0x00, 0x00, 0x00, 0x00, 0x00, 0x00, 0x00, 0x00, 0x00, 0x00, 0x00, 0x00,
    0x00, 0x00, 0x00, 0x00, 0x4a, 0x59, 0x1b, 0x6d, 0x1b, 0x6d, 0x1b, 0x6d, 0x1b, 0x6d, 0x1b, 0x6d, 0x1b, 0x6d, 0x5e, 0xa6, 0x1b, 0x6d, 0x1b, 0x6d, 0x1b, 0x6d, 0x1b, 0x6d, 0x1b, 0x6d, 0x1b, 0x6d,
    0x5e, 0xa6, 0x1b, 0x6d, 0x1b, 0x6d, 0x1b, 0x6d, 0x1b, 0x6d, 0x1b, 0x6d, 0x1b, 0x6d, 0x5e, 0xa6, 0x1b, 0x6d, 0x1b, 0x6d, 0x1b, 0x6d, 0x1b, 0x6d, 0x1b, 0x6d, 0x1b, 0x6d, 0x4a, 0x59, 0x00, 0x00,
    0x00, 0x00, 0x00, 0x00, 0x00, 0x00, 0x00, 0x00, 0x00, 0x00, 0x00, 0x00, 0x00, 0x00, 0x00, 0x00, 0x00, 0x00, 0x00, 0x00, 0x00, 0x00, 0x00, 0x00, 0x00, 0x00, 0x00, 0x00, 0x00, 0x00, 0x00, 0x00,
    0x00, 0x00, 0x00, 0x00, 0x00, 0x00, 0x00, 0x00, 0x00, 0x00, 0x00, 0x00, 0x00, 0x00, 0x00, 0x00, 0x00, 0x00, 0x00, 0x00, 0x00, 0x00, 0x00, 0x00, 0x00, 0x00, 0x00, 0x00, 0x00, 0x00, 0x00, 0x00,
    0x00, 0x00, 0x00, 0x00, 0x4a, 0x59, 0x1b, 0x6d, 0x1b, 0x6d, 0x1b, 0x6d, 0x1b, 0x6d, 0x1b, 0x6d, 0x1b, 0x6d, 0x5e, 0xa6, 0x1b, 0x6d, 0x1b, 0x6d, 0x1b, 0x6d, 0x1b, 0x6d, 0x1b, 0x6d, 0x1b, 0x6d,
    0x5e, 0xa6, 0x1b, 0x6d, 0x1b, 0x6d, 0x1b, 0x6d, 0x1b, 0x6d, 0x1b, 0x6d, 0x1b, 0x6d, 0x5e, 0xa6, 0x1b, 0x6d, 0x1b, 0x6d, 0x1b, 0x6d, 0x1b, 0x6d, 0x1b, 0x6d, 0x1b, 0x6d, 0x4a, 0x59, 0x00, 0x00,
    0x00, 0x00, 0x00, 0x00, 0x00, 0x00, 0x00, 0x00, 0x00, 0x00, 0x00, 0x00, 0x00, 0x00, 0x00, 0x00, 0x00, 0x00, 0x00, 0x00, 0x00, 0x00, 0x00, 0x00, 0x00, 0x00, 0x00, 0x00, 0x00, 0x00, 0x00, 0x00,
    0x00, 0x00, 0x00, 0x00, 0x00, 0x00, 0x00, 0x00, 0x00, 0x00, 0x00, 0x00, 0x00, 0x00, 0x00, 0x00, 0x00, 0x00, 0x00, 0x00, 0x00, 0x00, 0x00, 0x00, 0x00, 0x00, 0x00, 0x00, 0x00, 0x00, 0x00, 0x00,
    0x00, 0x00, 0x4a, 0x59, 0x1b, 0x6d, 0x1b, 0x6d, 0x1b, 0x6d, 0x1b, 0x6d, 0x1b, 0x6d, 0x1b, 0x6d, 0x5e, 0xa6, 0x1b, 0x6d, 0x1b, 0x6d, 0x1b, 0x6d, 0x1b, 0x6d, 0x1b, 0x6d, 0x1b, 0x6d, 0x1b, 0x6d,
    0x5e, 0xa6, 0x1b, 0x6d, 0x1b, 0x6d, 0x1b, 0x6d, 0x1b, 0x6d, 0x1b, 0x6d, 0x1b, 0x6d, 0x1b, 0x6d, 0x5e, 0xa6, 0x1b, 0x6d, 0x1b, 0x6d, 0x1b, 0x6d, 0x1b, 0x6d, 0x1b, 0x6d, 0x1b, 0x6d, 0x4a, 0x59,
    0x00, 0x00, 0x00, 0x00, 0x00, 0x00, 0x00, 0x00, 0x00, 0x00, 0x00, 0x00, 0x00, 0x00, 0x00, 0x00, 0x00, 0x00, 0x00, 0x00, 0x00, 0x00, 0x00, 0x00, 0x00, 0x00, 0x00, 0x00, 0x00, 0x00, 0x00, 0x00,
    0x00, 0x00, 0x00, 0x00, 0x00, 0x00, 0x00, 0x00, 0x00, 0x00, 0x00, 0x00, 0x00, 0x00, 0x00, 0x00, 0x00, 0x00, 0x00, 0x00, 0x00, 0x00, 0x00, 0x00, 0x00, 0x00, 0x00, 0x00, 0x00, 0x00, 0x00, 0x00,
    0x00, 0x00, 0x4a, 0x59, 0x1b, 0x6d, 0x1b, 0x6d, 0x1b, 0x6d, 0x1b, 0x6d, 0x1b, 0x6d, 0x1b, 0x6d, 0x5e, 0xa6, 0x1b, 0x6d, 0x1b, 0x6d, 0x1b, 0x6d, 0x1b, 0x6d, 0x1b, 0x6d, 0x1b, 0x6d, 0x1b, 0x6d,
    0x5e, 0xa6, 0x1b, 0x6d, 0x1b, 0x6d, 0x1b, 0x6d, 0x1b, 0x6d, 0x1b, 0x6d, 0x1b, 0x6d, 0x1b, 0x6d, 0x5e, 0xa6, 0x1b, 0x6d, 0x1b, 0x6d, 0x1b, 0x6d, 0x1b, 0x6d, 0x1b, 0x6d, 0x1b, 0x6d, 0x4a, 0x59,
    0x00, 0x00, 0x00, 0x00, 0x00, 0x00, 0x00, 0x00, 0x00, 0x00, 0x00, 0x00, 0x00, 0x00, 0x00, 0x00, 0x00, 0x00, 0x00, 0x00, 0x00, 0x00, 0x00, 0x00, 0x00, 0x00, 0x00, 0x00, 0x00, 0x00, 0x00, 0x00,
    0x00, 0x00, 0x00, 0x00, 0x00, 0x00, 0x00, 0x00, 0x00, 0x00, 0x00, 0x00, 0x00, 0x00, 0x00, 0x00, 0x00, 0x00, 0x00, 0x00, 0x00, 0x00, 0x00, 0x00, 0x00, 0x00, 0x00, 0x00, 0x00, 0x00, 0x00, 0x00,
    0x4a, 0x59, 0x1b, 0x6d, 0x1b, 0x6d, 0x1b, 0x6d, 0x1b, 0x6d, 0x1b, 0x6d, 0x1b, 0x6d, 0x5e, 0xa6, 0x1b, 0x6d, 0x1b, 0x6d, 0x1b, 0x6d, 0x1b, 0x6d, 0x1b, 0x6d, 0x1b, 0x6d, 0x1b, 0x6d, 0x1b, 0x6d,
    0x5e, 0xa6, 0x1b, 0x6d, 0x1b, 0x6d, 0x1b, 0x6d, 0x1b, 0x6d, 0x1b, 0x6d, 0x1b, 0x6d, 0x1b, 0x6d, 0x1b, 0x6d, 0x5e, 0xa6, 0x1b, 0x6d, 0x1b, 0x6d, 0x1b, 0x6d, 0x1b, 0x6d, 0x1b, 0x6d, 0x1b, 0x6d,
    0x4a, 0x59, 0x00, 0x00, 0x00, 0x00, 0x00, 0x00, 0x00, 0x00, 0x00, 0x00, 0x00, 0x00, 0x00, 0x00, 0x00, 0x00, 0x00, 0x00, 0x00, 0x00, 0x00, 0x00, 0x00, 0x00, 0x00, 0x00, 0x00, 0x00, 0x00, 0x00,
    0x00, 0x00, 0x00, 0x00, 0x00, 0x00, 0x00, 0x00, 0x00, 0x00, 0x00, 0x00, 0x00, 0x00, 0x00, 0x00, 0x00, 0x00, 0x00, 0x00, 0x00, 0x00, 0x00, 0x00, 0x00, 0x00, 0x00, 0x00, 0x00, 0x00, 0x00, 0x00,
    0x4a, 0x59, 0x1b, 0x6d, 0x1b, 0x6d, 0x1b, 0x6d, 0x1b, 0x6d, 0x1b, 0x6d, 0x1b, 0x6d, 0x5e, 0xa6, 0x1b, 0x6d, 0x1b, 0x6d, 0x1b, 0x6d, 0x1b, 0x6d, 0x1b, 0x6d, 0x1b, 0x6d, 0x1b, 0x6d, 0x1b, 0x6d,
    0x5e, 0xa6, 0x1b, 0x6d, 0x1b, 0x6d, 0x1b, 0x6d, 0x1b, 0x6d, 0x1b, 0x6d, 0x1b, 0x6d, 0x1b, 0x6d, 0x1b, 0x6d, 0x5e, 0xa6, 0x1b, 0x6d, 0x1b, 0x6d, 0x1b, 0x6d, 0x1b, 0x6d, 0x1b, 0x6d, 0x1b, 0x6d,
    0x4a, 0x59, 0x00, 0x00, 0x00, 0x00, 0x00, 0x00, 0x00, 0x00, 0x00, 0x00, 0x00, 0x00, 0x00, 0x00, 0x00, 0x00, 0x00, 0x00, 0x00, 0x00, 0x00, 0x00, 0x00, 0x00, 0x00, 0x00, 0x00, 0x00, 0x00, 0x00,
    0x00, 0x00, 0x00, 0x00, 0x00, 0x00, 0x00, 0x00, 0x00, 0x00, 0x00, 0x00, 0x00, 0x00, 0x00, 0x00, 0x00, 0x00, 0x00, 0x00, 0x00, 0x00, 0x00, 0x00, 0x00, 0x00, 0x00, 0x00, 0x00, 0x00, 0x4a, 0x59,
    0x1b, 0x6d, 0x1b, 0x6d, 0x1b, 0x6d, 0x1b, 0x6d, 0x1b, 0x6d, 0x1b, 0x6d, 0x5e, 0xa6, 0x1b, 0x6d, 0x1b, 0x6d, 0x1b, 0x6d, 0x1b, 0x6d, 0x1b, 0x6d, 0x1b, 0x6d, 0x1b, 0x6d, 0x1b, 0x6d, 0x1b, 0x6d,
    0x5e, 0xa6, 0x1b, 0x6d, 0x1b, 0x6d, 0x1b, 0x6d, 0x1b, 0x6d, 0x1b, 0x6d, 0x1b, 0x6d, 0x1b, 0x6d, 0x1b, 0x6d, 0x1b, 0x6d, 0x5e, 0xa6, 0x1b, 0x6d, 0x1b, 0x6d, 0x1b, 0x6d, 0x1b, 0x6d, 0x1b, 0x6d,
    0x1b, 0x6d, 0x4a, 0x59, 0x00, 0x00, 0x00, 0x00, 0x00, 0x00, 0x00, 0x00, 0x00, 0x00, 0x00, 0x00, 0x00, 0x00, 0x00, 0x00, 0x00, 0x00, 0x00, 0x00, 0x00, 0x00, 0x00, 0x00, 0x00, 0x00, 0x00, 0x00,
    0x00, 0x00, 0x00, 0x00, 0x00, 0x00, 0x00, 0x00, 0x00, 0x00, 0x00, 0x00, 0x00, 0x00, 0x00, 0x00, 0x00, 0x00, 0x00, 0x00, 0x00, 0x00, 0x00, 0x00, 0x00, 0x00, 0x00, 0x00, 0x4a, 0x59, 0x1b, 0x6d,
    0x1b, 0x6d, 0x1b, 0x6d, 0x1b, 0x6d, 0x1b, 0x6d, 0x1b, 0x6d, 0x1b, 0x6d, 0x5e, 0xa6, 0x1b, 0x6d, 0x1b, 0x6d, 0x1b, 0x6d, 0x1b, 0x6d, 0x1b, 0x6d, 0x1b, 0x6d, 0x1b, 0x6d, 0x1b, 0x6d, 0x1b, 0x6d,
    0x5e, 0xa6, 0x1b, 0x6d, 0x1b, 0x6d, 0x1b, 0x6d, 0x1b, 0x6d, 0x1b, 0x6d, 0x1b, 0x6d, 0x1b, 0x6d, 0x1b, 0x6d, 0x1b, 0x6d, 0x5e, 0xa6, 0x1b, 0x6d, 0x1b, 0x6d, 0x1b, 0x6d, 0x1b, 0x6d, 0x1b, 0x6d,
    0x1b, 0x6d, 0x1b, 0x6d, 0x4a, 0x59, 0x00, 0x00, 0x00, 0x00, 0x00, 0x00, 0x00, 0x00, 0x00, 0x00, 0x00, 0x00, 0x00, 0x00, 0x00, 0x00, 0x00, 0x00, 0x00, 0x00, 0x00, 0x00, 0x00, 0x00, 0x00, 0x00,
    0x00, 0x00, 0x00, 0x00, 0x00, 0x00, 0x00, 0x00, 0x00, 0x00, 0x00, 0x00, 0x00, 0x00, 0x00, 0x00, 0x00, 0x00, 0x00, 0x00, 0x00, 0x00, 0x00, 0x00, 0x00, 0x00, 0x00, 0x00, 0x4a, 0x59, 0x1b, 0x6d,
    0x1b, 0x6d, 0x1b, 0x6d, 0x1b, 0x6d, 0x1b, 0x6d, 0x1b, 0x6d, 0x5e, 0xa6, 0x1b, 0x6d, 0x1b, 0x6d, 0x1b, 0x6d, 0x1b, 0x6d, 0x1b, 0x6d, 0x1b, 0x6d, 0x1b, 0x6d, 0x1b, 0x6d, 0x1b, 0x6d, 0x1b, 0x6d,
    0x5e, 0xa6, 0x1b, 0x6d, 0x1b, 0x6d, 0x1b, 0x6d, 0x1b, 0x6d, 0x1b, 0x6d, 0x1b, 0x6d, 0x1b, 0x6d, 0x1b, 0x6d, 0x1b, 0x6d, 0x1b, 0x6d, 0x5e, 0xa6, 0x1b, 0x6d, 0x1b, 0x6d, 0x1b, 0x6d, 0x1b, 0x6d,
    0x1b, 0x6d, 0x1b, 0x6d, 0x4a, 0x59, 0x00, 0x00, 0x00, 0x00, 0x00, 0x00, 0x00, 0x00, 0x00, 0x00, 0x00, 0x00, 0x00, 0x00, 0x00, 0x00, 0x00, 0x00, 0x00, 0x00, 0x00, 0x00, 0x00, 0x00, 0x00, 0x00,
    0x00, 0x00, 0x00, 0x00, 0x00, 0x00, 0x00, 0x00, 0x00, 0x00, 0x00, 0x00, 0x00, 0x00, 0x00, 0x00, 0x00, 0x00, 0x00, 0x00, 0x00, 0x00, 0x00, 0x00, 0x00, 0x00, 0x4a, 0x59, 0x1b, 0x6d, 0x1b, 0x6d,
    0x1b, 0x6d, 0x1b, 0x6d, 0x1b, 0x6d, 0x1b, 0x6d, 0x1b, 0x6d, 0x5e, 0xa6, 0x1b, 0x6d, 0x1b, 0x6d, 0x1b, 0x6d, 0x1b, 0x6d, 0x1b, 0x6d, 0x1b, 0x6d, 0x1b, 0x6d, 0x1b, 0x6d, 0x1b, 0x6d, 0x1b, 0x6d,
    0x5e, 0xa6, 0x1b, 0x6d, 0x1b, 0x6d, 0x1b, 0x6d, 0x1b, 0x6d, 0x1b, 0x6d, 0x1b, 0x6d, 0x1b, 0x6d, 0x1b, 0x6d, 0x1b, 0x6d, 0x1b, 0x6d, 0x5e, 0xa6, 0x1b, 0x6d, 0x1b, 0x6d, 0x1b, 0x6d, 0x1b, 0x6d,
    0x1b, 0x6d, 0x1b, 0x6d, 0x1b, 0x6d, 0x4a, 0x59, 0x00, 0x00, 0x00, 0x00, 0x00, 0x00, 0x00, 0x00, 0x00, 0x00, 0x00, 0x00, 0x00, 0x00, 0x00, 0x00, 0x00, 0x00, 0x00, 0x00, 0x00, 0x00, 0x00, 0x00,
    0x00, 0x00, 0x00, 0x00, 0x00, 0x00, 0x00, 0x00, 0x00, 0x00, 0x00, 0x00, 0x00, 0x00, 0x00, 0x00, 0x00, 0x00, 0x00, 0x00, 0x00, 0x00, 0x00, 0x00, 0x00, 0x00, 0x4a, 0x59, 0x1b, 0x6d, 0x1b, 0x6d,
    0x1b, 0x6d, 0x1b, 0x6d, 0x1b, 0x6d, 0x1b, 0x6d, 0x5e, 0xa6, 0x1b, 0x6d, 0x1b, 0x6d, 0x1b, 0x6d, 0x1b, 0x6d, 0x1b, 0x6d, 0x1b, 0x6d, 0x1b, 0x6d, 0x1b, 0x6d, 0x1b, 0x6d, 0x1b, 0x6d, 0x1b, 0x6d,
    0x5e, 0xa6, 0x1b, 0x6d, 0x1b, 0x6d, 0x1b, 0x6d, 0x1b, 0x6d, 0x1b, 0x6d, 0x1b, 0x6d, 0x1b, 0x6d, 0x1b, 0x6d, 0x1b, 0x6d, 0x1b, 0x6d, 0x1b, 0x6d, 0x5e, 0xa6, 0x1b, 0x6d, 0x1b, 0x6d, 0x1b, 0x6d,
    0x1b, 0x6d, 0x1b, 0x6d, 0x1b, 0x6d, 0x4a, 0x59, 0x00, 0x00, 0x00, 0x00, 0x00, 0x00, 0x00, 0x00, 0x00, 0x00, 0x00, 0x00, 0x00, 0x00, 0x00, 0x00, 0x00, 0x00, 0x00, 0x00, 0x00, 0x00, 0x00, 0x00,
    0x00, 0x00, 0x00, 0x00, 0x00, 0x00, 0x00, 0x00, 0x00, 0x00, 0x00, 0x00, 0x00, 0x00, 0x00, 0x00, 0x00, 0x00, 0x00, 0x00, 0x00, 0x00, 0x00, 0x00, 0x4a, 0x59, 0x1b, 0x6d, 0x1b, 0x6d, 0x1b, 0x6d,
    0x1b, 0x6d, 0x1b, 0x6d, 0x1b, 0x6d, 0x1b, 0x6d, 0x5e, 0xa6, 0x1b, 0x6d, 0x1b, 0x6d, 0x1b, 0x6d, 0x1b, 0x6d, 0x1b, 0x6d, 0x1b, 0x6d, 0x1b, 0x6d, 0x1b, 0x6d, 0x1b, 0x6d, 0x1b, 0x6d, 0x1b, 0x6d,
    0x5e, 0xa6, 0x1b, 0x6d, 0x1b, 0x6d, 0x1b, 0x6d, 0x1b, 0x6d, 0x1b, 0x6d, 0x1b, 0x6d, 0x1b, 0x6d, 0x1b, 0x6d, 0x1b, 0x6d, 0x1b, 0x6d, 0x1b, 0x6d, 0x5e, 0xa6, 0x1b, 0x6d, 0x1b, 0x6d, 0x1b, 0x6d,
    0x1b, 0x6d, 0x1b, 0x6d, 0x1b, 0x6d, 0x1b, 0x6d, 0x4a, 0x59, 0x00, 0x00, 0x00, 0x00, 0x00, 0x00, 0x00, 0x00, 0x00, 0x00, 0x00, 0x00, 0x00, 0x00, 0x00, 0x00, 0x00, 0x00, 0x00, 0x00, 0x00, 0x00,
    0x00, 0x00, 0x00, 0x00, 0x00, 0x00, 0x00, 0x00, 0x00, 0x00, 0x00, 0x00, 0x00, 0x00, 0x00, 0x00, 0x00, 0x00, 0x00, 0x00, 0x00, 0x00, 0x00, 0x00, 0x4a, 0x59, 0x1b, 0x6d, 0x1b, 0x6d, 0x1b, 0x6d,
    0x1b, 0x6d, 0x1b, 0x6d, 0x1b, 0x6d, 0x5e, 0xa6, 0x1b, 0x6d, 0x1b, 0x6d, 0x1b, 0x6d, 0x1b, 0x6d, 0x1b, 0x6d, 0x1b, 0x6d, 0x1b, 0x6d, 0x1b, 0x6d, 0x1b, 0x6d, 0x1b, 0x6d, 0x1b, 0x6d, 0x1b, 0x6d,
    0x5e, 0xa6, 0x1b, 0x6d, 0x1b, 0x6d, 0x1b, 0x6d, 0x1b, 0x6d, 0x1b, 0x6d, 0x1b, 0x6d, 0x1b, 0x6d, 0x1b, 0x6d, 0x1b, 0x6d, 0x1b, 0x6d, 0x1b, 0x6d, 0x1b, 0x6d, 0x5e, 0xa6, 0x1b, 0x6d, 0x1b, 0x6d,
    0x1b, 0x6d, 0x1b, 0x6d, 0x1b, 0x6d, 0x1b, 0x6d, 0x4a, 0x59, 0x00, 0x00, 0x00, 0x00, 0x00, 0x00, 0x00, 0x00, 0x00, 0x00, 0x00, 0x00, 0x00, 0x00, 0x00, 0x00, 0x00, 0x00, 0x00, 0x00, 0x00, 0x00,
    0x00, 0x00, 0x00, 0x00, 0x00, 0x00, 0x00, 0x00, 0x00, 0x00, 0x00, 0x00, 0x00, 0x00, 0x00, 0x00, 0x00, 0x00, 0x00, 0x00, 0x00, 0x00, 0x4a, 0x59, 0x35, 0x3b, 0x35, 0x3b, 0x35, 0x3b, 0x35, 0x3b,
    0x35, 0x3b, 0x35, 0x3b, 0x35, 0x3b, 0x35, 0x3b, 0x35, 0x3b, 0x35, 0x3b, 0xe5, 0x88, 0xe5, 0x88, 0xe5, 0x88, 0xe5, 0x88, 0xe5, 0x88, 0x35, 0x3b, 0x35, 0x3b, 0x35, 0x3b, 0x35, 0x3b, 0x35, 0x3b,
    0x35, 0x3b, 0x35, 0x3b, 0x35, 0x3b, 0x35, 0x3b, 0x35, 0x3b, 0x35, 0x3b, 0xe5, 0x88, 0xe5, 0x88, 0xe5, 0x88, 0xe5, 0x88, 0xe5, 0x88, 0x35, 0x3b, 0x35, 0x3b, 0x35, 0x3b, 0x35, 0x3b, 0x35, 0x3b,
    0x35, 0x3b, 0x35, 0x3b, 0x35, 0x3b, 0x35, 0x3b, 0x35, 0x3b, 0x4a, 0x59, 0x00, 0x00, 0x00, 0x00, 0x00, 0x00, 0x00, 0x00, 0x00, 0x00, 0x00, 0x00, 0x00, 0x00, 0x00, 0x00, 0x00, 0x00, 0x00, 0x00,
    0x00, 0x00, 0x00, 0x00, 0x00, 0x00, 0x00, 0x00, 0x00, 0x00, 0x00, 0x00, 0x00, 0x00, 0x00, 0x00, 0x00, 0x00, 0x00, 0x00, 0x00, 0x00, 0x4a, 0x59, 0x1b, 0x6d, 0x1b, 0x6d, 0x1b, 0x6d, 0x1b, 0x6d,
    0x1b, 0x6d, 0x1b, 0x6d, 0x5e, 0xa6, 0x1b, 0x6d, 0x1b, 0x6d, 0x1b, 0x6d, 0xe5, 0x88, 0x87, 0xd1, 0x87, 0xd1, 0x87, 0xd1, 0xe5, 0x88, 0x1b, 0x6d, 0x1b, 0x6d, 0x1b, 0x6d, 0x1b, 0x6d, 0x1b, 0x6d,
    0x5e, 0xa6, 0x1b, 0x6d, 0x1b, 0x6d, 0x1b, 0x6d, 0x1b, 0x6d, 0x1b, 0x6d, 0xe5, 0x88, 0x87, 0xd1, 0x87, 0xd1, 0x87, 0xd1, 0xe5, 0x88, 0x1b, 0x6d, 0x1b, 0x6d, 0x1b, 0x6d, 0x5e, 0xa6, 0x1b, 0x6d,
    0x1b, 0x6d, 0x1b, 0x6d, 0x1b, 0x6d, 0x1b, 0x6d, 0x1b, 0x6d, 0x4a, 0x59, 0x00, 0x00, 0x00, 0x00, 0x00, 0x00, 0x00, 0x00, 0x00, 0x00, 0x00, 0x00, 0x00, 0x00, 0x00, 0x00, 0x00, 0x00, 0x00, 0x00,
    0x00, 0x00, 0x00, 0x00, 0x00, 0x00, 0x00, 0x00, 0x00, 0x00, 0x00, 0x00, 0x00, 0x00, 0x00, 0x00, 0x00, 0x00, 0x00, 0x00, 0x4a, 0x59, 0x4a, 0x59, 0x4a, 0x59, 0x4a, 0x59, 0x4a, 0x59, 0x4a, 0x59,
    0x4a, 0x59, 0x4a, 0x59, 0x5e, 0xa6, 0x4a, 0x59, 0x4a, 0x59, 0x4a, 0x59, 0xe5, 0x88, 0x87, 0xd1, 0x87, 0xd1, 0x87, 0xd1, 0xe5, 0x88, 0x4a, 0x59, 0x4a, 0x59, 0x4a, 0x59, 0x4a, 0x59, 0x4a, 0x59,
    0x5e, 0xa6, 0x4a, 0x59, 0x4a, 0x59, 0x4a, 0x59, 0x4a, 0x59, 0x4a, 0x59, 0xe5, 0x88, 0x87, 0xd1, 0x87, 0xd1, 0x87, 0xd1, 0xe5, 0x88, 0x4a, 0x59, 0x4a, 0x59, 0x4a, 0x59, 0x5e, 0xa6, 0x4a, 0x59,
    0x4a, 0x59, 0x4a, 0x59, 0x4a, 0x59, 0x4a, 0x59, 0x4a, 0x59, 0x4a, 0x59, 0x4a, 0x59, 0x00, 0x00, 0x00, 0x00, 0x00, 0x00, 0x00, 0x00, 0x00, 0x00, 0x00, 0x00, 0x00, 0x00, 0x00, 0x00, 0x00, 0x00,
    0x00, 0x00, 0x00, 0x00, 0x00, 0x00, 0x00, 0x00, 0x00, 0x00, 0x00, 0x00, 0x00, 0x00, 0x00, 0x00, 0x00, 0x00, 0x00, 0x00, 0x00, 0x00, 0x00, 0x00, 0x00, 0x00, 0x00, 0x00, 0x00, 0x00, 0x00, 0x00,
    0x00, 0x00, 0x00, 0x00, 0x00, 0x00, 0x00, 0x00, 0x00, 0x00, 0x00, 0x00, 0xe5, 0x88, 0x87, 0xd1, 0x87, 0xd1, 0x87, 0xd1, 0xe5, 0x88, 0x00, 0x00, 0x00, 0x00, 0x00, 0x00, 0x00, 0x00, 0x00, 0x00,
    0x00, 0x00, 0x00, 0x00, 0x00, 0x00, 0x00, 0x00, 0x00, 0x00, 0x00, 0x00, 0xe5, 0x88, 0x87, 0xd1, 0x87, 0xd1, 0x87, 0xd1, 0xe5, 0x88, 0x00, 0x00, 0x00, 0x00, 0x00, 0x00, 0x00, 0x00, 0x00, 0x00,
    0x00, 0x00, 0x00, 0x00, 0x00, 0x00, 0x00, 0x00, 0x00, 0x00, 0x00, 0x00, 0x00, 0x00, 0x00, 0x00, 0x00, 0x00, 0x00, 0x00, 0x00, 0x00, 0x00, 0x00, 0x00, 0x00, 0x00, 0x00, 0x00, 0x00, 0x00, 0x00,
    0x00, 0x00, 0x00, 0x00, 0x00, 0x00, 0x00, 0x00, 0x00, 0x00, 0x00, 0x00, 0x00, 0x00, 0x00, 0x00, 0x00, 0x00, 0x00, 0x00, 0x00, 0x00, 0x00, 0x00, 0x00, 0x00, 0x00, 0x00, 0x00, 0x00, 0x00, 0x00,
    0x00, 0x00, 0x00, 0x00, 0x00, 0x00, 0x00, 0x00, 0x00, 0x00, 0x4a, 0x59, 0x4a, 0x59, 0x4a, 0x59, 0x4a, 0x59, 0x4a, 0x59, 0x4a, 0x59, 0x4a, 0x59, 0x00, 0x00, 0x00, 0x00, 0x00, 0x00, 0x00, 0x00,
    0x00, 0x00, 0x00, 0x00, 0x00, 0x00, 0x00, 0x00, 0x00, 0x00, 0x4a, 0x59, 0x4a, 0x59, 0x4a, 0x59, 0x4a, 0x59, 0x4a, 0x59, 0x4a, 0x59, 0x4a, 0x59, 0x00, 0x00, 0x00, 0x00, 0x00, 0x00, 0x00, 0x00,
    0x00, 0x00, 0x00, 0x00, 0x00, 0x00, 0x00, 0x00, 0x00, 0x00, 0x00, 0x00, 0x00, 0x00, 0x00, 0x00, 0x00, 0x00, 0x00, 0x00, 0x00, 0x00, 0x00, 0x00, 0x00, 0x00, 0x00, 0x00, 0x00, 0x00, 0x00, 0x00,
    0x00, 0x00, 0x00, 0x00, 0x00, 0x00, 0x00, 0x00, 0x00, 0x00, 0x00, 0x00, 0x00, 0x00, 0x00, 0x00, 0x00, 0x00, 0x00, 0x00, 0x00, 0x00, 0x00, 0x00, 0x00, 0x00, 0x00, 0x00, 0x00, 0x00, 0x00, 0x00,
    0x00, 0x00, 0x00, 0x00, 0x00, 0x00, 0x00, 0x00, 0x00, 0x00, 0x4a, 0x59, 0x4a, 0x59, 0x4a, 0x59, 0x4a, 0x59, 0x4a, 0x59, 0x4a, 0x59, 0x4a, 0x59, 0x00, 0x00, 0x00, 0x00, 0x00, 0x00, 0x00, 0x00,
    0x00, 0x00, 0x00, 0x00, 0x00, 0x00, 0x00, 0x00, 0x00, 0x00, 0x4a, 0x59, 0x4a, 0x59, 0x4a, 0x59, 0x4a, 0x59, 0x4a, 0x59, 0x4a, 0x59, 0x4a, 0x59, 0x00, 0x00, 0x00, 0x00, 0x00, 0x00, 0x00, 0x00,
    0x00, 0x00, 0x00, 0x00, 0x00, 0x00, 0x00, 0x00, 0x00, 0x00, 0x00, 0x00, 0x00, 0x00, 0x00, 0x00, 0x00, 0x00, 0x00, 0x00, 0x00, 0x00, 0x00, 0x00, 0x00, 0x00, 0x00, 0x00, 0x00, 0x00, 0x00, 0x00,
    0x00, 0x00, 0x00, 0x00, 0x00, 0x00, 0x00, 0x00, 0x00, 0x00, 0x00, 0x00, 0x00, 0x00, 0x00, 0x00, 0x00, 0x00, 0x00, 0x00, 0x00, 0x00, 0x00, 0x00, 0x00, 0x00, 0x00, 0x00, 0x00, 0x00, 0x00, 0x00,
    0x00, 0x00, 0x00, 0x00, 0x00, 0x00, 0x00, 0x00, 0x00, 0x00, 0x00, 0x00, 0x00, 0x00, 0x00, 0x00, 0x00, 0x00, 0x00, 0x00, 0x00, 0x00, 0x00, 0x00, 0x00, 0x00, 0x00, 0x00, 0x00, 0x00, 0x00, 0x00,
    0x00, 0x00, 0x00, 0x00, 0x00, 0x00, 0x00, 0x00, 0x00, 0x00, 0x00, 0x00, 0x00, 0x00, 0x00, 0x00, 0x00, 0x00, 0x00, 0x00, 0x00, 0x00, 0x00, 0x00, 0x00, 0x00, 0x00, 0x00, 0x00, 0x00, 0x00, 0x00,
    0x00, 0x00, 0x00, 0x00, 0x00, 0x00, 0x00, 0x00, 0x00, 0x00, 0x00, 0x00, 0x00, 0x00, 0x00, 0x00, 0x00, 0x00, 0x00, 0x00, 0x00, 0x00, 0x00, 0x00, 0x00, 0x00, 0x00, 0x00, 0x00, 0x00, 0x00, 0x00,
    0x00, 0x00, 0x00, 0x00, 0x00, 0x00, 0x00, 0x00, 0x00, 0x00, 0x00, 0x00, 0x00, 0x00, 0x00, 0x00, 0x00, 0x00, 0x00, 0x00, 0x00, 0x00, 0x00, 0x00, 0x00, 0x00, 0x00, 0x00, 0x00, 0x00, 0x00, 0x00,
    0x00, 0x00, 0x00, 0x00, 0x00, 0x00, 0x00, 0x00, 0x00, 0x00, 0x00, 0x00, 0x00, 0x00, 0x00, 0x00, 0x00, 0x00, 0x00, 0x00, 0x00, 0x00, 0x00, 0x00, 0x00, 0x00, 0x00, 0x00, 0x00, 0x00, 0x00, 0x00,
    0x00, 0x00, 0x00, 0x00, 0x00, 0x00, 0x00, 0x00, 0x00, 0x00, 0x00, 0x00, 0x00, 0x00, 0x00, 0x00, 0x00, 0x00, 0x00, 0x00, 0x00, 0x00, 0x00, 0x00, 0x00, 0x00, 0x00, 0x00, 0x00, 0x00, 0x00, 0x00,
    0x00, 0x00, 0x00, 0x00, 0x00, 0x00, 0x00, 0x00, 0x00, 0x00, 0x00, 0x00, 0x00, 0x00, 0x00, 0x00, 0x00, 0x00, 0x00, 0x00, 0x00, 0x00, 0x00, 0x00, 0x00, 0x00, 0x00, 0x00, 0x00, 0x00, 0x00, 0x00,
    0x00, 0x00, 0x00, 0x00, 0x00, 0x00, 0x00, 0x00, 0x00, 0x00, 0x00, 0x00, 0x00, 0x00, 0x00, 0x00, 0x00, 0x00, 0xff, 0x00, 0x00, 0x00, 0x00, 0x00, 0x00, 0x00, 0x00, 0x00, 0x00, 0x00, 0x00, 0x00,
    0x00, 0x00, 0x00, 0x00, 0x00, 0x00, 0x00, 0x00, 0x00, 0x00, 0x00, 0x00, 0x00, 0x00, 0xff, 0x00, 0x00, 0x00, 0x00, 0x00, 0x00, 0x00, 0x00, 0x00, 0x00, 0x00, 0x00, 0x00, 0x00, 0x00, 0x00, 0x00,
    0x00, 0x00, 0x00, 0x00, 0x00, 0x00, 0x00, 0x00, 0x00, 0x00, 0x00, 0x00, 0x00, 0x00, 0x00, 0x00, 0x00, 0x00, 0xff, 0x00, 0x00, 0x00, 0x00, 0x00, 0x00, 0x00, 0x00, 0x00, 0x00, 0x00, 0x00, 0x00,
    0x00, 0x00, 0x00, 0x00, 0x00, 0x00, 0x00, 0x00, 0x00, 0x00, 0x00, 0x00, 0x00, 0xff, 0xff, 0x00, 0x00, 0x00, 0x00, 0x00, 0x00, 0x00, 0x00, 0x00, 0x00, 0x00, 0x00, 0x00, 0x00, 0x00, 0x00, 0x00,
    0x00, 0x00, 0x00, 0x00, 0x00, 0x00, 0x00, 0x00, 0x00, 0x00, 0x00, 0x00, 0x00, 0x00, 0x00, 0x00, 0x00, 0xff, 0xff, 0xff, 0x00, 0x00, 0x00, 0x00, 0x00, 0x00, 0x00, 0x00, 0x00, 0x00, 0x00, 0x00,
    0x00, 0x00, 0x00, 0x00, 0x00, 0x00, 0x00, 0x00, 0x00, 0x00, 0x00, 0x00, 0x00, 0xff, 0xff, 0x00, 0x00, 0x00, 0x00, 0x00, 0x00, 0x00, 0x00, 0x00, 0x00, 0x00, 0x00, 0x00, 0x00, 0x00, 0x00, 0x00,
    0x00, 0x00, 0x00, 0x00, 0x00, 0x00, 0x00, 0x00, 0x00, 0x00, 0x00, 0x00, 0x00, 0x00, 0x00, 0x00, 0x00, 0xff, 0xff, 0xff, 0x00, 0x00, 0x00, 0x00, 0x00, 0x00, 0x00, 0x00, 0x00, 0x00, 0x00, 0x00,
    0x00, 0x00, 0x00, 0x00, 0x00, 0x00, 0x00, 0x00, 0x00, 0x00, 0x00, 0x00, 0xff, 0xff, 0xff, 0xff, 0x00, 0x00, 0x00, 0x00, 0x00, 0x00, 0x00, 0x00, 0x00, 0x00, 0x00, 0x00, 0x00, 0x00, 0x00, 0x00,
    0x00, 0x00, 0x00, 0x00, 0x00, 0x00, 0x00, 0x00, 0x00, 0x00, 0x00, 0x00, 0x00, 0x00, 0x00, 0x00, 0x00, 0xff, 0xff, 0xff, 0xff, 0x00, 0x00, 0x00, 0xff, 0xff, 0xff, 0x00, 0x00, 0x00, 0x00, 0x00,
    0x00, 0x00, 0x00, 0x00, 0x00, 0x00, 0xff, 0xff, 0xff, 0x00, 0x00, 0x00, 0xff, 0xff, 0xff, 0xff, 0x00, 0x00, 0x00, 0x00, 0x00, 0x00, 0x00, 0x00, 0x00, 0x00, 0x00, 0x00, 0x00, 0x00, 0x00, 0x00,
    0x00, 0x00, 0x00, 0x00, 0x00, 0x00, 0x00, 0x00, 0x00, 0x00, 0x00, 0x00, 0x00, 0x00, 0x00, 0x00, 0x00, 0xff, 0xff, 0xff, 0xff, 0x00, 0xff, 0xff, 0xff, 0xff, 0xff, 0xff, 0xff, 0x00, 0x00, 0x00,
    0x00, 0x00, 0x00, 0x00, 0xff, 0xff, 0xff, 0xff, 0xff, 0xff, 0xff, 0xff, 0xff, 0xff, 0xff, 0xff, 0x00, 0x00, 0x00, 0x00, 0x00, 0x00, 0x00, 0x00, 0x00, 0x00, 0x00, 0x00, 0x00, 0x00, 0x00, 0x00,
    0x00, 0x00, 0x00, 0x00, 0x00, 0x00, 0x00, 0x00, 0x00, 0x00, 0x00, 0x00, 0x00, 0x00, 0x00, 0x00, 0xff, 0xff, 0xff, 0xff, 0xff, 0xff, 0xff, 0xff, 0xff, 0xff, 0xff, 0xff, 0xff, 0xff, 0xff, 0xff,
    0xff, 0xff, 0xff, 0xff, 0xff, 0xff, 0xff, 0xff, 0xff, 0xff, 0xff, 0xff, 0xff, 0xff, 0xff, 0xff, 0x00, 0x00, 0x00, 0x00, 0x00, 0x00, 0x00, 0x00, 0x00, 0x00, 0x00, 0x00, 0x00, 0x00, 0x00, 0x00,
    0x00, 0x00, 0x00, 0x00, 0x00, 0x00, 0x00, 0x00, 0x00, 0x00, 0x00, 0x00, 0x00, 0x00, 0x00, 0x00, 0xff, 0xff, 0xff, 0xff, 0xff, 0xff, 0xff, 0xff, 0xff, 0xff, 0xff, 0xff, 0xff, 0xff, 0xff, 0xff,
    0xff, 0xff, 0xff, 0xff, 0xff, 0xff, 0xff, 0xff, 0xff, 0xff, 0xff, 0xff, 0xff, 0xff, 0xff, 0xff, 0xff, 0x00, 0x00, 0x00, 0x00, 0x00, 0x00, 0x00, 0x00, 0x00, 0x00, 0x00, 0x00, 0x00, 0x00, 0x00,
    0x00, 0x00, 0x00, 0x00, 0x00, 0x00, 0x00, 0x00, 0x00, 0x00, 0x00, 0x00, 0x00, 0x00, 0x00, 0x00, 0xff, 0xff, 0xff, 0xff, 0xff, 0xff, 0xff, 0xff, 0xff, 0xff, 0xff, 0xff, 0xff, 0xff, 0xff, 0xff,
    0xff, 0xff, 0xff, 0xff, 0xff, 0xff, 0xff, 0xff, 0xff, 0xff, 0xff, 0xff, 0xff, 0xff, 0xff, 0xff, 0xff, 0x00, 0x00, 0x00, 0x00, 0x00, 0x00, 0x00, 0x00, 0x00, 0x00, 0x00, 0x00, 0x00, 0x00, 0x00,
    0x00, 0x00, 0x00, 0x00, 0x00, 0x00, 0x00, 0x00, 0x00, 0x00, 0x00, 0x00, 0x00, 0x00, 0x00, 0x00, 0xff, 0xff, 0xff, 0xff, 0xff, 0xff, 0xff, 0xff, 0xff, 0xff, 0xff, 0xff, 0xff, 0xff, 0xff, 0xff,
    0xff, 0xff, 0xff, 0xff, 0xff, 0xff, 0xff, 0xff, 0xff, 0xff, 0xff, 0xff, 0xff, 0xff, 0xff, 0xff, 0xff, 0x00, 0x00, 0x00, 0x00, 0x00, 0x00, 0x00, 0x00, 0x00, 0x00, 0x00, 0x00, 0x00, 0x00, 0x00,
    0x00, 0x00, 0x00, 0x00, 0x00, 0x00, 0x00, 0x00, 0x00, 0x00, 0x00, 0x00, 0x00, 0x00, 0x00, 0xff, 0xff, 0xff, 0xff, 0xff, 0xff, 0xff, 0xff, 0xff, 0xff, 0xff, 0xff, 0xff, 0xff, 0xff, 0xff, 0xff,
    0xff, 0xff, 0xff, 0xff, 0xff, 0xff, 0xff, 0xff, 0xff, 0xff, 0xff, 0xff, 0xff, 0xff, 0xff, 0xff, 0xff, 0x00, 0x00, 0x00, 0x00, 0x00, 0x00, 0x00, 0x00, 0x00, 0x00, 0x00, 0x00, 0x00, 0x00, 0x00,
    0x00, 0x00, 0x00, 0x00, 0x00, 0x00, 0x00, 0x00, 0x00, 0x00, 0x00, 0x00, 0x00, 0x00, 0x00, 0xff, 0xff, 0xff, 0xff, 0xff, 0xff, 0xff, 0xff, 0xff, 0xff, 0xff, 0xff, 0xff, 0xff, 0xff, 0xff, 0xff,
    0xff, 0xff, 0xff, 0xff, 0xff, 0xff, 0xff, 0xff, 0xff, 0xff, 0xff, 0xff, 0xff, 0xff, 0xff, 0xff, 0xff, 0xff, 0x00, 0x00, 0x00, 0x00, 0x00, 0x00, 0x00, 0x00, 0x00, 0x00, 0x00, 0x00, 0x00, 0x00,
    0x00, 0x00, 0x00, 0x00, 0x00, 0x00, 0x00, 0x00, 0x00, 0x00, 0x00, 0x00, 0x00, 0x00, 0x00, 0xff, 0xff, 0xff, 0xff, 0xff, 0xff, 0xff, 0xff, 0xff, 0xff, 0xff, 0xff, 0xff, 0xff, 0xff, 0xff, 0xff,
    0xff, 0xff, 0xff, 0xff, 0xff, 0xff, 0xff, 0xff, 0xff, 0xff, 0xff, 0xff, 0xff, 0xff, 0xff, 0xff, 0xff, 0xff, 0x00, 0x00, 0x00, 0x00, 0x00, 0x00, 0x00, 0x00, 0x00, 0x00, 0x00, 0x00, 0x00, 0x00,
    0x00, 0x00, 0x00, 0x00, 0x00, 0x00, 0x00, 0x00, 0x00, 0x00, 0x00, 0x00, 0x00, 0x00, 0x00, 0xff, 0xff, 0xff, 0xff, 0xff, 0xff, 0xff, 0xff, 0xff, 0xff, 0xff, 0xff, 0xff, 0xff, 0xff, 0xff, 0xff,
    0xff, 0xff, 0xff, 0xff, 0xff, 0xff, 0xff, 0xff, 0xff, 0xff, 0xff, 0xff, 0xff, 0xff, 0xff, 0xff, 0xff, 0xff, 0x00, 0x00, 0x00, 0x00, 0x00, 0x00, 0x00, 0x00, 0x00, 0x00, 0x00, 0x00, 0x00, 0x00,
    0x00, 0x00, 0x00, 0x00, 0x00, 0x00, 0x00, 0x00, 0x00, 0x00, 0x00, 0x00, 0x00, 0x00, 0xff, 0xff, 0xff, 0xff, 0xff, 0xff, 0xff, 0xff, 0xff, 0xff, 0xff, 0xff, 0xff, 0xff, 0xff, 0xff, 0xff, 0xff,
    0xff, 0xff, 0xff, 0xff, 0xff, 0xff, 0xff, 0xff, 0xff, 0xff, 0xff, 0xff, 0xff, 0xff, 0xff, 0xff, 0xff, 0xff, 0x00, 0x00, 0x00, 0x00, 0x00, 0x00, 0x00, 0x00, 0x00, 0x00, 0x00, 0x00, 0x00, 0x00,
    0x00, 0x00, 0x00, 0x00, 0x00, 0x00, 0x00, 0x00, 0x00, 0x00, 0x00, 0x00, 0x00, 0x00, 0xff, 0xff, 0xff, 0xff, 0xff, 0xff, 0xff, 0xff, 0xff, 0xff, 0xff, 0xff, 0xff, 0xff, 0xff, 0xff, 0xff, 0xff,
    0xff, 0xff, 0xff, 0xff, 0xff, 0xff, 0xff, 0xff, 0xff, 0xff, 0xff, 0xff, 0xff, 0xff, 0xff, 0xff, 0xff, 0xff, 0xff, 0x00, 0x00, 0x00, 0x00, 0x00, 0x00, 0x00, 0x00, 0x00, 0x00, 0x00, 0x00, 0x00,
    0x00, 0x00, 0x00, 0x00, 0x00, 0x00, 0x00, 0x00, 0x00, 0x00, 0x00, 0x00, 0x00, 0x00, 0xff, 0xff, 0xff, 0xff, 0xff, 0xff, 0xff, 0xff, 0xff, 0xff, 0xff, 0xff, 0xff, 0xff, 0xff, 0xff, 0xff, 0xff,
    0xff, 0xff, 0xff, 0xff, 0xff, 0xff, 0xff, 0xff, 0xff, 0xff, 0xff, 0xff, 0xff, 0xff, 0xff, 0xff, 0xff, 0xff, 0xff, 0x00, 0x00, 0x00, 0x00, 0x00, 0x00, 0x00, 0x00, 0x00, 0x00, 0x00, 0x00, 0x00,
    0x00, 0x00, 0x00, 0x00, 0x00, 0x00, 0x00, 0x00, 0x00, 0x00, 0x00, 0x00, 0x00, 0x00, 0x00, 0x00, 0x00, 0x00, 0x00, 0x00, 0x00, 0x00, 0xff, 0xff, 0xff, 0xff, 0xff, 0xff, 0xff, 0xff, 0xff, 0xff,
    0xff, 0xff, 0xff, 0xff, 0xff, 0xff, 0xff, 0xff, 0xff, 0xff, 0xff, 0x00, 0x00, 0x00, 0x00, 0x00, 0x00, 0x00, 0x00, 0x00, 0x00, 0x00, 0x00, 0x00, 0x00, 0x00, 0x00, 0x00, 0x00, 0x00, 0x00, 0x00,
    0x00, 0x00, 0x00, 0x00, 0x00, 0x00, 0x00, 0x00, 0x00, 0x00, 0x00, 0x00, 0x00, 0x00, 0x00, 0x00, 0x00, 0x00, 0x00, 0x00, 0x00, 0xff, 0xff, 0xff, 0xff, 0xff, 0xff, 0xff, 0xff, 0xff, 0xff, 0xff,
    0xff, 0xff, 0xff, 0xff, 0xff, 0xff, 0xff, 0xff, 0xff, 0xff, 0xff, 0xff, 0x00, 0x00, 0x00, 0x00, 0x00, 0x00, 0x00, 0x00, 0x00, 0x00, 0x00, 0x00, 0x00, 0x00, 0x00, 0x00, 0x00, 0x00, 0x00, 0x00,
    0x00, 0x00, 0x00, 0x00, 0x00, 0x00, 0x00, 0x00, 0x00, 0x00, 0x00, 0x00, 0x00, 0x00, 0x00, 0x00, 0x00, 0x00, 0x00, 0x00, 0xff, 0xff, 0xff, 0xff, 0xff, 0xff, 0xff, 0xff, 0xff, 0xff, 0xff, 0xff,
    0xff, 0xff, 0xff, 0xff, 0xff, 0xff, 0xff, 0xff, 0xff, 0xff, 0xff, 0xff, 0xff, 0x00, 0x00, 0x00, 0x00, 0x00, 0x00, 0x00, 0x00, 0x00, 0x00, 0x00, 0x00, 0x00, 0x00, 0x00, 0x00, 0x00, 0x00, 0x00,
    0x00, 0x00, 0x00, 0x00, 0x00, 0x00, 0x00, 0x00, 0x00, 0x00, 0x00, 0x00, 0x00, 0x00, 0x00, 0x00, 0x00, 0x00, 0x00, 0xff, 0xff, 0xff, 0xff, 0xff, 0xff, 0xff, 0xff, 0xff, 0xff, 0xff, 0xff, 0xff,
    0xff, 0xff, 0xff, 0xff, 0xff, 0xff, 0xff, 0xff, 0xff, 0xff, 0xff, 0xff, 0xff, 0xff, 0x00, 0x00, 0x00, 0x00, 0x00, 0x00, 0x00, 0x00, 0x00, 0x00, 0x00, 0x00, 0x00, 0x00, 0x00, 0x00, 0x00, 0x00,
    0x00, 0x00, 0x00, 0x00, 0x00, 0x00, 0x00, 0x00, 0x00, 0x00, 0x00, 0x00, 0x00, 0x00, 0x00, 0x00, 0x00, 0x00, 0xff, 0xff, 0xff, 0xff, 0xff, 0xff, 0xff, 0xff, 0xff, 0xff, 0xff, 0xff, 0xff, 0xff,
    0xff, 0xff, 0xff, 0xff, 0xff, 0xff, 0xff, 0xff, 0xff, 0xff, 0xff, 0xff, 0xff, 0xff, 0xff, 0x00, 0x00, 0x00, 0x00, 0x00, 0x00, 0x00, 0x00, 0x00, 0x00, 0x00, 0x00, 0x00, 0x00, 0x00, 0x00, 0x00,
    0x00, 0x00, 0x00, 0x00, 0x00, 0x00, 0x00, 0x00, 0x00, 0x00, 0x00, 0x00, 0x00, 0x00, 0x00, 0x00, 0x00, 0x00, 0xff, 0xff, 0xff, 0xff, 0xff, 0xff, 0xff, 0xff, 0xff, 0xff, 0xff, 0xff, 0xff, 0xff,
    0xff, 0xff, 0xff, 0xff, 0xff, 0xff, 0xff, 0xff, 0xff, 0xff, 0xff, 0xff, 0xff, 0xff, 0xff, 0x00, 0x00, 0x00, 0x00, 0x00, 0x00, 0x00, 0x00, 0x00, 0x00, 0x00, 0x00, 0x00, 0x00, 0x00, 0x00, 0x00,
    0x00, 0x00, 0x00, 0x00, 0x00, 0x00, 0x00, 0x00, 0x00, 0x00, 0x00, 0x00, 0x00, 0x00, 0x00, 0x00, 0x00, 0xff, 0xff, 0xff, 0xff, 0xff, 0xff, 0xff, 0xff, 0xff, 0xff, 0xff, 0xff, 0xff, 0xff, 0xff,
    0xff, 0xff, 0xff, 0xff, 0xff, 0xff, 0xff, 0xff, 0xff, 0xff, 0xff, 0xff, 0xff, 0xff, 0xff, 0xff, 0x00, 0x00, 0x00, 0x00, 0x00, 0x00, 0x00, 0x00, 0x00, 0x00, 0x00, 0x00, 0x00, 0x00, 0x00, 0x00,
    0x00, 0x00, 0x00, 0x00, 0x00, 0x00, 0x00, 0x00, 0x00, 0x00, 0x00, 0x00, 0x00, 0x00, 0x00, 0x00, 0x00, 0xff, 0xff, 0xff, 0xff, 0xff, 0xff, 0xff, 0xff, 0xff, 0xff, 0xff, 0xff, 0xff, 0xff, 0xff,
    0xff, 0xff, 0xff, 0xff, 0xff, 0xff, 0xff, 0xff, 0xff, 0xff, 0xff, 0xff, 0xff, 0xff, 0xff, 0xff, 0x00, 0x00, 0x00, 0x00, 0x00, 0x00, 0x00, 0x00, 0x00, 0x00, 0x00, 0x00, 0x00, 0x00, 0x00, 0x00,
    0x00, 0x00, 0x00, 0x00, 0x00, 0x00, 0x00, 0x00, 0x00, 0x00, 0x00, 0x00, 0x00, 0x00, 0x00, 0x00, 0xff, 0xff, 0xff, 0xff, 0xff, 0xff, 0xff, 0xff, 0xff, 0xff, 0xff, 0xff, 0xff, 0xff, 0xff, 0xff,
    0xff, 0xff, 0xff, 0xff, 0xff, 0xff, 0xff, 0xff, 0xff, 0xff, 0xff, 0xff, 0xff, 0xff, 0xff, 0xff, 0xff, 0x00, 0x00, 0x00, 0x00, 0x00, 0x00, 0x00, 0x00, 0x00, 0x00, 0x00, 0x00, 0x00, 0x00, 0x00,
    0x00, 0x00, 0x00, 0x00, 0x00, 0x00, 0x00, 0x00, 0x00, 0x00, 0x00, 0x00, 0x00, 0x00, 0x00, 0x00, 0xff, 0xff, 0xff, 0xff, 0xff, 0xff, 0xff, 0xff, 0xff, 0xff, 0xff, 0xff, 0xff, 0xff, 0xff, 0xff,
    0xff, 0xff, 0xff, 0xff, 0xff, 0xff, 0xff, 0xff, 0xff, 0xff, 0xff, 0xff, 0xff, 0xff, 0xff, 0xff, 0xff, 0x00, 0x00, 0x00, 0x00, 0x00, 0x00, 0x00, 0x00, 0x00, 0x00, 0x00, 0x00, 0x00, 0x00, 0x00,
    0x00, 0x00, 0x00, 0x00, 0x00, 0x00, 0x00, 0x00, 0x00, 0x00, 0x00, 0x00, 0x00, 0x00, 0x00, 0x00, 0xff, 0xff, 0xff, 0xff, 0xff, 0xff, 0xff, 0xff, 0xff, 0xff, 0xff, 0xff, 0xff, 0xff, 0xff, 0xff,
    0xff, 0xff, 0xff, 0xff, 0xff, 0xff, 0xff, 0xff, 0xff, 0xff, 0xff, 0xff, 0xff, 0xff, 0xff, 0xff, 0xff, 0x00, 0x00, 0x00, 0x00, 0x00, 0x00, 0x00, 0x00, 0x00, 0x00, 0x00, 0x00, 0x00, 0x00, 0x00,
    0x00, 0x00, 0x00, 0x00, 0x00, 0x00, 0x00, 0x00, 0x00, 0x00, 0x00, 0x00, 0x00, 0x00, 0x00, 0x00, 0xff, 0xff, 0xff, 0xff, 0xff, 0xff, 0xff, 0xff, 0xff, 0xff, 0xff, 0xff, 0xff, 0xff, 0xff, 0xff,
    0xff, 0xff, 0xff, 0xff, 0xff, 0xff, 0xff, 0xff, 0xff, 0xff, 0xff, 0xff, 0xff, 0xff, 0xff, 0xff, 0xff, 0x00, 0x00, 0x00, 0x00, 0x00, 0x00, 0x00, 0x00, 0x00, 0x00, 0x00, 0x00, 0x00, 0x00, 0x00,
    0x00, 0x00, 0x00, 0x00, 0x00, 0x00, 0x00, 0x00, 0x00, 0x00, 0x00, 0x00, 0x00, 0x00, 0x00, 0x00, 0xff, 0xff, 0xff, 0xff, 0xff, 0xff, 0xff, 0xff, 0xff, 0xff, 0xff, 0xff, 0xff, 0xff, 0xff, 0xff,
    0xff, 0xff, 0xff, 0xff, 0xff, 0xff, 0xff, 0xff, 0xff, 0xff, 0xff, 0xff, 0xff, 0xff, 0xff, 0xff, 0xff, 0x00, 0x00, 0x00, 0x00, 0x00, 0x00, 0x00, 0x00, 0x00, 0x00, 0x00, 0x00, 0x00, 0x00, 0x00,
    0x00, 0x00, 0x00, 0x00, 0x00, 0x00, 0x00, 0x00, 0x00, 0x00, 0x00, 0x00, 0x00, 0x00, 0x00, 0x00, 0xff, 0xff, 0xff, 0xff, 0xff, 0xff, 0xff, 0xff, 0xff, 0xff, 0xff, 0xff, 0xff, 0xff, 0xff, 0xff,
    0xff, 0xff, 0xff, 0xff, 0xff, 0xff, 0xff, 0xff, 0xff, 0xff, 0xff, 0xff, 0xff, 0xff, 0xff, 0xff, 0xff, 0x00, 0x00, 0x00, 0x00, 0x00, 0x00, 0x00, 0x00, 0x00, 0x00, 0x00, 0x00, 0x00, 0x00, 0x00,
    0x00, 0x00, 0x00, 0x00, 0x00, 0x00, 0x00, 0x00, 0x00, 0x00, 0x00, 0x00, 0x00, 0x00, 0x00, 0x00, 0xff, 0xff, 0xff, 0xff, 0xff, 0xff, 0xff, 0xff, 0xff, 0xff, 0xff, 0xff, 0xff, 0xff, 0xff, 0xff,
    0xff, 0xff, 0xff, 0xff, 0xff, 0xff, 0xff, 0xff, 0xff, 0xff, 0xff, 0xff, 0xff, 0xff, 0xff, 0xff, 0xff, 0x00, 0x00, 0x00, 0x00, 0x00, 0x00, 0x00, 0x00, 0x00, 0x00, 0x00, 0x00, 0x00, 0x00, 0x00,
    0x00, 0x00, 0x00, 0x00, 0x00, 0x00, 0x00, 0x00, 0x00, 0x00, 0x00, 0x00, 0x00, 0x00, 0x00, 0x00, 0x00, 0xff, 0xff, 0xff, 0xff, 0xff, 0xff, 0xff, 0xff, 0xff, 0xff, 0xff, 0xff, 0xff, 0xff, 0xff,
    0xff, 0xff, 0xff, 0xff, 0xff, 0xff, 0xff, 0xff, 0xff, 0xff, 0xff, 0xff, 0xff, 0xff, 0xff, 0xff, 0x00, 0x00, 0x00, 0x00, 0x00, 0x00, 0x00, 0x00, 0x00, 0x00, 0x00, 0x00, 0x00, 0x00, 0x00, 0x00,
    0x00, 0x00, 0x00, 0x00, 0x00, 0x00, 0x00, 0x00, 0x00, 0x00, 0x00, 0x00, 0x00, 0x00, 0x00, 0x00, 0x00, 0xff, 0xff, 0xff, 0xff, 0xff, 0xff, 0xff, 0xff, 0xff, 0xff, 0xff, 0xff, 0xff, 0xff, 0xff,
    0xff, 0xff, 0xff, 0xff, 0xff, 0xff, 0xff, 0xff, 0xff, 0xff, 0xff, 0xff, 0xff, 0xff, 0xff, 0xff, 0x00, 0x00, 0x00, 0x00, 0x00, 0x00, 0x00, 0x00, 0x00, 0x00, 0x00, 0x00, 0x00, 0x00, 0x00, 0x00,
    0x00, 0x00, 0x00, 0x00, 0x00, 0x00, 0x00, 0x00, 0x00, 0x00, 0x00, 0x00, 0x00, 0x00, 0x00, 0x00, 0x00, 0x00, 0xff, 0xff, 0xff, 0xff, 0xff, 0xff, 0xff, 0xff, 0xff, 0xff, 0xff, 0xff, 0xff, 0xff,
    0xff, 0xff, 0xff, 0xff, 0xff, 0xff, 0xff, 0xff, 0xff, 0xff, 0xff, 0xff, 0xff, 0xff, 0xff, 0x00, 0x00, 0x00, 0x00, 0x00, 0x00, 0x00, 0x00, 0x00, 0x00, 0x00, 0x00, 0x00, 0x00, 0x00, 0x00, 0x00,
    0x00, 0x00, 0x00, 0x00, 0x00, 0x00, 0x00, 0x00, 0x00, 0x00, 0x00, 0x00, 0x00, 0x00, 0x00, 0x00, 0x00, 0x00, 0xff, 0xff, 0xff, 0xff, 0xff, 0xff, 0xff, 0xff, 0xff, 0xff, 0xff, 0xff, 0xff, 0xff,
    0xff, 0xff, 0xff, 0xff, 0xff, 0xff, 0xff, 0xff, 0xff, 0xff, 0xff, 0xff, 0xff, 0xff, 0xff, 0x00, 0x00, 0x00, 0x00, 0x00, 0x00, 0x00, 0x00, 0x00, 0x00, 0x00, 0x00, 0x00, 0x00, 0x00, 0x00, 0x00,
    0x00, 0x00, 0x00, 0x00, 0x00, 0x00, 0x00, 0x00, 0x00, 0x00, 0x00, 0x00, 0x00, 0x00, 0x00, 0x00, 0x00, 0x00, 0x00, 0xff, 0xff, 0xff, 0xff, 0xff, 0xff, 0xff, 0xff, 0xff, 0xff, 0xff, 0xff, 0xff,
    0xff, 0xff, 0xff, 0xff, 0xff, 0xff, 0xff, 0xff, 0xff, 0xff, 0xff, 0xff, 0xff, 0xff, 0xff, 0x00, 0x00, 0x00, 0x00, 0x00, 0x00, 0x00, 0x00, 0x00, 0x00, 0x00, 0x00, 0x00, 0x00, 0x00, 0x00, 0x00,
    0x00, 0x00, 0x00, 0x00, 0x00, 0x00, 0x00, 0x00, 0x00, 0x00, 0x00, 0x00, 0x00, 0x00, 0x00, 0x00, 0x00, 0x00, 0x00, 0x00, 0xff, 0xff, 0xff, 0xff, 0xff, 0xff, 0xff, 0xff, 0xff, 0xff, 0xff, 0xff,
    0xff, 0xff, 0xff, 0xff, 0xff, 0xff, 0xff, 0xff, 0xff, 0xff, 0xff, 0xff, 0xff, 0xff, 0x00, 0x00, 0x00, 0x00, 0x00, 0x00, 0x00, 0x00, 0x00, 0x00, 0x00, 0x00, 0x00, 0x00, 0x00, 0x00, 0x00, 0x00,
    0x00, 0x00, 0x00, 0x00, 0x00, 0x00, 0x00, 0x00, 0x00, 0x00, 0x00, 0x00, 0x00, 0x00, 0x00, 0x00, 0x00, 0x00, 0x00, 0x00, 0x00, 0xff, 0xff, 0xff, 0xff, 0xff, 0xff, 0xff, 0xff, 0xff, 0xff, 0xff,
    0xff, 0xff, 0xff, 0xff, 0xff, 0xff, 0xff, 0xff, 0xff, 0xff, 0xff, 0xff, 0xff, 0xff, 0x00, 0x00, 0x00, 0x00, 0x00, 0x00, 0x00, 0x00, 0x00, 0x00, 0x00, 0x00, 0x00, 0x00, 0x00, 0x00, 0x00, 0x00,
    0x00, 0x00, 0x00, 0x00, 0x00, 0x00, 0x00, 0x00, 0x00, 0x00, 0x00, 0x00, 0x00, 0x00, 0x00, 0x00, 0x00, 0x00, 0x00, 0x00, 0x00, 0x00, 0xff, 0xff, 0xff, 0xff, 0xff, 0xff, 0xff, 0xff, 0xff, 0xff,
    0xff, 0xff, 0xff, 0xff, 0xff, 0xff, 0xff, 0xff, 0xff, 0xff, 0xff, 0xff, 0xff, 0x00, 0x00, 0x00, 0x00, 0x00, 0x00, 0x00, 0x00, 0x00, 0x00, 0x00, 0x00, 0x00, 0x00, 0x00, 0x00, 0x00, 0x00, 0x00,
    0x00, 0x00, 0x00, 0x00, 0x00, 0x00, 0x00, 0x00, 0x00, 0x00, 0x00, 0x00, 0x00, 0x00, 0x00, 0x00, 0x00, 0x00, 0x00, 0x00, 0xff, 0xff, 0xff, 0xff, 0xff, 0xff, 0xff, 0xff, 0xff, 0xff, 0xff, 0xff,
    0xff, 0xff, 0xff, 0xff, 0xff, 0xff, 0xff, 0xff, 0xff, 0xff, 0xff, 0xff, 0xff, 0x00, 0x00, 0x00, 0x00, 0x00, 0x00, 0x00, 0x00, 0x00, 0x00, 0x00, 0x00, 0x00, 0x00, 0x00, 0x00, 0x00, 0x00, 0x00,
    0x00, 0x00, 0x00, 0x00, 0x00, 0x00, 0x00, 0x00, 0x00, 0x00, 0x00, 0x00, 0x00, 0x00, 0x00, 0x00, 0x00, 0x00, 0x00, 0xff, 0xff, 0xff, 0xff, 0xff, 0xff, 0xff, 0xff, 0xff, 0xff, 0xff, 0xff, 0xff,
    0xff, 0xff, 0xff, 0xff, 0xff, 0xff, 0xff, 0xff, 0xff, 0xff, 0xff, 0xff, 0xff, 0xff, 0x00, 0x00, 0x00, 0x00, 0x00, 0x00, 0x00, 0x00, 0x00, 0x00, 0x00, 0x00, 0x00, 0x00, 0x00, 0x00, 0x00, 0x00,
    0x00, 0x00, 0x00, 0x00, 0x00, 0x00, 0x00, 0x00, 0x00, 0x00, 0x00, 0x00, 0x00, 0x00, 0x00, 0x00, 0x00, 0x00, 0x00, 0xff, 0xff, 0xff, 0xff, 0xff, 0xff, 0xff, 0xff, 0xff, 0xff, 0xff, 0xff, 0xff,
    0xff, 0xff, 0xff, 0xff, 0xff, 0xff, 0xff, 0xff, 0xff, 0xff, 0xff, 0xff, 0xff, 0xff, 0x00, 0x00, 0x00, 0x00, 0x00, 0x00, 0x00, 0x00, 0x00, 0x00, 0x00, 0x00, 0x00, 0x00, 0x00, 0x00, 0x00, 0x00,
    0x00, 0x00, 0x00, 0x00, 0x00, 0x00, 0x00, 0x00, 0x00, 0x00, 0x00, 0x00, 0x00, 0x00, 0x00, 0x00, 0x00, 0x00, 0xff, 0xff, 0xff, 0xff, 0xff, 0xff, 0xff, 0xff, 0xff, 0xff, 0xff, 0xff, 0xff, 0xff,
    0xff, 0xff, 0xff, 0xff, 0xff, 0xff, 0xff, 0xff, 0xff, 0xff, 0xff, 0xff, 0xff, 0xff, 0xff, 0x00, 0x00, 0x00, 0x00, 0x00, 0x00, 0x00, 0x00, 0x00, 0x00, 0x00, 0x00, 0x00, 0x00, 0x00, 0x00, 0x00,
    0x00, 0x00, 0x00, 0x00, 0x00, 0x00, 0x00, 0x00, 0x00, 0x00, 0x00, 0x00, 0x00, 0x00, 0x00, 0x00, 0x00, 0x00, 0xff, 0xff, 0xff, 0xff, 0xff, 0xff, 0xff, 0xff, 0xff, 0xff, 0xff, 0xff, 0xff, 0xff,
    0xff, 0xff, 0xff, 0xff, 0xff, 0xff, 0xff, 0xff, 0xff, 0xff, 0xff, 0xff, 0xff, 0xff, 0xff, 0x00, 0x00, 0x00, 0x00, 0x00, 0x00, 0x00, 0x00, 0x00, 0x00, 0x00, 0x00, 0x00, 0x00, 0x00, 0x00, 0x00,
    0x00, 0x00, 0x00, 0x00, 0x00, 0x00, 0x00, 0x00, 0x00, 0x00, 0x00, 0x00, 0x00, 0x00, 0x00, 0x00, 0x00, 0xff, 0xff, 0xff, 0xff, 0xff, 0xff, 0xff, 0xff, 0xff, 0xff, 0xff, 0xff, 0xff, 0xff, 0xff,
    0xff, 0xff, 0xff, 0xff, 0xff, 0xff, 0xff, 0xff, 0xff, 0xff, 0xff, 0xff, 0xff, 0xff, 0xff, 0xff, 0x00, 0x00, 0x00, 0x00, 0x00, 0x00, 0x00, 0x00, 0x00, 0x00, 0x00, 0x00, 0x00, 0x00, 0x00, 0x00,
    0x00, 0x00, 0x00, 0x00, 0x00, 0x00, 0x00, 0x00, 0x00, 0x00, 0x00, 0x00, 0x00, 0x00, 0x00, 0x00, 0x00, 0xff, 0xff, 0xff, 0xff, 0xff, 0xff, 0xff, 0xff, 0xff, 0xff, 0xff, 0xff, 0xff, 0xff, 0xff,
    0xff, 0xff, 0xff, 0xff, 0xff, 0xff, 0xff, 0xff, 0xff, 0xff, 0xff, 0xff, 0xff, 0xff, 0xff, 0xff, 0x00, 0x00, 0x00, 0x00, 0x00, 0x00, 0x00, 0x00, 0x00, 0x00, 0x00, 0x00, 0x00, 0x00, 0x00, 0x00,
    0x00, 0x00, 0x00, 0x00, 0x00, 0x00, 0x00, 0x00, 0x00, 0x00, 0x00, 0x00, 0x00, 0x00, 0x00, 0x00, 0xff, 0xff, 0xff, 0xff, 0xff, 0xff, 0xff, 0xff, 0xff, 0xff, 0xff, 0xff, 0xff, 0xff, 0xff, 0xff,
    0xff, 0xff, 0xff, 0xff, 0xff, 0xff, 0xff, 0xff, 0xff, 0xff, 0xff, 0xff, 0xff, 0xff, 0xff, 0xff, 0xff, 0x00, 0x00, 0x00, 0x00, 0x00, 0x00, 0x00, 0x00, 0x00, 0x00, 0x00, 0x00, 0x00, 0x00, 0x00,
    0x00, 0x00, 0x00, 0x00, 0x00, 0x00, 0x00, 0x00, 0x00, 0x00, 0x00, 0x00, 0x00, 0x00, 0x00, 0x00, 0xff, 0xff, 0xff, 0xff, 0xff, 0xff, 0xff, 0xff, 0xff, 0xff, 0xff, 0xff, 0xff, 0xff, 0xff, 0xff,
    0xff, 0xff, 0xff, 0xff, 0xff, 0xff, 0xff, 0xff, 0xff, 0xff, 0xff, 0xff, 0xff, 0xff, 0xff, 0xff, 0xff, 0x00, 0x00, 0x00, 0x00, 0x00, 0x00, 0x00, 0x00, 0x00, 0x00, 0x00, 0x00, 0x00, 0x00, 0x00,
    0x00, 0x00, 0x00, 0x00, 0x00, 0x00, 0x00, 0x00, 0x00, 0x00, 0x00, 0x00, 0x00, 0x00, 0x00, 0xff, 0xff, 0xff, 0xff, 0xff, 0xff, 0xff, 0xff, 0xff, 0xff, 0xff, 0xff, 0xff, 0xff, 0xff, 0xff, 0xff,
    0xff, 0xff, 0xff, 0xff, 0xff, 0xff, 0xff, 0xff, 0xff, 0xff, 0xff, 0xff, 0xff, 0xff, 0xff, 0xff, 0xff, 0xff, 0x00, 0x00, 0x00, 0x00, 0x00, 0x00, 0x00, 0x00, 0x00, 0x00, 0x00, 0x00, 0x00, 0x00,
    0x00, 0x00, 0x00, 0x00, 0x00, 0x00, 0x00, 0x00, 0x00, 0x00, 0x00, 0x00, 0x00, 0x00, 0xff, 0xff, 0xff, 0xff, 0xff, 0xff, 0xff, 0xff, 0xff, 0xff, 0xff, 0xff, 0xff, 0xff, 0xff, 0xff, 0xff, 0xff,
    0xff, 0xff, 0xff, 0xff, 0xff, 0xff, 0xff, 0xff, 0xff, 0xff, 0xff, 0xff, 0xff, 0xff, 0xff, 0xff, 0xff, 0xff, 0xff, 0x00, 0x00, 0x00, 0x00, 0x00, 0x00, 0x00, 0x00, 0x00, 0x00, 0x00, 0x00, 0x00,
    0x00, 0x00, 0x00, 0x00, 0x00, 0x00, 0x00, 0x00, 0x00, 0x00, 0x00, 0x00, 0x00, 0x00, 0xff, 0xff, 0xff, 0xff, 0xff, 0xff, 0xff, 0xff, 0xff, 0xff, 0xff, 0xff, 0xff, 0xff, 0xff, 0xff, 0xff, 0xff,
    0xff, 0xff, 0xff, 0xff, 0xff, 0xff, 0xff, 0xff, 0xff, 0xff, 0xff, 0xff, 0xff, 0xff, 0xff, 0xff, 0xff, 0xff, 0xff, 0x00, 0x00, 0x00, 0x00, 0x00, 0x00, 0x00, 0x00, 0x00, 0x00, 0x00, 0x00, 0x00,
    0x00, 0x00, 0x00, 0x00, 0x00, 0x00, 0x00, 0x00, 0x00, 0x00, 0x00, 0x00, 0x00, 0xff, 0xff, 0xff, 0xff, 0xff, 0xff, 0xff, 0xff, 0xff, 0xff, 0xff, 0xff, 0xff, 0xff, 0xff, 0xff, 0xff, 0xff, 0xff,
    0xff, 0xff, 0xff, 0xff, 0xff, 0xff, 0xff, 0xff, 0xff, 0xff, 0xff, 0xff, 0xff, 0xff, 0xff, 0xff, 0xff, 0xff, 0xff, 0xff, 0x00, 0x00, 0x00, 0x00, 0x00, 0x00, 0x00, 0x00, 0x00, 0x00, 0x00, 0x00,
    0x00, 0x00, 0x00, 0x00, 0x00, 0x00, 0x00, 0x00, 0x00, 0x00, 0x00, 0x00, 0x00, 0xff, 0xff, 0xff, 0xff, 0xff, 0xff, 0xff, 0xff, 0xff, 0xff, 0xff, 0xff, 0xff, 0xff, 0xff, 0xff, 0xff, 0xff, 0xff,
    0xff, 0xff, 0xff, 0xff, 0xff, 0xff, 0xff, 0xff, 0xff, 0xff, 0xff, 0xff, 0xff, 0xff, 0xff, 0xff, 0xff, 0xff, 0xff, 0xff, 0x00, 0x00, 0x00, 0x00, 0x00, 0x00, 0x00, 0x00, 0x00, 0x00, 0x00, 0x00,
    0x00, 0x00, 0x00, 0x00, 0x00, 0x00, 0x00, 0x00, 0x00, 0x00, 0x00, 0x00, 0xff, 0xff, 0xff, 0xff, 0xff, 0xff, 0xff, 0xff, 0xff, 0xff, 0xff, 0xff, 0xff, 0xff, 0xff, 0xff, 0xff, 0xff, 0xff, 0xff,
    0xff, 0xff, 0xff, 0xff, 0xff, 0xff, 0xff, 0xff, 0xff, 0xff, 0xff, 0xff, 0xff, 0xff, 0xff, 0xff, 0xff, 0xff, 0xff, 0xff, 0xff, 0x00, 0x00, 0x00, 0x00, 0x00, 0x00, 0x00, 0x00, 0x00, 0x00, 0x00,
    0x00, 0x00, 0x00, 0x00, 0x00, 0x00, 0x00, 0x00, 0x00, 0x00, 0x00, 0x00, 0xff, 0xff, 0xff, 0xff, 0xff, 0xff, 0xff, 0xff, 0xff, 0xff, 0xff, 0xff, 0xff, 0xff, 0xff, 0xff, 0xff, 0xff, 0xff, 0xff,
    0xff, 0xff, 0xff, 0xff, 0xff, 0xff, 0xff, 0xff, 0xff, 0xff, 0xff, 0xff, 0xff, 0xff, 0xff, 0xff, 0xff, 0xff, 0xff, 0xff, 0xff, 0x00, 0x00, 0x00, 0x00, 0x00, 0x00, 0x00, 0x00, 0x00, 0x00, 0x00,
    0x00, 0x00, 0x00, 0x00, 0x00, 0x00, 0x00, 0x00, 0x00, 0x00, 0x00, 0xff, 0xff, 0xff, 0xff, 0xff, 0xff, 0xff, 0xff, 0xff, 0xff, 0xff, 0xff, 0xff, 0xff, 0xff, 0xff, 0xff, 0xff, 0xff, 0xff, 0xff,
    0xff, 0xff, 0xff, 0xff, 0xff, 0xff, 0xff, 0xff, 0xff, 0xff, 0xff, 0xff, 0xff, 0xff, 0xff, 0xff, 0xff, 0xff, 0xff, 0xff, 0xff, 0xff, 0x00, 0x00, 0x00, 0x00, 0x00, 0x00, 0x00, 0x00, 0x00, 0x00,
    0x00, 0x00, 0x00, 0x00, 0x00, 0x00, 0x00, 0x00, 0x00, 0x00, 0x00, 0xff, 0xff, 0xff, 0xff, 0xff, 0xff, 0xff, 0xff, 0xff, 0xff, 0xff, 0xff, 0xff, 0xff, 0xff, 0xff, 0xff, 0xff, 0xff, 0xff, 0xff,
    0xff, 0xff, 0xff, 0xff, 0xff, 0xff, 0xff, 0xff, 0xff, 0xff, 0xff, 0xff, 0xff, 0xff, 0xff, 0xff, 0xff, 0xff, 0xff, 0xff, 0xff, 0xff, 0x00, 0x00, 0x00, 0x00, 0x00, 0x00, 0x00, 0x00, 0x00, 0x00,
    0x00, 0x00, 0x00, 0x00, 0x00, 0x00, 0x00, 0x00, 0x00, 0x00, 0xff, 0xff, 0xff, 0xff, 0xff, 0xff, 0xff, 0xff, 0xff, 0xff, 0xff, 0xff, 0xff, 0xff, 0xff, 0xff, 0xff, 0xff, 0xff, 0xff, 0xff, 0xff,
    0xff, 0xff, 0xff, 0xff, 0xff, 0xff, 0xff, 0xff, 0xff, 0xff, 0xff, 0xff, 0xff, 0xff, 0xff, 0xff, 0xff, 0xff, 0xff, 0xff, 0xff, 0xff, 0xff, 0x00, 0x00, 0x00, 0x00, 0x00, 0x00, 0x00, 0x00, 0x00,
    0x00, 0x00, 0x00, 0x00, 0x00, 0x00, 0x00, 0x00, 0x00, 0x00, 0x00, 0x00, 0x00, 0x00, 0x00, 0x00, 0x00, 0x00, 0x00, 0x00, 0x00, 0x00, 0xff, 0xff, 0xff, 0xff, 0xff, 0x00, 0x00, 0x00, 0x00, 0x00,
    0x00, 0x00, 0x00, 0x00, 0x00, 0x00, 0xff, 0xff, 0xff, 0xff, 0xff, 0x00, 0x00, 0x00, 0x00, 0x00, 0x00, 0x00, 0x00, 0x00, 0x00, 0x00, 0x00, 0x00, 0x00, 0x00, 0x00, 0x00, 0x00, 0x00, 0x00, 0x00,
    0x00, 0x00, 0x00, 0x00, 0x00, 0x00, 0x00, 0x00, 0x00, 0x00, 0x00, 0x00, 0x00, 0x00, 0x00, 0x00, 0x00, 0x00, 0x00, 0x00, 0x00, 0xff, 0xff, 0xff, 0xff, 0xff, 0xff, 0xff, 0x00, 0x00, 0x00, 0x00,
    0x00, 0x00, 0x00, 0x00, 0x00, 0xff, 0xff, 0xff, 0xff, 0xff, 0xff, 0xff, 0x00, 0x00, 0x00, 0x00, 0x00, 0x00, 0x00, 0x00, 0x00, 0x00, 0x00, 0x00, 0x00, 0x00, 0x00, 0x00, 0x00, 0x00, 0x00, 0x00,
    0x00, 0x00, 0x00, 0x00, 0x00, 0x00, 0x00, 0x00, 0x00, 0x00, 0x00, 0x00, 0x00, 0x00, 0x00, 0x00, 0x00, 0x00, 0x00, 0x00, 0x00, 0xff, 0xff, 0xff, 0xff, 0xff, 0xff, 0xff, 0x00, 0x00, 0x00, 0x00,
    0x00, 0x00, 0x00, 0x00, 0x00, 0xff, 0xff, 0xff, 0xff, 0xff, 0xff, 0xff, 0x00, 0x00, 0x00, 0x00, 0x00, 0x00, 0x00, 0x00, 0x00, 0x00, 0x00, 0x00, 0x00, 0x00, 0x00, 0x00, 0x00, 0x00, 0x00, 0x00,
    0x00, 0x00, 0x00, 0x00, 0x00, 0x00, 0x00, 0x00, 0x00, 0x00, 0x00, 0x00, 0x00, 0x00, 0x00, 0x00, 0x00, 0x00, 0x00, 0x00, 0x00, 0x00, 0x00, 0x00, 0x00, 0x00, 0x00, 0x00, 0x00, 0x00, 0x00, 0x00,
    0x00, 0x00, 0x00, 0x00, 0x00, 0x00, 0x00, 0x00, 0x00, 0x00, 0x00, 0x00, 0x00, 0x00, 0x00, 0x00, 0x00, 0x00, 0x00, 0x00, 0x00, 0x00, 0x00, 0x00, 0x00, 0x00, 0x00, 0x00, 0x00, 0x00, 0x00, 0x00,
    0x00, 0x00, 0x00, 0x00, 0x00, 0x00, 0x00, 0x00, 0x00, 0x00, 0x00, 0x00, 0x00, 0x00, 0x00, 0x00, 0x00, 0x00, 0x00, 0x00, 0x00, 0x00, 0x00, 0x00, 0x00, 0x00, 0x00, 0x00, 0x00, 0x00, 0x00, 0x00,
    0x00, 0x00, 0x00, 0x00, 0x00, 0x00, 0x00, 0x00, 0x00, 0x00, 0x00, 0x00, 0x00, 0x00, 0x00, 0x00, 0x00, 0x00, 0x00, 0x00, 0x00, 0x00, 0x00, 0x00, 0x00, 0x00, 0x00, 0x00, 0x00, 0x00, 0x00, 0x00,
};

const lv_image_dsc_t sabrina_talk_a = {
    .header = {
        .magic = LV_IMAGE_HEADER_MAGIC,
        .cf = LV_COLOR_FORMAT_RGB565A8,
        .flags = 0,
        .w = 64,
        .h = 64,
        .stride = 128,
    },
    .data_size = sizeof(sabrina_talk_a_map),
    .data = sabrina_talk_a_map,
};

static const uint8_t sabrina_talk_b_map[] = {
    0x00, 0x00, 0x00, 0x00, 0x00, 0x00, 0x00, 0x00, 0x00, 0x00, 0x00, 0x00, 0x00, 0x00, 0x00, 0x00, 0x00, 0x00, 0x00, 0x00, 0x00, 0x00, 0x00, 0x00, 0x00, 0x00, 0x00, 0x00, 0x00, 0x00, 0x00, 0x00,
    0x00, 0x00, 0x00, 0x00, 0x4a, 0x59, 0x00, 0x00, 0x00, 0x00, 0x00, 0x00, 0x00, 0x00, 0x00, 0x00, 0x00, 0x00, 0x00, 0x00, 0x00, 0x00, 0x00, 0x00, 0x00, 0x00, 0x00, 0x00, 0x00, 0x00, 0x00, 0x00,
    0x00, 0x00, 0x00, 0x00, 0x00, 0x00, 0x00, 0x00, 0x00, 0x00, 0x00, 0x00, 0x00, 0x00, 0x00, 0x00, 0x00, 0x00, 0x00, 0x00, 0x00, 0x00, 0x00, 0x00, 0x00, 0x00, 0x00, 0x00, 0x4a, 0x59, 0x00, 0x00,
    0x00, 0x00, 0x00, 0x00, 0x00, 0x00, 0x00, 0x00, 0x00, 0x00, 0x00, 0x00, 0x00, 0x00, 0x00, 0x00, 0x00, 0x00, 0x00, 0x00, 0x00, 0x00, 0x00, 0x00, 0x00, 0x00, 0x00, 0x00, 0x00, 0x00, 0x00, 0x00,
    0x00, 0x00, 0x00, 0x00, 0x00, 0x00, 0x00, 0x00, 0x00, 0x00, 0x00, 0x00, 0x00, 0x00, 0x00, 0x00, 0x00, 0x00, 0x00, 0x00, 0x00, 0x00, 0x00, 0x00, 0x00, 0x00, 0x00, 0x00, 0x00, 0x00, 0x00, 0x00,
    0x00, 0x00, 0x00, 0x00, 0x4a, 0x59, 0x00, 0x00, 0x00, 0x00, 0x00, 0x00, 0x00, 0x00, 0x00, 0x00, 0x00, 0x00, 0x00, 0x00, 0x00, 0x00, 0x00, 0x00, 0x00, 0x00, 0x00, 0x00, 0x00, 0x00, 0x00, 0x00,
    0x00, 0x00, 0x00, 0x00, 0x00, 0x00, 0x00, 0x00, 0x00, 0x00, 0x00, 0x00, 0x00, 0x00, 0x00, 0x00, 0x00, 0x00, 0x00, 0x00, 0x00, 0x00, 0x00, 0x00, 0x00, 0x00, 0x4a, 0x59, 0x4a, 0x59, 0x00, 0x00,
    0x00, 0x00, 0x00, 0x00, 0x00, 0x00, 0x00, 0x00, 0x00, 0x00, 0x00, 0x00, 0x00, 0x00, 0x00, 0x00, 0x00, 0x00, 0x00, 0x00, 0x00, 0x00, 0x00, 0x00, 0x00, 0x00, 0x00, 0x00, 0x00, 0x00, 0x00, 0x00,
    0x00, 0x00, 0x00, 0x00, 0x00, 0x00, 0x00, 0x00, 0x00, 0x00, 0x00, 0x00, 0x00, 0x00, 0x00, 0x00, 0x00, 0x00, 0x00, 0x00, 0x00, 0x00, 0x00, 0x00, 0x00, 0x00, 0x00, 0x00, 0x00, 0x00, 0x00, 0x00,
    0x00, 0x00, 0x4a, 0x59, 0x7a, 0xfd, 0x4a, 0x59, 0x00, 0x00, 0x00, 0x00, 0x00, 0x00, 0x00, 0x00, 0x00, 0x00, 0x00, 0x00, 0x00, 0x00, 0x00, 0x00, 0x00, 0x00, 0x00, 0x00, 0x00, 0x00, 0x00, 0x00,
    0x00, 0x00, 0x00, 0x00, 0x00, 0x00, 0x00, 0x00, 0x00, 0x00, 0x00, 0x00, 0x00, 0x00, 0x00, 0x00, 0x00, 0x00, 0x00, 0x00, 0x00, 0x00, 0x00, 0x00, 0x00, 0x00, 0x4a, 0x59, 0x4a, 0x59, 0x00, 0x00,
    0x00, 0x00, 0x00, 0x00, 0x00, 0x00, 0x00, 0x00, 0x00, 0x00, 0x00, 0x00, 0x00, 0x00, 0x00, 0x00, 0x00, 0x00, 0x00, 0x00, 0x00, 0x00, 0x00, 0x00, 0x00, 0x00, 0x00, 0x00, 0x00, 0x00, 0x00, 0x00,
    0x00, 0x00, 0x00, 0x00, 0x00, 0x00, 0x00, 0x00, 0x00, 0x00, 0x00, 0x00, 0x00, 0x00, 0x00, 0x00, 0x00, 0x00, 0x00, 0x00, 0x00, 0x00, 0x00, 0x00, 0x00, 0x00, 0x00, 0x00, 0x00, 0x00, 0x00, 0x00,
    0x00, 0x00, 0x4a, 0x59, 0x7a, 0xfd, 0x4a, 0x59, 0x00, 0x00, 0x00, 0x00, 0x00, 0x00, 0x00, 0x00, 0x00, 0x00, 0x00, 0x00, 0x00, 0x00, 0x00, 0x00, 0x00, 0x00, 0x00, 0x00, 0x00, 0x00, 0x00, 0x00,
    0x00, 0x00, 0x00, 0x00, 0x00, 0x00, 0x00, 0x00, 0x00, 0x00, 0x00, 0x00, 0x00, 0x00, 0x00, 0x00, 0x00, 0x00, 0x00, 0x00, 0x00, 0x00, 0x00, 0x00, 0x4a, 0x59, 0x7a, 0xfd, 0x7a, 0xfd, 0x4a, 0x59,
    0x00, 0x00, 0x00, 0x00, 0x00, 0x00, 0x00, 0x00, 0x00, 0x00, 0x00, 0x00, 0x00, 0x00, 0x00, 0x00, 0x00, 0x00, 0x00, 0x00, 0x00, 0x00, 0x00, 0x00, 0x00, 0x00, 0x00, 0x00, 0x00, 0x00, 0x00, 0x00,
    0x00, 0x00, 0x00, 0x00, 0x00, 0x00, 0x00, 0x00, 0x00, 0x00, 0x00, 0x00, 0x00, 0x00, 0x00, 0x00, 0x00, 0x00, 0x00, 0x00, 0x00, 0x00, 0x00, 0x00, 0x00, 0x00, 0x00, 0x00, 0x00, 0x00, 0x00, 0x00,
    0x00, 0x00, 0x4a, 0x59, 0x7a, 0xfd, 0x7a, 0xfd, 0x32, 0xfb, 0x00, 0x00, 0x00, 0x00, 0x00, 0x00, 0x4a, 0x59, 0x4a, 0x59, 0x4a, 0x59, 0x00, 0x00, 0x00, 0x00, 0x00, 0x00, 0x00, 0x00, 0x00, 0x00,
    0x00, 0x00, 0x00, 0x00, 0x00, 0x00, 0x00, 0x00, 0x00, 0x00, 0x00, 0x00, 0x4a, 0x59, 0x4a, 0x59, 0x4a, 0x59, 0x00, 0x00, 0x00, 0x00, 0x00, 0x00, 0x32, 0xfb, 0x7a, 0xfd, 0x7a, 0xfd, 0x4a, 0x59,
    0x00, 0x00, 0x00, 0x00, 0x00, 0x00, 0x00, 0x00, 0x00, 0x00, 0x00, 0x00, 0x00, 0x00, 0x00, 0x00, 0x00, 0x00, 0x00, 0x00, 0x00, 0x00, 0x00, 0x00, 0x00, 0x00, 0x00, 0x00, 0x00, 0x00, 0x00, 0x00,
    0x00, 0x00, 0x00, 0x00, 0x00, 0x00, 0x00, 0x00, 0x00, 0x00, 0x00, 0x00, 0x00, 0x00, 0x00, 0x00, 0x00, 0x00, 0x00, 0x00, 0x00, 0x00, 0x00, 0x00, 0x00, 0x00, 0x00, 0x00, 0x00, 0x00, 0x00, 0x00,
    0x00, 0x00, 0x4a, 0x59, 0x7a, 0xfd, 0x7a, 0xfd, 0x32, 0xfb, 0x00, 0x00, 0x4a, 0x59, 0x4a, 0x59, 0x32, 0xfb, 0x32, 0xfb, 0x32, 0xfb, 0x4a, 0x59, 0x4a, 0x59, 0x00, 0x00, 0x00, 0x00, 0x00, 0x00,
    0x00, 0x00, 0x00, 0x00, 0x00, 0x00, 0x00, 0x00, 0x4a, 0x59, 0x4a, 0x59, 0x32, 0xfb, 0x32, 0xfb, 0x32, 0xfb, 0x4a, 0x59, 0x4a, 0x59, 0x4a, 0x59, 0x32, 0xfb, 0x7a, 0xfd, 0x7a, 0xfd, 0x4a, 0x59,
    0x00, 0x00, 0x00, 0x00, 0x00, 0x00, 0x00, 0x00, 0x00, 0x00, 0x00, 0x00, 0x00, 0x00, 0x00, 0x00, 0x00, 0x00, 0x00, 0x00, 0x00, 0x00, 0x00, 0x00, 0x00, 0x00, 0x00, 0x00, 0x00, 0x00, 0x00, 0x00,
    0x00, 0x00, 0x00, 0x00, 0x00, 0x00, 0x00, 0x00, 0x00, 0x00, 0x00, 0x00, 0x00, 0x00, 0x00, 0x00, 0x00, 0x00, 0x00, 0x00, 0x00, 0x00, 0x00, 0x00, 0x00, 0x00, 0x00, 0x00, 0x00, 0x00, 0x00, 0x00,
    0x4a, 0x59, 0x7a, 0xfd, 0x7a, 0xfd, 0x32, 0xfb, 0xed, 0xc9, 0x4a, 0x59, 0x32, 0xfb, 0x32, 0xfb, 0x32, 0xfb, 0x32, 0xfb, 0x32, 0xfb, 0x32, 0xfb, 0x32, 0xfb, 0x4a, 0x59, 0x4a, 0x59, 0x4a, 0x59,
    0x4a, 0x59, 0x4a, 0x59, 0x4a, 0x59, 0x4a, 0x59, 0x32, 0xfb, 0x32, 0xfb, 0x32, 0xfb, 0x32, 0xfb, 0x32, 0xfb, 0x32, 0xfb, 0x32, 0xfb, 0x4a, 0x59, 0xed, 0xc9, 0x32, 0xfb, 0x7a, 0xfd, 0x4a, 0x59,
    0x00, 0x00, 0x00, 0x00, 0x00, 0x00, 0x00, 0x00, 0x00, 0x00, 0x00, 0x00, 0x00, 0x00, 0x00, 0x00, 0x00, 0x00, 0x00, 0x00, 0x00, 0x00, 0x00, 0x00, 0x00, 0x00, 0x00, 0x00, 0x00, 0x00, 0x00, 0x00,
    0x00, 0x00, 0x00, 0x00, 0x00, 0x00, 0x00, 0x00, 0x00, 0x00, 0x00, 0x00, 0x00, 0x00, 0x00, 0x00, 0x00, 0x00, 0x00, 0x00, 0x00, 0x00, 0x00, 0x00, 0x00, 0x00, 0x00, 0x00, 0x00, 0x00, 0x00, 0x00,
    0x4a, 0x59, 0x7a, 0xfd, 0x7a, 0xfd, 0x32, 0xfb, 0xed, 0xc9, 0x4a, 0x59, 0x32, 0xfb, 0x32, 0xfb, 0x32, 0xfb, 0x32, 0xfb, 0x32, 0xfb, 0x32, 0xfb, 0x32, 0xfb, 0x4a, 0x59, 0xed, 0xc9, 0xed, 0xc9,
    0xed, 0xc9, 0xed, 0xc9, 0xed, 0xc9, 0x4a, 0x59, 0x32, 0xfb, 0x32, 0xfb, 0x32, 0xfb, 0x32, 0xfb, 0x32, 0xfb, 0x32, 0xfb, 0x32, 0xfb, 0x4a, 0x59, 0xed, 0xc9, 0x32, 0xfb, 0x7a, 0xfd, 0x7a, 0xfd,
    0x4a, 0x59, 0x00, 0x00, 0x00, 0x00, 0x00, 0x00, 0x00, 0x00, 0x00, 0x00, 0x00, 0x00, 0x00, 0x00, 0x00, 0x00, 0x00, 0x00, 0x00, 0x00, 0x00, 0x00, 0x00, 0x00, 0x00, 0x00, 0x00, 0x00, 0x00, 0x00,
    0x00, 0x00, 0x00, 0x00, 0x00, 0x00, 0x00, 0x00, 0x00, 0x00, 0x00, 0x00, 0x00, 0x00, 0x00, 0x00, 0x00, 0x00, 0x00, 0x00, 0x00, 0x00, 0x00, 0x00, 0x00, 0x00, 0x00, 0x00, 0x00, 0x00, 0x00, 0x00,
    0x4a, 0x59, 0x7a, 0xfd, 0x7a, 0xfd, 0x32, 0xfb, 0x4a, 0x59, 0x32, 0xfb, 0x32, 0xfb, 0x32, 0xfb, 0x32, 0xfb, 0x32, 0xfb, 0x32, 0xfb, 0x32, 0xfb, 0x32, 0xfb, 0x4a, 0x59, 0xff, 0xff, 0xec, 0xf1,
    0xed, 0xc9, 0xec, 0xf1, 0xec, 0xf1, 0x4a, 0x59, 0x32, 0xfb, 0x32, 0xfb, 0x32, 0xfb, 0x32, 0xfb, 0x32, 0xfb, 0x32, 0xfb, 0x32, 0xfb, 0x32, 0xfb, 0x4a, 0x59, 0x32, 0xfb, 0x7a, 0xfd, 0x7a, 0xfd,
    0x4a, 0x59, 0x00, 0x00, 0x00, 0x00, 0x00, 0x00, 0x00, 0x00, 0x00, 0x00, 0x00, 0x00, 0x00, 0x00, 0x00, 0x00, 0x00, 0x00, 0x00, 0x00, 0x00, 0x00, 0x00, 0x00, 0x00, 0x00, 0x00, 0x00, 0x00, 0x00,
    0x00, 0x00, 0x00, 0x00, 0x00, 0x00, 0x00, 0x00, 0x00, 0x00, 0x00, 0x00, 0x00, 0x00, 0x00, 0x00, 0x00, 0x00, 0x00, 0x00, 0x00, 0x00, 0x00, 0x00, 0x00, 0x00, 0x00, 0x00, 0x00, 0x00, 0x00, 0x00,
    0x4a, 0x59, 0x7a, 0xfd, 0x7a, 0xfd, 0x32, 0xfb, 0x4a, 0x59, 0x32, 0xfb, 0x32, 0xfb, 0x32, 0xfb, 0x32, 0xfb, 0x32, 0xfb, 0x32, 0xfb, 0x32, 0xfb, 0x32, 0xfb, 0x4a, 0x59, 0xec, 0xf1, 0xec, 0xf1,
    0xec, 0xf1, 0xec, 0xf1, 0xec, 0xf1, 0x4a, 0x59, 0x32, 0xfb, 0x32, 0xfb, 0x32, 0xfb, 0x32, 0xfb, 0x32, 0xfb, 0x32, 0xfb, 0x32, 0xfb, 0x32, 0xfb, 0x4a, 0x59, 0x32, 0xfb, 0x7a, 0xfd, 0x7a, 0xfd,
    0x4a, 0x59, 0x00, 0x00, 0x00, 0x00, 0x00, 0x00, 0x00, 0x00, 0x00, 0x00, 0x00, 0x00, 0x00, 0x00, 0x00, 0x00, 0x00, 0x00, 0x00, 0x00, 0x00, 0x00, 0x00, 0x00, 0x00, 0x00, 0x00, 0x00, 0x00, 0x00,
    0x00, 0x00, 0x00, 0x00, 0x00, 0x00, 0x00, 0x00, 0x00, 0x00, 0x00, 0x00, 0x00, 0x00, 0x00, 0x00, 0x00, 0x00, 0x00, 0x00, 0x00, 0x00, 0x00, 0x00, 0x00, 0x00, 0x00, 0x00, 0x00, 0x00, 0x4a, 0x59,
    0x7a, 0xfd, 0x7a, 0xfd, 0x32, 0xfb, 0x32, 0xfb, 0x4a, 0x59, 0x32, 0xfb, 0x32, 0xfb, 0x32, 0xfb, 0x32, 0xfb, 0x32, 0xfb, 0x32, 0xfb, 0x32, 0xfb, 0x32, 0xfb, 0x4a, 0x59, 0xed, 0xc9, 0xec, 0xf1,
    0xec, 0xf1, 0xec, 0xf1, 0xed, 0xc9, 0x4a, 0x59, 0x32, 0xfb, 0x32, 0xfb, 0x32, 0xfb, 0x32, 0xfb, 0x32, 0xfb, 0x32, 0xfb, 0x32, 0xfb, 0x32, 0xfb, 0x4a, 0x59, 0x32, 0xfb, 0x32, 0xfb, 0x7a, 0xfd,
    0x4a, 0x59, 0x00, 0x00, 0x00, 0x00, 0x00, 0x00, 0x00, 0x00, 0x00, 0x00, 0x00, 0x00, 0x00, 0x00, 0x00, 0x00, 0x00, 0x00, 0x00, 0x00, 0x00, 0x00, 0x00, 0x00, 0x00, 0x00, 0x00, 0x00, 0x00, 0x00,
    0x00, 0x00, 0x00, 0x00, 0x00, 0x00, 0x00, 0x00, 0x00, 0x00, 0x00, 0x00, 0x00, 0x00, 0x00, 0x00, 0x00, 0x00, 0x00, 0x00, 0x00, 0x00, 0x00, 0x00, 0x00, 0x00, 0x00, 0x00, 0x00, 0x00, 0x4a, 0x59,
    0x7a, 0xfd, 0x7a, 0xfd, 0x32, 0xfb, 0x32, 0xfb, 0x4a, 0x59, 0x32, 0xfb, 0x32, 0xfb, 0x32, 0xfb, 0x32, 0xfb, 0x32, 0xfb, 0x32, 0xfb, 0x32, 0xfb, 0x32, 0xfb, 0x4a, 0x59, 0xed, 0xc9, 0xed, 0xc9,
    0xec, 0xf1, 0xed, 0xc9, 0xed, 0xc9, 0x4a, 0x59, 0x32, 0xfb, 0x32, 0xfb, 0x32, 0xfb, 0x32, 0xfb, 0x32, 0xfb, 0x32, 0xfb, 0x32, 0xfb, 0x32, 0xfb, 0x4a, 0x59, 0x32, 0xfb, 0x32, 0xfb, 0x7a, 0xfd,
    0x7a, 0xfd, 0x4a, 0x59, 0x00, 0x00, 0x00, 0x00, 0x00, 0x00, 0x00, 0x00, 0x00, 0x00, 0x00, 0x00, 0x00, 0x00, 0x00, 0x00, 0x00, 0x00, 0x00, 0x00, 0x00, 0x00, 0x00, 0x00, 0x00, 0x00, 0x00, 0x00,
    0x00, 0x00, 0x00, 0x00, 0x00, 0x00, 0x00, 0x00, 0x00, 0x00, 0x00, 0x00, 0x00, 0x00, 0x00, 0x00, 0x00, 0x00, 0x00, 0x00, 0x00, 0x00, 0x00, 0x00, 0x00, 0x00, 0x00, 0x00, 0x00, 0x00, 0x4a, 0x59,
    0x7a, 0xfd, 0x7a, 0xfd, 0x32, 0xfb, 0x32, 0xfb, 0x4a, 0x59, 0x32, 0xfb, 0x32, 0xfb, 0x32, 0xfb, 0x32, 0xfb, 0x32, 0xfb, 0x32, 0xfb, 0x32, 0xfb, 0x32, 0xfb, 0x4a, 0x59, 0xed, 0xc9, 0xed, 0xc9,
    0xed, 0xc9, 0xed, 0xc9, 0xed, 0xc9, 0x4a, 0x59, 0x32, 0xfb, 0x32, 0xfb, 0x32, 0xfb, 0x32, 0xfb, 0x32, 0xfb, 0x32, 0xfb, 0x32, 0xfb, 0x32, 0xfb, 0x4a, 0x59, 0x32, 0xfb, 0x32, 0xfb, 0x7a, 0xfd,
    0x7a, 0xfd, 0x4a, 0x59, 0x00, 0x00, 0x00, 0x00, 0x00, 0x00, 0x00, 0x00, 0x00, 0x00, 0x00, 0x00, 0x00, 0x00, 0x00, 0x00, 0x00, 0x00, 0x00, 0x00, 0x00, 0x00, 0x00, 0x00, 0x00, 0x00, 0x00, 0x00,
    0x00, 0x00, 0x00, 0x00, 0x00, 0x00, 0x00, 0x00, 0x00, 0x00, 0x00, 0x00, 0x00, 0x00, 0x00, 0x00, 0x00, 0x00, 0x00, 0x00, 0x00, 0x00, 0x00, 0x00, 0x00, 0x00, 0x00, 0x00, 0x00, 0x00, 0x4a, 0x59,
    0x7a, 0xfd, 0x32, 0xfb, 0x32, 0xfb, 0x32, 0xfb, 0x32, 0xfb, 0x4a, 0x59, 0x32, 0xfb, 0x32, 0xfb, 0x32, 0xfb, 0x32, 0xfb, 0x32, 0xfb, 0x32, 0xfb, 0x32, 0xfb, 0x4a, 0x59, 0xed, 0xc9, 0xed, 0xc9,
    0xed, 0xc9, 0xed, 0xc9, 0xed, 0xc9, 0x4a, 0x59, 0x32, 0xfb, 0x32, 0xfb, 0x32, 0xfb, 0x32, 0xfb, 0x32, 0xfb, 0x32, 0xfb, 0x32, 0xfb, 0x4a, 0x59, 0x32, 0xfb, 0x32, 0xfb, 0x32, 0xfb, 0x32, 0xfb,
    0x7a, 0xfd, 0x4a, 0x59, 0x00, 0x00, 0x00, 0x00, 0x00, 0x00, 0x00, 0x00, 0x00, 0x00, 0x00, 0x00, 0x00, 0x00, 0x00, 0x00, 0x00, 0x00, 0x00, 0x00, 0x00, 0x00, 0x00, 0x00, 0x00, 0x00, 0x00, 0x00,
    0x00, 0x00, 0x00, 0x00, 0x00, 0x00, 0x00, 0x00, 0x00, 0x00, 0x00, 0x00, 0x00, 0x00, 0x00, 0x00, 0x00, 0x00, 0x00, 0x00, 0x00, 0x00, 0x00, 0x00, 0x00, 0x00, 0x00, 0x00, 0x4a, 0x59, 0x7a, 0xfd,
    0x7a, 0xfd, 0x32, 0xfb, 0x32, 0xfb, 0x32, 0xfb, 0x32, 0xfb, 0x4a, 0x59, 0x32, 0xfb, 0x32, 0xfb, 0x32, 0xfb, 0x32, 0xfb, 0x32, 0xfb, 0x32, 0xfb, 0x4a, 0x59, 0x4a, 0x59, 0x4a, 0x59, 0x4a, 0x59,
    0x4a, 0x59, 0x4a, 0x59, 0x4a, 0x59, 0x4a, 0x59, 0x4a, 0x59, 0x32, 0xfb, 0x32, 0xfb, 0x32, 0xfb, 0x32, 0xfb, 0x32, 0xfb, 0x32, 0xfb, 0x4a, 0x59, 0x32, 0xfb, 0x32, 0xfb, 0x32, 0xfb, 0x32, 0xfb,
    0x7a, 0xfd, 0x4a, 0x59, 0x00, 0x00, 0x00, 0x00, 0x00, 0x00, 0x00, 0x00, 0x00, 0x00, 0x00, 0x00, 0x00, 0x00, 0x00, 0x00, 0x00, 0x00, 0x00, 0x00, 0x00, 0x00, 0x00, 0x00, 0x00, 0x00, 0x00, 0x00,
    0x00, 0x00, 0x00, 0x00, 0x00, 0x00, 0x00, 0x00, 0x00, 0x00, 0x00, 0x00, 0x00, 0x00, 0x00, 0x00, 0x00, 0x00, 0x00, 0x00, 0x00, 0x00, 0x00, 0x00, 0x00, 0x00, 0x00, 0x00, 0x4a, 0x59, 0x7a, 0xfd,
    0x7a, 0xfd, 0x7a, 0xfd, 0x7a, 0xfd, 0x7a, 0xfd, 0x7a, 0xfd, 0x7a, 0xfd, 0x4a, 0x59, 0x4a, 0x59, 0x32, 0xfb, 0x4a, 0x59, 0x4a, 0x59, 0x4a, 0x59, 0x7a, 0xfd, 0x7a, 0xfd, 0x7a, 0xfd, 0x7a, 0xfd,
    0x7a, 0xfd, 0x7a, 0xfd, 0x7a, 0xfd, 0x7a, 0xfd, 0x7a, 0xfd, 0x4a, 0x59, 0x4a, 0x59, 0x4a, 0x59, 0x32, 0xfb, 0x4a, 0x59, 0x4a, 0x59, 0x7a, 0xfd, 0x7a, 0xfd, 0x7a, 0xfd, 0x7a, 0xfd, 0x7a, 0xfd,
    0x7a, 0xfd, 0x7a, 0xfd, 0x4a, 0x59, 0x00, 0x00, 0x00, 0x00, 0x00, 0x00, 0x00, 0x00, 0x00, 0x00, 0x00, 0x00, 0x00, 0x00, 0x00, 0x00, 0x00, 0x00, 0x00, 0x00, 0x00, 0x00, 0x00, 0x00, 0x00, 0x00,
    0x00, 0x00, 0x00, 0x00, 0x00, 0x00, 0x00, 0x00, 0x00, 0x00, 0x00, 0x00, 0x00, 0x00, 0x00, 0x00, 0x00, 0x00, 0x00, 0x00, 0x00, 0x00, 0x00, 0x00, 0x00, 0x00, 0x00, 0x00, 0x4a, 0x59, 0x4a, 0x59,
    0x4a, 0x59, 0x4a, 0x59, 0x4a, 0x59, 0x4a, 0x59, 0x4a, 0x59, 0x4a, 0x59, 0x4a, 0x59, 0x4a, 0x59, 0x4a, 0x59, 0x4a, 0x59, 0x4a, 0x59, 0x4a, 0x59, 0x4a, 0x59, 0x4a, 0x59, 0x4a, 0x59, 0x4a, 0x59,
    0x4a, 0x59, 0x4a, 0x59, 0x4a, 0x59, 0x4a, 0x59, 0x4a, 0x59, 0x7a, 0xfd, 0x7a, 0xfd, 0x7a, 0xfd, 0x4a, 0x59, 0x4a, 0x59, 0x4a, 0x59, 0x4a, 0x59, 0x4a, 0x59, 0x4a, 0x59, 0x4a, 0x59, 0x4a, 0x59,
    0x4a, 0x59, 0x4a, 0x59, 0x4a, 0x59, 0x00, 0x00, 0x00, 0x00, 0x00, 0x00, 0x00, 0x00, 0x00, 0x00, 0x00, 0x00, 0x00, 0x00, 0x00, 0x00, 0x00, 0x00, 0x00, 0x00, 0x00, 0x00, 0x00, 0x00, 0x00, 0x00,
    0x00, 0x00, 0x00, 0x00, 0x00, 0x00, 0x00, 0x00, 0x00, 0x00, 0x00, 0x00, 0x00, 0x00, 0x00, 0x00, 0x00, 0x00, 0x00, 0x00, 0x00, 0x00, 0x00, 0x00, 0x00, 0x00, 0x00, 0x00, 0x00, 0x00, 0x00, 0x00,
    0x00, 0x00, 0x00, 0x00, 0x00, 0x00, 0x00, 0x00, 0x00, 0x00, 0x00, 0x00, 0x4a, 0x59, 0x7a, 0xfd, 0x4a, 0x59, 0x32, 0xfb, 0x32, 0xfb, 0x32, 0xfb, 0x4a, 0x59, 0xed, 0xc9, 0xed, 0xc9, 0xed, 0xc9,
    0x4a, 0x59, 0x32, 0xfb, 0x32, 0xfb, 0x32, 0xfb, 0x4a, 0x59, 0x7a, 0xfd, 0x7a, 0xfd, 0x7a, 0xfd, 0x7a, 0xfd, 0x7a, 0xfd, 0x4a, 0x59, 0x00, 0x00, 0x00, 0x00, 0x00, 0x00, 0x00, 0x00, 0x00, 0x00,
    0x00, 0x00, 0x00, 0x00, 0x00, 0x00, 0x00, 0x00, 0x00, 0x00, 0x00, 0x00, 0x00, 0x00, 0x00, 0x00, 0x00, 0x00, 0x00, 0x00, 0x00, 0x00, 0x00, 0x00, 0x00, 0x00, 0x00, 0x00, 0x00, 0x00, 0x00, 0x00,
    0x00, 0x00, 0x00, 0x00, 0x00, 0x00, 0x00, 0x00, 0x00, 0x00, 0x00, 0x00, 0x00, 0x00, 0x00, 0x00, 0x00, 0x00, 0x00, 0x00, 0x00, 0x00, 0x00, 0x00, 0x00, 0x00, 0x00, 0x00, 0x00, 0x00, 0x00, 0x00,
    0x00, 0x00, 0x00, 0x00, 0x00, 0x00, 0x00, 0x00, 0x00, 0x00, 0x4a, 0x59, 0x7a, 0xfd, 0x7a, 0xfd, 0x7a, 0xfd, 0x4a, 0x59, 0x32, 0xfb, 0x4a, 0x59, 0x4a, 0x59, 0xed, 0xc9, 0xed, 0xc9, 0x4a, 0x59,
    0x7a, 0xfd, 0x4a, 0x59, 0x32, 0xfb, 0x4a, 0x59, 0x7a, 0xfd, 0x7a, 0xfd, 0x7a, 0xfd, 0x7a, 0xfd, 0x7a, 0xfd, 0x7a, 0xfd, 0x7a, 0xfd, 0x4a, 0x59, 0x00, 0x00, 0x00, 0x00, 0x00, 0x00, 0x00, 0x00,
    0x00, 0x00, 0x00, 0x00, 0x00, 0x00, 0x00, 0x00, 0x00, 0x00, 0x00, 0x00, 0x00, 0x00, 0x00, 0x00, 0x00, 0x00, 0x00, 0x00, 0x00, 0x00, 0x00, 0x00, 0x00, 0x00, 0x00, 0x00, 0x00, 0x00, 0x00, 0x00,
    0x00, 0x00, 0x00, 0x00, 0x00, 0x00, 0x00, 0x00, 0x00, 0x00, 0x00, 0x00, 0x00, 0x00, 0x00, 0x00, 0x00, 0x00, 0x00, 0x00, 0x00, 0x00, 0x00, 0x00, 0x00, 0x00, 0x00, 0x00, 0x00, 0x00, 0x00, 0x00,
    0x00, 0x00, 0x00, 0x00, 0x00, 0x00, 0x00, 0x00, 0x4a, 0x59, 0x7a, 0xfd, 0x5c, 0xfe, 0x5c, 0xfe, 0x7a, 0xfd, 0x4a, 0x59, 0x32, 0xfb, 0x4a, 0x59, 0x7a, 0xfd, 0x4a, 0x59, 0xed, 0xc9, 0x4a, 0x59,
    0x7a, 0xfd, 0x4a, 0x59, 0x32, 0xfb, 0x4a, 0x59, 0x7a, 0xfd, 0x7a, 0xfd, 0x7a, 0xfd, 0x7a, 0xfd, 0x7a, 0xfd, 0x7a, 0xfd, 0x7a, 0xfd, 0x7a, 0xfd, 0x4a, 0x59, 0x00, 0x00, 0x00, 0x00, 0x00, 0x00,
    0x00, 0x00, 0x00, 0x00, 0x00, 0x00, 0x00, 0x00, 0x00, 0x00, 0x00, 0x00, 0x00, 0x00, 0x00, 0x00, 0x00, 0x00, 0x00, 0x00, 0x00, 0x00, 0x00, 0x00, 0x00, 0x00, 0x00, 0x00, 0x00, 0x00, 0x00, 0x00,
    0x00, 0x00, 0x00, 0x00, 0x00, 0x00, 0x00, 0x00, 0x00, 0x00, 0x00, 0x00, 0x00, 0x00, 0x00, 0x00, 0x00, 0x00, 0x00, 0x00, 0x00, 0x00, 0x00, 0x00, 0x00, 0x00, 0x00, 0x00, 0x00, 0x00, 0x00, 0x00,
    0x00, 0x00, 0x00, 0x00, 0x00, 0x00, 0x4a, 0x59, 0x7a, 0xfd, 0x7a, 0xfd, 0x5c, 0xfe, 0x7a, 0xfd, 0x7a, 0xfd, 0x4a, 0x59, 0x32, 0xfb, 0x4a, 0x59, 0x7a, 0xfd, 0x4a, 0x59, 0xed, 0xc9, 0x4a, 0x59,
    0x7a, 0xfd, 0x4a, 0x59, 0x32, 0xfb, 0x4a, 0x59, 0x7a, 0xfd, 0x7a, 0xfd, 0x7a, 0xfd, 0x7a, 0xfd, 0x7a, 0xfd, 0x7a, 0xfd, 0x7a, 0xfd, 0x7a, 0xfd, 0x7a, 0xfd, 0x4a, 0x59, 0x00, 0x00, 0x00, 0x00,
    0x00, 0x00, 0x00, 0x00, 0x00, 0x00, 0x00, 0x00, 0x00, 0x00, 0x00, 0x00, 0x00, 0x00, 0x00, 0x00, 0x00, 0x00, 0x00, 0x00, 0x00, 0x00, 0x00, 0x00, 0x00, 0x00, 0x00, 0x00, 0x00, 0x00, 0x00, 0x00,
    0x00, 0x00, 0x00, 0x00, 0x00, 0x00, 0x00, 0x00, 0x00, 0x00, 0x00, 0x00, 0x00, 0x00, 0x00, 0x00, 0x00, 0x00, 0x00, 0x00, 0x00, 0x00, 0x00, 0x00, 0x00, 0x00, 0x00, 0x00, 0x00, 0x00, 0x00, 0x00,
    0x00, 0x00, 0x00, 0x00, 0x4a, 0x59, 0x7a, 0xfd, 0x7a, 0xfd, 0x7a, 0xfd, 0x7a, 0xfd, 0x7a, 0xfd, 0x7a, 0xfd, 0x7a, 0xfd, 0x4a, 0x59, 0x7a, 0xfd, 0x7a, 0xfd, 0x4a, 0x59, 0xed, 0xc9, 0x4a, 0x59,
    0x7a, 0xfd, 0x7a, 0xfd, 0x4a, 0x59, 0x7a, 0xfd, 0x7a, 0xfd, 0x7a, 0xfd, 0x7a, 0xfd, 0x7a, 0xfd, 0x7a, 0xfd, 0x7a, 0xfd, 0x7a, 0xfd, 0x7a, 0xfd, 0x7a, 0xfd, 0x7a, 0xfd, 0x4a, 0x59, 0x00, 0x00,
    0x00, 0x00, 0x00, 0x00, 0x00, 0x00, 0x00, 0x00, 0x00, 0x00, 0x00, 0x00, 0x00, 0x00, 0x00, 0x00, 0x00, 0x00, 0x00, 0x00, 0x00, 0x00, 0x00, 0x00, 0x00, 0x00, 0x00, 0x00, 0x00, 0x00, 0x00, 0x00,
    0x00, 0x00, 0x00, 0x00, 0x00, 0x00, 0x00, 0x00, 0x00, 0x00, 0x00, 0x00, 0x00, 0x00, 0x00, 0x00, 0x00, 0x00, 0x00, 0x00, 0x00, 0x00, 0x00, 0x00, 0x00, 0x00, 0x00, 0x00, 0x00, 0x00, 0x00, 0x00,
    0x00, 0x00, 0x00, 0x00, 0x42, 0x08, 0x7a, 0xfd, 0x7a, 0xfd, 0x7a, 0xfd, 0x7a, 0xfd, 0x7a, 0xfd, 0x7a, 0xfd, 0x7a, 0xfd, 0x4a, 0x59, 0x7a, 0xfd, 0x7a, 0xfd, 0x4a, 0x59, 0x4a, 0x59, 0x7a, 0xfd,
    0x7a, 0xfd, 0x7a, 0xfd, 0x4a, 0x59, 0x7a, 0xfd, 0x7a, 0xfd, 0x7a, 0xfd, 0x7a, 0xfd, 0x7a, 0xfd, 0x7a, 0xfd, 0x7a, 0xfd, 0x7a, 0xfd, 0x7a, 0xfd, 0x7a, 0xfd, 0x7a, 0xfd, 0x42, 0x08, 0x00, 0x00,
    0x00, 0x00, 0x00, 0x00, 0x00, 0x00, 0x00, 0x00, 0x00, 0x00, 0x00, 0x00, 0x00, 0x00, 0x00, 0x00, 0x00, 0x00, 0x00, 0x00, 0x00, 0x00, 0x00, 0x00, 0x00, 0x00, 0x00, 0x00, 0x00, 0x00, 0x00, 0x00,
    0x00, 0x00, 0x00, 0x00, 0x00, 0x00, 0x00, 0x00, 0x00, 0x00, 0x00, 0x00, 0x00, 0x00, 0x00, 0x00, 0x00, 0x00, 0x00, 0x00, 0x00, 0x00, 0x00, 0x00, 0x00, 0x00, 0x00, 0x00, 0x00, 0x00, 0x00, 0x00,
    0x00, 0x00, 0x4a, 0x59, 0x7a, 0xfd, 0x42, 0x08, 0x7a, 0xfd, 0x7a, 0xfd, 0x7a, 0xfd, 0x7a, 0xfd, 0x7a, 0xfd, 0x7a, 0xfd, 0x7a, 0xfd, 0x7a, 0xfd, 0x7a, 0xfd, 0x7a, 0xfd, 0x4a, 0x59, 0x7a, 0xfd,
    0x7a, 0xfd, 0x7a, 0xfd, 0x7a, 0xfd, 0x7a, 0xfd, 0x7a, 0xfd, 0x7a, 0xfd, 0x7a, 0xfd, 0x7a, 0xfd, 0x7a, 0xfd, 0x7a, 0xfd, 0x7a, 0xfd, 0x7a, 0xfd, 0x7a, 0xfd, 0x42, 0x08, 0x7a, 0xfd, 0x4a, 0x59,
    0x00, 0x00, 0x00, 0x00, 0x00, 0x00, 0x00, 0x00, 0x00, 0x00, 0x00, 0x00, 0x00, 0x00, 0x00, 0x00, 0x00, 0x00, 0x00, 0x00, 0x00, 0x00, 0x00, 0x00, 0x00, 0x00, 0x00, 0x00, 0x00, 0x00, 0x00, 0x00,
    0x00, 0x00, 0x00, 0x00, 0x00, 0x00, 0x00, 0x00, 0x00, 0x00, 0x00, 0x00, 0x00, 0x00, 0x00, 0x00, 0x00, 0x00, 0x00, 0x00, 0x00, 0x00, 0x00, 0x00, 0x00, 0x00, 0x00, 0x00, 0x00, 0x00, 0x00, 0x00,
    0x00, 0x00, 0x4a, 0x59, 0x42, 0x08, 0x42, 0x08, 0x42, 0x08, 0x7a, 0xfd, 0x7a, 0xfd, 0x42, 0x08, 0x42, 0x08, 0x42, 0x08, 0x7a, 0xfd, 0x7a, 0xfd, 0x7a, 0xfd, 0x7a, 0xfd, 0x4a, 0x59, 0x7a, 0xfd,
    0x7a, 0xfd, 0x7a, 0xfd, 0x7a, 0xfd, 0x7a, 0xfd, 0x7a, 0xfd, 0x7a, 0xfd, 0x7a, 0xfd, 0x42, 0x08, 0x42, 0x08, 0x42, 0x08, 0x7a, 0xfd, 0x7a, 0xfd, 0x42, 0x08, 0x42, 0x08, 0x42, 0x08, 0x4a, 0x59,
    0x00, 0x00, 0x00, 0x00, 0x00, 0x00, 0x00, 0x00, 0x00, 0x00, 0x00, 0x00, 0x00, 0x00, 0x00, 0x00, 0x00, 0x00, 0x00, 0x00, 0x00, 0x00, 0x00, 0x00, 0x00, 0x00, 0x00, 0x00, 0x00, 0x00, 0x00, 0x00,
    0x00, 0x00, 0x00, 0x00, 0x00, 0x00, 0x00, 0x00, 0x00, 0x00, 0x00, 0x00, 0x00, 0x00, 0x00, 0x00, 0x00, 0x00, 0x00, 0x00, 0x00, 0x00, 0x00, 0x00, 0x00, 0x00, 0x00, 0x00, 0x00, 0x00, 0x00, 0x00,
    0x4a, 0x59, 0x7a, 0xfd, 0x7a, 0xfd, 0x7a, 0xfd, 0x42, 0x08, 0x42, 0x08, 0x42, 0x08, 0xff, 0xff, 0xa5, 0x88, 0xa5, 0x88, 0x42, 0x08, 0x42, 0x08, 0x7a, 0xfd, 0x7a, 0xfd, 0x7a, 0xfd, 0x7a, 0xfd,
    0x7a, 0xfd, 0x7a, 0xfd, 0x7a, 0xfd, 0x7a, 0xfd, 0x7a, 0xfd, 0x42, 0x08, 0x42, 0x08, 0xff, 0xff, 0xa5, 0x88, 0xa5, 0x88, 0x42, 0x08, 0x42, 0x08, 0x42, 0x08, 0x7a, 0xfd, 0x7a, 0xfd, 0x7a, 0xfd,
    0x4a, 0x59, 0x00, 0x00, 0x00, 0x00, 0x00, 0x00, 0x00, 0x00, 0x00, 0x00, 0x00, 0x00, 0x00, 0x00, 0x00, 0x00, 0x00, 0x00, 0x00, 0x00, 0x00, 0x00, 0x00, 0x00, 0x00, 0x00, 0x00, 0x00, 0x00, 0x00,
    0x00, 0x00, 0x00, 0x00, 0x00, 0x00, 0x00, 0x00, 0x00, 0x00, 0x00, 0x00, 0x00, 0x00, 0x00, 0x00, 0x00, 0x00, 0x00, 0x00, 0x00, 0x00, 0x00, 0x00, 0x00, 0x00, 0x00, 0x00, 0x00, 0x00, 0x00, 0x00,
    0x4a, 0x59, 0x7a, 0xfd, 0x7a, 0xfd, 0x7a, 0xfd, 0x7a, 0xfd, 0x42, 0x08, 0xff, 0xff, 0xa5, 0x88, 0xff, 0xff, 0x48, 0xd9, 0xa5, 0x88, 0x42, 0x08, 0x7a, 0xfd, 0x7a, 0xfd, 0x7a, 0xfd, 0x7a, 0xfd,
    0x7a, 0xfd, 0x7a, 0xfd, 0x7a, 0xfd, 0x7a, 0xfd, 0x7a, 0xfd, 0x42, 0x08, 0xff, 0xff, 0xa5, 0x88, 0xff, 0xff, 0x48, 0xd9, 0xa5, 0x88, 0x42, 0x08, 0x7a, 0xfd, 0x7a, 0xfd, 0x7a, 0xfd, 0x7a, 0xfd,
    0x4a, 0x59, 0x00, 0x00, 0x00, 0x00, 0x00, 0x00, 0x00, 0x00, 0x00, 0x00, 0x00, 0x00, 0x00, 0x00, 0x00, 0x00, 0x00, 0x00, 0x00, 0x00, 0x00, 0x00, 0x00, 0x00, 0x00, 0x00, 0x00, 0x00, 0x00, 0x00,
    0x00, 0x00, 0x00, 0x00, 0x00, 0x00, 0x00, 0x00, 0x00, 0x00, 0x00, 0x00, 0x00, 0x00, 0x00, 0x00, 0x00, 0x00, 0x00, 0x00, 0x00, 0x00, 0x00, 0x00, 0x00, 0x00, 0x00, 0x00, 0x00, 0x00, 0x00, 0x00,
    0x4a, 0x59, 0x7a, 0xfd, 0x7a, 0xfd, 0x7a, 0xfd, 0x42, 0x08, 0xff, 0xff, 0xa5, 0x88, 0x42, 0x08, 0x42, 0x08, 0x42, 0x08, 0x48, 0xd9, 0xa5, 0x88, 0x42, 0x08, 0x7a, 0xfd, 0x7a, 0xfd, 0x7a, 0xfd,
    0x7a, 0xfd, 0x7a, 0xfd, 0x7a, 0xfd, 0x7a, 0xfd, 0x42, 0x08, 0xff, 0xff, 0xa5, 0x88, 0x42, 0x08, 0x42, 0x08, 0x42, 0x08, 0x48, 0xd9, 0xa5, 0x88, 0x42, 0x08, 0x7a, 0xfd, 0x7a, 0xfd, 0x7a, 0xfd,
    0x4a, 0x59, 0x00, 0x00, 0x00, 0x00, 0x00, 0x00, 0x00, 0x00, 0x00, 0x00, 0x00, 0x00, 0x00, 0x00, 0x00, 0x00, 0x00, 0x00, 0x00, 0x00, 0x00, 0x00, 0x00, 0x00, 0x00, 0x00, 0x00, 0x00, 0x00, 0x00,
    0x00, 0x00, 0x00, 0x00, 0x00, 0x00, 0x00, 0x00, 0x00, 0x00, 0x00, 0x00, 0x00, 0x00, 0x00, 0x00, 0x00, 0x00, 0x00, 0x00, 0x00, 0x00, 0x00, 0x00, 0x00, 0x00, 0x00, 0x00, 0x00, 0x00, 0x00, 0x00,
    0x4a, 0x59, 0x7a, 0xfd, 0x7a, 0xfd, 0x7a, 0xfd, 0x42, 0x08, 0xff, 0xff, 0xa5, 0x88, 0x42, 0x08, 0x42, 0x08, 0x42, 0x08, 0x48, 0xd9, 0xa5, 0x88, 0x42, 0x08, 0x7a, 0xfd, 0x7a, 0xfd, 0x7a, 0xfd,
    0x7a, 0xfd, 0x7a, 0xfd, 0x7a, 0xfd, 0x7a, 0xfd, 0x42, 0x08, 0xff, 0xff, 0xa5, 0x88, 0x42, 0x08, 0x42, 0x08, 0x42, 0x08, 0x48, 0xd9, 0xa5, 0x88, 0x42, 0x08, 0x7a, 0xfd, 0x7a, 0xfd, 0x7a, 0xfd,
    0x4a, 0x59, 0x00, 0x00, 0x00, 0x00, 0x00, 0x00, 0x00, 0x00, 0x00, 0x00, 0x00, 0x00, 0x00, 0x00, 0x00, 0x00, 0x00, 0x00, 0x00, 0x00, 0x00, 0x00, 0x00, 0x00, 0x00, 0x00, 0x00, 0x00, 0x00, 0x00,
    0x00, 0x00, 0x00, 0x00, 0x00, 0x00, 0x00, 0x00, 0x00, 0x00, 0x00, 0x00, 0x00, 0x00, 0x00, 0x00, 0x00, 0x00, 0x00, 0x00, 0x00, 0x00, 0x00, 0x00, 0x00, 0x00, 0x00, 0x00, 0x00, 0x00, 0x00, 0x00,
    0x4a, 0x59, 0x7a, 0xfd, 0x7a, 0xfd, 0x7a, 0xfd, 0x42, 0x08, 0xff, 0xff, 0xa5, 0x88, 0x48, 0xd9, 0x42, 0x08, 0x48, 0xd9, 0x48, 0xd9, 0xa5, 0x88, 0x42, 0x08, 0x7a, 0xfd, 0x7a, 0xfd, 0x7a, 0xfd,
    0x7a, 0xfd, 0x7a, 0xfd, 0x7a, 0xfd, 0x7a, 0xfd, 0x42, 0x08, 0xff, 0xff, 0xa5, 0x88, 0x48, 0xd9, 0x42, 0x08, 0x48, 0xd9, 0x48, 0xd9, 0xa5, 0x88, 0x42, 0x08, 0x7a, 0xfd, 0x7a, 0xfd, 0x7a, 0xfd,
    0x4a, 0x59, 0x00, 0x00, 0x00, 0x00, 0x00, 0x00, 0x00, 0x00, 0x00, 0x00, 0x00, 0x00, 0x00, 0x00, 0x00, 0x00, 0x00, 0x00, 0x00, 0x00, 0x00, 0x00, 0x00, 0x00, 0x00, 0x00, 0x00, 0x00, 0x00, 0x00,
    0x00, 0x00, 0x00, 0x00, 0x00, 0x00, 0x00, 0x00, 0x00, 0x00, 0x00, 0x00, 0x00, 0x00, 0x00, 0x00, 0x00, 0x00, 0x00, 0x00, 0x00, 0x00, 0x00, 0x00, 0x00, 0x00, 0x00, 0x00, 0x00, 0x00, 0x00, 0x00,
    0x4a, 0x59, 0x7a, 0xfd, 0x7a, 0xfd, 0x7a, 0xfd, 0x7a, 0xfd, 0x42, 0x08, 0xff, 0xff, 0xa5, 0x88, 0x48, 0xd9, 0xff, 0xff, 0xa5, 0x88, 0x42, 0x08, 0x7a, 0xfd, 0x7a, 0xfd, 0x7a, 0xfd, 0x7a, 0xfd,
    0x7a, 0xfd, 0x7a, 0xfd, 0x7a, 0xfd, 0x7a, 0xfd, 0x7a, 0xfd, 0x42, 0x08, 0xff, 0xff, 0xa5, 0x88, 0x48, 0xd9, 0xff, 0xff, 0xa5, 0x88, 0x42, 0x08, 0x7a, 0xfd, 0x7a, 0xfd, 0x7a, 0xfd, 0x7a, 0xfd,
    0x4a, 0x59, 0x00, 0x00, 0x00, 0x00, 0x00, 0x00, 0x00, 0x00, 0x00, 0x00, 0x00, 0x00, 0x00, 0x00, 0x00, 0x00, 0x00, 0x00, 0x00, 0x00, 0x00, 0x00, 0x00, 0x00, 0x00, 0x00, 0x00, 0x00, 0x00, 0x00,
    0x00, 0x00, 0x00, 0x00, 0x00, 0x00, 0x00, 0x00, 0x00, 0x00, 0x00, 0x00, 0x00, 0x00, 0x00, 0x00, 0x00, 0x00, 0x00, 0x00, 0x00, 0x00, 0x00, 0x00, 0x00, 0x00, 0x00, 0x00, 0x00, 0x00, 0x00, 0x00,
    0x4a, 0x59, 0x7a, 0xfd, 0x7a, 0xfd, 0x7a, 0xfd, 0x7a, 0xfd, 0x42, 0x08, 0x42, 0x08, 0xff, 0xff, 0xa5, 0x88, 0xa5, 0x88, 0x42, 0x08, 0x42, 0x08, 0x7a, 0xfd, 0x7a, 0xfd, 0x7a, 0xfd, 0x7a, 0xfd,
    0x7a, 0xfd, 0x7a, 0xfd, 0x7a, 0xfd, 0x7a, 0xfd, 0x15, 0xd4, 0x42, 0x08, 0x42, 0x08, 0xff, 0xff, 0xa5, 0x88, 0xa5, 0x88, 0x42, 0x08, 0x42, 0x08, 0x15, 0xd4, 0x7a, 0xfd, 0x7a, 0xfd, 0x7a, 0xfd,
    0x4a, 0x59, 0x00, 0x00, 0x00, 0x00, 0x00, 0x00, 0x00, 0x00, 0x00, 0x00, 0x00, 0x00, 0x00, 0x00, 0x00, 0x00, 0x00, 0x00, 0x00, 0x00, 0x00, 0x00, 0x00, 0x00, 0x00, 0x00, 0x00, 0x00, 0x00, 0x00,
    0x00, 0x00, 0x00, 0x00, 0x00, 0x00, 0x00, 0x00, 0x00, 0x00, 0x00, 0x00, 0x00, 0x00, 0x00, 0x00, 0x00, 0x00, 0x00, 0x00, 0x00, 0x00, 0x00, 0x00, 0x00, 0x00, 0x00, 0x00, 0x00, 0x00, 0x00, 0x00,
    0x00, 0x00, 0x4a, 0x59, 0x7a, 0xfd, 0x74, 0xfb, 0x74, 0xfb, 0x7a, 0xfd, 0x7a, 0xfd, 0x42, 0x08, 0x42, 0x08, 0x42, 0x08, 0x7a, 0xfd, 0x7a, 0xfd, 0x7a, 0xfd, 0x7a, 0xfd, 0x7a, 0xfd, 0x7a, 0xfd,
    0x7a, 0xfd, 0x7a, 0xfd, 0x7a, 0xfd, 0x15, 0xd4, 0x15, 0xd4, 0x15, 0xd4, 0x15, 0xd4, 0x42, 0x08, 0x42, 0x08, 0x42, 0x08, 0x15, 0xd4, 0x15, 0xd4, 0x74, 0xfb, 0x74, 0xfb, 0x7a, 0xfd, 0x4a, 0x59,
    0x00, 0x00, 0x00, 0x00, 0x00, 0x00, 0x00, 0x00, 0x00, 0x00, 0x00, 0x00, 0x00, 0x00, 0x00, 0x00, 0x00, 0x00, 0x00, 0x00, 0x00, 0x00, 0x00, 0x00, 0x00, 0x00, 0x00, 0x00, 0x00, 0x00, 0x00, 0x00,
    0x00, 0x00, 0x00, 0x00, 0x00, 0x00, 0x00, 0x00, 0x00, 0x00, 0x00, 0x00, 0x00, 0x00, 0x00, 0x00, 0x00, 0x00, 0x00, 0x00, 0x00, 0x00, 0x00, 0x00, 0x00, 0x00, 0x00, 0x00, 0x00, 0x00, 0x00, 0x00,
    0x00, 0x00, 0x4a, 0x59, 0x74, 0xfb, 0x74, 0xfb, 0x74, 0xfb, 0x74, 0xfb, 0x7a, 0xfd, 0x7a, 0xfd, 0x7a, 0xfd, 0x7a, 0xfd, 0x7a, 0xfd, 0x7a, 0xfd, 0x7a, 0xfd, 0x7a, 0xfd, 0x7a, 0xfd, 0x7a, 0xfd,
    0x7a, 0xfd, 0x7a, 0xfd, 0x7a, 0xfd, 0x15, 0xd4, 0x15, 0xd4, 0x15, 0xd4, 0x15, 0xd4, 0x15, 0xd4, 0x15, 0xd4, 0x15, 0xd4, 0x15, 0xd4, 0x74, 0xfb, 0x74, 0xfb, 0x74, 0xfb, 0x74, 0xfb, 0x4a, 0x59,
    0x00, 0x00, 0x00, 0x00, 0x00, 0x00, 0x00, 0x00, 0x00, 0x00, 0x00, 0x00, 0x00, 0x00, 0x00, 0x00, 0x00, 0x00, 0x00, 0x00, 0x00, 0x00, 0x00, 0x00, 0x00, 0x00, 0x00, 0x00, 0x00, 0x00, 0x00, 0x00,
    0x00, 0x00, 0x00, 0x00, 0x00, 0x00, 0x00, 0x00, 0x00, 0x00, 0x00, 0x00, 0x00, 0x00, 0x00, 0x00, 0x00, 0x00, 0x00, 0x00, 0x00, 0x00, 0x00, 0x00, 0x00, 0x00, 0x00, 0x00, 0x00, 0x00, 0x00, 0x00,
    0x00, 0x00, 0x00, 0x00, 0x74, 0xfb, 0x74, 0xfb, 0x74, 0xfb, 0x74, 0xfb, 0x7a, 0xfd, 0x7a, 0xfd, 0x7a, 0xfd, 0x7a, 0xfd, 0x7a, 0xfd, 0x7a, 0xfd, 0x7a, 0xfd, 0x7a, 0xfd, 0x7a, 0xfd, 0x7a, 0xfd,
    0x7a, 0xfd, 0x7a, 0xfd, 0x15, 0xd4, 0x15, 0xd4, 0x15, 0xd4, 0x15, 0xd4, 0x15, 0xd4, 0x15, 0xd4, 0x15, 0xd4, 0x15, 0xd4, 0x15, 0xd4, 0x74, 0xfb, 0x74, 0xfb, 0x74, 0xfb, 0x74, 0xfb, 0x00, 0x00,
    0x00, 0x00, 0x00, 0x00, 0x00, 0x00, 0x00, 0x00, 0x00, 0x00, 0x00, 0x00, 0x00, 0x00, 0x00, 0x00, 0x00, 0x00, 0x00, 0x00, 0x00, 0x00, 0x00, 0x00, 0x00, 0x00, 0x00, 0x00, 0x00, 0x00, 0x00, 0x00,
    0x00, 0x00, 0x00, 0x00, 0x00, 0x00, 0x00, 0x00, 0x00, 0x00, 0x00, 0x00, 0x00, 0x00, 0x00, 0x00, 0x00, 0x00, 0x00, 0x00, 0x00, 0x00, 0x00, 0x00, 0x00, 0x00, 0x00, 0x00, 0x00, 0x00, 0x00, 0x00,
    0x00, 0x00, 0x00, 0x00, 0x4a, 0x59, 0x74, 0xfb, 0x74, 0xfb, 0x7a, 0xfd, 0x7a, 0xfd, 0x7a, 0xfd, 0x7a, 0xfd, 0x7a, 0xfd, 0x7a, 0xfd, 0x7a, 0xfd, 0x7a, 0xfd, 0x7a, 0xfd, 0x7a, 0xfd, 0x7a, 0xfd,
    0x7a, 0xfd, 0x7a, 0xfd, 0x15, 0xd4, 0x15, 0xd4, 0x15, 0xd4, 0x15, 0xd4, 0x15, 0xd4, 0x15, 0xd4, 0x15, 0xd4, 0x15, 0xd4, 0x15, 0xd4, 0x15, 0xd4, 0x74, 0xfb, 0x74, 0xfb, 0x4a, 0x59, 0x00, 0x00,
    0x00, 0x00, 0x00, 0x00, 0x00, 0x00, 0x00, 0x00, 0x00, 0x00, 0x00, 0x00, 0x00, 0x00, 0x00, 0x00, 0x00, 0x00, 0x00, 0x00, 0x00, 0x00, 0x00, 0x00, 0x00, 0x00, 0x00, 0x00, 0x00, 0x00, 0x00, 0x00,
    0x00, 0x00, 0x00, 0x00, 0x00, 0x00, 0x00, 0x00, 0x00, 0x00, 0x00, 0x00, 0x00, 0x00, 0x00, 0x00, 0x00, 0x00, 0x00, 0x00, 0x00, 0x00, 0x00, 0x00, 0x00, 0x00, 0x00, 0x00, 0x00, 0x00, 0x00, 0x00,
    0x00, 0x00, 0x00, 0x00, 0x00, 0x00, 0x4a, 0x59, 0x7a, 0xfd, 0x7a, 0xfd, 0x7a, 0xfd, 0x7a, 0xfd, 0x7a, 0xfd, 0x7a, 0xfd, 0x7a, 0xfd, 0x7a, 0xfd, 0x4a, 0x59, 0x7a, 0xfd, 0x7a, 0xfd, 0x7a, 0xfd,
    0x7a, 0xfd, 0x7a, 0xfd, 0x15, 0xd4, 0x15, 0xd4, 0x4a, 0x59, 0x15, 0xd4, 0x15, 0xd4, 0x15, 0xd4, 0x15, 0xd4, 0x15, 0xd4, 0x15, 0xd4, 0x15, 0xd4, 0x15, 0xd4, 0x4a, 0x59, 0x15, 0xd4, 0x00, 0x00,
    0x00, 0x00, 0x00, 0x00, 0x00, 0x00, 0x00, 0x00, 0x00, 0x00, 0x00, 0x00, 0x00, 0x00, 0x00, 0x00, 0x00, 0x00, 0x00, 0x00, 0x00, 0x00, 0x00, 0x00, 0x00, 0x00, 0x00, 0x00, 0x00, 0x00, 0x00, 0x00,
    0x00, 0x00, 0x00, 0x00, 0x00, 0x00, 0x00, 0x00, 0x00, 0x00, 0x00, 0x00, 0x00, 0x00, 0x00, 0x00, 0x00, 0x00, 0x00, 0x00, 0x00, 0x00, 0x00, 0x00, 0x00, 0x00, 0x00, 0x00, 0x00, 0x00, 0x00, 0x00,
    0x00, 0x00, 0x00, 0x00, 0x00, 0x00, 0x00, 0x00, 0x4a, 0x59, 0x7a, 0xfd, 0x7a, 0xfd, 0x7a, 0xfd, 0x7a, 0xfd, 0x7a, 0xfd, 0x7a, 0xfd, 0x7a, 0xfd, 0x7a, 0xfd, 0x4a, 0x59, 0x7a, 0xfd, 0x7a, 0xfd,
    0x7a, 0xfd, 0x7a, 0xfd, 0x7a, 0xfd, 0x4a, 0x59, 0x15, 0xd4, 0x15, 0xd4, 0x15, 0xd4, 0x15, 0xd4, 0x15, 0xd4, 0x15, 0xd4, 0x15, 0xd4, 0x15, 0xd4, 0x4a, 0x59, 0x15, 0xd4, 0x00, 0x00, 0x00, 0x00,
    0x00, 0x00, 0x00, 0x00, 0x00, 0x00, 0x00, 0x00, 0x00, 0x00, 0x00, 0x00, 0x00, 0x00, 0x00, 0x00, 0x00, 0x00, 0x00, 0x00, 0x00, 0x00, 0x00, 0x00, 0x00, 0x00, 0x00, 0x00, 0x00, 0x00, 0x00, 0x00,
    0x00, 0x00, 0x00, 0x00, 0x00, 0x00, 0x00, 0x00, 0x00, 0x00, 0x00, 0x00, 0x00, 0x00, 0x00, 0x00, 0x00, 0x00, 0x00, 0x00, 0x00, 0x00, 0x00, 0x00, 0x00, 0x00, 0x00, 0x00, 0x00, 0x00, 0x00, 0x00,
    0x00, 0x00, 0x00, 0x00, 0x00, 0x00, 0x00, 0x00, 0x00, 0x00, 0x4a, 0x59, 0x7a, 0xfd, 0x7a, 0xfd, 0x7a, 0xfd, 0x7a, 0xfd, 0x7a, 0xfd, 0x7a, 0xfd, 0x7a, 0xfd, 0x7a, 0xfd, 0x4a, 0x59, 0x4a, 0x59,
    0x4a, 0x59, 0x4a, 0x59, 0x4a, 0x59, 0x15, 0xd4, 0x15, 0xd4, 0x15, 0xd4, 0x15, 0xd4, 0x15, 0xd4, 0x15, 0xd4, 0x15, 0xd4, 0x15, 0xd4, 0x4a, 0x59, 0x15, 0xd4, 0x15, 0xd4, 0x00, 0x00, 0x00, 0x00,
    0x00, 0x00, 0x00, 0x00, 0x00, 0x00, 0x00, 0x00, 0x00, 0x00, 0x00, 0x00, 0x00, 0x00, 0x00, 0x00, 0x00, 0x00, 0x00, 0x00, 0x00, 0x00, 0x00, 0x00, 0x00, 0x00, 0x00, 0x00, 0x00, 0x00, 0x00, 0x00,
    0x00, 0x00, 0x00, 0x00, 0x00, 0x00, 0x00, 0x00, 0x00, 0x00, 0x00, 0x00, 0x00, 0x00, 0x00, 0x00, 0x00, 0x00, 0x00, 0x00, 0x00, 0x00, 0x00, 0x00, 0x00, 0x00, 0x00, 0x00, 0x00, 0x00, 0x00, 0x00,
    0x00, 0x00, 0x00, 0x00, 0x00, 0x00, 0x00, 0x00, 0x00, 0x00, 0x00, 0x00, 0x4a, 0x59, 0x7a, 0xfd, 0x7a, 0xfd, 0x7a, 0xfd, 0x7a, 0xfd, 0x7a, 0xfd, 0x7a, 0xfd, 0x7a, 0xfd, 0x7a, 0xfd, 0x7a, 0xfd,
    0x7a, 0xfd, 0x7a, 0xfd, 0x7a, 0xfd, 0x7a, 0xfd, 0x15, 0xd4, 0x15, 0xd4, 0x15, 0xd4, 0x15, 0xd4, 0x15, 0xd4, 0x15, 0xd4, 0x4a, 0x59, 0x15, 0xd4, 0x15, 0xd4, 0x00, 0x00, 0x00, 0x00, 0x00, 0x00,
    0x00, 0x00, 0x00, 0x00, 0x00, 0x00, 0x00, 0x00, 0x00, 0x00, 0x00, 0x00, 0x00, 0x00, 0x00, 0x00, 0x00, 0x00, 0x00, 0x00, 0x00, 0x00, 0x00, 0x00, 0x00, 0x00, 0x00, 0x00, 0x00, 0x00, 0x00, 0x00,
    0x00, 0x00, 0x00, 0x00, 0x00, 0x00, 0x00, 0x00, 0x00, 0x00, 0x00, 0x00, 0x00, 0x00, 0x00, 0x00, 0x00, 0x00, 0x00, 0x00, 0x00, 0x00, 0x00, 0x00, 0x00, 0x00, 0x00, 0x00, 0x00, 0x00, 0x00, 0x00,
    0x00, 0x00, 0x00, 0x00, 0x00, 0x00, 0x00, 0x00, 0x4a, 0x59, 0x4a, 0x59, 0x4a, 0x59, 0x4a, 0x59, 0x4a, 0x59, 0x7a, 0xfd, 0x7a, 0xfd, 0x7a, 0xfd, 0x7a, 0xfd, 0x7a, 0xfd, 0x7a, 0xfd, 0x7a, 0xfd,
    0x7a, 0xfd, 0x7a, 0xfd, 0x7a, 0xfd, 0x7a, 0xfd, 0x7a, 0xfd, 0x7a, 0xfd, 0x15, 0xd4, 0x15, 0xd4, 0x4a, 0x59, 0x4a, 0x59, 0x15, 0xd4, 0x4a, 0x59, 0x4a, 0x59, 0x00, 0x00, 0x00, 0x00, 0x00, 0x00,
    0x00, 0x00, 0x00, 0x00, 0x00, 0x00, 0x00, 0x00, 0x00, 0x00, 0x00, 0x00, 0x00, 0x00, 0x00, 0x00, 0x00, 0x00, 0x00, 0x00, 0x00, 0x00, 0x00, 0x00, 0x00, 0x00, 0x00, 0x00, 0x00, 0x00, 0x00, 0x00,
    0x00, 0x00, 0x00, 0x00, 0x00, 0x00, 0x00, 0x00, 0x00, 0x00, 0x00, 0x00, 0x00, 0x00, 0x00, 0x00, 0x00, 0x00, 0x00, 0x00, 0x00, 0x00, 0x00, 0x00, 0x00, 0x00, 0x00, 0x00, 0x00, 0x00, 0x00, 0x00,
    0x00, 0x00, 0x00, 0x00, 0x00, 0x00, 0x4a, 0x59, 0x1b, 0x6d, 0x1b, 0x6d, 0x1b, 0x6d, 0x1b, 0x6d, 0x1b, 0x6d, 0x4a, 0x59, 0x4a, 0x59, 0x4a, 0x59, 0x7a, 0xfd, 0x7a, 0xfd, 0x7a, 0xfd, 0x7a, 0xfd,
    0x7a, 0xfd, 0x7a, 0xfd, 0x7a, 0xfd, 0x7a, 0xfd, 0x7a, 0xfd, 0x4a, 0x59, 0x4a, 0x59, 0x4a, 0x59, 0x1b, 0x6d, 0x1b, 0x6d, 0x1b, 0x6d, 0x1b, 0x6d, 0x1b, 0x6d, 0x4a, 0x59, 0x00, 0x00, 0x00, 0x00,
    0x00, 0x00, 0x00, 0x00, 0x00, 0x00, 0x00, 0x00, 0x00, 0x00, 0x00, 0x00, 0x00, 0x00, 0x00, 0x00, 0x00, 0x00, 0x00, 0x00, 0x00, 0x00, 0x00, 0x00, 0x00, 0x00, 0x00, 0x00, 0x00, 0x00, 0x00, 0x00,
    0x00, 0x00, 0x00, 0x00, 0x00, 0x00, 0x00, 0x00, 0x00, 0x00, 0x00, 0x00, 0x00, 0x00, 0x00, 0x00, 0x00, 0x00, 0x00, 0x00, 0x00, 0x00, 0x00, 0x00, 0x00, 0x00, 0x00, 0x00, 0x00, 0x00, 0x00, 0x00,
    0x00, 0x00, 0x00, 0x00, 0x00, 0x00, 0x4a, 0x59, 0x1b, 0x6d, 0x1b, 0x6d, 0x1b, 0x6d, 0x1b, 0x6d, 0x1b, 0x6d, 0x1b, 0x6d, 0x5e, 0xa6, 0x1b, 0x6d, 0x4a, 0x59, 0x4a, 0x59, 0x4a, 0x59, 0x4a, 0x59,
    0x4a, 0x59, 0x4a, 0x59, 0x4a, 0x59, 0x4a, 0x59, 0x4a, 0x59, 0x1b, 0x6d, 0x5e, 0xa6, 0x1b, 0x6d, 0x1b, 0x6d, 0x1b, 0x6d, 0x1b, 0x6d, 0x1b, 0x6d, 0x1b, 0x6d, 0x4a, 0x59, 0x00, 0x00, 0x00, 0x00,
    0x00, 0x00, 0x00, 0x00, 0x00, 0x00, 0x00, 0x00, 0x00, 0x00, 0x00, 0x00, 0x00, 0x00, 0x00, 0x00, 0x00, 0x00, 0x00, 0x00, 0x00, 0x00, 0x00, 0x00, 0x00, 0x00, 0x00, 0x00, 0x00, 0x00, 0x00, 0x00,
    0x00, 0x00, 0x00, 0x00, 0x00, 0x00, 0x00, 0x00, 0x00, 0x00, 0x00, 0x00, 0x00, 0x00, 0x00, 0x00, 0x00, 0x00, 0x00, 0x00, 0x00, 0x00, 0x00, 0x00, 0x00, 0x00, 0x00, 0x00, 0x00, 0x00, 0x00, 0x00,
    0x00, 0x00, 0x00, 0x00, 0x4a, 0x59, 0x1b, 0x6d, 0x1b, 0x6d, 0x1b, 0x6d, 0x1b, 0x6d, 0x1b, 0x6d, 0x1b, 0x6d, 0x5e, 0xa6, 0x1b, 0x6d, 0x1b, 0x6d, 0x1b, 0x6d, 0x1b, 0x6d, 0x1b, 0x6d, 0x1b, 0x6d,
    0x5e, 0xa6, 0x1b, 0x6d, 0x1b, 0x6d, 0x1b, 0x6d, 0x1b, 0x6d, 0x1b, 0x6d, 0x1b, 0x6d, 0x5e, 0xa6, 0x1b, 0x6d, 0x1b, 0x6d, 0x1b, 0x6d, 0x1b, 0x6d, 0x1b, 0x6d, 0x1b, 0x6d, 0x4a, 0x59, 0x00, 0x00,
    0x00, 0x00, 0x00, 0x00, 0x00, 0x00, 0x00, 0x00, 0x00, 0x00, 0x00, 0x00, 0x00, 0x00, 0x00, 0x00, 0x00, 0x00, 0x00, 0x00, 0x00, 0x00, 0x00, 0x00, 0x00, 0x00, 0x00, 0x00, 0x00, 0x00, 0x00, 0x00,
    0x00, 0x00, 0x00, 0x00, 0x00, 0x00, 0x00, 0x00, 0x00, 0x00, 0x00, 0x00, 0x00, 0x00, 0x00, 0x00, 0x00, 0x00, 0x00, 0x00, 0x00, 0x00, 0x00, 0x00, 0x00, 0x00, 0x00, 0x00, 0x00, 0x00, 0x00, 0x00,
    0x00, 0x00, 0x00, 0x00, 0x4a, 0x59, 0x1b, 0x6d, 0x1b, 0x6d, 0x1b, 0x6d, 0x1b, 0x6d, 0x1b, 0x6d, 0x1b, 0x6d, 0x5e, 0xa6, 0x1b, 0x6d, 0x1b, 0x6d, 0x1b, 0x6d, 0x1b, 0x6d, 0x1b, 0x6d, 0x1b, 0x6d,
    0x5e, 0xa6, 0x1b, 0x6d, 0x1b, 0x6d, 0x1b, 0x6d, 0x1b, 0x6d, 0x1b, 0x6d, 0x1b, 0x6d, 0x5e, 0xa6, 0x1b, 0x6d, 0x1b, 0x6d, 0x1b, 0x6d, 0x1b, 0x6d, 0x1b, 0x6d, 0x1b, 0x6d, 0x4a, 0x59, 0x00, 0x00,
    0x00, 0x00, 0x00, 0x00, 0x00, 0x00, 0x00, 0x00, 0x00, 0x00, 0x00, 0x00, 0x00, 0x00, 0x00, 0x00, 0x00, 0x00, 0x00, 0x00, 0x00, 0x00, 0x00, 0x00, 0x00, 0x00, 0x00, 0x00, 0x00, 0x00, 0x00, 0x00,
    0x00, 0x00, 0x00, 0x00, 0x00, 0x00, 0x00, 0x00, 0x00, 0x00, 0x00, 0x00, 0x00, 0x00, 0x00, 0x00, 0x00, 0x00, 0x00, 0x00, 0x00, 0x00, 0x00, 0x00, 0x00, 0x00, 0x00, 0x00, 0x00, 0x00, 0x00, 0x00,
    0x00, 0x00, 0x4a, 0x59, 0x1b, 0x6d, 0x1b, 0x6d, 0x1b, 0x6d, 0x1b, 0x6d, 0x1b, 0x6d, 0x1b, 0x6d, 0x5e, 0xa6, 0x1b, 0x6d, 0x1b, 0x6d, 0x1b, 0x6d, 0x1b, 0x6d, 0x1b, 0x6d, 0x1b, 0x6d, 0x1b, 0x6d,
    0x5e, 0xa6, 0x1b, 0x6d, 0x1b, 0x6d, 0x1b, 0x6d, 0x1b, 0x6d, 0x1b, 0x6d, 0x1b, 0x6d, 0x1b, 0x6d, 0x5e, 0xa6, 0x1b, 0x6d, 0x1b, 0x6d, 0x1b, 0x6d, 0x1b, 0x6d, 0x1b, 0x6d, 0x1b, 0x6d, 0x4a, 0x59,
    0x00, 0x00, 0x00, 0x00, 0x00, 0x00, 0x00, 0x00, 0x00, 0x00, 0x00, 0x00, 0x00, 0x00, 0x00, 0x00, 0x00, 0x00, 0x00, 0x00, 0x00, 0x00, 0x00, 0x00, 0x00, 0x00, 0x00, 0x00, 0x00, 0x00, 0x00, 0x00,
    0x00, 0x00, 0x00, 0x00, 0x00, 0x00, 0x00, 0x00, 0x00, 0x00, 0x00, 0x00, 0x00, 0x00, 0x00, 0x00, 0x00, 0x00, 0x00, 0x00, 0x00, 0x00, 0x00, 0x00, 0x00, 0x00, 0x00, 0x00, 0x00, 0x00, 0x00, 0x00,
    0x00, 0x00, 0x4a, 0x59, 0x1b, 0x6d, 0x1b, 0x6d, 0x1b, 0x6d, 0x1b, 0x6d, 0x1b, 0x6d, 0x1b, 0x6d, 0x5e, 0xa6, 0x1b, 0x6d, 0x1b, 0x6d, 0x1b, 0x6d, 0x1b, 0x6d, 0x1b, 0x6d, 0x1b, 0x6d, 0x1b, 0x6d,
    0x5e, 0xa6, 0x1b, 0x6d, 0x1b, 0x6d, 0x1b, 0x6d, 0x1b, 0x6d, 0x1b, 0x6d, 0x1b, 0x6d, 0x1b, 0x6d, 0x5e, 0xa6, 0x1b, 0x6d, 0x1b, 0x6d, 0x1b, 0x6d, 0x1b, 0x6d, 0x1b, 0x6d, 0x1b, 0x6d, 0x4a, 0x59,
    0x00, 0x00, 0x00, 0x00, 0x00, 0x00, 0x00, 0x00, 0x00, 0x00, 0x00, 0x00, 0x00, 0x00, 0x00, 0x00, 0x00, 0x00, 0x00, 0x00, 0x00, 0x00, 0x00, 0x00, 0x00, 0x00, 0x00, 0x00, 0x00, 0x00, 0x00, 0x00,
    0x00, 0x00, 0x00, 0x00, 0x00, 0x00, 0x00, 0x00, 0x00, 0x00, 0x00, 0x00, 0x00, 0x00, 0x00, 0x00, 0x00, 0x00, 0x00, 0x00, 0x00, 0x00, 0x00, 0x00, 0x00, 0x00, 0x00, 0x00, 0x00, 0x00, 0x00, 0x00,
    0x4a, 0x59, 0x1b, 0x6d, 0x1b, 0x6d, 0x1b, 0x6d, 0x1b, 0x6d, 0x1b, 0x6d, 0x1b, 0x6d, 0x5e, 0xa6, 0x1b, 0x6d, 0x1b, 0x6d, 0x1b, 0x6d, 0x1b, 0x6d, 0x1b, 0x6d, 0x1b, 0x6d, 0x1b, 0x6d, 0x1b, 0x6d,
    0x5e, 0xa6, 0x1b, 0x6d, 0x1b, 0x6d, 0x1b, 0x6d, 0x1b, 0x6d, 0x1b, 0x6d, 0x1b, 0x6d, 0x1b, 0x6d, 0x1b, 0x6d, 0x5e, 0xa6, 0x1b, 0x6d, 0x1b, 0x6d, 0x1b, 0x6d, 0x1b, 0x6d, 0x1b, 0x6d, 0x1b, 0x6d,
    0x4a, 0x59, 0x00, 0x00, 0x00, 0x00, 0x00, 0x00, 0x00, 0x00, 0x00, 0x00, 0x00, 0x00, 0x00, 0x00, 0x00, 0x00, 0x00, 0x00, 0x00, 0x00, 0x00, 0x00, 0x00, 0x00, 0x00, 0x00, 0x00, 0x00, 0x00, 0x00,
    0x00, 0x00, 0x00, 0x00, 0x00, 0x00, 0x00, 0x00, 0x00, 0x00, 0x00, 0x00, 0x00, 0x00, 0x00, 0x00, 0x00, 0x00, 0x00, 0x00, 0x00, 0x00, 0x00, 0x00, 0x00, 0x00, 0x00, 0x00, 0x00, 0x00, 0x00, 0x00,
    0x4a, 0x59, 0x1b, 0x6d, 0x1b, 0x6d, 0x1b, 0x6d, 0x1b, 0x6d, 0x1b, 0x6d, 0x1b, 0x6d, 0x5e, 0xa6, 0x1b, 0x6d, 0x1b, 0x6d, 0x1b, 0x6d, 0x1b, 0x6d, 0x1b, 0x6d, 0x1b, 0x6d, 0x1b, 0x6d, 0x1b, 0x6d,
    0x5e, 0xa6, 0x1b, 0x6d, 0x1b, 0x6d, 0x1b, 0x6d, 0x1b, 0x6d, 0x1b, 0x6d, 0x1b, 0x6d, 0x1b, 0x6d, 0x1b, 0x6d, 0x5e, 0xa6, 0x1b, 0x6d, 0x1b, 0x6d, 0x1b, 0x6d, 0x1b, 0x6d, 0x1b, 0x6d, 0x1b, 0x6d,
    0x4a, 0x59, 0x00, 0x00, 0x00, 0x00, 0x00, 0x00, 0x00, 0x00, 0x00, 0x00, 0x00, 0x00, 0x00, 0x00, 0x00, 0x00, 0x00, 0x00, 0x00, 0x00, 0x00, 0x00, 0x00, 0x00, 0x00, 0x00, 0x00, 0x00, 0x00, 0x00,
    0x00, 0x00, 0x00, 0x00, 0x00, 0x00, 0x00, 0x00, 0x00, 0x00, 0x00, 0x00, 0x00, 0x00, 0x00, 0x00, 0x00, 0x00, 0x00, 0x00, 0x00, 0x00, 0x00, 0x00, 0x00, 0x00, 0x00, 0x00, 0x00, 0x00, 0x4a, 0x59,
    0x1b, 0x6d, 0x1b, 0x6d, 0x1b, 0x6d, 0x1b, 0x6d, 0x1b, 0x6d, 0x1b, 0x6d, 0x5e, 0xa6, 0x1b, 0x6d, 0x1b, 0x6d, 0x1b, 0x6d, 0x1b, 0x6d, 0x1b, 0x6d, 0x1b, 0x6d, 0x1b, 0x6d, 0x1b, 0x6d, 0x1b, 0x6d,
    0x5e, 0xa6, 0x1b, 0x6d, 0x1b, 0x6d, 0x1b, 0x6d, 0x1b, 0x6d, 0x1b, 0x6d, 0x1b, 0x6d, 0x1b, 0x6d, 0x1b, 0x6d, 0x1b, 0x6d, 0x5e, 0xa6, 0x1b, 0x6d, 0x1b, 0x6d, 0x1b, 0x6d, 0x1b, 0x6d, 0x1b, 0x6d,
    0x1b, 0x6d, 0x4a, 0x59, 0x00, 0x00, 0x00, 0x00, 0x00, 0x00, 0x00, 0x00, 0x00, 0x00, 0x00, 0x00, 0x00, 0x00, 0x00, 0x00, 0x00, 0x00, 0x00, 0x00, 0x00, 0x00, 0x00, 0x00, 0x00, 0x00, 0x00, 0x00,
    0x00, 0x00, 0x00, 0x00, 0x00, 0x00, 0x00, 0x00, 0x00, 0x00, 0x00, 0x00, 0x00, 0x00, 0x00, 0x00, 0x00, 0x00, 0x00, 0x00, 0x00, 0x00, 0x00, 0x00, 0x00, 0x00, 0x00, 0x00, 0x4a, 0x59, 0x1b, 0x6d,
    0x1b, 0x6d, 0x1b, 0x6d, 0x1b, 0x6d, 0x1b, 0x6d, 0x1b, 0x6d, 0x1b, 0x6d, 0x5e, 0xa6, 0x1b, 0x6d, 0x1b, 0x6d, 0x1b, 0x6d, 0x1b, 0x6d, 0x1b, 0x6d, 0x1b, 0x6d, 0x1b, 0x6d, 0x1b, 0x6d, 0x1b, 0x6d,
    0x5e, 0xa6, 0x1b, 0x6d, 0x1b, 0x6d, 0x1b, 0x6d, 0x1b, 0x6d, 0x1b, 0x6d, 0x1b, 0x6d, 0x1b, 0x6d, 0x1b, 0x6d, 0x1b, 0x6d, 0x5e, 0xa6, 0x1b, 0x6d, 0x1b, 0x6d, 0x1b, 0x6d, 0x1b, 0x6d, 0x1b, 0x6d,
    0x1b, 0x6d, 0x1b, 0x6d, 0x4a, 0x59, 0x00, 0x00, 0x00, 0x00, 0x00, 0x00, 0x00, 0x00, 0x00, 0x00, 0x00, 0x00, 0x00, 0x00, 0x00, 0x00, 0x00, 0x00, 0x00, 0x00, 0x00, 0x00, 0x00, 0x00, 0x00, 0x00,
    0x00, 0x00, 0x00, 0x00, 0x00, 0x00, 0x00, 0x00, 0x00, 0x00, 0x00, 0x00, 0x00, 0x00, 0x00, 0x00, 0x00, 0x00, 0x00, 0x00, 0x00, 0x00, 0x00, 0x00, 0x00, 0x00, 0x00, 0x00, 0x4a, 0x59, 0x1b, 0x6d,
    0x1b, 0x6d, 0x1b, 0x6d, 0x1b, 0x6d, 0x1b, 0x6d, 0x1b, 0x6d, 0x5e, 0xa6, 0x1b, 0x6d, 0x1b, 0x6d, 0x1b, 0x6d, 0x1b, 0x6d, 0x1b, 0x6d, 0x1b, 0x6d, 0x1b, 0x6d, 0x1b, 0x6d, 0x1b, 0x6d, 0x1b, 0x6d,
    0x5e, 0xa6, 0x1b, 0x6d, 0x1b, 0x6d, 0x1b, 0x6d, 0x1b, 0x6d, 0x1b, 0x6d, 0x1b, 0x6d, 0x1b, 0x6d, 0x1b, 0x6d, 0x1b, 0x6d, 0x1b, 0x6d, 0x5e, 0xa6, 0x1b, 0x6d, 0x1b, 0x6d, 0x1b, 0x6d, 0x1b, 0x6d,
    0x1b, 0x6d, 0x1b, 0x6d, 0x4a, 0x59, 0x00, 0x00, 0x00, 0x00, 0x00, 0x00, 0x00, 0x00, 0x00, 0x00, 0x00, 0x00, 0x00, 0x00, 0x00, 0x00, 0x00, 0x00, 0x00, 0x00, 0x00, 0x00, 0x00, 0x00, 0x00, 0x00,
    0x00, 0x00, 0x00, 0x00, 0x00, 0x00, 0x00, 0x00, 0x00, 0x00, 0x00, 0x00, 0x00, 0x00, 0x00, 0x00, 0x00, 0x00, 0x00, 0x00, 0x00, 0x00, 0x00, 0x00, 0x00, 0x00, 0x4a, 0x59, 0x1b, 0x6d, 0x1b, 0x6d,
    0x1b, 0x6d, 0x1b, 0x6d, 0x1b, 0x6d, 0x1b, 0x6d, 0x1b, 0x6d, 0x5e, 0xa6, 0x1b, 0x6d, 0x1b, 0x6d, 0x1b, 0x6d, 0x1b, 0x6d, 0x1b, 0x6d, 0x1b, 0x6d, 0x1b, 0x6d, 0x1b, 0x6d, 0x1b, 0x6d, 0x1b, 0x6d,
    0x5e, 0xa6, 0x1b, 0x6d, 0x1b, 0x6d, 0x1b, 0x6d, 0x1b, 0x6d, 0x1b, 0x6d, 0x1b, 0x6d, 0x1b, 0x6d, 0x1b, 0x6d, 0x1b, 0x6d, 0x1b, 0x6d, 0x5e, 0xa6, 0x1b, 0x6d, 0x1b, 0x6d, 0x1b, 0x6d, 0x1b, 0x6d,
    0x1b, 0x6d, 0x1b, 0x6d, 0x1b, 0x6d, 0x4a, 0x59, 0x00, 0x00, 0x00, 0x00, 0x00, 0x00, 0x00, 0x00, 0x00, 0x00, 0x00, 0x00, 0x00, 0x00, 0x00, 0x00, 0x00, 0x00, 0x00, 0x00, 0x00, 0x00, 0x00, 0x00,
    0x00, 0x00, 0x00, 0x00, 0x00, 0x00, 0x00, 0x00, 0x00, 0x00, 0x00, 0x00, 0x00, 0x00, 0x00, 0x00, 0x00, 0x00, 0x00, 0x00, 0x00, 0x00, 0x00, 0x00, 0x00, 0x00, 0x4a, 0x59, 0x1b, 0x6d, 0x1b, 0x6d,
    0x1b, 0x6d, 0x1b, 0x6d, 0x1b, 0x6d, 0x1b, 0x6d, 0x5e, 0xa6, 0x1b, 0x6d, 0x1b, 0x6d, 0x1b, 0x6d, 0x1b, 0x6d, 0x1b, 0x6d, 0x1b, 0x6d, 0x1b, 0x6d, 0x1b, 0x6d, 0x1b, 0x6d, 0x1b, 0x6d, 0x1b, 0x6d,
    0x5e, 0xa6, 0x1b, 0x6d, 0x1b, 0x6d, 0x1b, 0x6d, 0x1b, 0x6d, 0x1b, 0x6d, 0x1b, 0x6d, 0x1b, 0x6d, 0x1b, 0x6d, 0x1b, 0x6d, 0x1b, 0x6d, 0x1b, 0x6d, 0x5e, 0xa6, 0x1b, 0x6d, 0x1b, 0x6d, 0x1b, 0x6d,
    0x1b, 0x6d, 0x1b, 0x6d, 0x1b, 0x6d, 0x4a, 0x59, 0x00, 0x00, 0x00, 0x00, 0x00, 0x00, 0x00, 0x00, 0x00, 0x00, 0x00, 0x00, 0x00, 0x00, 0x00, 0x00, 0x00, 0x00, 0x00, 0x00, 0x00, 0x00, 0x00, 0x00,
    0x00, 0x00, 0x00, 0x00, 0x00, 0x00, 0x00, 0x00, 0x00, 0x00, 0x00, 0x00, 0x00, 0x00, 0x00, 0x00, 0x00, 0x00, 0x00, 0x00, 0x00, 0x00, 0x00, 0x00, 0x4a, 0x59, 0x1b, 0x6d, 0x1b, 0x6d, 0x1b, 0x6d,
    0x1b, 0x6d, 0x1b, 0x6d, 0x1b, 0x6d, 0x1b, 0x6d, 0x5e, 0xa6, 0x1b, 0x6d, 0x1b, 0x6d, 0x1b, 0x6d, 0x1b, 0x6d, 0x1b, 0x6d, 0x1b, 0x6d, 0x1b, 0x6d, 0x1b, 0x6d, 0x1b, 0x6d, 0x1b, 0x6d, 0x1b, 0x6d,
    0x5e, 0xa6, 0x1b, 0x6d, 0x1b, 0x6d, 0x1b, 0x6d, 0x1b, 0x6d, 0x1b, 0x6d, 0x1b, 0x6d, 0x1b, 0x6d, 0x1b, 0x6d, 0x1b, 0x6d, 0x1b, 0x6d, 0x1b, 0x6d, 0x5e, 0xa6, 0x1b, 0x6d, 0x1b, 0x6d, 0x1b, 0x6d,
    0x1b, 0x6d, 0x1b, 0x6d, 0x1b, 0x6d, 0x1b, 0x6d, 0x4a, 0x59, 0x00, 0x00, 0x00, 0x00, 0x00, 0x00, 0x00, 0x00, 0x00, 0x00, 0x00, 0x00, 0x00, 0x00, 0x00, 0x00, 0x00, 0x00, 0x00, 0x00, 0x00, 0x00,
    0x00, 0x00, 0x00, 0x00, 0x00, 0x00, 0x00, 0x00, 0x00, 0x00, 0x00, 0x00, 0x00, 0x00, 0x00, 0x00, 0x00, 0x00, 0x00, 0x00, 0x00, 0x00, 0x00, 0x00, 0x4a, 0x59, 0x1b, 0x6d, 0x1b, 0x6d, 0x1b, 0x6d,
    0x1b, 0x6d, 0x1b, 0x6d, 0x1b, 0x6d, 0x5e, 0xa6, 0x1b, 0x6d, 0x1b, 0x6d, 0x1b, 0x6d, 0x1b, 0x6d, 0x1b, 0x6d, 0x1b, 0x6d, 0x1b, 0x6d, 0x1b, 0x6d, 0x1b, 0x6d, 0x1b, 0x6d, 0x1b, 0x6d, 0x1b, 0x6d,
    0x5e, 0xa6, 0x1b, 0x6d, 0x1b, 0x6d, 0x1b, 0x6d, 0x1b, 0x6d, 0x1b, 0x6d, 0x1b, 0x6d, 0x1b, 0x6d, 0x1b, 0x6d, 0x1b, 0x6d, 0x1b, 0x6d, 0x1b, 0x6d, 0x1b, 0x6d, 0x5e, 0xa6, 0x1b, 0x6d, 0x1b, 0x6d,
    0x1b, 0x6d, 0x1b, 0x6d, 0x1b, 0x6d, 0x1b, 0x6d, 0x4a, 0x59, 0x00, 0x00, 0x00, 0x00, 0x00, 0x00, 0x00, 0x00, 0x00, 0x00, 0x00, 0x00, 0x00, 0x00, 0x00, 0x00, 0x00, 0x00, 0x00, 0x00, 0x00, 0x00,
    0x00, 0x00, 0x00, 0x00, 0x00, 0x00, 0x00, 0x00, 0x00, 0x00, 0x00, 0x00, 0x00, 0x00, 0x00, 0x00, 0x00, 0x00, 0x00, 0x00, 0x00, 0x00, 0x4a, 0x59, 0x35, 0x3b, 0x35, 0x3b, 0x35, 0x3b, 0x35, 0x3b,
    0x35, 0x3b, 0x35, 0x3b, 0x35, 0x3b, 0x35, 0x3b, 0x35, 0x3b, 0x35, 0x3b, 0xe5, 0x88, 0xe5, 0x88, 0xe5, 0x88, 0xe5, 0x88, 0xe5, 0x88, 0x35, 0x3b, 0x35, 0x3b, 0x35, 0x3b, 0x35, 0x3b, 0x35, 0x3b,
    0x35, 0x3b, 0x35, 0x3b, 0x35, 0x3b, 0x35, 0x3b, 0x35, 0x3b, 0x35, 0x3b, 0xe5, 0x88, 0xe5, 0x88, 0xe5, 0x88, 0xe5, 0x88, 0xe5, 0x88, 0x35, 0x3b, 0x35, 0x3b, 0x35, 0x3b, 0x35, 0x3b, 0x35, 0x3b,
    0x35, 0x3b, 0x35, 0x3b, 0x35, 0x3b, 0x35, 0x3b, 0x35, 0x3b, 0x4a, 0x59, 0x00, 0x00, 0x00, 0x00, 0x00, 0x00, 0x00, 0x00, 0x00, 0x00, 0x00, 0x00, 0x00, 0x00, 0x00, 0x00, 0x00, 0x00, 0x00, 0x00,
    0x00, 0x00, 0x00, 0x00, 0x00, 0x00, 0x00, 0x00, 0x00, 0x00, 0x00, 0x00, 0x00, 0x00, 0x00, 0x00, 0x00, 0x00, 0x00, 0x00, 0x00, 0x00, 0x4a, 0x59, 0x1b, 0x6d, 0x1b, 0x6d, 0x1b, 0x6d, 0x1b, 0x6d,
    0x1b, 0x6d, 0x1b, 0x6d, 0x5e, 0xa6, 0x1b, 0x6d, 0x1b, 0x6d, 0x1b, 0x6d, 0xe5, 0x88, 0x87, 0xd1, 0x87, 0xd1, 0x87, 0xd1, 0xe5, 0x88, 0x1b, 0x6d, 0x1b, 0x6d, 0x1b, 0x6d, 0x1b, 0x6d, 0x1b, 0x6d,
    0x5e, 0xa6, 0x1b, 0x6d, 0x1b, 0x6d, 0x1b, 0x6d, 0x1b, 0x6d, 0x1b, 0x6d, 0xe5, 0x88, 0x87, 0xd1, 0x87, 0xd1, 0x87, 0xd1, 0xe5, 0x88, 0x1b, 0x6d, 0x1b, 0x6d, 0x1b, 0x6d, 0x5e, 0xa6, 0x1b, 0x6d,
    0x1b, 0x6d, 0x1b, 0x6d, 0x1b, 0x6d, 0x1b, 0x6d, 0x1b, 0x6d, 0x4a, 0x59, 0x00, 0x00, 0x00, 0x00, 0x00, 0x00, 0x00, 0x00, 0x00, 0x00, 0x00, 0x00, 0x00, 0x00, 0x00, 0x00, 0x00, 0x00, 0x00, 0x00,
    0x00, 0x00, 0x00, 0x00, 0x00, 0x00, 0x00, 0x00, 0x00, 0x00, 0x00, 0x00, 0x00, 0x00, 0x00, 0x00, 0x00, 0x00, 0x00, 0x00, 0x4a, 0x59, 0x4a, 0x59, 0x4a, 0x59, 0x4a, 0x59, 0x4a, 0x59, 0x4a, 0x59,
    0x4a, 0x59, 0x4a, 0x59, 0x5e, 0xa6, 0x4a, 0x59, 0x4a, 0x59, 0x4a, 0x59, 0xe5, 0x88, 0x87, 0xd1, 0x87, 0xd1, 0x87, 0xd1, 0xe5, 0x88, 0x4a, 0x59, 0x4a, 0x59, 0x4a, 0x59, 0x4a, 0x59, 0x4a, 0x59,
    0x5e, 0xa6, 0x4a, 0x59, 0x4a, 0x59, 0x4a, 0x59, 0x4a, 0x59, 0x4a, 0x59, 0xe5, 0x88, 0x87, 0xd1, 0x87, 0xd1, 0x87, 0xd1, 0xe5, 0x88, 0x4a, 0x59, 0x4a, 0x59, 0x4a, 0x59, 0x5e, 0xa6, 0x4a, 0x59,
    0x4a, 0x59, 0x4a, 0x59, 0x4a, 0x59, 0x4a, 0x59, 0x4a, 0x59, 0x4a, 0x59, 0x4a, 0x59, 0x00, 0x00, 0x00, 0x00, 0x00, 0x00, 0x00, 0x00, 0x00, 0x00, 0x00, 0x00, 0x00, 0x00, 0x00, 0x00, 0x00, 0x00,
    0x00, 0x00, 0x00, 0x00, 0x00, 0x00, 0x00, 0x00, 0x00, 0x00, 0x00, 0x00, 0x00, 0x00, 0x00, 0x00, 0x00, 0x00, 0x00, 0x00, 0x00, 0x00, 0x00, 0x00, 0x00, 0x00, 0x00, 0x00, 0x00, 0x00, 0x00, 0x00,
    0x00, 0x00, 0x00, 0x00, 0x00, 0x00, 0x00, 0x00, 0x00, 0x00, 0x00, 0x00, 0xe5, 0x88, 0x87, 0xd1, 0x87, 0xd1, 0x87, 0xd1, 0xe5, 0x88, 0x00, 0x00, 0x00, 0x00, 0x00, 0x00, 0x00, 0x00, 0x00, 0x00,
    0x00, 0x00, 0x00, 0x00, 0x00, 0x00, 0x00, 0x00, 0x00, 0x00, 0x00, 0x00, 0xe5, 0x88, 0x87, 0xd1, 0x87, 0xd1, 0x87, 0xd1, 0xe5, 0x88, 0x00, 0x00, 0x00, 0x00, 0x00, 0x00, 0x00, 0x00, 0x00, 0x00,
    0x00, 0x00, 0x00, 0x00, 0x00, 0x00, 0x00, 0x00, 0x00, 0x00, 0x00, 0x00, 0x00, 0x00, 0x00, 0x00, 0x00, 0x00, 0x00, 0x00, 0x00, 0x00, 0x00, 0x00, 0x00, 0x00, 0x00, 0x00, 0x00, 0x00, 0x00, 0x00,
    0x00, 0x00, 0x00, 0x00, 0x00, 0x00, 0x00, 0x00, 0x00, 0x00, 0x00, 0x00, 0x00, 0x00, 0x00, 0x00, 0x00, 0x00, 0x00, 0x00, 0x00, 0x00, 0x00, 0x00, 0x00, 0x00, 0x00, 0x00, 0x00, 0x00, 0x00, 0x00,
    0x00, 0x00, 0x00, 0x00, 0x00, 0x00, 0x00, 0x00, 0x00, 0x00, 0x4a, 0x59, 0x4a, 0x59, 0x4a, 0x59, 0x4a, 0x59, 0x4a, 0x59, 0x4a, 0x59, 0x4a, 0x59, 0x00, 0x00, 0x00, 0x00, 0x00, 0x00, 0x00, 0x00,
    0x00, 0x00, 0x00, 0x00, 0x00, 0x00, 0x00, 0x00, 0x00, 0x00, 0x4a, 0x59, 0x4a, 0x59, 0x4a, 0x59, 0x4a, 0x59, 0x4a, 0x59, 0x4a, 0x59, 0x4a, 0x59, 0x00, 0x00, 0x00, 0x00, 0x00, 0x00, 0x00, 0x00,
    0x00, 0x00, 0x00, 0x00, 0x00, 0x00, 0x00, 0x00, 0x00, 0x00, 0x00, 0x00, 0x00, 0x00, 0x00, 0x00, 0x00, 0x00, 0x00, 0x00, 0x00, 0x00, 0x00, 0x00, 0x00, 0x00, 0x00, 0x00, 0x00, 0x00, 0x00, 0x00,
    0x00, 0x00, 0x00, 0x00, 0x00, 0x00, 0x00, 0x00, 0x00, 0x00, 0x00, 0x00, 0x00, 0x00, 0x00, 0x00, 0x00, 0x00, 0x00, 0x00, 0x00, 0x00, 0x00, 0x00, 0x00, 0x00, 0x00, 0x00, 0x00, 0x00, 0x00, 0x00,
    0x00, 0x00, 0x00, 0x00, 0x00, 0x00, 0x00, 0x00, 0x00, 0x00, 0x4a, 0x59, 0x4a, 0x59, 0x4a, 0x59, 0x4a, 0x59, 0x4a, 0x59, 0x4a, 0x59, 0x4a, 0x59, 0x00, 0x00, 0x00, 0x00, 0x00, 0x00, 0x00, 0x00,
    0x00, 0x00, 0x00, 0x00, 0x00, 0x00, 0x00, 0x00, 0x00, 0x00, 0x4a, 0x59, 0x4a, 0x59, 0x4a, 0x59, 0x4a, 0x59, 0x4a, 0x59, 0x4a, 0x59, 0x4a, 0x59, 0x00, 0x00, 0x00, 0x00, 0x00, 0x00, 0x00, 0x00,
    0x00, 0x00, 0x00, 0x00, 0x00, 0x00, 0x00, 0x00, 0x00, 0x00, 0x00, 0x00, 0x00, 0x00, 0x00, 0x00, 0x00, 0x00, 0x00, 0x00, 0x00, 0x00, 0x00, 0x00, 0x00, 0x00, 0x00, 0x00, 0x00, 0x00, 0x00, 0x00,
    0x00, 0x00, 0x00, 0x00, 0x00, 0x00, 0x00, 0x00, 0x00, 0x00, 0x00, 0x00, 0x00, 0x00, 0x00, 0x00, 0x00, 0x00, 0x00, 0x00, 0x00, 0x00, 0x00, 0x00, 0x00, 0x00, 0x00, 0x00, 0x00, 0x00, 0x00, 0x00,
    0x00, 0x00, 0x00, 0x00, 0x00, 0x00, 0x00, 0x00, 0x00, 0x00, 0x00, 0x00, 0x00, 0x00, 0x00, 0x00, 0x00, 0x00, 0x00, 0x00, 0x00, 0x00, 0x00, 0x00, 0x00, 0x00, 0x00, 0x00, 0x00, 0x00, 0x00, 0x00,
    0x00, 0x00, 0x00, 0x00, 0x00, 0x00, 0x00, 0x00, 0x00, 0x00, 0x00, 0x00, 0x00, 0x00, 0x00, 0x00, 0x00, 0x00, 0x00, 0x00, 0x00, 0x00, 0x00, 0x00, 0x00, 0x00, 0x00, 0x00, 0x00, 0x00, 0x00, 0x00,
    0x00, 0x00, 0x00, 0x00, 0x00, 0x00, 0x00, 0x00, 0x00, 0x00, 0x00, 0x00, 0x00, 0x00, 0x00, 0x00, 0x00, 0x00, 0x00, 0x00, 0x00, 0x00, 0x00, 0x00, 0x00, 0x00, 0x00, 0x00, 0x00, 0x00, 0x00, 0x00,
    0x00, 0x00, 0x00, 0x00, 0x00, 0x00, 0x00, 0x00, 0x00, 0x00, 0x00, 0x00, 0x00, 0x00, 0x00, 0x00, 0x00, 0x00, 0x00, 0x00, 0x00, 0x00, 0x00, 0x00, 0x00, 0x00, 0x00, 0x00, 0x00, 0x00, 0x00, 0x00,
    0x00, 0x00, 0x00, 0x00, 0x00, 0x00, 0x00, 0x00, 0x00, 0x00, 0x00, 0x00, 0x00, 0x00, 0x00, 0x00, 0x00, 0x00, 0x00, 0x00, 0x00, 0x00, 0x00, 0x00, 0x00, 0x00, 0x00, 0x00, 0x00, 0x00, 0x00, 0x00,
    0x00, 0x00, 0x00, 0x00, 0x00, 0x00, 0x00, 0x00, 0x00, 0x00, 0x00, 0x00, 0x00, 0x00, 0x00, 0x00, 0x00, 0x00, 0x00, 0x00, 0x00, 0x00, 0x00, 0x00, 0x00, 0x00, 0x00, 0x00, 0x00, 0x00, 0x00, 0x00,
    0x00, 0x00, 0x00, 0x00, 0x00, 0x00, 0x00, 0x00, 0x00, 0x00, 0x00, 0x00, 0x00, 0x00, 0x00, 0x00, 0x00, 0x00, 0x00, 0x00, 0x00, 0x00, 0x00, 0x00, 0x00, 0x00, 0x00, 0x00, 0x00, 0x00, 0x00, 0x00,
    0x00, 0x00, 0x00, 0x00, 0x00, 0x00, 0x00, 0x00, 0x00, 0x00, 0x00, 0x00, 0x00, 0x00, 0x00, 0x00, 0x00, 0x00, 0xff, 0x00, 0x00, 0x00, 0x00, 0x00, 0x00, 0x00, 0x00, 0x00, 0x00, 0x00, 0x00, 0x00,
    0x00, 0x00, 0x00, 0x00, 0x00, 0x00, 0x00, 0x00, 0x00, 0x00, 0x00, 0x00, 0x00, 0x00, 0xff, 0x00, 0x00, 0x00, 0x00, 0x00, 0x00, 0x00, 0x00, 0x00, 0x00, 0x00, 0x00, 0x00, 0x00, 0x00, 0x00, 0x00,
    0x00, 0x00, 0x00, 0x00, 0x00, 0x00, 0x00, 0x00, 0x00, 0x00, 0x00, 0x00, 0x00, 0x00, 0x00, 0x00, 0x00, 0x00, 0xff, 0x00, 0x00, 0x00, 0x00, 0x00, 0x00, 0x00, 0x00, 0x00, 0x00, 0x00, 0x00, 0x00,
    0x00, 0x00, 0x00, 0x00, 0x00, 0x00, 0x00, 0x00, 0x00, 0x00, 0x00, 0x00, 0x00, 0xff, 0xff, 0x00, 0x00, 0x00, 0x00, 0x00, 0x00, 0x00, 0x00, 0x00, 0x00, 0x00, 0x00, 0x00, 0x00, 0x00, 0x00, 0x00,
    0x00, 0x00, 0x00, 0x00, 0x00, 0x00, 0x00, 0x00, 0x00, 0x00, 0x00, 0x00, 0x00, 0x00, 0x00, 0x00, 0x00, 0xff, 0xff, 0xff, 0x00, 0x00, 0x00, 0x00, 0x00, 0x00, 0x00, 0x00, 0x00, 0x00, 0x00, 0x00,
    0x00, 0x00, 0x00, 0x00, 0x00, 0x00, 0x00, 0x00, 0x00, 0x00, 0x00, 0x00, 0x00, 0xff, 0xff, 0x00, 0x00, 0x00, 0x00, 0x00, 0x00, 0x00, 0x00, 0x00, 0x00, 0x00, 0x00, 0x00, 0x00, 0x00, 0x00, 0x00,
    0x00, 0x00, 0x00, 0x00, 0x00, 0x00, 0x00, 0x00, 0x00, 0x00, 0x00, 0x00, 0x00, 0x00, 0x00, 0x00, 0x00, 0xff, 0xff, 0xff, 0x00, 0x00, 0x00, 0x00, 0x00, 0x00, 0x00, 0x00, 0x00, 0x00, 0x00, 0x00,
    0x00, 0x00, 0x00, 0x00, 0x00, 0x00, 0x00, 0x00, 0x00, 0x00, 0x00, 0x00, 0xff, 0xff, 0xff, 0xff, 0x00, 0x00, 0x00, 0x00, 0x00, 0x00, 0x00, 0x00, 0x00, 0x00, 0x00, 0x00, 0x00, 0x00, 0x00, 0x00,
    0x00, 0x00, 0x00, 0x00, 0x00, 0x00, 0x00, 0x00, 0x00, 0x00, 0x00, 0x00, 0x00, 0x00, 0x00, 0x00, 0x00, 0xff, 0xff, 0xff, 0xff, 0x00, 0x00, 0x00, 0xff, 0xff, 0xff, 0x00, 0x00, 0x00, 0x00, 0x00,
    0x00, 0x00, 0x00, 0x00, 0x00, 0x00, 0xff, 0xff, 0xff, 0x00, 0x00, 0x00, 0xff, 0xff, 0xff, 0xff, 0x00, 0x00, 0x00, 0x00, 0x00, 0x00, 0x00, 0x00, 0x00, 0x00, 0x00, 0x00, 0x00, 0x00, 0x00, 0x00,
    0x00, 0x00, 0x00, 0x00, 0x00, 0x00, 0x00, 0x00, 0x00, 0x00, 0x00, 0x00, 0x00, 0x00, 0x00, 0x00, 0x00, 0xff, 0xff, 0xff, 0xff, 0x00, 0xff, 0xff, 0xff, 0xff, 0xff, 0xff, 0xff, 0x00, 0x00, 0x00,
    0x00, 0x00, 0x00, 0x00, 0xff, 0xff, 0xff, 0xff, 0xff, 0xff, 0xff, 0xff, 0xff, 0xff, 0xff, 0xff, 0x00, 0x00, 0x00, 0x00, 0x00, 0x00, 0x00, 0x00, 0x00, 0x00, 0x00, 0x00, 0x00, 0x00, 0x00, 0x00,
    0x00, 0x00, 0x00, 0x00, 0x00, 0x00, 0x00, 0x00, 0x00, 0x00, 0x00, 0x00, 0x00, 0x00, 0x00, 0x00, 0xff, 0xff, 0xff, 0xff, 0xff, 0xff, 0xff, 0xff, 0xff, 0xff, 0xff, 0xff, 0xff, 0xff, 0xff, 0xff,
    0xff, 0xff, 0xff, 0xff, 0xff, 0xff, 0xff, 0xff, 0xff, 0xff, 0xff, 0xff, 0xff, 0xff, 0xff, 0xff, 0x00, 0x00, 0x00, 0x00, 0x00, 0x00, 0x00, 0x00, 0x00, 0x00, 0x00, 0x00, 0x00, 0x00, 0x00, 0x00,
    0x00, 0x00, 0x00, 0x00, 0x00, 0x00, 0x00, 0x00, 0x00, 0x00, 0x00, 0x00, 0x00, 0x00, 0x00, 0x00, 0xff, 0xff, 0xff, 0xff, 0xff, 0xff, 0xff, 0xff, 0xff, 0xff, 0xff, 0xff, 0xff, 0xff, 0xff, 0xff,
    0xff, 0xff, 0xff, 0xff, 0xff, 0xff, 0xff, 0xff, 0xff, 0xff, 0xff, 0xff, 0xff, 0xff, 0xff, 0xff, 0xff, 0x00, 0x00, 0x00, 0x00, 0x00, 0x00, 0x00, 0x00, 0x00, 0x00, 0x00, 0x00, 0x00, 0x00, 0x00,
    0x00, 0x00, 0x00, 0x00, 0x00, 0x00, 0x00, 0x00, 0x00, 0x00, 0x00, 0x00, 0x00, 0x00, 0x00, 0x00, 0xff, 0xff, 0xff, 0xff, 0xff, 0xff, 0xff, 0xff, 0xff, 0xff, 0xff, 0xff, 0xff, 0xff, 0xff, 0xff,
    0xff, 0xff, 0xff, 0xff, 0xff, 0xff, 0xff, 0xff, 0xff, 0xff, 0xff, 0xff, 0xff, 0xff, 0xff, 0xff, 0xff, 0x00, 0x00, 0x00, 0x00, 0x00, 0x00, 0x00, 0x00, 0x00, 0x00, 0x00, 0x00, 0x00, 0x00, 0x00,
    0x00, 0x00, 0x00, 0x00, 0x00, 0x00, 0x00, 0x00, 0x00, 0x00, 0x00, 0x00, 0x00, 0x00, 0x00, 0x00, 0xff, 0xff, 0xff, 0xff, 0xff, 0xff, 0xff, 0xff, 0xff, 0xff, 0xff, 0xff, 0xff, 0xff, 0xff, 0xff,
    0xff, 0xff, 0xff, 0xff, 0xff, 0xff, 0xff, 0xff, 0xff, 0xff, 0xff, 0xff, 0xff, 0xff, 0xff, 0xff, 0xff, 0x00, 0x00, 0x00, 0x00, 0x00, 0x00, 0x00, 0x00, 0x00, 0x00, 0x00, 0x00, 0x00, 0x00, 0x00,
    0x00, 0x00, 0x00, 0x00, 0x00, 0x00, 0x00, 0x00, 0x00, 0x00, 0x00, 0x00, 0x00, 0x00, 0x00, 0xff, 0xff, 0xff, 0xff, 0xff, 0xff, 0xff, 0xff, 0xff, 0xff, 0xff, 0xff, 0xff, 0xff, 0xff, 0xff, 0xff,
    0xff, 0xff, 0xff, 0xff, 0xff, 0xff, 0xff, 0xff, 0xff, 0xff, 0xff, 0xff, 0xff, 0xff, 0xff, 0xff, 0xff, 0x00, 0x00, 0x00, 0x00, 0x00, 0x00, 0x00, 0x00, 0x00, 0x00, 0x00, 0x00, 0x00, 0x00, 0x00,
    0x00, 0x00, 0x00, 0x00, 0x00, 0x00, 0x00, 0x00, 0x00, 0x00, 0x00, 0x00, 0x00, 0x00, 0x00, 0xff, 0xff, 0xff, 0xff, 0xff, 0xff, 0xff, 0xff, 0xff, 0xff, 0xff, 0xff, 0xff, 0xff, 0xff, 0xff, 0xff,
    0xff, 0xff, 0xff, 0xff, 0xff, 0xff, 0xff, 0xff, 0xff, 0xff, 0xff, 0xff, 0xff, 0xff, 0xff, 0xff, 0xff, 0xff, 0x00, 0x00, 0x00, 0x00, 0x00, 0x00, 0x00, 0x00, 0x00, 0x00, 0x00, 0x00, 0x00, 0x00,
    0x00, 0x00, 0x00, 0x00, 0x00, 0x00, 0x00, 0x00, 0x00, 0x00, 0x00, 0x00, 0x00, 0x00, 0x00, 0xff, 0xff, 0xff, 0xff, 0xff, 0xff, 0xff, 0xff, 0xff, 0xff, 0xff, 0xff, 0xff, 0xff, 0xff, 0xff, 0xff,
    0xff, 0xff, 0xff, 0xff, 0xff, 0xff, 0xff, 0xff, 0xff, 0xff, 0xff, 0xff, 0xff, 0xff, 0xff, 0xff, 0xff, 0xff, 0x00, 0x00, 0x00, 0x00, 0x00, 0x00, 0x00, 0x00, 0x00, 0x00, 0x00, 0x00, 0x00, 0x00,
    0x00, 0x00, 0x00, 0x00, 0x00, 0x00, 0x00, 0x00, 0x00, 0x00, 0x00, 0x00, 0x00, 0x00, 0x00, 0xff, 0xff, 0xff, 0xff, 0xff, 0xff, 0xff, 0xff, 0xff, 0xff, 0xff, 0xff, 0xff, 0xff, 0xff, 0xff, 0xff,
    0xff, 0xff, 0xff, 0xff, 0xff, 0xff, 0xff, 0xff, 0xff, 0xff, 0xff, 0xff, 0xff, 0xff, 0xff, 0xff, 0xff, 0xff, 0x00, 0x00, 0x00, 0x00, 0x00, 0x00, 0x00, 0x00, 0x00, 0x00, 0x00, 0x00, 0x00, 0x00,
    0x00, 0x00, 0x00, 0x00, 0x00, 0x00, 0x00, 0x00, 0x00, 0x00, 0x00, 0x00, 0x00, 0x00, 0xff, 0xff, 0xff, 0xff, 0xff, 0xff, 0xff, 0xff, 0xff, 0xff, 0xff, 0xff, 0xff, 0xff, 0xff, 0xff, 0xff, 0xff,
    0xff, 0xff, 0xff, 0xff, 0xff, 0xff, 0xff, 0xff, 0xff, 0xff, 0xff, 0xff, 0xff, 0xff, 0xff, 0xff, 0xff, 0xff, 0x00, 0x00, 0x00, 0x00, 0x00, 0x00, 0x00, 0x00, 0x00, 0x00, 0x00, 0x00, 0x00, 0x00,
    0x00, 0x00, 0x00, 0x00, 0x00, 0x00, 0x00, 0x00, 0x00, 0x00, 0x00, 0x00, 0x00, 0x00, 0xff, 0xff, 0xff, 0xff, 0xff, 0xff, 0xff, 0xff, 0xff, 0xff, 0xff, 0xff, 0xff, 0xff, 0xff, 0xff, 0xff, 0xff,
    0xff, 0xff, 0xff, 0xff, 0xff, 0xff, 0xff, 0xff, 0xff, 0xff, 0xff, 0xff, 0xff, 0xff, 0xff, 0xff, 0xff, 0xff, 0xff, 0x00, 0x00, 0x00, 0x00, 0x00, 0x00, 0x00, 0x00, 0x00, 0x00, 0x00, 0x00, 0x00,
    0x00, 0x00, 0x00, 0x00, 0x00, 0x00, 0x00, 0x00, 0x00, 0x00, 0x00, 0x00, 0x00, 0x00, 0xff, 0xff, 0xff, 0xff, 0xff, 0xff, 0xff, 0xff, 0xff, 0xff, 0xff, 0xff, 0xff, 0xff, 0xff, 0xff, 0xff, 0xff,
    0xff, 0xff, 0xff, 0xff, 0xff, 0xff, 0xff, 0xff, 0xff, 0xff, 0xff, 0xff, 0xff, 0xff, 0xff, 0xff, 0xff, 0xff, 0xff, 0x00, 0x00, 0x00, 0x00, 0x00, 0x00, 0x00, 0x00, 0x00, 0x00, 0x00, 0x00, 0x00,
    0x00, 0x00, 0x00, 0x00, 0x00, 0x00, 0x00, 0x00, 0x00, 0x00, 0x00, 0x00, 0x00, 0x00, 0x00, 0x00, 0x00, 0x00, 0x00, 0x00, 0x00, 0x00, 0xff, 0xff, 0xff, 0xff, 0xff, 0xff, 0xff, 0xff, 0xff, 0xff,
    0xff, 0xff, 0xff, 0xff, 0xff, 0xff, 0xff, 0xff, 0xff, 0xff, 0xff, 0x00, 0x00, 0x00, 0x00, 0x00, 0x00, 0x00, 0x00, 0x00, 0x00, 0x00, 0x00, 0x00, 0x00, 0x00, 0x00, 0x00, 0x00, 0x00, 0x00, 0x00,
    0x00, 0x00, 0x00, 0x00, 0x00, 0x00, 0x00, 0x00, 0x00, 0x00, 0x00, 0x00, 0x00, 0x00, 0x00, 0x00, 0x00, 0x00, 0x00, 0x00, 0x00, 0xff, 0xff, 0xff, 0xff, 0xff, 0xff, 0xff, 0xff, 0xff, 0xff, 0xff,
    0xff, 0xff, 0xff, 0xff, 0xff, 0xff, 0xff, 0xff, 0xff, 0xff, 0xff, 0xff, 0x00, 0x00, 0x00, 0x00, 0x00, 0x00, 0x00, 0x00, 0x00, 0x00, 0x00, 0x00, 0x00, 0x00, 0x00, 0x00, 0x00, 0x00, 0x00, 0x00,
    0x00, 0x00, 0x00, 0x00, 0x00, 0x00, 0x00, 0x00, 0x00, 0x00, 0x00, 0x00, 0x00, 0x00, 0x00, 0x00, 0x00, 0x00, 0x00, 0x00, 0xff, 0xff, 0xff, 0xff, 0xff, 0xff, 0xff, 0xff, 0xff, 0xff, 0xff, 0xff,
    0xff, 0xff, 0xff, 0xff, 0xff, 0xff, 0xff, 0xff, 0xff, 0xff, 0xff, 0xff, 0xff, 0x00, 0x00, 0x00, 0x00, 0x00, 0x00, 0x00, 0x00, 0x00, 0x00, 0x00, 0x00, 0x00, 0x00, 0x00, 0x00, 0x00, 0x00, 0x00,
    0x00, 0x00, 0x00, 0x00, 0x00, 0x00, 0x00, 0x00, 0x00, 0x00, 0x00, 0x00, 0x00, 0x00, 0x00, 0x00, 0x00, 0x00, 0x00, 0xff, 0xff, 0xff, 0xff, 0xff, 0xff, 0xff, 0xff, 0xff, 0xff, 0xff, 0xff, 0xff,
    0xff, 0xff, 0xff, 0xff, 0xff, 0xff, 0xff, 0xff, 0xff, 0xff, 0xff, 0xff, 0xff, 0xff, 0x00, 0x00, 0x00, 0x00, 0x00, 0x00, 0x00, 0x00, 0x00, 0x00, 0x00, 0x00, 0x00, 0x00, 0x00, 0x00, 0x00, 0x00,
    0x00, 0x00, 0x00, 0x00, 0x00, 0x00, 0x00, 0x00, 0x00, 0x00, 0x00, 0x00, 0x00, 0x00, 0x00, 0x00, 0x00, 0x00, 0xff, 0xff, 0xff, 0xff, 0xff, 0xff, 0xff, 0xff, 0xff, 0xff, 0xff, 0xff, 0xff, 0xff,
    0xff, 0xff, 0xff, 0xff, 0xff, 0xff, 0xff, 0xff, 0xff, 0xff, 0xff, 0xff, 0xff, 0xff, 0xff, 0x00, 0x00, 0x00, 0x00, 0x00, 0x00, 0x00, 0x00, 0x00, 0x00, 0x00, 0x00, 0x00, 0x00, 0x00, 0x00, 0x00,
    0x00, 0x00, 0x00, 0x00, 0x00, 0x00, 0x00, 0x00, 0x00, 0x00, 0x00, 0x00, 0x00, 0x00, 0x00, 0x00, 0x00, 0x00, 0xff, 0xff, 0xff, 0xff, 0xff, 0xff, 0xff, 0xff, 0xff, 0xff, 0xff, 0xff, 0xff, 0xff,
    0xff, 0xff, 0xff, 0xff, 0xff, 0xff, 0xff, 0xff, 0xff, 0xff, 0xff, 0xff, 0xff, 0xff, 0xff, 0x00, 0x00, 0x00, 0x00, 0x00, 0x00, 0x00, 0x00, 0x00, 0x00, 0x00, 0x00, 0x00, 0x00, 0x00, 0x00, 0x00,
    0x00, 0x00, 0x00, 0x00, 0x00, 0x00, 0x00, 0x00, 0x00, 0x00, 0x00, 0x00, 0x00, 0x00, 0x00, 0x00, 0x00, 0xff, 0xff, 0xff, 0xff, 0xff, 0xff, 0xff, 0xff, 0xff, 0xff, 0xff, 0xff, 0xff, 0xff, 0xff,
    0xff, 0xff, 0xff, 0xff, 0xff, 0xff, 0xff, 0xff, 0xff, 0xff, 0xff, 0xff, 0xff, 0xff, 0xff, 0xff, 0x00, 0x00, 0x00, 0x00, 0x00, 0x00, 0x00, 0x00, 0x00, 0x00, 0x00, 0x00, 0x00, 0x00, 0x00, 0x00,
    0x00, 0x00, 0x00, 0x00, 0x00, 0x00, 0x00, 0x00, 0x00, 0x00, 0x00, 0x00, 0x00, 0x00, 0x00, 0x00, 0x00, 0xff, 0xff, 0xff, 0xff, 0xff, 0xff, 0xff, 0xff, 0xff, 0xff, 0xff, 0xff, 0xff, 0xff, 0xff,
    0xff, 0xff, 0xff, 0xff, 0xff, 0xff, 0xff, 0xff, 0xff, 0xff, 0xff, 0xff, 0xff, 0xff, 0xff, 0xff, 0x00, 0x00, 0x00, 0x00, 0x00, 0x00, 0x00, 0x00, 0x00, 0x00, 0x00, 0x00, 0x00, 0x00, 0x00, 0x00,
    0x00, 0x00, 0x00, 0x00, 0x00, 0x00, 0x00, 0x00, 0x00, 0x00, 0x00, 0x00, 0x00, 0x00, 0x00, 0x00, 0xff, 0xff, 0xff, 0xff, 0xff, 0xff, 0xff, 0xff, 0xff, 0xff, 0xff, 0xff, 0xff, 0xff, 0xff, 0xff,
    0xff, 0xff, 0xff, 0xff, 0xff, 0xff, 0xff, 0xff, 0xff, 0xff, 0xff, 0xff, 0xff, 0xff, 0xff, 0xff, 0xff, 0x00, 0x00, 0x00, 0x00, 0x00, 0x00, 0x00, 0x00, 0x00, 0x00, 0x00, 0x00, 0x00, 0x00, 0x00,
    0x00, 0x00, 0x00, 0x00, 0x00, 0x00, 0x00, 0x00, 0x00, 0x00, 0x00, 0x00, 0x00, 0x00, 0x00, 0x00, 0xff, 0xff, 0xff, 0xff, 0xff, 0xff, 0xff, 0xff, 0xff, 0xff, 0xff, 0xff, 0xff, 0xff, 0xff, 0xff,
    0xff, 0xff, 0xff, 0xff, 0xff, 0xff, 0xff, 0xff, 0xff, 0xff, 0xff, 0xff, 0xff, 0xff, 0xff, 0xff, 0xff, 0x00, 0x00, 0x00, 0x00, 0x00, 0x00, 0x00, 0x00, 0x00, 0x00, 0x00, 0x00, 0x00, 0x00, 0x00,
    0x00, 0x00, 0x00, 0x00, 0x00, 0x00, 0x00, 0x00, 0x00, 0x00, 0x00, 0x00, 0x00, 0x00, 0x00, 0x00, 0xff, 0xff, 0xff, 0xff, 0xff, 0xff, 0xff, 0xff, 0xff, 0xff, 0xff, 0xff, 0xff, 0xff, 0xff, 0xff,
    0xff, 0xff, 0xff, 0xff, 0xff, 0xff, 0xff, 0xff, 0xff, 0xff, 0xff, 0xff, 0xff, 0xff, 0xff, 0xff, 0xff, 0x00, 0x00, 0x00, 0x00, 0x00, 0x00, 0x00, 0x00, 0x00, 0x00, 0x00, 0x00, 0x00, 0x00, 0x00,
    0x00, 0x00, 0x00, 0x00, 0x00, 0x00, 0x00, 0x00, 0x00, 0x00, 0x00, 0x00, 0x00, 0x00, 0x00, 0x00, 0xff, 0xff, 0xff, 0xff, 0xff, 0xff, 0xff, 0xff, 0xff, 0xff, 0xff, 0xff, 0xff, 0xff, 0xff, 0xff,
    0xff, 0xff, 0xff, 0xff, 0xff, 0xff, 0xff, 0xff, 0xff, 0xff, 0xff, 0xff, 0xff, 0xff, 0xff, 0xff, 0xff, 0x00, 0x00, 0x00, 0x00, 0x00, 0x00, 0x00, 0x00, 0x00, 0x00, 0x00, 0x00, 0x00, 0x00, 0x00,
    0x00, 0x00, 0x00, 0x00, 0x00, 0x00, 0x00, 0x00, 0x00, 0x00, 0x00, 0x00, 0x00, 0x00, 0x00, 0x00, 0xff, 0xff, 0xff, 0xff, 0xff, 0xff, 0xff, 0xff, 0xff, 0xff, 0xff, 0xff, 0xff, 0xff, 0xff, 0xff,
    0xff, 0xff, 0xff, 0xff, 0xff, 0xff, 0xff, 0xff, 0xff, 0xff, 0xff, 0xff, 0xff, 0xff, 0xff, 0xff, 0xff, 0x00, 0x00, 0x00, 0x00, 0x00, 0x00, 0x00, 0x00, 0x00, 0x00, 0x00, 0x00, 0x00, 0x00, 0x00,
    0x00, 0x00, 0x00, 0x00, 0x00, 0x00, 0x00, 0x00, 0x00, 0x00, 0x00, 0x00, 0x00, 0x00, 0x00, 0x00, 0xff, 0xff, 0xff, 0xff, 0xff, 0xff, 0xff, 0xff, 0xff, 0xff, 0xff, 0xff, 0xff, 0xff, 0xff, 0xff,
    0xff, 0xff, 0xff, 0xff, 0xff, 0xff, 0xff, 0xff, 0xff, 0xff, 0xff, 0xff, 0xff, 0xff, 0xff, 0xff, 0xff, 0x00, 0x00, 0x00, 0x00, 0x00, 0x00, 0x00, 0x00, 0x00, 0x00, 0x00, 0x00, 0x00, 0x00, 0x00,
    0x00, 0x00, 0x00, 0x00, 0x00, 0x00, 0x00, 0x00, 0x00, 0x00, 0x00, 0x00, 0x00, 0x00, 0x00, 0x00, 0xff, 0xff, 0xff, 0xff, 0xff, 0xff, 0xff, 0xff, 0xff, 0xff, 0xff, 0xff, 0xff, 0xff, 0xff, 0xff,
    0xff, 0xff, 0xff, 0xff, 0xff, 0xff, 0xff, 0xff, 0xff, 0xff, 0xff, 0xff, 0xff, 0xff, 0xff, 0xff, 0xff, 0x00, 0x00, 0x00, 0x00, 0x00, 0x00, 0x00, 0x00, 0x00, 0x00, 0x00, 0x00, 0x00, 0x00, 0x00,
    0x00, 0x00, 0x00, 0x00, 0x00, 0x00, 0x00, 0x00, 0x00, 0x00, 0x00, 0x00, 0x00, 0x00, 0x00, 0x00, 0x00, 0xff, 0xff, 0xff, 0xff, 0xff, 0xff, 0xff, 0xff, 0xff, 0xff, 0xff, 0xff, 0xff, 0xff, 0xff,
    0xff, 0xff, 0xff, 0xff, 0xff, 0xff, 0xff, 0xff, 0xff, 0xff, 0xff, 0xff, 0xff, 0xff, 0xff, 0xff, 0x00, 0x00, 0x00, 0x00, 0x00, 0x00, 0x00, 0x00, 0x00, 0x00, 0x00, 0x00, 0x00, 0x00, 0x00, 0x00,
    0x00, 0x00, 0x00, 0x00, 0x00, 0x00, 0x00, 0x00, 0x00, 0x00, 0x00, 0x00, 0x00, 0x00, 0x00, 0x00, 0x00, 0xff, 0xff, 0xff, 0xff, 0xff, 0xff, 0xff, 0xff, 0xff, 0xff, 0xff, 0xff, 0xff, 0xff, 0xff,
    0xff, 0xff, 0xff, 0xff, 0xff, 0xff, 0xff, 0xff, 0xff, 0xff, 0xff, 0xff, 0xff, 0xff, 0xff, 0xff, 0x00, 0x00, 0x00, 0x00, 0x00, 0x00, 0x00, 0x00, 0x00, 0x00, 0x00, 0x00, 0x00, 0x00, 0x00, 0x00,
    0x00, 0x00, 0x00, 0x00, 0x00, 0x00, 0x00, 0x00, 0x00, 0x00, 0x00, 0x00, 0x00, 0x00, 0x00, 0x00, 0x00, 0x00, 0xff, 0xff, 0xff, 0xff, 0xff, 0xff, 0xff, 0xff, 0xff, 0xff, 0xff, 0xff, 0xff, 0xff,
    0xff, 0xff, 0xff, 0xff, 0xff, 0xff, 0xff, 0xff, 0xff, 0xff, 0xff, 0xff, 0xff, 0xff, 0xff, 0x00, 0x00, 0x00, 0x00, 0x00, 0x00, 0x00, 0x00, 0x00, 0x00, 0x00, 0x00, 0x00, 0x00, 0x00, 0x00, 0x00,
    0x00, 0x00, 0x00, 0x00, 0x00, 0x00, 0x00, 0x00, 0x00, 0x00, 0x00, 0x00, 0x00, 0x00, 0x00, 0x00, 0x00, 0x00, 0xff, 0xff, 0xff, 0xff, 0xff, 0xff, 0xff, 0xff, 0xff, 0xff, 0xff, 0xff, 0xff, 0xff,
    0xff, 0xff, 0xff, 0xff, 0xff, 0xff, 0xff, 0xff, 0xff, 0xff, 0xff, 0xff, 0xff, 0xff, 0xff, 0x00, 0x00, 0x00, 0x00, 0x00, 0x00, 0x00, 0x00, 0x00, 0x00, 0x00, 0x00, 0x00, 0x00, 0x00, 0x00, 0x00,
    0x00, 0x00, 0x00, 0x00, 0x00, 0x00, 0x00, 0x00, 0x00, 0x00, 0x00, 0x00, 0x00, 0x00, 0x00, 0x00, 0x00, 0x00, 0x00, 0xff, 0xff, 0xff, 0xff, 0xff, 0xff, 0xff, 0xff, 0xff, 0xff, 0xff, 0xff, 0xff,
    0xff, 0xff, 0xff, 0xff, 0xff, 0xff, 0xff, 0xff, 0xff, 0xff, 0xff, 0xff, 0xff, 0xff, 0xff, 0x00, 0x00, 0x00, 0x00, 0x00, 0x00, 0x00, 0x00, 0x00, 0x00, 0x00, 0x00, 0x00, 0x00, 0x00, 0x00, 0x00,
    0x00, 0x00, 0x00, 0x00, 0x00, 0x00, 0x00, 0x00, 0x00, 0x00, 0x00, 0x00, 0x00, 0x00, 0x00, 0x00, 0x00, 0x00, 0x00, 0x00, 0xff, 0xff, 0xff, 0xff, 0xff, 0xff, 0xff, 0xff, 0xff, 0xff, 0xff, 0xff,
    0xff, 0xff, 0xff, 0xff, 0xff, 0xff, 0xff, 0xff, 0xff, 0xff, 0xff, 0xff, 0xff, 0xff, 0x00, 0x00, 0x00, 0x00, 0x00, 0x00, 0x00, 0x00, 0x00, 0x00, 0x00, 0x00, 0x00, 0x00, 0x00, 0x00, 0x00, 0x00,
    0x00, 0x00, 0x00, 0x00, 0x00, 0x00, 0x00, 0x00, 0x00, 0x00, 0x00, 0x00, 0x00, 0x00, 0x00, 0x00, 0x00, 0x00, 0x00, 0x00, 0x00, 0xff, 0xff, 0xff, 0xff, 0xff, 0xff, 0xff, 0xff, 0xff, 0xff, 0xff,
    0xff, 0xff, 0xff, 0xff, 0xff, 0xff, 0xff, 0xff, 0xff, 0xff, 0xff, 0xff, 0xff, 0xff, 0x00, 0x00, 0x00, 0x00, 0x00, 0x00, 0x00, 0x00, 0x00, 0x00, 0x00, 0x00, 0x00, 0x00, 0x00, 0x00, 0x00, 0x00,
    0x00, 0x00, 0x00, 0x00, 0x00, 0x00, 0x00, 0x00, 0x00, 0x00, 0x00, 0x00, 0x00, 0x00, 0x00, 0x00, 0x00, 0x00, 0x00, 0x00, 0x00, 0x00, 0xff, 0xff, 0xff, 0xff, 0xff, 0xff, 0xff, 0xff, 0xff, 0xff,
    0xff, 0xff, 0xff, 0xff, 0xff, 0xff, 0xff, 0xff, 0xff, 0xff, 0xff, 0xff, 0xff, 0x00, 0x00, 0x00, 0x00, 0x00, 0x00, 0x00, 0x00, 0x00, 0x00, 0x00, 0x00, 0x00, 0x00, 0x00, 0x00, 0x00, 0x00, 0x00,
    0x00, 0x00, 0x00, 0x00, 0x00, 0x00, 0x00, 0x00, 0x00, 0x00, 0x00, 0x00, 0x00, 0x00, 0x00, 0x00, 0x00, 0x00, 0x00, 0x00, 0xff, 0xff, 0xff, 0xff, 0xff, 0xff, 0xff, 0xff, 0xff, 0xff, 0xff, 0xff,
    0xff, 0xff, 0xff, 0xff, 0xff, 0xff, 0xff, 0xff, 0xff, 0xff, 0xff, 0xff, 0xff, 0x00, 0x00, 0x00, 0x00, 0x00, 0x00, 0x00, 0x00, 0x00, 0x00, 0x00, 0x00, 0x00, 0x00, 0x00, 0x00, 0x00, 0x00, 0x00,
    0x00, 0x00, 0x00, 0x00, 0x00, 0x00, 0x00, 0x00, 0x00, 0x00, 0x00, 0x00, 0x00, 0x00, 0x00, 0x00, 0x00, 0x00, 0x00, 0xff, 0xff, 0xff, 0xff, 0xff, 0xff, 0xff, 0xff, 0xff, 0xff, 0xff, 0xff, 0xff,
    0xff, 0xff, 0xff, 0xff, 0xff, 0xff, 0xff, 0xff, 0xff, 0xff, 0xff, 0xff, 0xff, 0xff, 0x00, 0x00, 0x00, 0x00, 0x00, 0x00, 0x00, 0x00, 0x00, 0x00, 0x00, 0x00, 0x00, 0x00, 0x00, 0x00, 0x00, 0x00,
    0x00, 0x00, 0x00, 0x00, 0x00, 0x00, 0x00, 0x00, 0x00, 0x00, 0x00, 0x00, 0x00, 0x00, 0x00, 0x00, 0x00, 0x00, 0x00, 0xff, 0xff, 0xff, 0xff, 0xff, 0xff, 0xff, 0xff, 0xff, 0xff, 0xff, 0xff, 0xff,
    0xff, 0xff, 0xff, 0xff, 0xff, 0xff, 0xff, 0xff, 0xff, 0xff, 0xff, 0xff, 0xff, 0xff, 0x00, 0x00, 0x00, 0x00, 0x00, 0x00, 0x00, 0x00, 0x00, 0x00, 0x00, 0x00, 0x00, 0x00, 0x00, 0x00, 0x00, 0x00,
    0x00, 0x00, 0x00, 0x00, 0x00, 0x00, 0x00, 0x00, 0x00, 0x00, 0x00, 0x00, 0x00, 0x00, 0x00, 0x00, 0x00, 0x00, 0xff, 0xff, 0xff, 0xff, 0xff, 0xff, 0xff, 0xff, 0xff, 0xff, 0xff, 0xff, 0xff, 0xff,
    0xff, 0xff, 0xff, 0xff, 0xff, 0xff, 0xff, 0xff, 0xff, 0xff, 0xff, 0xff, 0xff, 0xff, 0xff, 0x00, 0x00, 0x00, 0x00, 0x00, 0x00, 0x00, 0x00, 0x00, 0x00, 0x00, 0x00, 0x00, 0x00, 0x00, 0x00, 0x00,
    0x00, 0x00, 0x00, 0x00, 0x00, 0x00, 0x00, 0x00, 0x00, 0x00, 0x00, 0x00, 0x00, 0x00, 0x00, 0x00, 0x00, 0x00, 0xff, 0xff, 0xff, 0xff, 0xff, 0xff, 0xff, 0xff, 0xff, 0xff, 0xff, 0xff, 0xff, 0xff,
    0xff, 0xff, 0xff, 0xff, 0xff, 0xff, 0xff, 0xff, 0xff, 0xff, 0xff, 0xff, 0xff, 0xff, 0xff, 0x00, 0x00, 0x00, 0x00, 0x00, 0x00, 0x00, 0x00, 0x00, 0x00, 0x00, 0x00, 0x00, 0x00, 0x00, 0x00, 0x00,
    0x00, 0x00, 0x00, 0x00, 0x00, 0x00, 0x00, 0x00, 0x00, 0x00, 0x00, 0x00, 0x00, 0x00, 0x00, 0x00, 0x00, 0xff, 0xff, 0xff, 0xff, 0xff, 0xff, 0xff, 0xff, 0xff, 0xff, 0xff, 0xff, 0xff, 0xff, 0xff,
    0xff, 0xff, 0xff, 0xff, 0xff, 0xff, 0xff, 0xff, 0xff, 0xff, 0xff, 0xff, 0xff, 0xff, 0xff, 0xff, 0x00, 0x00, 0x00, 0x00, 0x00, 0x00, 0x00, 0x00, 0x00, 0x00, 0x00, 0x00, 0x00, 0x00, 0x00, 0x00,
    0x00, 0x00, 0x00, 0x00, 0x00, 0x00, 0x00, 0x00, 0x00, 0x00, 0x00, 0x00, 0x00, 0x00, 0x00, 0x00, 0x00, 0xff, 0xff, 0xff, 0xff, 0xff, 0xff, 0xff, 0xff, 0xff, 0xff, 0xff, 0xff, 0xff, 0xff, 0xff,
    0xff, 0xff, 0xff, 0xff, 0xff, 0xff, 0xff, 0xff, 0xff, 0xff, 0xff, 0xff, 0xff, 0xff, 0xff, 0xff, 0x00, 0x00, 0x00, 0x00, 0x00, 0x00, 0x00, 0x00, 0x00, 0x00, 0x00, 0x00, 0x00, 0x00, 0x00, 0x00,
    0x00, 0x00, 0x00, 0x00, 0x00, 0x00, 0x00, 0x00, 0x00, 0x00, 0x00, 0x00, 0x00, 0x00, 0x00, 0x00, 0xff, 0xff, 0xff, 0xff, 0xff, 0xff, 0xff, 0xff, 0xff, 0xff, 0xff, 0xff, 0xff, 0xff, 0xff, 0xff,
    0xff, 0xff, 0xff, 0xff, 0xff, 0xff, 0xff, 0xff, 0xff, 0xff, 0xff, 0xff, 0xff, 0xff, 0xff, 0xff, 0xff, 0x00, 0x00, 0x00, 0x00, 0x00, 0x00, 0x00, 0x00, 0x00, 0x00, 0x00, 0x00, 0x00, 0x00, 0x00,
    0x00, 0x00, 0x00, 0x00, 0x00, 0x00, 0x00, 0x00, 0x00, 0x00, 0x00, 0x00, 0x00, 0x00, 0x00, 0x00, 0xff, 0xff, 0xff, 0xff, 0xff, 0xff, 0xff, 0xff, 0xff, 0xff, 0xff, 0xff, 0xff, 0xff, 0xff, 0xff,
    0xff, 0xff, 0xff, 0xff, 0xff, 0xff, 0xff, 0xff, 0xff, 0xff, 0xff, 0xff, 0xff, 0xff, 0xff, 0xff, 0xff, 0x00, 0x00, 0x00, 0x00, 0x00, 0x00, 0x00, 0x00, 0x00, 0x00, 0x00, 0x00, 0x00, 0x00, 0x00,
    0x00, 0x00, 0x00, 0x00, 0x00, 0x00, 0x00, 0x00, 0x00, 0x00, 0x00, 0x00, 0x00, 0x00, 0x00, 0xff, 0xff, 0xff, 0xff, 0xff, 0xff, 0xff, 0xff, 0xff, 0xff, 0xff, 0xff, 0xff, 0xff, 0xff, 0xff, 0xff,
    0xff, 0xff, 0xff, 0xff, 0xff, 0xff, 0xff, 0xff, 0xff, 0xff, 0xff, 0xff, 0xff, 0xff, 0xff, 0xff, 0xff, 0xff, 0x00, 0x00, 0x00, 0x00, 0x00, 0x00, 0x00, 0x00, 0x00, 0x00, 0x00, 0x00, 0x00, 0x00,
    0x00, 0x00, 0x00, 0x00, 0x00, 0x00, 0x00, 0x00, 0x00, 0x00, 0x00, 0x00, 0x00, 0x00, 0xff, 0xff, 0xff, 0xff, 0xff, 0xff, 0xff, 0xff, 0xff, 0xff, 0xff, 0xff, 0xff, 0xff, 0xff, 0xff, 0xff, 0xff,
    0xff, 0xff, 0xff, 0xff, 0xff, 0xff, 0xff, 0xff, 0xff, 0xff, 0xff, 0xff, 0xff, 0xff, 0xff, 0xff, 0xff, 0xff, 0xff, 0x00, 0x00, 0x00, 0x00, 0x00, 0x00, 0x00, 0x00, 0x00, 0x00, 0x00, 0x00, 0x00,
    0x00, 0x00, 0x00, 0x00, 0x00, 0x00, 0x00, 0x00, 0x00, 0x00, 0x00, 0x00, 0x00, 0x00, 0xff, 0xff, 0xff, 0xff, 0xff, 0xff, 0xff, 0xff, 0xff, 0xff, 0xff, 0xff, 0xff, 0xff, 0xff, 0xff, 0xff, 0xff,
    0xff, 0xff, 0xff, 0xff, 0xff, 0xff, 0xff, 0xff, 0xff, 0xff, 0xff, 0xff, 0xff, 0xff, 0xff, 0xff, 0xff, 0xff, 0xff, 0x00, 0x00, 0x00, 0x00, 0x00, 0x00, 0x00, 0x00, 0x00, 0x00, 0x00, 0x00, 0x00,
    0x00, 0x00, 0x00, 0x00, 0x00, 0x00, 0x00, 0x00, 0x00, 0x00, 0x00, 0x00, 0x00, 0xff, 0xff, 0xff, 0xff, 0xff, 0xff, 0xff, 0xff, 0xff, 0xff, 0xff, 0xff, 0xff, 0xff, 0xff, 0xff, 0xff, 0xff, 0xff,
    0xff, 0xff, 0xff, 0xff, 0xff, 0xff, 0xff, 0xff, 0xff, 0xff, 0xff, 0xff, 0xff, 0xff, 0xff, 0xff, 0xff, 0xff, 0xff, 0xff, 0x00, 0x00, 0x00, 0x00, 0x00, 0x00, 0x00, 0x00, 0x00, 0x00, 0x00, 0x00,
    0x00, 0x00, 0x00, 0x00, 0x00, 0x00, 0x00, 0x00, 0x00, 0x00, 0x00, 0x00, 0x00, 0xff, 0xff, 0xff, 0xff, 0xff, 0xff, 0xff, 0xff, 0xff, 0xff, 0xff, 0xff, 0xff, 0xff, 0xff, 0xff, 0xff, 0xff, 0xff,
    0xff, 0xff, 0xff, 0xff, 0xff, 0xff, 0xff, 0xff, 0xff, 0xff, 0xff, 0xff, 0xff, 0xff, 0xff, 0xff, 0xff, 0xff, 0xff, 0xff, 0x00, 0x00, 0x00, 0x00, 0x00, 0x00, 0x00, 0x00, 0x00, 0x00, 0x00, 0x00,
    0x00, 0x00, 0x00, 0x00, 0x00, 0x00, 0x00, 0x00, 0x00, 0x00, 0x00, 0x00, 0xff, 0xff, 0xff, 0xff, 0xff, 0xff, 0xff, 0xff, 0xff, 0xff, 0xff, 0xff, 0xff, 0xff, 0xff, 0xff, 0xff, 0xff, 0xff, 0xff,
    0xff, 0xff, 0xff, 0xff, 0xff, 0xff, 0xff, 0xff, 0xff, 0xff, 0xff, 0xff, 0xff, 0xff, 0xff, 0xff, 0xff, 0xff, 0xff, 0xff, 0xff, 0x00, 0x00, 0x00, 0x00, 0x00, 0x00, 0x00, 0x00, 0x00, 0x00, 0x00,
    0x00, 0x00, 0x00, 0x00, 0x00, 0x00, 0x00, 0x00, 0x00, 0x00, 0x00, 0x00, 0xff, 0xff, 0xff, 0xff, 0xff, 0xff, 0xff, 0xff, 0xff, 0xff, 0xff, 0xff, 0xff, 0xff, 0xff, 0xff, 0xff, 0xff, 0xff, 0xff,
    0xff, 0xff, 0xff, 0xff, 0xff, 0xff, 0xff, 0xff, 0xff, 0xff, 0xff, 0xff, 0xff, 0xff, 0xff, 0xff, 0xff, 0xff, 0xff, 0xff, 0xff, 0x00, 0x00, 0x00, 0x00, 0x00, 0x00, 0x00, 0x00, 0x00, 0x00, 0x00,
    0x00, 0x00, 0x00, 0x00, 0x00, 0x00, 0x00, 0x00, 0x00, 0x00, 0x00, 0xff, 0xff, 0xff, 0xff, 0xff, 0xff, 0xff, 0xff, 0xff, 0xff, 0xff, 0xff, 0xff, 0xff, 0xff, 0xff, 0xff, 0xff, 0xff, 0xff, 0xff,
    0xff, 0xff, 0xff, 0xff, 0xff, 0xff, 0xff, 0xff, 0xff, 0xff, 0xff, 0xff, 0xff, 0xff, 0xff, 0xff, 0xff, 0xff, 0xff, 0xff, 0xff, 0xff, 0x00, 0x00, 0x00, 0x00, 0x00, 0x00, 0x00, 0x00, 0x00, 0x00,
    0x00, 0x00, 0x00, 0x00, 0x00, 0x00, 0x00, 0x00, 0x00, 0x00, 0x00, 0xff, 0xff, 0xff, 0xff, 0xff, 0xff, 0xff, 0xff, 0xff, 0xff, 0xff, 0xff, 0xff, 0xff, 0xff, 0xff, 0xff, 0xff, 0xff, 0xff, 0xff,
    0xff, 0xff, 0xff, 0xff, 0xff, 0xff, 0xff, 0xff, 0xff, 0xff, 0xff, 0xff, 0xff, 0xff, 0xff, 0xff, 0xff, 0xff, 0xff, 0xff, 0xff, 0xff, 0x00, 0x00, 0x00, 0x00, 0x00, 0x00, 0x00, 0x00, 0x00, 0x00,
    0x00, 0x00, 0x00, 0x00, 0x00, 0x00, 0x00, 0x00, 0x00, 0x00, 0xff, 0xff, 0xff, 0xff, 0xff, 0xff, 0xff, 0xff, 0xff, 0xff, 0xff, 0xff, 0xff, 0xff, 0xff, 0xff, 0xff, 0xff, 0xff, 0xff, 0xff, 0xff,
    0xff, 0xff, 0xff, 0xff, 0xff, 0xff, 0xff, 0xff, 0xff, 0xff, 0xff, 0xff, 0xff, 0xff, 0xff, 0xff, 0xff, 0xff, 0xff, 0xff, 0xff, 0xff, 0xff, 0x00, 0x00, 0x00, 0x00, 0x00, 0x00, 0x00, 0x00, 0x00,
    0x00, 0x00, 0x00, 0x00, 0x00, 0x00, 0x00, 0x00, 0x00, 0x00, 0x00, 0x00, 0x00, 0x00, 0x00, 0x00, 0x00, 0x00, 0x00, 0x00, 0x00, 0x00, 0xff, 0xff, 0xff, 0xff, 0xff, 0x00, 0x00, 0x00, 0x00, 0x00,
    0x00, 0x00, 0x00, 0x00, 0x00, 0x00, 0xff, 0xff, 0xff, 0xff, 0xff, 0x00, 0x00, 0x00, 0x00, 0x00, 0x00, 0x00, 0x00, 0x00, 0x00, 0x00, 0x00, 0x00, 0x00, 0x00, 0x00, 0x00, 0x00, 0x00, 0x00, 0x00,
    0x00, 0x00, 0x00, 0x00, 0x00, 0x00, 0x00, 0x00, 0x00, 0x00, 0x00, 0x00, 0x00, 0x00, 0x00, 0x00, 0x00, 0x00, 0x00, 0x00, 0x00, 0xff, 0xff, 0xff, 0xff, 0xff, 0xff, 0xff, 0x00, 0x00, 0x00, 0x00,
    0x00, 0x00, 0x00, 0x00, 0x00, 0xff, 0xff, 0xff, 0xff, 0xff, 0xff, 0xff, 0x00, 0x00, 0x00, 0x00, 0x00, 0x00, 0x00, 0x00, 0x00, 0x00, 0x00, 0x00, 0x00, 0x00, 0x00, 0x00, 0x00, 0x00, 0x00, 0x00,
    0x00, 0x00, 0x00, 0x00, 0x00, 0x00, 0x00, 0x00, 0x00, 0x00, 0x00, 0x00, 0x00, 0x00, 0x00, 0x00, 0x00, 0x00, 0x00, 0x00, 0x00, 0xff, 0xff, 0xff, 0xff, 0xff, 0xff, 0xff, 0x00, 0x00, 0x00, 0x00,
    0x00, 0x00, 0x00, 0x00, 0x00, 0xff, 0xff, 0xff, 0xff, 0xff, 0xff, 0xff, 0x00, 0x00, 0x00, 0x00, 0x00, 0x00, 0x00, 0x00, 0x00, 0x00, 0x00, 0x00, 0x00, 0x00, 0x00, 0x00, 0x00, 0x00, 0x00, 0x00,
    0x00, 0x00, 0x00, 0x00, 0x00, 0x00, 0x00, 0x00, 0x00, 0x00, 0x00, 0x00, 0x00, 0x00, 0x00, 0x00, 0x00, 0x00, 0x00, 0x00, 0x00, 0x00, 0x00, 0x00, 0x00, 0x00, 0x00, 0x00, 0x00, 0x00, 0x00, 0x00,
    0x00, 0x00, 0x00, 0x00, 0x00, 0x00, 0x00, 0x00, 0x00, 0x00, 0x00, 0x00, 0x00, 0x00, 0x00, 0x00, 0x00, 0x00, 0x00, 0x00, 0x00, 0x00, 0x00, 0x00, 0x00, 0x00, 0x00, 0x00, 0x00, 0x00, 0x00, 0x00,
    0x00, 0x00, 0x00, 0x00, 0x00, 0x00, 0x00, 0x00, 0x00, 0x00, 0x00, 0x00, 0x00, 0x00, 0x00, 0x00, 0x00, 0x00, 0x00, 0x00, 0x00, 0x00, 0x00, 0x00, 0x00, 0x00, 0x00, 0x00, 0x00, 0x00, 0x00, 0x00,
    0x00, 0x00, 0x00, 0x00, 0x00, 0x00, 0x00, 0x00, 0x00, 0x00, 0x00, 0x00, 0x00, 0x00, 0x00, 0x00, 0x00, 0x00, 0x00, 0x00, 0x00, 0x00, 0x00, 0x00, 0x00, 0x00, 0x00, 0x00, 0x00, 0x00, 0x00, 0x00,
};

const lv_image_dsc_t sabrina_talk_b = {
    .header = {
        .magic = LV_IMAGE_HEADER_MAGIC,
        .cf = LV_COLOR_FORMAT_RGB565A8,
        .flags = 0,
        .w = 64,
        .h = 64,
        .stride = 128,
    },
    .data_size = sizeof(sabrina_talk_b_map),
    .data = sabrina_talk_b_map,
};
